[2024-12-16T01:18:34.935+0000] {processor.py:186} INFO - Started process (PID=360) to work on /opt/airflow/dags/spark_airflow.py
[2024-12-16T01:18:34.938+0000] {processor.py:914} INFO - Processing file /opt/airflow/dags/spark_airflow.py for tasks to queue
[2024-12-16T01:18:34.956+0000] {logging_mixin.py:190} INFO - [2024-12-16T01:18:34.955+0000] {dagbag.py:588} INFO - Filling up the DagBag from /opt/airflow/dags/spark_airflow.py
[2024-12-16T01:18:35.074+0000] {logging_mixin.py:190} INFO - [2024-12-16T01:18:35.029+0000] {dagbag.py:387} ERROR - Failed to import: /opt/airflow/dags/spark_airflow.py
Traceback (most recent call last):
  File "/home/airflow/.local/lib/python3.11/site-packages/airflow/models/dagbag.py", line 383, in parse
    loader.exec_module(new_module)
  File "<frozen importlib._bootstrap_external>", line 940, in exec_module
  File "<frozen importlib._bootstrap>", line 241, in _call_with_frames_removed
  File "/opt/airflow/dags/spark_airflow.py", line 3, in <module>
    dag = DAG()
    ^^^
NameError: name 'dag' is not defined
[2024-12-16T01:18:35.076+0000] {processor.py:927} WARNING - No viable dags retrieved from /opt/airflow/dags/spark_airflow.py
[2024-12-16T01:18:35.128+0000] {processor.py:208} INFO - Processing /opt/airflow/dags/spark_airflow.py took 0.208 seconds
[2024-12-16T01:18:36.966+0000] {processor.py:186} INFO - Started process (PID=365) to work on /opt/airflow/dags/spark_airflow.py
[2024-12-16T01:18:36.967+0000] {processor.py:914} INFO - Processing file /opt/airflow/dags/spark_airflow.py for tasks to queue
[2024-12-16T01:18:36.973+0000] {logging_mixin.py:190} INFO - [2024-12-16T01:18:36.972+0000] {dagbag.py:588} INFO - Filling up the DagBag from /opt/airflow/dags/spark_airflow.py
[2024-12-16T01:18:37.000+0000] {logging_mixin.py:190} INFO - [2024-12-16T01:18:36.996+0000] {dagbag.py:387} ERROR - Failed to import: /opt/airflow/dags/spark_airflow.py
Traceback (most recent call last):
  File "/home/airflow/.local/lib/python3.11/site-packages/airflow/models/dagbag.py", line 383, in parse
    loader.exec_module(new_module)
  File "<frozen importlib._bootstrap_external>", line 940, in exec_module
  File "<frozen importlib._bootstrap>", line 241, in _call_with_frames_removed
  File "/opt/airflow/dags/spark_airflow.py", line 3, in <module>
    dag = DAG(
          ^^^^
TypeError: DAG.__init__() missing 1 required positional argument: 'dag_id'
[2024-12-16T01:18:37.002+0000] {processor.py:927} WARNING - No viable dags retrieved from /opt/airflow/dags/spark_airflow.py
[2024-12-16T01:18:37.035+0000] {processor.py:208} INFO - Processing /opt/airflow/dags/spark_airflow.py took 0.074 seconds
[2024-12-16T01:18:40.011+0000] {processor.py:186} INFO - Started process (PID=370) to work on /opt/airflow/dags/spark_airflow.py
[2024-12-16T01:18:40.012+0000] {processor.py:914} INFO - Processing file /opt/airflow/dags/spark_airflow.py for tasks to queue
[2024-12-16T01:18:40.023+0000] {logging_mixin.py:190} INFO - [2024-12-16T01:18:40.023+0000] {dagbag.py:588} INFO - Filling up the DagBag from /opt/airflow/dags/spark_airflow.py
[2024-12-16T01:18:40.059+0000] {logging_mixin.py:190} INFO - [2024-12-16T01:18:40.055+0000] {dagbag.py:387} ERROR - Failed to import: /opt/airflow/dags/spark_airflow.py
Traceback (most recent call last):
  File "/home/airflow/.local/lib/python3.11/site-packages/airflow/models/dagbag.py", line 383, in parse
    loader.exec_module(new_module)
  File "<frozen importlib._bootstrap_external>", line 940, in exec_module
  File "<frozen importlib._bootstrap>", line 241, in _call_with_frames_removed
  File "/opt/airflow/dags/spark_airflow.py", line 4, in <module>
    dag_id
NameError: name 'dag_id' is not defined
[2024-12-16T01:18:40.061+0000] {processor.py:927} WARNING - No viable dags retrieved from /opt/airflow/dags/spark_airflow.py
[2024-12-16T01:18:40.086+0000] {processor.py:208} INFO - Processing /opt/airflow/dags/spark_airflow.py took 0.083 seconds
[2024-12-16T01:18:43.238+0000] {processor.py:186} INFO - Started process (PID=375) to work on /opt/airflow/dags/spark_airflow.py
[2024-12-16T01:18:43.240+0000] {processor.py:914} INFO - Processing file /opt/airflow/dags/spark_airflow.py for tasks to queue
[2024-12-16T01:18:43.245+0000] {logging_mixin.py:190} INFO - [2024-12-16T01:18:43.245+0000] {dagbag.py:588} INFO - Filling up the DagBag from /opt/airflow/dags/spark_airflow.py
[2024-12-16T01:18:43.293+0000] {logging_mixin.py:190} INFO - [2024-12-16T01:18:43.285+0000] {dagbag.py:387} ERROR - Failed to import: /opt/airflow/dags/spark_airflow.py
Traceback (most recent call last):
  File "/home/airflow/.local/lib/python3.11/site-packages/airflow/models/dagbag.py", line 383, in parse
    loader.exec_module(new_module)
  File "<frozen importlib._bootstrap_external>", line 940, in exec_module
  File "<frozen importlib._bootstrap>", line 241, in _call_with_frames_removed
  File "/opt/airflow/dags/spark_airflow.py", line 3, in <module>
    dag = DAG(
          ^^^^
  File "/home/airflow/.local/lib/python3.11/site-packages/airflow/models/dag.py", line 593, in __init__
    validate_key(dag_id)
  File "/home/airflow/.local/lib/python3.11/site-packages/airflow/utils/helpers.py", line 53, in validate_key
    raise TypeError(f"The key has to be a string and is {type(k)}:{k}")
TypeError: The key has to be a string and is <class 'dict'>:{}
[2024-12-16T01:18:43.294+0000] {processor.py:927} WARNING - No viable dags retrieved from /opt/airflow/dags/spark_airflow.py
[2024-12-16T01:18:43.318+0000] {processor.py:208} INFO - Processing /opt/airflow/dags/spark_airflow.py took 0.095 seconds
[2024-12-16T01:18:45.245+0000] {processor.py:186} INFO - Started process (PID=380) to work on /opt/airflow/dags/spark_airflow.py
[2024-12-16T01:18:45.246+0000] {processor.py:914} INFO - Processing file /opt/airflow/dags/spark_airflow.py for tasks to queue
[2024-12-16T01:18:45.257+0000] {logging_mixin.py:190} INFO - [2024-12-16T01:18:45.257+0000] {dagbag.py:588} INFO - Filling up the DagBag from /opt/airflow/dags/spark_airflow.py
[2024-12-16T01:18:45.317+0000] {logging_mixin.py:190} INFO - [2024-12-16T01:18:45.307+0000] {dagbag.py:387} ERROR - Failed to import: /opt/airflow/dags/spark_airflow.py
Traceback (most recent call last):
  File "/home/airflow/.local/lib/python3.11/site-packages/airflow/models/dagbag.py", line 383, in parse
    loader.exec_module(new_module)
  File "<frozen importlib._bootstrap_external>", line 940, in exec_module
  File "<frozen importlib._bootstrap>", line 241, in _call_with_frames_removed
  File "/opt/airflow/dags/spark_airflow.py", line 3, in <module>
    dag = DAG(
          ^^^^
  File "/home/airflow/.local/lib/python3.11/site-packages/airflow/models/dag.py", line 593, in __init__
    validate_key(dag_id)
  File "/home/airflow/.local/lib/python3.11/site-packages/airflow/utils/helpers.py", line 53, in validate_key
    raise TypeError(f"The key has to be a string and is {type(k)}:{k}")
TypeError: The key has to be a string and is <class 'dict'>:{}
[2024-12-16T01:18:45.318+0000] {processor.py:927} WARNING - No viable dags retrieved from /opt/airflow/dags/spark_airflow.py
[2024-12-16T01:18:45.379+0000] {processor.py:208} INFO - Processing /opt/airflow/dags/spark_airflow.py took 0.141 seconds
[2024-12-16T01:18:47.508+0000] {processor.py:186} INFO - Started process (PID=385) to work on /opt/airflow/dags/spark_airflow.py
[2024-12-16T01:18:47.509+0000] {processor.py:914} INFO - Processing file /opt/airflow/dags/spark_airflow.py for tasks to queue
[2024-12-16T01:18:47.519+0000] {logging_mixin.py:190} INFO - [2024-12-16T01:18:47.519+0000] {dagbag.py:588} INFO - Filling up the DagBag from /opt/airflow/dags/spark_airflow.py
[2024-12-16T01:18:47.573+0000] {logging_mixin.py:190} INFO - [2024-12-16T01:18:47.565+0000] {dagbag.py:387} ERROR - Failed to import: /opt/airflow/dags/spark_airflow.py
Traceback (most recent call last):
  File "/home/airflow/.local/lib/python3.11/site-packages/airflow/models/dagbag.py", line 383, in parse
    loader.exec_module(new_module)
  File "<frozen importlib._bootstrap_external>", line 940, in exec_module
  File "<frozen importlib._bootstrap>", line 241, in _call_with_frames_removed
  File "/opt/airflow/dags/spark_airflow.py", line 3, in <module>
    dag = DAG(
          ^^^^
  File "/home/airflow/.local/lib/python3.11/site-packages/airflow/models/dag.py", line 593, in __init__
    validate_key(dag_id)
  File "/home/airflow/.local/lib/python3.11/site-packages/airflow/utils/helpers.py", line 53, in validate_key
    raise TypeError(f"The key has to be a string and is {type(k)}:{k}")
TypeError: The key has to be a string and is <class 'set'>:{''}
[2024-12-16T01:18:47.575+0000] {processor.py:927} WARNING - No viable dags retrieved from /opt/airflow/dags/spark_airflow.py
[2024-12-16T01:18:47.652+0000] {processor.py:208} INFO - Processing /opt/airflow/dags/spark_airflow.py took 0.115 seconds
[2024-12-16T01:18:49.566+0000] {processor.py:186} INFO - Started process (PID=390) to work on /opt/airflow/dags/spark_airflow.py
[2024-12-16T01:18:49.567+0000] {processor.py:914} INFO - Processing file /opt/airflow/dags/spark_airflow.py for tasks to queue
[2024-12-16T01:18:49.577+0000] {logging_mixin.py:190} INFO - [2024-12-16T01:18:49.577+0000] {dagbag.py:588} INFO - Filling up the DagBag from /opt/airflow/dags/spark_airflow.py
[2024-12-16T01:18:49.636+0000] {logging_mixin.py:190} INFO - [2024-12-16T01:18:49.625+0000] {dagbag.py:387} ERROR - Failed to import: /opt/airflow/dags/spark_airflow.py
Traceback (most recent call last):
  File "/home/airflow/.local/lib/python3.11/site-packages/airflow/models/dagbag.py", line 383, in parse
    loader.exec_module(new_module)
  File "<frozen importlib._bootstrap_external>", line 940, in exec_module
  File "<frozen importlib._bootstrap>", line 241, in _call_with_frames_removed
  File "/opt/airflow/dags/spark_airflow.py", line 3, in <module>
    dag = DAG(
          ^^^^
  File "/home/airflow/.local/lib/python3.11/site-packages/airflow/models/dag.py", line 593, in __init__
    validate_key(dag_id)
  File "/home/airflow/.local/lib/python3.11/site-packages/airflow/utils/helpers.py", line 53, in validate_key
    raise TypeError(f"The key has to be a string and is {type(k)}:{k}")
TypeError: The key has to be a string and is <class 'set'>:{'owner'}
[2024-12-16T01:18:49.637+0000] {processor.py:927} WARNING - No viable dags retrieved from /opt/airflow/dags/spark_airflow.py
[2024-12-16T01:18:49.732+0000] {processor.py:208} INFO - Processing /opt/airflow/dags/spark_airflow.py took 0.173 seconds
[2024-12-16T01:18:53.762+0000] {processor.py:186} INFO - Started process (PID=395) to work on /opt/airflow/dags/spark_airflow.py
[2024-12-16T01:18:53.764+0000] {processor.py:914} INFO - Processing file /opt/airflow/dags/spark_airflow.py for tasks to queue
[2024-12-16T01:18:53.768+0000] {logging_mixin.py:190} INFO - [2024-12-16T01:18:53.768+0000] {dagbag.py:588} INFO - Filling up the DagBag from /opt/airflow/dags/spark_airflow.py
[2024-12-16T01:18:53.811+0000] {logging_mixin.py:190} INFO - [2024-12-16T01:18:53.803+0000] {dagbag.py:387} ERROR - Failed to import: /opt/airflow/dags/spark_airflow.py
Traceback (most recent call last):
  File "/home/airflow/.local/lib/python3.11/site-packages/airflow/models/dagbag.py", line 383, in parse
    loader.exec_module(new_module)
  File "<frozen importlib._bootstrap_external>", line 940, in exec_module
  File "<frozen importlib._bootstrap>", line 241, in _call_with_frames_removed
  File "/opt/airflow/dags/spark_airflow.py", line 3, in <module>
    dag = DAG(
          ^^^^
  File "/home/airflow/.local/lib/python3.11/site-packages/airflow/models/dag.py", line 593, in __init__
    validate_key(dag_id)
  File "/home/airflow/.local/lib/python3.11/site-packages/airflow/utils/helpers.py", line 53, in validate_key
    raise TypeError(f"The key has to be a string and is {type(k)}:{k}")
TypeError: The key has to be a string and is <class 'dict'>:{'owner': ''}
[2024-12-16T01:18:53.813+0000] {processor.py:927} WARNING - No viable dags retrieved from /opt/airflow/dags/spark_airflow.py
[2024-12-16T01:18:53.849+0000] {processor.py:208} INFO - Processing /opt/airflow/dags/spark_airflow.py took 0.093 seconds
[2024-12-16T01:18:56.859+0000] {processor.py:186} INFO - Started process (PID=400) to work on /opt/airflow/dags/spark_airflow.py
[2024-12-16T01:18:56.861+0000] {processor.py:914} INFO - Processing file /opt/airflow/dags/spark_airflow.py for tasks to queue
[2024-12-16T01:18:56.865+0000] {logging_mixin.py:190} INFO - [2024-12-16T01:18:56.865+0000] {dagbag.py:588} INFO - Filling up the DagBag from /opt/airflow/dags/spark_airflow.py
[2024-12-16T01:18:56.923+0000] {logging_mixin.py:190} INFO - [2024-12-16T01:18:56.916+0000] {dagbag.py:387} ERROR - Failed to import: /opt/airflow/dags/spark_airflow.py
Traceback (most recent call last):
  File "/home/airflow/.local/lib/python3.11/site-packages/airflow/models/dagbag.py", line 383, in parse
    loader.exec_module(new_module)
  File "<frozen importlib._bootstrap_external>", line 940, in exec_module
  File "<frozen importlib._bootstrap>", line 241, in _call_with_frames_removed
  File "/opt/airflow/dags/spark_airflow.py", line 3, in <module>
    dag = DAG(
          ^^^^
  File "/home/airflow/.local/lib/python3.11/site-packages/airflow/models/dag.py", line 593, in __init__
    validate_key(dag_id)
  File "/home/airflow/.local/lib/python3.11/site-packages/airflow/utils/helpers.py", line 53, in validate_key
    raise TypeError(f"The key has to be a string and is {type(k)}:{k}")
TypeError: The key has to be a string and is <class 'dict'>:{'owner': 'Haris Syd'}
[2024-12-16T01:18:56.924+0000] {processor.py:927} WARNING - No viable dags retrieved from /opt/airflow/dags/spark_airflow.py
[2024-12-16T01:18:56.949+0000] {processor.py:208} INFO - Processing /opt/airflow/dags/spark_airflow.py took 0.096 seconds
[2024-12-16T01:19:01.983+0000] {processor.py:186} INFO - Started process (PID=405) to work on /opt/airflow/dags/spark_airflow.py
[2024-12-16T01:19:01.985+0000] {processor.py:914} INFO - Processing file /opt/airflow/dags/spark_airflow.py for tasks to queue
[2024-12-16T01:19:01.988+0000] {logging_mixin.py:190} INFO - [2024-12-16T01:19:01.988+0000] {dagbag.py:588} INFO - Filling up the DagBag from /opt/airflow/dags/spark_airflow.py
[2024-12-16T01:19:02.037+0000] {logging_mixin.py:190} INFO - [2024-12-16T01:19:02.030+0000] {dagbag.py:387} ERROR - Failed to import: /opt/airflow/dags/spark_airflow.py
Traceback (most recent call last):
  File "/home/airflow/.local/lib/python3.11/site-packages/airflow/models/dagbag.py", line 383, in parse
    loader.exec_module(new_module)
  File "<frozen importlib._bootstrap_external>", line 940, in exec_module
  File "<frozen importlib._bootstrap>", line 241, in _call_with_frames_removed
  File "/opt/airflow/dags/spark_airflow.py", line 3, in <module>
    dag = DAG(
          ^^^^
  File "/home/airflow/.local/lib/python3.11/site-packages/airflow/models/dag.py", line 593, in __init__
    validate_key(dag_id)
  File "/home/airflow/.local/lib/python3.11/site-packages/airflow/utils/helpers.py", line 53, in validate_key
    raise TypeError(f"The key has to be a string and is {type(k)}:{k}")
TypeError: The key has to be a string and is <class 'dict'>:{'owner': 'Haris Syd'}
[2024-12-16T01:19:02.038+0000] {processor.py:927} WARNING - No viable dags retrieved from /opt/airflow/dags/spark_airflow.py
[2024-12-16T01:19:02.061+0000] {processor.py:208} INFO - Processing /opt/airflow/dags/spark_airflow.py took 0.086 seconds
[2024-12-16T01:19:06.095+0000] {processor.py:186} INFO - Started process (PID=410) to work on /opt/airflow/dags/spark_airflow.py
[2024-12-16T01:19:06.097+0000] {processor.py:914} INFO - Processing file /opt/airflow/dags/spark_airflow.py for tasks to queue
[2024-12-16T01:19:06.101+0000] {logging_mixin.py:190} INFO - [2024-12-16T01:19:06.101+0000] {dagbag.py:588} INFO - Filling up the DagBag from /opt/airflow/dags/spark_airflow.py
[2024-12-16T01:19:06.134+0000] {logging_mixin.py:190} INFO - [2024-12-16T01:19:06.133+0000] {dagbag.py:387} ERROR - Failed to import: /opt/airflow/dags/spark_airflow.py
Traceback (most recent call last):
  File "/home/airflow/.local/lib/python3.11/site-packages/airflow/models/dagbag.py", line 383, in parse
    loader.exec_module(new_module)
  File "<frozen importlib._bootstrap_external>", line 936, in exec_module
  File "<frozen importlib._bootstrap_external>", line 1074, in get_code
  File "<frozen importlib._bootstrap_external>", line 1004, in source_to_code
  File "<frozen importlib._bootstrap>", line 241, in _call_with_frames_removed
  File "/opt/airflow/dags/spark_airflow.py", line 6
    "start_Date"
               ^
SyntaxError: ':' expected after dictionary key
[2024-12-16T01:19:06.135+0000] {processor.py:927} WARNING - No viable dags retrieved from /opt/airflow/dags/spark_airflow.py
[2024-12-16T01:19:06.164+0000] {processor.py:208} INFO - Processing /opt/airflow/dags/spark_airflow.py took 0.074 seconds
[2024-12-16T01:19:09.188+0000] {processor.py:186} INFO - Started process (PID=415) to work on /opt/airflow/dags/spark_airflow.py
[2024-12-16T01:19:09.189+0000] {processor.py:914} INFO - Processing file /opt/airflow/dags/spark_airflow.py for tasks to queue
[2024-12-16T01:19:09.193+0000] {logging_mixin.py:190} INFO - [2024-12-16T01:19:09.193+0000] {dagbag.py:588} INFO - Filling up the DagBag from /opt/airflow/dags/spark_airflow.py
[2024-12-16T01:19:09.222+0000] {logging_mixin.py:190} INFO - [2024-12-16T01:19:09.221+0000] {dagbag.py:387} ERROR - Failed to import: /opt/airflow/dags/spark_airflow.py
Traceback (most recent call last):
  File "/home/airflow/.local/lib/python3.11/site-packages/airflow/models/dagbag.py", line 383, in parse
    loader.exec_module(new_module)
  File "<frozen importlib._bootstrap_external>", line 936, in exec_module
  File "<frozen importlib._bootstrap_external>", line 1074, in get_code
  File "<frozen importlib._bootstrap_external>", line 1004, in source_to_code
  File "<frozen importlib._bootstrap>", line 241, in _call_with_frames_removed
  File "/opt/airflow/dags/spark_airflow.py", line 6
    "start_date"
               ^
SyntaxError: ':' expected after dictionary key
[2024-12-16T01:19:09.223+0000] {processor.py:927} WARNING - No viable dags retrieved from /opt/airflow/dags/spark_airflow.py
[2024-12-16T01:19:09.252+0000] {processor.py:208} INFO - Processing /opt/airflow/dags/spark_airflow.py took 0.072 seconds
[2024-12-16T01:19:10.274+0000] {processor.py:186} INFO - Started process (PID=420) to work on /opt/airflow/dags/spark_airflow.py
[2024-12-16T01:19:10.275+0000] {processor.py:914} INFO - Processing file /opt/airflow/dags/spark_airflow.py for tasks to queue
[2024-12-16T01:19:10.278+0000] {logging_mixin.py:190} INFO - [2024-12-16T01:19:10.278+0000] {dagbag.py:588} INFO - Filling up the DagBag from /opt/airflow/dags/spark_airflow.py
[2024-12-16T01:19:10.310+0000] {logging_mixin.py:190} INFO - [2024-12-16T01:19:10.309+0000] {dagbag.py:387} ERROR - Failed to import: /opt/airflow/dags/spark_airflow.py
Traceback (most recent call last):
  File "/home/airflow/.local/lib/python3.11/site-packages/airflow/models/dagbag.py", line 383, in parse
    loader.exec_module(new_module)
  File "<frozen importlib._bootstrap_external>", line 936, in exec_module
  File "<frozen importlib._bootstrap_external>", line 1074, in get_code
  File "<frozen importlib._bootstrap_external>", line 1004, in source_to_code
  File "<frozen importlib._bootstrap>", line 241, in _call_with_frames_removed
  File "/opt/airflow/dags/spark_airflow.py", line 6
    "start_date":
                ^
SyntaxError: expression expected after dictionary key and ':'
[2024-12-16T01:19:10.311+0000] {processor.py:927} WARNING - No viable dags retrieved from /opt/airflow/dags/spark_airflow.py
[2024-12-16T01:19:10.367+0000] {processor.py:208} INFO - Processing /opt/airflow/dags/spark_airflow.py took 0.099 seconds
[2024-12-16T01:19:18.393+0000] {processor.py:186} INFO - Started process (PID=425) to work on /opt/airflow/dags/spark_airflow.py
[2024-12-16T01:19:18.394+0000] {processor.py:914} INFO - Processing file /opt/airflow/dags/spark_airflow.py for tasks to queue
[2024-12-16T01:19:18.397+0000] {logging_mixin.py:190} INFO - [2024-12-16T01:19:18.396+0000] {dagbag.py:588} INFO - Filling up the DagBag from /opt/airflow/dags/spark_airflow.py
[2024-12-16T01:19:18.427+0000] {logging_mixin.py:190} INFO - [2024-12-16T01:19:18.426+0000] {dagbag.py:387} ERROR - Failed to import: /opt/airflow/dags/spark_airflow.py
Traceback (most recent call last):
  File "/home/airflow/.local/lib/python3.11/site-packages/airflow/models/dagbag.py", line 383, in parse
    loader.exec_module(new_module)
  File "<frozen importlib._bootstrap_external>", line 936, in exec_module
  File "<frozen importlib._bootstrap_external>", line 1074, in get_code
  File "<frozen importlib._bootstrap_external>", line 1004, in source_to_code
  File "<frozen importlib._bootstrap>", line 241, in _call_with_frames_removed
  File "/opt/airflow/dags/spark_airflow.py", line 8
    }
    ^
SyntaxError: invalid syntax
[2024-12-16T01:19:18.428+0000] {processor.py:927} WARNING - No viable dags retrieved from /opt/airflow/dags/spark_airflow.py
[2024-12-16T01:19:18.457+0000] {processor.py:208} INFO - Processing /opt/airflow/dags/spark_airflow.py took 0.069 seconds
[2024-12-16T01:19:20.533+0000] {processor.py:186} INFO - Started process (PID=430) to work on /opt/airflow/dags/spark_airflow.py
[2024-12-16T01:19:20.536+0000] {processor.py:914} INFO - Processing file /opt/airflow/dags/spark_airflow.py for tasks to queue
[2024-12-16T01:19:20.543+0000] {logging_mixin.py:190} INFO - [2024-12-16T01:19:20.542+0000] {dagbag.py:588} INFO - Filling up the DagBag from /opt/airflow/dags/spark_airflow.py
[2024-12-16T01:19:20.574+0000] {logging_mixin.py:190} INFO - [2024-12-16T01:19:20.571+0000] {dagbag.py:387} ERROR - Failed to import: /opt/airflow/dags/spark_airflow.py
Traceback (most recent call last):
  File "/home/airflow/.local/lib/python3.11/site-packages/airflow/models/dagbag.py", line 383, in parse
    loader.exec_module(new_module)
  File "<frozen importlib._bootstrap_external>", line 936, in exec_module
  File "<frozen importlib._bootstrap_external>", line 1074, in get_code
  File "<frozen importlib._bootstrap_external>", line 1004, in source_to_code
  File "<frozen importlib._bootstrap>", line 241, in _call_with_frames_removed
  File "/opt/airflow/dags/spark_airflow.py", line 8
    }
    ^
SyntaxError: invalid syntax
[2024-12-16T01:19:20.575+0000] {processor.py:927} WARNING - No viable dags retrieved from /opt/airflow/dags/spark_airflow.py
[2024-12-16T01:19:20.613+0000] {processor.py:208} INFO - Processing /opt/airflow/dags/spark_airflow.py took 0.091 seconds
[2024-12-16T01:19:22.576+0000] {processor.py:186} INFO - Started process (PID=435) to work on /opt/airflow/dags/spark_airflow.py
[2024-12-16T01:19:22.577+0000] {processor.py:914} INFO - Processing file /opt/airflow/dags/spark_airflow.py for tasks to queue
[2024-12-16T01:19:22.581+0000] {logging_mixin.py:190} INFO - [2024-12-16T01:19:22.581+0000] {dagbag.py:588} INFO - Filling up the DagBag from /opt/airflow/dags/spark_airflow.py
[2024-12-16T01:19:22.595+0000] {logging_mixin.py:190} INFO - [2024-12-16T01:19:22.594+0000] {dagbag.py:387} ERROR - Failed to import: /opt/airflow/dags/spark_airflow.py
Traceback (most recent call last):
  File "/home/airflow/.local/lib/python3.11/site-packages/airflow/models/dagbag.py", line 383, in parse
    loader.exec_module(new_module)
  File "<frozen importlib._bootstrap_external>", line 936, in exec_module
  File "<frozen importlib._bootstrap_external>", line 1074, in get_code
  File "<frozen importlib._bootstrap_external>", line 1004, in source_to_code
  File "<frozen importlib._bootstrap>", line 241, in _call_with_frames_removed
  File "/opt/airflow/dags/spark_airflow.py", line 8
    }
    ^
SyntaxError: invalid syntax
[2024-12-16T01:19:22.596+0000] {processor.py:927} WARNING - No viable dags retrieved from /opt/airflow/dags/spark_airflow.py
[2024-12-16T01:19:22.623+0000] {processor.py:208} INFO - Processing /opt/airflow/dags/spark_airflow.py took 0.053 seconds
[2024-12-16T01:19:25.639+0000] {processor.py:186} INFO - Started process (PID=440) to work on /opt/airflow/dags/spark_airflow.py
[2024-12-16T01:19:25.641+0000] {processor.py:914} INFO - Processing file /opt/airflow/dags/spark_airflow.py for tasks to queue
[2024-12-16T01:19:25.648+0000] {logging_mixin.py:190} INFO - [2024-12-16T01:19:25.647+0000] {dagbag.py:588} INFO - Filling up the DagBag from /opt/airflow/dags/spark_airflow.py
[2024-12-16T01:19:25.694+0000] {logging_mixin.py:190} INFO - [2024-12-16T01:19:25.687+0000] {dagbag.py:387} ERROR - Failed to import: /opt/airflow/dags/spark_airflow.py
Traceback (most recent call last):
  File "/home/airflow/.local/lib/python3.11/site-packages/airflow/models/dagbag.py", line 383, in parse
    loader.exec_module(new_module)
  File "<frozen importlib._bootstrap_external>", line 940, in exec_module
  File "<frozen importlib._bootstrap>", line 241, in _call_with_frames_removed
  File "/opt/airflow/dags/spark_airflow.py", line 6, in <module>
    "start_date":airflow.utils.dates.days_ago
                 ^^^^^^^
NameError: name 'airflow' is not defined
[2024-12-16T01:19:25.697+0000] {processor.py:927} WARNING - No viable dags retrieved from /opt/airflow/dags/spark_airflow.py
[2024-12-16T01:19:25.732+0000] {processor.py:208} INFO - Processing /opt/airflow/dags/spark_airflow.py took 0.102 seconds
[2024-12-16T01:19:28.744+0000] {processor.py:186} INFO - Started process (PID=445) to work on /opt/airflow/dags/spark_airflow.py
[2024-12-16T01:19:28.745+0000] {processor.py:914} INFO - Processing file /opt/airflow/dags/spark_airflow.py for tasks to queue
[2024-12-16T01:19:28.748+0000] {logging_mixin.py:190} INFO - [2024-12-16T01:19:28.748+0000] {dagbag.py:588} INFO - Filling up the DagBag from /opt/airflow/dags/spark_airflow.py
[2024-12-16T01:19:28.790+0000] {logging_mixin.py:190} INFO - [2024-12-16T01:19:28.784+0000] {dagbag.py:387} ERROR - Failed to import: /opt/airflow/dags/spark_airflow.py
Traceback (most recent call last):
  File "/home/airflow/.local/lib/python3.11/site-packages/airflow/models/dagbag.py", line 383, in parse
    loader.exec_module(new_module)
  File "<frozen importlib._bootstrap_external>", line 940, in exec_module
  File "<frozen importlib._bootstrap>", line 241, in _call_with_frames_removed
  File "/opt/airflow/dags/spark_airflow.py", line 6, in <module>
    "start_date":airflow.utils.dates.days_ago(1)
                 ^^^^^^^
NameError: name 'airflow' is not defined
[2024-12-16T01:19:28.793+0000] {processor.py:927} WARNING - No viable dags retrieved from /opt/airflow/dags/spark_airflow.py
[2024-12-16T01:19:28.817+0000] {processor.py:208} INFO - Processing /opt/airflow/dags/spark_airflow.py took 0.080 seconds
[2024-12-16T01:19:33.851+0000] {processor.py:186} INFO - Started process (PID=450) to work on /opt/airflow/dags/spark_airflow.py
[2024-12-16T01:19:33.852+0000] {processor.py:914} INFO - Processing file /opt/airflow/dags/spark_airflow.py for tasks to queue
[2024-12-16T01:19:33.855+0000] {logging_mixin.py:190} INFO - [2024-12-16T01:19:33.855+0000] {dagbag.py:588} INFO - Filling up the DagBag from /opt/airflow/dags/spark_airflow.py
[2024-12-16T01:19:33.879+0000] {logging_mixin.py:190} INFO - [2024-12-16T01:19:33.875+0000] {dagbag.py:387} ERROR - Failed to import: /opt/airflow/dags/spark_airflow.py
Traceback (most recent call last):
  File "/home/airflow/.local/lib/python3.11/site-packages/airflow/models/dagbag.py", line 383, in parse
    loader.exec_module(new_module)
  File "<frozen importlib._bootstrap_external>", line 940, in exec_module
  File "<frozen importlib._bootstrap>", line 241, in _call_with_frames_removed
  File "/opt/airflow/dags/spark_airflow.py", line 6, in <module>
    "start_date":airflow.utils.dates.days_ago(1)
                 ^^^^^^^
NameError: name 'airflow' is not defined
[2024-12-16T01:19:33.880+0000] {processor.py:927} WARNING - No viable dags retrieved from /opt/airflow/dags/spark_airflow.py
[2024-12-16T01:19:33.904+0000] {processor.py:208} INFO - Processing /opt/airflow/dags/spark_airflow.py took 0.060 seconds
[2024-12-16T01:19:35.924+0000] {processor.py:186} INFO - Started process (PID=455) to work on /opt/airflow/dags/spark_airflow.py
[2024-12-16T01:19:35.926+0000] {processor.py:914} INFO - Processing file /opt/airflow/dags/spark_airflow.py for tasks to queue
[2024-12-16T01:19:35.929+0000] {logging_mixin.py:190} INFO - [2024-12-16T01:19:35.929+0000] {dagbag.py:588} INFO - Filling up the DagBag from /opt/airflow/dags/spark_airflow.py
[2024-12-16T01:19:35.964+0000] {logging_mixin.py:190} INFO - [2024-12-16T01:19:35.959+0000] {dagbag.py:387} ERROR - Failed to import: /opt/airflow/dags/spark_airflow.py
Traceback (most recent call last):
  File "/home/airflow/.local/lib/python3.11/site-packages/airflow/models/dagbag.py", line 383, in parse
    loader.exec_module(new_module)
  File "<frozen importlib._bootstrap_external>", line 940, in exec_module
  File "<frozen importlib._bootstrap>", line 241, in _call_with_frames_removed
  File "/opt/airflow/dags/spark_airflow.py", line 6, in <module>
    "start_date":airflow.utils.dates.days_ago(1)
                 ^^^^^^^
NameError: name 'airflow' is not defined
[2024-12-16T01:19:35.967+0000] {processor.py:927} WARNING - No viable dags retrieved from /opt/airflow/dags/spark_airflow.py
[2024-12-16T01:19:36.009+0000] {processor.py:208} INFO - Processing /opt/airflow/dags/spark_airflow.py took 0.092 seconds
[2024-12-16T01:20:03.218+0000] {processor.py:186} INFO - Started process (PID=460) to work on /opt/airflow/dags/spark_airflow.py
[2024-12-16T01:20:03.220+0000] {processor.py:914} INFO - Processing file /opt/airflow/dags/spark_airflow.py for tasks to queue
[2024-12-16T01:20:03.225+0000] {logging_mixin.py:190} INFO - [2024-12-16T01:20:03.225+0000] {dagbag.py:588} INFO - Filling up the DagBag from /opt/airflow/dags/spark_airflow.py
[2024-12-16T01:20:03.254+0000] {logging_mixin.py:190} INFO - [2024-12-16T01:20:03.252+0000] {dagbag.py:387} ERROR - Failed to import: /opt/airflow/dags/spark_airflow.py
Traceback (most recent call last):
  File "/home/airflow/.local/lib/python3.11/site-packages/airflow/models/dagbag.py", line 383, in parse
    loader.exec_module(new_module)
  File "<frozen importlib._bootstrap_external>", line 936, in exec_module
  File "<frozen importlib._bootstrap_external>", line 1074, in get_code
  File "<frozen importlib._bootstrap_external>", line 1004, in source_to_code
  File "<frozen importlib._bootstrap>", line 241, in _call_with_frames_removed
  File "/opt/airflow/dags/spark_airflow.py", line 10
    )
    ^
SyntaxError: positional argument follows keyword argument
[2024-12-16T01:20:03.256+0000] {processor.py:927} WARNING - No viable dags retrieved from /opt/airflow/dags/spark_airflow.py
[2024-12-16T01:20:03.293+0000] {processor.py:208} INFO - Processing /opt/airflow/dags/spark_airflow.py took 0.084 seconds
[2024-12-16T01:20:07.339+0000] {processor.py:186} INFO - Started process (PID=465) to work on /opt/airflow/dags/spark_airflow.py
[2024-12-16T01:20:07.341+0000] {processor.py:914} INFO - Processing file /opt/airflow/dags/spark_airflow.py for tasks to queue
[2024-12-16T01:20:07.344+0000] {logging_mixin.py:190} INFO - [2024-12-16T01:20:07.344+0000] {dagbag.py:588} INFO - Filling up the DagBag from /opt/airflow/dags/spark_airflow.py
[2024-12-16T01:20:07.379+0000] {logging_mixin.py:190} INFO - [2024-12-16T01:20:07.377+0000] {dagbag.py:387} ERROR - Failed to import: /opt/airflow/dags/spark_airflow.py
Traceback (most recent call last):
  File "/home/airflow/.local/lib/python3.11/site-packages/airflow/models/dagbag.py", line 383, in parse
    loader.exec_module(new_module)
  File "<frozen importlib._bootstrap_external>", line 936, in exec_module
  File "<frozen importlib._bootstrap_external>", line 1074, in get_code
  File "<frozen importlib._bootstrap_external>", line 1004, in source_to_code
  File "<frozen importlib._bootstrap>", line 241, in _call_with_frames_removed
  File "/opt/airflow/dags/spark_airflow.py", line 10
    )
    ^
SyntaxError: invalid syntax
[2024-12-16T01:20:07.380+0000] {processor.py:927} WARNING - No viable dags retrieved from /opt/airflow/dags/spark_airflow.py
[2024-12-16T01:20:07.410+0000] {processor.py:208} INFO - Processing /opt/airflow/dags/spark_airflow.py took 0.078 seconds
[2024-12-16T01:20:09.437+0000] {processor.py:186} INFO - Started process (PID=470) to work on /opt/airflow/dags/spark_airflow.py
[2024-12-16T01:20:09.439+0000] {processor.py:914} INFO - Processing file /opt/airflow/dags/spark_airflow.py for tasks to queue
[2024-12-16T01:20:09.451+0000] {logging_mixin.py:190} INFO - [2024-12-16T01:20:09.447+0000] {dagbag.py:588} INFO - Filling up the DagBag from /opt/airflow/dags/spark_airflow.py
[2024-12-16T01:20:09.503+0000] {logging_mixin.py:190} INFO - [2024-12-16T01:20:09.496+0000] {dagbag.py:387} ERROR - Failed to import: /opt/airflow/dags/spark_airflow.py
Traceback (most recent call last):
  File "/home/airflow/.local/lib/python3.11/site-packages/airflow/models/dagbag.py", line 383, in parse
    loader.exec_module(new_module)
  File "<frozen importlib._bootstrap_external>", line 940, in exec_module
  File "<frozen importlib._bootstrap>", line 241, in _call_with_frames_removed
  File "/opt/airflow/dags/spark_airflow.py", line 6, in <module>
    "start_date":airflow.utils.dates.days_ago(1)
                 ^^^^^^^
NameError: name 'airflow' is not defined
[2024-12-16T01:20:09.506+0000] {processor.py:927} WARNING - No viable dags retrieved from /opt/airflow/dags/spark_airflow.py
[2024-12-16T01:20:09.555+0000] {processor.py:208} INFO - Processing /opt/airflow/dags/spark_airflow.py took 0.129 seconds
[2024-12-16T01:20:11.532+0000] {processor.py:186} INFO - Started process (PID=475) to work on /opt/airflow/dags/spark_airflow.py
[2024-12-16T01:20:11.533+0000] {processor.py:914} INFO - Processing file /opt/airflow/dags/spark_airflow.py for tasks to queue
[2024-12-16T01:20:11.536+0000] {logging_mixin.py:190} INFO - [2024-12-16T01:20:11.536+0000] {dagbag.py:588} INFO - Filling up the DagBag from /opt/airflow/dags/spark_airflow.py
[2024-12-16T01:20:11.595+0000] {logging_mixin.py:190} INFO - [2024-12-16T01:20:11.583+0000] {dagbag.py:387} ERROR - Failed to import: /opt/airflow/dags/spark_airflow.py
Traceback (most recent call last):
  File "/home/airflow/.local/lib/python3.11/site-packages/airflow/models/dagbag.py", line 383, in parse
    loader.exec_module(new_module)
  File "<frozen importlib._bootstrap_external>", line 940, in exec_module
  File "<frozen importlib._bootstrap>", line 241, in _call_with_frames_removed
  File "/opt/airflow/dags/spark_airflow.py", line 6, in <module>
    "start_date":airflow.utils.dates.days_ago(1)
                 ^^^^^^^
NameError: name 'airflow' is not defined
[2024-12-16T01:20:11.597+0000] {processor.py:927} WARNING - No viable dags retrieved from /opt/airflow/dags/spark_airflow.py
[2024-12-16T01:20:11.627+0000] {processor.py:208} INFO - Processing /opt/airflow/dags/spark_airflow.py took 0.101 seconds
[2024-12-16T01:20:18.727+0000] {processor.py:186} INFO - Started process (PID=480) to work on /opt/airflow/dags/spark_airflow.py
[2024-12-16T01:20:18.728+0000] {processor.py:914} INFO - Processing file /opt/airflow/dags/spark_airflow.py for tasks to queue
[2024-12-16T01:20:18.732+0000] {logging_mixin.py:190} INFO - [2024-12-16T01:20:18.732+0000] {dagbag.py:588} INFO - Filling up the DagBag from /opt/airflow/dags/spark_airflow.py
[2024-12-16T01:20:18.771+0000] {logging_mixin.py:190} INFO - [2024-12-16T01:20:18.766+0000] {dagbag.py:387} ERROR - Failed to import: /opt/airflow/dags/spark_airflow.py
Traceback (most recent call last):
  File "/home/airflow/.local/lib/python3.11/site-packages/airflow/models/dagbag.py", line 383, in parse
    loader.exec_module(new_module)
  File "<frozen importlib._bootstrap_external>", line 940, in exec_module
  File "<frozen importlib._bootstrap>", line 241, in _call_with_frames_removed
  File "/opt/airflow/dags/spark_airflow.py", line 6, in <module>
    "start_date":airflow.utils.dates.days_ago(1)
                 ^^^^^^^
NameError: name 'airflow' is not defined
[2024-12-16T01:20:18.774+0000] {processor.py:927} WARNING - No viable dags retrieved from /opt/airflow/dags/spark_airflow.py
[2024-12-16T01:20:18.803+0000] {processor.py:208} INFO - Processing /opt/airflow/dags/spark_airflow.py took 0.083 seconds
[2024-12-16T01:20:32.922+0000] {processor.py:186} INFO - Started process (PID=485) to work on /opt/airflow/dags/spark_airflow.py
[2024-12-16T01:20:32.923+0000] {processor.py:914} INFO - Processing file /opt/airflow/dags/spark_airflow.py for tasks to queue
[2024-12-16T01:20:32.929+0000] {logging_mixin.py:190} INFO - [2024-12-16T01:20:32.929+0000] {dagbag.py:588} INFO - Filling up the DagBag from /opt/airflow/dags/spark_airflow.py
[2024-12-16T01:20:32.969+0000] {logging_mixin.py:190} INFO - [2024-12-16T01:20:32.963+0000] {dagbag.py:387} ERROR - Failed to import: /opt/airflow/dags/spark_airflow.py
Traceback (most recent call last):
  File "/home/airflow/.local/lib/python3.11/site-packages/airflow/models/dagbag.py", line 383, in parse
    loader.exec_module(new_module)
  File "<frozen importlib._bootstrap_external>", line 940, in exec_module
  File "<frozen importlib._bootstrap>", line 241, in _call_with_frames_removed
  File "/opt/airflow/dags/spark_airflow.py", line 7, in <module>
    "start_date":airflow.utils.dates.days_ago(1)
                 ^^^^^^^
NameError: name 'airflow' is not defined
[2024-12-16T01:20:32.971+0000] {processor.py:927} WARNING - No viable dags retrieved from /opt/airflow/dags/spark_airflow.py
[2024-12-16T01:20:33.014+0000] {processor.py:208} INFO - Processing /opt/airflow/dags/spark_airflow.py took 0.104 seconds
[2024-12-16T01:20:34.106+0000] {processor.py:186} INFO - Started process (PID=490) to work on /opt/airflow/dags/spark_airflow.py
[2024-12-16T01:20:34.107+0000] {processor.py:914} INFO - Processing file /opt/airflow/dags/spark_airflow.py for tasks to queue
[2024-12-16T01:20:34.111+0000] {logging_mixin.py:190} INFO - [2024-12-16T01:20:34.111+0000] {dagbag.py:588} INFO - Filling up the DagBag from /opt/airflow/dags/spark_airflow.py
[2024-12-16T01:20:34.147+0000] {logging_mixin.py:190} INFO - [2024-12-16T01:20:34.146+0000] {dagbag.py:387} ERROR - Failed to import: /opt/airflow/dags/spark_airflow.py
Traceback (most recent call last):
  File "/home/airflow/.local/lib/python3.11/site-packages/airflow/models/dagbag.py", line 383, in parse
    loader.exec_module(new_module)
  File "<frozen importlib._bootstrap_external>", line 936, in exec_module
  File "<frozen importlib._bootstrap_external>", line 1074, in get_code
  File "<frozen importlib._bootstrap_external>", line 1004, in source_to_code
  File "<frozen importlib._bootstrap>", line 241, in _call_with_frames_removed
  File "/opt/airflow/dags/spark_airflow.py", line 2
    from 
         ^
SyntaxError: invalid syntax
[2024-12-16T01:20:34.148+0000] {processor.py:927} WARNING - No viable dags retrieved from /opt/airflow/dags/spark_airflow.py
[2024-12-16T01:20:34.178+0000] {processor.py:208} INFO - Processing /opt/airflow/dags/spark_airflow.py took 0.084 seconds
[2024-12-16T01:20:39.153+0000] {processor.py:186} INFO - Started process (PID=495) to work on /opt/airflow/dags/spark_airflow.py
[2024-12-16T01:20:39.155+0000] {processor.py:914} INFO - Processing file /opt/airflow/dags/spark_airflow.py for tasks to queue
[2024-12-16T01:20:39.159+0000] {logging_mixin.py:190} INFO - [2024-12-16T01:20:39.158+0000] {dagbag.py:588} INFO - Filling up the DagBag from /opt/airflow/dags/spark_airflow.py
[2024-12-16T01:20:39.182+0000] {logging_mixin.py:190} INFO - [2024-12-16T01:20:39.180+0000] {dagbag.py:387} ERROR - Failed to import: /opt/airflow/dags/spark_airflow.py
Traceback (most recent call last):
  File "/home/airflow/.local/lib/python3.11/site-packages/airflow/models/dagbag.py", line 383, in parse
    loader.exec_module(new_module)
  File "<frozen importlib._bootstrap_external>", line 936, in exec_module
  File "<frozen importlib._bootstrap_external>", line 1074, in get_code
  File "<frozen importlib._bootstrap_external>", line 1004, in source_to_code
  File "<frozen importlib._bootstrap>", line 241, in _call_with_frames_removed
  File "/opt/airflow/dags/spark_airflow.py", line 3
    from 
         ^
SyntaxError: invalid syntax
[2024-12-16T01:20:39.183+0000] {processor.py:927} WARNING - No viable dags retrieved from /opt/airflow/dags/spark_airflow.py
[2024-12-16T01:20:39.212+0000] {processor.py:208} INFO - Processing /opt/airflow/dags/spark_airflow.py took 0.067 seconds
[2024-12-16T01:20:44.227+0000] {processor.py:186} INFO - Started process (PID=500) to work on /opt/airflow/dags/spark_airflow.py
[2024-12-16T01:20:44.228+0000] {processor.py:914} INFO - Processing file /opt/airflow/dags/spark_airflow.py for tasks to queue
[2024-12-16T01:20:44.232+0000] {logging_mixin.py:190} INFO - [2024-12-16T01:20:44.232+0000] {dagbag.py:588} INFO - Filling up the DagBag from /opt/airflow/dags/spark_airflow.py
[2024-12-16T01:20:44.269+0000] {logging_mixin.py:190} INFO - [2024-12-16T01:20:44.267+0000] {dagbag.py:387} ERROR - Failed to import: /opt/airflow/dags/spark_airflow.py
Traceback (most recent call last):
  File "/home/airflow/.local/lib/python3.11/site-packages/airflow/models/dagbag.py", line 383, in parse
    loader.exec_module(new_module)
  File "<frozen importlib._bootstrap_external>", line 936, in exec_module
  File "<frozen importlib._bootstrap_external>", line 1074, in get_code
  File "<frozen importlib._bootstrap_external>", line 1004, in source_to_code
  File "<frozen importlib._bootstrap>", line 241, in _call_with_frames_removed
  File "/opt/airflow/dags/spark_airflow.py", line 3
    from airflow.
                 ^
SyntaxError: invalid syntax
[2024-12-16T01:20:44.270+0000] {processor.py:927} WARNING - No viable dags retrieved from /opt/airflow/dags/spark_airflow.py
[2024-12-16T01:20:44.296+0000] {processor.py:208} INFO - Processing /opt/airflow/dags/spark_airflow.py took 0.076 seconds
[2024-12-16T01:20:47.361+0000] {processor.py:186} INFO - Started process (PID=505) to work on /opt/airflow/dags/spark_airflow.py
[2024-12-16T01:20:47.362+0000] {processor.py:914} INFO - Processing file /opt/airflow/dags/spark_airflow.py for tasks to queue
[2024-12-16T01:20:47.367+0000] {logging_mixin.py:190} INFO - [2024-12-16T01:20:47.366+0000] {dagbag.py:588} INFO - Filling up the DagBag from /opt/airflow/dags/spark_airflow.py
[2024-12-16T01:20:47.395+0000] {logging_mixin.py:190} INFO - [2024-12-16T01:20:47.394+0000] {dagbag.py:387} ERROR - Failed to import: /opt/airflow/dags/spark_airflow.py
Traceback (most recent call last):
  File "/home/airflow/.local/lib/python3.11/site-packages/airflow/models/dagbag.py", line 383, in parse
    loader.exec_module(new_module)
  File "<frozen importlib._bootstrap_external>", line 936, in exec_module
  File "<frozen importlib._bootstrap_external>", line 1074, in get_code
  File "<frozen importlib._bootstrap_external>", line 1004, in source_to_code
  File "<frozen importlib._bootstrap>", line 241, in _call_with_frames_removed
  File "/opt/airflow/dags/spark_airflow.py", line 3
    from airflow.operators.py
                             ^
SyntaxError: invalid syntax
[2024-12-16T01:20:47.396+0000] {processor.py:927} WARNING - No viable dags retrieved from /opt/airflow/dags/spark_airflow.py
[2024-12-16T01:20:47.424+0000] {processor.py:208} INFO - Processing /opt/airflow/dags/spark_airflow.py took 0.075 seconds
[2024-12-16T01:20:50.415+0000] {processor.py:186} INFO - Started process (PID=510) to work on /opt/airflow/dags/spark_airflow.py
[2024-12-16T01:20:50.416+0000] {processor.py:914} INFO - Processing file /opt/airflow/dags/spark_airflow.py for tasks to queue
[2024-12-16T01:20:50.420+0000] {logging_mixin.py:190} INFO - [2024-12-16T01:20:50.420+0000] {dagbag.py:588} INFO - Filling up the DagBag from /opt/airflow/dags/spark_airflow.py
[2024-12-16T01:20:50.446+0000] {logging_mixin.py:190} INFO - [2024-12-16T01:20:50.444+0000] {dagbag.py:387} ERROR - Failed to import: /opt/airflow/dags/spark_airflow.py
Traceback (most recent call last):
  File "/home/airflow/.local/lib/python3.11/site-packages/airflow/models/dagbag.py", line 383, in parse
    loader.exec_module(new_module)
  File "<frozen importlib._bootstrap_external>", line 936, in exec_module
  File "<frozen importlib._bootstrap_external>", line 1074, in get_code
  File "<frozen importlib._bootstrap_external>", line 1004, in source_to_code
  File "<frozen importlib._bootstrap>", line 241, in _call_with_frames_removed
  File "/opt/airflow/dags/spark_airflow.py", line 3
    from airflow.operators.python import 
                                         ^
SyntaxError: invalid syntax
[2024-12-16T01:20:50.447+0000] {processor.py:927} WARNING - No viable dags retrieved from /opt/airflow/dags/spark_airflow.py
[2024-12-16T01:20:50.483+0000] {processor.py:208} INFO - Processing /opt/airflow/dags/spark_airflow.py took 0.075 seconds
[2024-12-16T01:20:54.597+0000] {processor.py:186} INFO - Started process (PID=515) to work on /opt/airflow/dags/spark_airflow.py
[2024-12-16T01:20:54.599+0000] {processor.py:914} INFO - Processing file /opt/airflow/dags/spark_airflow.py for tasks to queue
[2024-12-16T01:20:54.602+0000] {logging_mixin.py:190} INFO - [2024-12-16T01:20:54.602+0000] {dagbag.py:588} INFO - Filling up the DagBag from /opt/airflow/dags/spark_airflow.py
[2024-12-16T01:20:54.643+0000] {logging_mixin.py:190} INFO - [2024-12-16T01:20:54.636+0000] {dagbag.py:387} ERROR - Failed to import: /opt/airflow/dags/spark_airflow.py
Traceback (most recent call last):
  File "/home/airflow/.local/lib/python3.11/site-packages/airflow/models/dagbag.py", line 383, in parse
    loader.exec_module(new_module)
  File "<frozen importlib._bootstrap_external>", line 940, in exec_module
  File "<frozen importlib._bootstrap>", line 241, in _call_with_frames_removed
  File "/opt/airflow/dags/spark_airflow.py", line 3, in <module>
    from airflow.operators.python import PythonU
ImportError: cannot import name 'PythonU' from 'airflow.operators.python' (/home/airflow/.local/lib/python3.11/site-packages/airflow/operators/python.py)
[2024-12-16T01:20:54.646+0000] {processor.py:927} WARNING - No viable dags retrieved from /opt/airflow/dags/spark_airflow.py
[2024-12-16T01:20:54.684+0000] {processor.py:208} INFO - Processing /opt/airflow/dags/spark_airflow.py took 0.095 seconds
[2024-12-16T01:20:56.640+0000] {processor.py:186} INFO - Started process (PID=520) to work on /opt/airflow/dags/spark_airflow.py
[2024-12-16T01:20:56.642+0000] {processor.py:914} INFO - Processing file /opt/airflow/dags/spark_airflow.py for tasks to queue
[2024-12-16T01:20:56.646+0000] {logging_mixin.py:190} INFO - [2024-12-16T01:20:56.645+0000] {dagbag.py:588} INFO - Filling up the DagBag from /opt/airflow/dags/spark_airflow.py
[2024-12-16T01:20:56.692+0000] {logging_mixin.py:190} INFO - [2024-12-16T01:20:56.683+0000] {dagbag.py:387} ERROR - Failed to import: /opt/airflow/dags/spark_airflow.py
Traceback (most recent call last):
  File "/home/airflow/.local/lib/python3.11/site-packages/airflow/models/dagbag.py", line 383, in parse
    loader.exec_module(new_module)
  File "<frozen importlib._bootstrap_external>", line 940, in exec_module
  File "<frozen importlib._bootstrap>", line 241, in _call_with_frames_removed
  File "/opt/airflow/dags/spark_airflow.py", line 5, in <module>
    dag = DAG(
          ^^^^
  File "/home/airflow/.local/lib/python3.11/site-packages/airflow/models/dag.py", line 593, in __init__
    validate_key(dag_id)
  File "/home/airflow/.local/lib/python3.11/site-packages/airflow/utils/helpers.py", line 53, in validate_key
    raise TypeError(f"The key has to be a string and is {type(k)}:{k}")
TypeError: The key has to be a string and is <class 'dict'>:{'owner': 'Haris Syd', 'start_date': datetime.datetime(2024, 12, 15, 0, 0, tzinfo=Timezone('UTC'))}
[2024-12-16T01:20:56.693+0000] {processor.py:927} WARNING - No viable dags retrieved from /opt/airflow/dags/spark_airflow.py
[2024-12-16T01:20:56.723+0000] {processor.py:208} INFO - Processing /opt/airflow/dags/spark_airflow.py took 0.090 seconds
[2024-12-16T01:21:13.937+0000] {processor.py:186} INFO - Started process (PID=525) to work on /opt/airflow/dags/spark_airflow.py
[2024-12-16T01:21:13.939+0000] {processor.py:914} INFO - Processing file /opt/airflow/dags/spark_airflow.py for tasks to queue
[2024-12-16T01:21:13.943+0000] {logging_mixin.py:190} INFO - [2024-12-16T01:21:13.942+0000] {dagbag.py:588} INFO - Filling up the DagBag from /opt/airflow/dags/spark_airflow.py
[2024-12-16T01:21:13.985+0000] {logging_mixin.py:190} INFO - [2024-12-16T01:21:13.977+0000] {dagbag.py:387} ERROR - Failed to import: /opt/airflow/dags/spark_airflow.py
Traceback (most recent call last):
  File "/home/airflow/.local/lib/python3.11/site-packages/airflow/models/dagbag.py", line 383, in parse
    loader.exec_module(new_module)
  File "<frozen importlib._bootstrap_external>", line 940, in exec_module
  File "<frozen importlib._bootstrap>", line 241, in _call_with_frames_removed
  File "/opt/airflow/dags/spark_airflow.py", line 5, in <module>
    dag = DAG(
          ^^^^
  File "/home/airflow/.local/lib/python3.11/site-packages/airflow/models/dag.py", line 593, in __init__
    validate_key(dag_id)
  File "/home/airflow/.local/lib/python3.11/site-packages/airflow/utils/helpers.py", line 53, in validate_key
    raise TypeError(f"The key has to be a string and is {type(k)}:{k}")
TypeError: The key has to be a string and is <class 'dict'>:{'owner': 'Haris Syd', 'start_date': datetime.datetime(2024, 12, 15, 0, 0, tzinfo=Timezone('UTC'))}
[2024-12-16T01:21:13.986+0000] {processor.py:927} WARNING - No viable dags retrieved from /opt/airflow/dags/spark_airflow.py
[2024-12-16T01:21:14.017+0000] {processor.py:208} INFO - Processing /opt/airflow/dags/spark_airflow.py took 0.088 seconds
[2024-12-16T01:21:22.034+0000] {processor.py:186} INFO - Started process (PID=530) to work on /opt/airflow/dags/spark_airflow.py
[2024-12-16T01:21:22.036+0000] {processor.py:914} INFO - Processing file /opt/airflow/dags/spark_airflow.py for tasks to queue
[2024-12-16T01:21:22.042+0000] {logging_mixin.py:190} INFO - [2024-12-16T01:21:22.041+0000] {dagbag.py:588} INFO - Filling up the DagBag from /opt/airflow/dags/spark_airflow.py
[2024-12-16T01:21:22.072+0000] {logging_mixin.py:190} INFO - [2024-12-16T01:21:22.065+0000] {dagbag.py:387} ERROR - Failed to import: /opt/airflow/dags/spark_airflow.py
Traceback (most recent call last):
  File "/home/airflow/.local/lib/python3.11/site-packages/airflow/models/dagbag.py", line 383, in parse
    loader.exec_module(new_module)
  File "<frozen importlib._bootstrap_external>", line 940, in exec_module
  File "<frozen importlib._bootstrap>", line 241, in _call_with_frames_removed
  File "/opt/airflow/dags/spark_airflow.py", line 5, in <module>
    dag = DAG(
          ^^^^
  File "/home/airflow/.local/lib/python3.11/site-packages/airflow/models/dag.py", line 593, in __init__
    validate_key(dag_id)
  File "/home/airflow/.local/lib/python3.11/site-packages/airflow/utils/helpers.py", line 53, in validate_key
    raise TypeError(f"The key has to be a string and is {type(k)}:{k}")
TypeError: The key has to be a string and is <class 'dict'>:{'owner': 'Haris Syd', 'start_date': datetime.datetime(2024, 12, 15, 0, 0, tzinfo=Timezone('UTC'))}
[2024-12-16T01:21:22.074+0000] {processor.py:927} WARNING - No viable dags retrieved from /opt/airflow/dags/spark_airflow.py
[2024-12-16T01:21:22.114+0000] {processor.py:208} INFO - Processing /opt/airflow/dags/spark_airflow.py took 0.086 seconds
[2024-12-16T01:21:33.236+0000] {processor.py:186} INFO - Started process (PID=535) to work on /opt/airflow/dags/spark_airflow.py
[2024-12-16T01:21:33.237+0000] {processor.py:914} INFO - Processing file /opt/airflow/dags/spark_airflow.py for tasks to queue
[2024-12-16T01:21:33.240+0000] {logging_mixin.py:190} INFO - [2024-12-16T01:21:33.240+0000] {dagbag.py:588} INFO - Filling up the DagBag from /opt/airflow/dags/spark_airflow.py
[2024-12-16T01:21:33.267+0000] {logging_mixin.py:190} INFO - [2024-12-16T01:21:33.262+0000] {dagbag.py:387} ERROR - Failed to import: /opt/airflow/dags/spark_airflow.py
Traceback (most recent call last):
  File "/home/airflow/.local/lib/python3.11/site-packages/airflow/models/dagbag.py", line 383, in parse
    loader.exec_module(new_module)
  File "<frozen importlib._bootstrap_external>", line 940, in exec_module
  File "<frozen importlib._bootstrap>", line 241, in _call_with_frames_removed
  File "/opt/airflow/dags/spark_airflow.py", line 5, in <module>
    dag = DAG(
          ^^^^
  File "/home/airflow/.local/lib/python3.11/site-packages/airflow/models/dag.py", line 593, in __init__
    validate_key(dag_id)
  File "/home/airflow/.local/lib/python3.11/site-packages/airflow/utils/helpers.py", line 53, in validate_key
    raise TypeError(f"The key has to be a string and is {type(k)}:{k}")
TypeError: The key has to be a string and is <class 'dict'>:{'owner': 'Haris Syd', 'start_date': datetime.datetime(2024, 12, 15, 0, 0, tzinfo=Timezone('UTC'))}
[2024-12-16T01:21:33.268+0000] {processor.py:927} WARNING - No viable dags retrieved from /opt/airflow/dags/spark_airflow.py
[2024-12-16T01:21:33.295+0000] {processor.py:208} INFO - Processing /opt/airflow/dags/spark_airflow.py took 0.065 seconds
[2024-12-16T01:21:36.328+0000] {processor.py:186} INFO - Started process (PID=540) to work on /opt/airflow/dags/spark_airflow.py
[2024-12-16T01:21:36.329+0000] {processor.py:914} INFO - Processing file /opt/airflow/dags/spark_airflow.py for tasks to queue
[2024-12-16T01:21:36.332+0000] {logging_mixin.py:190} INFO - [2024-12-16T01:21:36.332+0000] {dagbag.py:588} INFO - Filling up the DagBag from /opt/airflow/dags/spark_airflow.py
[2024-12-16T01:21:36.361+0000] {logging_mixin.py:190} INFO - [2024-12-16T01:21:36.356+0000] {dagbag.py:387} ERROR - Failed to import: /opt/airflow/dags/spark_airflow.py
Traceback (most recent call last):
  File "/home/airflow/.local/lib/python3.11/site-packages/airflow/models/dagbag.py", line 383, in parse
    loader.exec_module(new_module)
  File "<frozen importlib._bootstrap_external>", line 940, in exec_module
  File "<frozen importlib._bootstrap>", line 241, in _call_with_frames_removed
  File "/opt/airflow/dags/spark_airflow.py", line 5, in <module>
    dag = DAG(
          ^^^^
  File "/home/airflow/.local/lib/python3.11/site-packages/airflow/models/dag.py", line 593, in __init__
    validate_key(dag_id)
  File "/home/airflow/.local/lib/python3.11/site-packages/airflow/utils/helpers.py", line 53, in validate_key
    raise TypeError(f"The key has to be a string and is {type(k)}:{k}")
TypeError: The key has to be a string and is <class 'dict'>:{'owner': 'Haris Syd', 'start_date': datetime.datetime(2024, 12, 15, 0, 0, tzinfo=Timezone('UTC'))}
[2024-12-16T01:21:36.362+0000] {processor.py:927} WARNING - No viable dags retrieved from /opt/airflow/dags/spark_airflow.py
[2024-12-16T01:21:36.393+0000] {processor.py:208} INFO - Processing /opt/airflow/dags/spark_airflow.py took 0.069 seconds
[2024-12-16T01:21:43.438+0000] {processor.py:186} INFO - Started process (PID=545) to work on /opt/airflow/dags/spark_airflow.py
[2024-12-16T01:21:43.439+0000] {processor.py:914} INFO - Processing file /opt/airflow/dags/spark_airflow.py for tasks to queue
[2024-12-16T01:21:43.442+0000] {logging_mixin.py:190} INFO - [2024-12-16T01:21:43.442+0000] {dagbag.py:588} INFO - Filling up the DagBag from /opt/airflow/dags/spark_airflow.py
[2024-12-16T01:21:43.461+0000] {logging_mixin.py:190} INFO - [2024-12-16T01:21:43.460+0000] {dagbag.py:387} ERROR - Failed to import: /opt/airflow/dags/spark_airflow.py
Traceback (most recent call last):
  File "/home/airflow/.local/lib/python3.11/site-packages/airflow/models/dagbag.py", line 383, in parse
    loader.exec_module(new_module)
  File "<frozen importlib._bootstrap_external>", line 936, in exec_module
  File "<frozen importlib._bootstrap_external>", line 1074, in get_code
  File "<frozen importlib._bootstrap_external>", line 1004, in source_to_code
  File "<frozen importlib._bootstrap>", line 241, in _call_with_frames_removed
  File "/opt/airflow/dags/spark_airflow.py", line 16
    )
    ^
SyntaxError: invalid syntax
[2024-12-16T01:21:43.462+0000] {processor.py:927} WARNING - No viable dags retrieved from /opt/airflow/dags/spark_airflow.py
[2024-12-16T01:21:43.485+0000] {processor.py:208} INFO - Processing /opt/airflow/dags/spark_airflow.py took 0.053 seconds
[2024-12-16T01:21:53.575+0000] {processor.py:186} INFO - Started process (PID=550) to work on /opt/airflow/dags/spark_airflow.py
[2024-12-16T01:21:53.575+0000] {processor.py:914} INFO - Processing file /opt/airflow/dags/spark_airflow.py for tasks to queue
[2024-12-16T01:21:53.578+0000] {logging_mixin.py:190} INFO - [2024-12-16T01:21:53.578+0000] {dagbag.py:588} INFO - Filling up the DagBag from /opt/airflow/dags/spark_airflow.py
[2024-12-16T01:21:53.620+0000] {logging_mixin.py:190} INFO - [2024-12-16T01:21:53.615+0000] {dagbag.py:387} ERROR - Failed to import: /opt/airflow/dags/spark_airflow.py
Traceback (most recent call last):
  File "/home/airflow/.local/lib/python3.11/site-packages/airflow/models/dagbag.py", line 383, in parse
    loader.exec_module(new_module)
  File "<frozen importlib._bootstrap_external>", line 940, in exec_module
  File "<frozen importlib._bootstrap>", line 241, in _call_with_frames_removed
  File "/opt/airflow/dags/spark_airflow.py", line 5, in <module>
    dag = DAG(
          ^^^^
  File "/home/airflow/.local/lib/python3.11/site-packages/airflow/models/dag.py", line 593, in __init__
    validate_key(dag_id)
  File "/home/airflow/.local/lib/python3.11/site-packages/airflow/utils/helpers.py", line 53, in validate_key
    raise TypeError(f"The key has to be a string and is {type(k)}:{k}")
TypeError: The key has to be a string and is <class 'dict'>:{'owner': 'Haris Syd', 'start_date': datetime.datetime(2024, 12, 15, 0, 0, tzinfo=Timezone('UTC'))}
[2024-12-16T01:21:53.621+0000] {processor.py:927} WARNING - No viable dags retrieved from /opt/airflow/dags/spark_airflow.py
[2024-12-16T01:21:53.641+0000] {processor.py:208} INFO - Processing /opt/airflow/dags/spark_airflow.py took 0.071 seconds
[2024-12-16T01:21:55.637+0000] {processor.py:186} INFO - Started process (PID=555) to work on /opt/airflow/dags/spark_airflow.py
[2024-12-16T01:21:55.639+0000] {processor.py:914} INFO - Processing file /opt/airflow/dags/spark_airflow.py for tasks to queue
[2024-12-16T01:21:55.642+0000] {logging_mixin.py:190} INFO - [2024-12-16T01:21:55.641+0000] {dagbag.py:588} INFO - Filling up the DagBag from /opt/airflow/dags/spark_airflow.py
[2024-12-16T01:21:55.674+0000] {logging_mixin.py:190} INFO - [2024-12-16T01:21:55.668+0000] {dagbag.py:387} ERROR - Failed to import: /opt/airflow/dags/spark_airflow.py
Traceback (most recent call last):
  File "/home/airflow/.local/lib/python3.11/site-packages/airflow/models/dagbag.py", line 383, in parse
    loader.exec_module(new_module)
  File "<frozen importlib._bootstrap_external>", line 940, in exec_module
  File "<frozen importlib._bootstrap>", line 241, in _call_with_frames_removed
  File "/opt/airflow/dags/spark_airflow.py", line 5, in <module>
    dag = DAG(
          ^^^^
  File "/home/airflow/.local/lib/python3.11/site-packages/airflow/models/dag.py", line 593, in __init__
    validate_key(dag_id)
  File "/home/airflow/.local/lib/python3.11/site-packages/airflow/utils/helpers.py", line 53, in validate_key
    raise TypeError(f"The key has to be a string and is {type(k)}:{k}")
TypeError: The key has to be a string and is <class 'dict'>:{'owner': 'Haris Syd', 'start_date': datetime.datetime(2024, 12, 15, 0, 0, tzinfo=Timezone('UTC'))}
[2024-12-16T01:21:55.675+0000] {processor.py:927} WARNING - No viable dags retrieved from /opt/airflow/dags/spark_airflow.py
[2024-12-16T01:21:55.706+0000] {processor.py:208} INFO - Processing /opt/airflow/dags/spark_airflow.py took 0.074 seconds
[2024-12-16T01:21:59.751+0000] {processor.py:186} INFO - Started process (PID=560) to work on /opt/airflow/dags/spark_airflow.py
[2024-12-16T01:21:59.752+0000] {processor.py:914} INFO - Processing file /opt/airflow/dags/spark_airflow.py for tasks to queue
[2024-12-16T01:21:59.755+0000] {logging_mixin.py:190} INFO - [2024-12-16T01:21:59.755+0000] {dagbag.py:588} INFO - Filling up the DagBag from /opt/airflow/dags/spark_airflow.py
[2024-12-16T01:21:59.774+0000] {logging_mixin.py:190} INFO - [2024-12-16T01:21:59.773+0000] {dagbag.py:387} ERROR - Failed to import: /opt/airflow/dags/spark_airflow.py
Traceback (most recent call last):
  File "/home/airflow/.local/lib/python3.11/site-packages/airflow/models/dagbag.py", line 383, in parse
    loader.exec_module(new_module)
  File "<frozen importlib._bootstrap_external>", line 936, in exec_module
  File "<frozen importlib._bootstrap_external>", line 1074, in get_code
  File "<frozen importlib._bootstrap_external>", line 1004, in source_to_code
  File "<frozen importlib._bootstrap>", line 241, in _call_with_frames_removed
  File "/opt/airflow/dags/spark_airflow.py", line 17
    )
    ^
SyntaxError: invalid syntax
[2024-12-16T01:21:59.774+0000] {processor.py:927} WARNING - No viable dags retrieved from /opt/airflow/dags/spark_airflow.py
[2024-12-16T01:21:59.795+0000] {processor.py:208} INFO - Processing /opt/airflow/dags/spark_airflow.py took 0.051 seconds
[2024-12-16T01:22:05.839+0000] {processor.py:186} INFO - Started process (PID=565) to work on /opt/airflow/dags/spark_airflow.py
[2024-12-16T01:22:05.840+0000] {processor.py:914} INFO - Processing file /opt/airflow/dags/spark_airflow.py for tasks to queue
[2024-12-16T01:22:05.844+0000] {logging_mixin.py:190} INFO - [2024-12-16T01:22:05.843+0000] {dagbag.py:588} INFO - Filling up the DagBag from /opt/airflow/dags/spark_airflow.py
[2024-12-16T01:22:05.870+0000] {logging_mixin.py:190} INFO - [2024-12-16T01:22:05.869+0000] {dagbag.py:387} ERROR - Failed to import: /opt/airflow/dags/spark_airflow.py
Traceback (most recent call last):
  File "/home/airflow/.local/lib/python3.11/site-packages/airflow/models/dagbag.py", line 383, in parse
    loader.exec_module(new_module)
  File "<frozen importlib._bootstrap_external>", line 936, in exec_module
  File "<frozen importlib._bootstrap_external>", line 1074, in get_code
  File "<frozen importlib._bootstrap_external>", line 1004, in source_to_code
  File "<frozen importlib._bootstrap>", line 241, in _call_with_frames_removed
  File "/opt/airflow/dags/spark_airflow.py", line 17
    )
    ^
SyntaxError: invalid syntax
[2024-12-16T01:22:05.871+0000] {processor.py:927} WARNING - No viable dags retrieved from /opt/airflow/dags/spark_airflow.py
[2024-12-16T01:22:05.897+0000] {processor.py:208} INFO - Processing /opt/airflow/dags/spark_airflow.py took 0.064 seconds
[2024-12-16T01:22:09.936+0000] {processor.py:186} INFO - Started process (PID=570) to work on /opt/airflow/dags/spark_airflow.py
[2024-12-16T01:22:09.937+0000] {processor.py:914} INFO - Processing file /opt/airflow/dags/spark_airflow.py for tasks to queue
[2024-12-16T01:22:09.942+0000] {logging_mixin.py:190} INFO - [2024-12-16T01:22:09.942+0000] {dagbag.py:588} INFO - Filling up the DagBag from /opt/airflow/dags/spark_airflow.py
[2024-12-16T01:22:09.991+0000] {logging_mixin.py:190} INFO - [2024-12-16T01:22:09.978+0000] {dagbag.py:387} ERROR - Failed to import: /opt/airflow/dags/spark_airflow.py
Traceback (most recent call last):
  File "/home/airflow/.local/lib/python3.11/site-packages/airflow/models/dagbag.py", line 383, in parse
    loader.exec_module(new_module)
  File "<frozen importlib._bootstrap_external>", line 940, in exec_module
  File "<frozen importlib._bootstrap>", line 241, in _call_with_frames_removed
  File "/opt/airflow/dags/spark_airflow.py", line 5, in <module>
    dag = DAG(
          ^^^^
  File "/home/airflow/.local/lib/python3.11/site-packages/airflow/models/dag.py", line 593, in __init__
    validate_key(dag_id)
  File "/home/airflow/.local/lib/python3.11/site-packages/airflow/utils/helpers.py", line 53, in validate_key
    raise TypeError(f"The key has to be a string and is {type(k)}:{k}")
TypeError: The key has to be a string and is <class 'dict'>:{'owner': 'Haris Syd', 'start_date': datetime.datetime(2024, 12, 15, 0, 0, tzinfo=Timezone('UTC'))}
[2024-12-16T01:22:09.993+0000] {processor.py:927} WARNING - No viable dags retrieved from /opt/airflow/dags/spark_airflow.py
[2024-12-16T01:22:10.016+0000] {processor.py:208} INFO - Processing /opt/airflow/dags/spark_airflow.py took 0.090 seconds
[2024-12-16T01:22:16.035+0000] {processor.py:186} INFO - Started process (PID=575) to work on /opt/airflow/dags/spark_airflow.py
[2024-12-16T01:22:16.036+0000] {processor.py:914} INFO - Processing file /opt/airflow/dags/spark_airflow.py for tasks to queue
[2024-12-16T01:22:16.039+0000] {logging_mixin.py:190} INFO - [2024-12-16T01:22:16.039+0000] {dagbag.py:588} INFO - Filling up the DagBag from /opt/airflow/dags/spark_airflow.py
[2024-12-16T01:22:16.076+0000] {logging_mixin.py:190} INFO - [2024-12-16T01:22:16.070+0000] {dagbag.py:387} ERROR - Failed to import: /opt/airflow/dags/spark_airflow.py
Traceback (most recent call last):
  File "/home/airflow/.local/lib/python3.11/site-packages/airflow/models/dagbag.py", line 383, in parse
    loader.exec_module(new_module)
  File "<frozen importlib._bootstrap_external>", line 940, in exec_module
  File "<frozen importlib._bootstrap>", line 241, in _call_with_frames_removed
  File "/opt/airflow/dags/spark_airflow.py", line 5, in <module>
    dag = DAG(
          ^^^^
  File "/home/airflow/.local/lib/python3.11/site-packages/airflow/models/dag.py", line 593, in __init__
    validate_key(dag_id)
  File "/home/airflow/.local/lib/python3.11/site-packages/airflow/utils/helpers.py", line 53, in validate_key
    raise TypeError(f"The key has to be a string and is {type(k)}:{k}")
TypeError: The key has to be a string and is <class 'dict'>:{'owner': 'Haris Syd', 'start_date': datetime.datetime(2024, 12, 15, 0, 0, tzinfo=Timezone('UTC'))}
[2024-12-16T01:22:16.077+0000] {processor.py:927} WARNING - No viable dags retrieved from /opt/airflow/dags/spark_airflow.py
[2024-12-16T01:22:16.105+0000] {processor.py:208} INFO - Processing /opt/airflow/dags/spark_airflow.py took 0.076 seconds
[2024-12-16T01:22:19.138+0000] {processor.py:186} INFO - Started process (PID=580) to work on /opt/airflow/dags/spark_airflow.py
[2024-12-16T01:22:19.139+0000] {processor.py:914} INFO - Processing file /opt/airflow/dags/spark_airflow.py for tasks to queue
[2024-12-16T01:22:19.143+0000] {logging_mixin.py:190} INFO - [2024-12-16T01:22:19.143+0000] {dagbag.py:588} INFO - Filling up the DagBag from /opt/airflow/dags/spark_airflow.py
[2024-12-16T01:22:19.175+0000] {logging_mixin.py:190} INFO - [2024-12-16T01:22:19.169+0000] {dagbag.py:387} ERROR - Failed to import: /opt/airflow/dags/spark_airflow.py
Traceback (most recent call last):
  File "/home/airflow/.local/lib/python3.11/site-packages/airflow/models/dagbag.py", line 383, in parse
    loader.exec_module(new_module)
  File "<frozen importlib._bootstrap_external>", line 940, in exec_module
  File "<frozen importlib._bootstrap>", line 241, in _call_with_frames_removed
  File "/opt/airflow/dags/spark_airflow.py", line 5, in <module>
    dag = DAG(
          ^^^^
  File "/home/airflow/.local/lib/python3.11/site-packages/airflow/models/dag.py", line 593, in __init__
    validate_key(dag_id)
  File "/home/airflow/.local/lib/python3.11/site-packages/airflow/utils/helpers.py", line 53, in validate_key
    raise TypeError(f"The key has to be a string and is {type(k)}:{k}")
TypeError: The key has to be a string and is <class 'dict'>:{'owner': 'Haris Syd', 'start_date': datetime.datetime(2024, 12, 15, 0, 0, tzinfo=Timezone('UTC'))}
[2024-12-16T01:22:19.176+0000] {processor.py:927} WARNING - No viable dags retrieved from /opt/airflow/dags/spark_airflow.py
[2024-12-16T01:22:19.195+0000] {processor.py:208} INFO - Processing /opt/airflow/dags/spark_airflow.py took 0.064 seconds
[2024-12-16T01:22:23.229+0000] {processor.py:186} INFO - Started process (PID=585) to work on /opt/airflow/dags/spark_airflow.py
[2024-12-16T01:22:23.230+0000] {processor.py:914} INFO - Processing file /opt/airflow/dags/spark_airflow.py for tasks to queue
[2024-12-16T01:22:23.233+0000] {logging_mixin.py:190} INFO - [2024-12-16T01:22:23.233+0000] {dagbag.py:588} INFO - Filling up the DagBag from /opt/airflow/dags/spark_airflow.py
[2024-12-16T01:22:23.259+0000] {logging_mixin.py:190} INFO - [2024-12-16T01:22:23.257+0000] {dagbag.py:387} ERROR - Failed to import: /opt/airflow/dags/spark_airflow.py
Traceback (most recent call last):
  File "/home/airflow/.local/lib/python3.11/site-packages/airflow/models/dagbag.py", line 383, in parse
    loader.exec_module(new_module)
  File "<frozen importlib._bootstrap_external>", line 936, in exec_module
  File "<frozen importlib._bootstrap_external>", line 1074, in get_code
  File "<frozen importlib._bootstrap_external>", line 1004, in source_to_code
  File "<frozen importlib._bootstrap>", line 241, in _call_with_frames_removed
  File "/opt/airflow/dags/spark_airflow.py", line 16
    python_callable = lambda: print("Jobs Started")
                              
SyntaxError: invalid syntax. Perhaps you forgot a comma?
[2024-12-16T01:22:23.261+0000] {processor.py:927} WARNING - No viable dags retrieved from /opt/airflow/dags/spark_airflow.py
[2024-12-16T01:22:23.296+0000] {processor.py:208} INFO - Processing /opt/airflow/dags/spark_airflow.py took 0.074 seconds
[2024-12-16T01:22:30.336+0000] {processor.py:186} INFO - Started process (PID=590) to work on /opt/airflow/dags/spark_airflow.py
[2024-12-16T01:22:30.337+0000] {processor.py:914} INFO - Processing file /opt/airflow/dags/spark_airflow.py for tasks to queue
[2024-12-16T01:22:30.340+0000] {logging_mixin.py:190} INFO - [2024-12-16T01:22:30.340+0000] {dagbag.py:588} INFO - Filling up the DagBag from /opt/airflow/dags/spark_airflow.py
[2024-12-16T01:22:30.358+0000] {logging_mixin.py:190} INFO - [2024-12-16T01:22:30.357+0000] {dagbag.py:387} ERROR - Failed to import: /opt/airflow/dags/spark_airflow.py
Traceback (most recent call last):
  File "/home/airflow/.local/lib/python3.11/site-packages/airflow/models/dagbag.py", line 383, in parse
    loader.exec_module(new_module)
  File "<frozen importlib._bootstrap_external>", line 936, in exec_module
  File "<frozen importlib._bootstrap_external>", line 1074, in get_code
  File "<frozen importlib._bootstrap_external>", line 1004, in source_to_code
  File "<frozen importlib._bootstrap>", line 241, in _call_with_frames_removed
  File "/opt/airflow/dags/spark_airflow.py", line 16
    python_callable = lambda: print("Jobs Started")
                              
SyntaxError: invalid syntax. Perhaps you forgot a comma?
[2024-12-16T01:22:30.358+0000] {processor.py:927} WARNING - No viable dags retrieved from /opt/airflow/dags/spark_airflow.py
[2024-12-16T01:22:30.386+0000] {processor.py:208} INFO - Processing /opt/airflow/dags/spark_airflow.py took 0.054 seconds
[2024-12-16T01:23:00.642+0000] {processor.py:186} INFO - Started process (PID=595) to work on /opt/airflow/dags/spark_airflow.py
[2024-12-16T01:23:00.643+0000] {processor.py:914} INFO - Processing file /opt/airflow/dags/spark_airflow.py for tasks to queue
[2024-12-16T01:23:00.646+0000] {logging_mixin.py:190} INFO - [2024-12-16T01:23:00.646+0000] {dagbag.py:588} INFO - Filling up the DagBag from /opt/airflow/dags/spark_airflow.py
[2024-12-16T01:23:00.670+0000] {logging_mixin.py:190} INFO - [2024-12-16T01:23:00.669+0000] {dagbag.py:387} ERROR - Failed to import: /opt/airflow/dags/spark_airflow.py
Traceback (most recent call last):
  File "/home/airflow/.local/lib/python3.11/site-packages/airflow/models/dagbag.py", line 383, in parse
    loader.exec_module(new_module)
  File "<frozen importlib._bootstrap_external>", line 936, in exec_module
  File "<frozen importlib._bootstrap_external>", line 1074, in get_code
  File "<frozen importlib._bootstrap_external>", line 1004, in source_to_code
  File "<frozen importlib._bootstrap>", line 241, in _call_with_frames_removed
  File "/opt/airflow/dags/spark_airflow.py", line 16
    python_callable = lambda: print("Jobs Started")
                              
SyntaxError: invalid syntax. Perhaps you forgot a comma?
[2024-12-16T01:23:00.671+0000] {processor.py:927} WARNING - No viable dags retrieved from /opt/airflow/dags/spark_airflow.py
[2024-12-16T01:23:00.699+0000] {processor.py:208} INFO - Processing /opt/airflow/dags/spark_airflow.py took 0.062 seconds
[2024-12-16T01:23:14.780+0000] {processor.py:186} INFO - Started process (PID=600) to work on /opt/airflow/dags/spark_airflow.py
[2024-12-16T01:23:14.781+0000] {processor.py:914} INFO - Processing file /opt/airflow/dags/spark_airflow.py for tasks to queue
[2024-12-16T01:23:14.783+0000] {logging_mixin.py:190} INFO - [2024-12-16T01:23:14.783+0000] {dagbag.py:588} INFO - Filling up the DagBag from /opt/airflow/dags/spark_airflow.py
[2024-12-16T01:23:14.808+0000] {logging_mixin.py:190} INFO - [2024-12-16T01:23:14.803+0000] {dagbag.py:387} ERROR - Failed to import: /opt/airflow/dags/spark_airflow.py
Traceback (most recent call last):
  File "/home/airflow/.local/lib/python3.11/site-packages/airflow/models/dagbag.py", line 383, in parse
    loader.exec_module(new_module)
  File "<frozen importlib._bootstrap_external>", line 940, in exec_module
  File "<frozen importlib._bootstrap>", line 241, in _call_with_frames_removed
  File "/opt/airflow/dags/spark_airflow.py", line 5, in <module>
    dag = DAG(
          ^^^^
  File "/home/airflow/.local/lib/python3.11/site-packages/airflow/models/dag.py", line 593, in __init__
    validate_key(dag_id)
  File "/home/airflow/.local/lib/python3.11/site-packages/airflow/utils/helpers.py", line 53, in validate_key
    raise TypeError(f"The key has to be a string and is {type(k)}:{k}")
TypeError: The key has to be a string and is <class 'dict'>:{'owner': 'Haris Syd', 'start_date': datetime.datetime(2024, 12, 15, 0, 0, tzinfo=Timezone('UTC'))}
[2024-12-16T01:23:14.809+0000] {processor.py:927} WARNING - No viable dags retrieved from /opt/airflow/dags/spark_airflow.py
[2024-12-16T01:23:14.835+0000] {processor.py:208} INFO - Processing /opt/airflow/dags/spark_airflow.py took 0.060 seconds
[2024-12-16T01:23:15.852+0000] {processor.py:186} INFO - Started process (PID=605) to work on /opt/airflow/dags/spark_airflow.py
[2024-12-16T01:23:15.853+0000] {processor.py:914} INFO - Processing file /opt/airflow/dags/spark_airflow.py for tasks to queue
[2024-12-16T01:23:15.856+0000] {logging_mixin.py:190} INFO - [2024-12-16T01:23:15.856+0000] {dagbag.py:588} INFO - Filling up the DagBag from /opt/airflow/dags/spark_airflow.py
[2024-12-16T01:23:15.887+0000] {logging_mixin.py:190} INFO - [2024-12-16T01:23:15.881+0000] {dagbag.py:387} ERROR - Failed to import: /opt/airflow/dags/spark_airflow.py
Traceback (most recent call last):
  File "/home/airflow/.local/lib/python3.11/site-packages/airflow/models/dagbag.py", line 383, in parse
    loader.exec_module(new_module)
  File "<frozen importlib._bootstrap_external>", line 940, in exec_module
  File "<frozen importlib._bootstrap>", line 241, in _call_with_frames_removed
  File "/opt/airflow/dags/spark_airflow.py", line 5, in <module>
    dag = DAG(
          ^^^^
  File "/home/airflow/.local/lib/python3.11/site-packages/airflow/models/dag.py", line 593, in __init__
    validate_key(dag_id)
  File "/home/airflow/.local/lib/python3.11/site-packages/airflow/utils/helpers.py", line 53, in validate_key
    raise TypeError(f"The key has to be a string and is {type(k)}:{k}")
TypeError: The key has to be a string and is <class 'dict'>:{'owner': 'Haris Syd', 'start_date': datetime.datetime(2024, 12, 15, 0, 0, tzinfo=Timezone('UTC'))}
[2024-12-16T01:23:15.888+0000] {processor.py:927} WARNING - No viable dags retrieved from /opt/airflow/dags/spark_airflow.py
[2024-12-16T01:23:15.915+0000] {processor.py:208} INFO - Processing /opt/airflow/dags/spark_airflow.py took 0.069 seconds
[2024-12-16T01:23:29.588+0000] {processor.py:186} INFO - Started process (PID=610) to work on /opt/airflow/dags/spark_airflow.py
[2024-12-16T01:23:29.589+0000] {processor.py:914} INFO - Processing file /opt/airflow/dags/spark_airflow.py for tasks to queue
[2024-12-16T01:23:29.593+0000] {logging_mixin.py:190} INFO - [2024-12-16T01:23:29.593+0000] {dagbag.py:588} INFO - Filling up the DagBag from /opt/airflow/dags/spark_airflow.py
[2024-12-16T01:23:29.612+0000] {logging_mixin.py:190} INFO - [2024-12-16T01:23:29.608+0000] {dagbag.py:387} ERROR - Failed to import: /opt/airflow/dags/spark_airflow.py
Traceback (most recent call last):
  File "/home/airflow/.local/lib/python3.11/site-packages/airflow/models/dagbag.py", line 383, in parse
    loader.exec_module(new_module)
  File "<frozen importlib._bootstrap_external>", line 940, in exec_module
  File "<frozen importlib._bootstrap>", line 241, in _call_with_frames_removed
  File "/opt/airflow/dags/spark_airflow.py", line 5, in <module>
    dag = DAG(
          ^^^^
  File "/home/airflow/.local/lib/python3.11/site-packages/airflow/models/dag.py", line 593, in __init__
    validate_key(dag_id)
  File "/home/airflow/.local/lib/python3.11/site-packages/airflow/utils/helpers.py", line 53, in validate_key
    raise TypeError(f"The key has to be a string and is {type(k)}:{k}")
TypeError: The key has to be a string and is <class 'dict'>:{'owner': 'Haris Syd', 'start_date': datetime.datetime(2024, 12, 15, 0, 0, tzinfo=Timezone('UTC'))}
[2024-12-16T01:23:29.612+0000] {processor.py:927} WARNING - No viable dags retrieved from /opt/airflow/dags/spark_airflow.py
[2024-12-16T01:23:29.634+0000] {processor.py:208} INFO - Processing /opt/airflow/dags/spark_airflow.py took 0.054 seconds
[2024-12-16T01:23:46.144+0000] {processor.py:186} INFO - Started process (PID=615) to work on /opt/airflow/dags/spark_airflow.py
[2024-12-16T01:23:46.145+0000] {processor.py:914} INFO - Processing file /opt/airflow/dags/spark_airflow.py for tasks to queue
[2024-12-16T01:23:46.147+0000] {logging_mixin.py:190} INFO - [2024-12-16T01:23:46.147+0000] {dagbag.py:588} INFO - Filling up the DagBag from /opt/airflow/dags/spark_airflow.py
[2024-12-16T01:23:46.165+0000] {logging_mixin.py:190} INFO - [2024-12-16T01:23:46.161+0000] {dagbag.py:387} ERROR - Failed to import: /opt/airflow/dags/spark_airflow.py
Traceback (most recent call last):
  File "/home/airflow/.local/lib/python3.11/site-packages/airflow/models/dagbag.py", line 383, in parse
    loader.exec_module(new_module)
  File "<frozen importlib._bootstrap_external>", line 940, in exec_module
  File "<frozen importlib._bootstrap>", line 241, in _call_with_frames_removed
  File "/opt/airflow/dags/spark_airflow.py", line 5, in <module>
    dag = DAG(
          ^^^^
  File "/home/airflow/.local/lib/python3.11/site-packages/airflow/models/dag.py", line 593, in __init__
    validate_key(dag_id)
  File "/home/airflow/.local/lib/python3.11/site-packages/airflow/utils/helpers.py", line 53, in validate_key
    raise TypeError(f"The key has to be a string and is {type(k)}:{k}")
TypeError: The key has to be a string and is <class 'dict'>:{'owner': 'Haris Syd', 'start_date': datetime.datetime(2024, 12, 15, 0, 0, tzinfo=Timezone('UTC'))}
[2024-12-16T01:23:46.166+0000] {processor.py:927} WARNING - No viable dags retrieved from /opt/airflow/dags/spark_airflow.py
[2024-12-16T01:23:46.191+0000] {processor.py:208} INFO - Processing /opt/airflow/dags/spark_airflow.py took 0.052 seconds
[2024-12-16T01:23:59.848+0000] {processor.py:186} INFO - Started process (PID=620) to work on /opt/airflow/dags/spark_airflow.py
[2024-12-16T01:23:59.849+0000] {processor.py:914} INFO - Processing file /opt/airflow/dags/spark_airflow.py for tasks to queue
[2024-12-16T01:23:59.851+0000] {logging_mixin.py:190} INFO - [2024-12-16T01:23:59.851+0000] {dagbag.py:588} INFO - Filling up the DagBag from /opt/airflow/dags/spark_airflow.py
[2024-12-16T01:23:59.874+0000] {logging_mixin.py:190} INFO - [2024-12-16T01:23:59.870+0000] {dagbag.py:387} ERROR - Failed to import: /opt/airflow/dags/spark_airflow.py
Traceback (most recent call last):
  File "/home/airflow/.local/lib/python3.11/site-packages/airflow/models/dagbag.py", line 383, in parse
    loader.exec_module(new_module)
  File "<frozen importlib._bootstrap_external>", line 940, in exec_module
  File "<frozen importlib._bootstrap>", line 241, in _call_with_frames_removed
  File "/opt/airflow/dags/spark_airflow.py", line 5, in <module>
    dag = DAG(
          ^^^^
  File "/home/airflow/.local/lib/python3.11/site-packages/airflow/models/dag.py", line 593, in __init__
    validate_key(dag_id)
  File "/home/airflow/.local/lib/python3.11/site-packages/airflow/utils/helpers.py", line 53, in validate_key
    raise TypeError(f"The key has to be a string and is {type(k)}:{k}")
TypeError: The key has to be a string and is <class 'dict'>:{'owner': 'Haris Syd', 'start_date': datetime.datetime(2024, 12, 15, 0, 0, tzinfo=Timezone('UTC'))}
[2024-12-16T01:23:59.875+0000] {processor.py:927} WARNING - No viable dags retrieved from /opt/airflow/dags/spark_airflow.py
[2024-12-16T01:23:59.903+0000] {processor.py:208} INFO - Processing /opt/airflow/dags/spark_airflow.py took 0.060 seconds
[2024-12-16T01:24:16.385+0000] {processor.py:186} INFO - Started process (PID=625) to work on /opt/airflow/dags/spark_airflow.py
[2024-12-16T01:24:16.386+0000] {processor.py:914} INFO - Processing file /opt/airflow/dags/spark_airflow.py for tasks to queue
[2024-12-16T01:24:16.388+0000] {logging_mixin.py:190} INFO - [2024-12-16T01:24:16.388+0000] {dagbag.py:588} INFO - Filling up the DagBag from /opt/airflow/dags/spark_airflow.py
[2024-12-16T01:24:16.406+0000] {logging_mixin.py:190} INFO - [2024-12-16T01:24:16.400+0000] {dagbag.py:387} ERROR - Failed to import: /opt/airflow/dags/spark_airflow.py
Traceback (most recent call last):
  File "/home/airflow/.local/lib/python3.11/site-packages/airflow/models/dagbag.py", line 383, in parse
    loader.exec_module(new_module)
  File "<frozen importlib._bootstrap_external>", line 940, in exec_module
  File "<frozen importlib._bootstrap>", line 241, in _call_with_frames_removed
  File "/opt/airflow/dags/spark_airflow.py", line 5, in <module>
    dag = DAG(
          ^^^^
  File "/home/airflow/.local/lib/python3.11/site-packages/airflow/models/dag.py", line 593, in __init__
    validate_key(dag_id)
  File "/home/airflow/.local/lib/python3.11/site-packages/airflow/utils/helpers.py", line 53, in validate_key
    raise TypeError(f"The key has to be a string and is {type(k)}:{k}")
TypeError: The key has to be a string and is <class 'dict'>:{'owner': 'Haris Syd', 'start_date': datetime.datetime(2024, 12, 15, 0, 0, tzinfo=Timezone('UTC'))}
[2024-12-16T01:24:16.407+0000] {processor.py:927} WARNING - No viable dags retrieved from /opt/airflow/dags/spark_airflow.py
[2024-12-16T01:24:16.434+0000] {processor.py:208} INFO - Processing /opt/airflow/dags/spark_airflow.py took 0.054 seconds
[2024-12-16T01:24:18.021+0000] {processor.py:186} INFO - Started process (PID=630) to work on /opt/airflow/dags/spark_airflow.py
[2024-12-16T01:24:18.021+0000] {processor.py:914} INFO - Processing file /opt/airflow/dags/spark_airflow.py for tasks to queue
[2024-12-16T01:24:18.024+0000] {logging_mixin.py:190} INFO - [2024-12-16T01:24:18.024+0000] {dagbag.py:588} INFO - Filling up the DagBag from /opt/airflow/dags/spark_airflow.py
[2024-12-16T01:24:18.054+0000] {logging_mixin.py:190} INFO - [2024-12-16T01:24:18.050+0000] {dagbag.py:387} ERROR - Failed to import: /opt/airflow/dags/spark_airflow.py
Traceback (most recent call last):
  File "/home/airflow/.local/lib/python3.11/site-packages/airflow/models/dagbag.py", line 383, in parse
    loader.exec_module(new_module)
  File "<frozen importlib._bootstrap_external>", line 940, in exec_module
  File "<frozen importlib._bootstrap>", line 241, in _call_with_frames_removed
  File "/opt/airflow/dags/spark_airflow.py", line 7, in <module>
    dag = DAG(
          ^^^^
  File "/home/airflow/.local/lib/python3.11/site-packages/airflow/models/dag.py", line 593, in __init__
    validate_key(dag_id)
  File "/home/airflow/.local/lib/python3.11/site-packages/airflow/utils/helpers.py", line 53, in validate_key
    raise TypeError(f"The key has to be a string and is {type(k)}:{k}")
TypeError: The key has to be a string and is <class 'dict'>:{'owner': 'Haris Syd', 'start_date': datetime.datetime(2024, 12, 15, 0, 0, tzinfo=Timezone('UTC'))}
[2024-12-16T01:24:18.055+0000] {processor.py:927} WARNING - No viable dags retrieved from /opt/airflow/dags/spark_airflow.py
[2024-12-16T01:24:18.090+0000] {processor.py:208} INFO - Processing /opt/airflow/dags/spark_airflow.py took 0.074 seconds
[2024-12-16T01:24:18.446+0000] {processor.py:186} INFO - Started process (PID=635) to work on /opt/airflow/dags/spark_airflow.py
[2024-12-16T01:24:18.448+0000] {processor.py:914} INFO - Processing file /opt/airflow/dags/spark_airflow.py for tasks to queue
[2024-12-16T01:24:18.450+0000] {logging_mixin.py:190} INFO - [2024-12-16T01:24:18.450+0000] {dagbag.py:588} INFO - Filling up the DagBag from /opt/airflow/dags/spark_airflow.py
[2024-12-16T01:24:18.471+0000] {logging_mixin.py:190} INFO - [2024-12-16T01:24:18.468+0000] {dagbag.py:387} ERROR - Failed to import: /opt/airflow/dags/spark_airflow.py
Traceback (most recent call last):
  File "/home/airflow/.local/lib/python3.11/site-packages/airflow/models/dagbag.py", line 383, in parse
    loader.exec_module(new_module)
  File "<frozen importlib._bootstrap_external>", line 940, in exec_module
  File "<frozen importlib._bootstrap>", line 241, in _call_with_frames_removed
  File "/opt/airflow/dags/spark_airflow.py", line 7, in <module>
    dag = DAG(
          ^^^^
  File "/home/airflow/.local/lib/python3.11/site-packages/airflow/models/dag.py", line 593, in __init__
    validate_key(dag_id)
  File "/home/airflow/.local/lib/python3.11/site-packages/airflow/utils/helpers.py", line 53, in validate_key
    raise TypeError(f"The key has to be a string and is {type(k)}:{k}")
TypeError: The key has to be a string and is <class 'dict'>:{'owner': 'Haris Syd', 'start_date': datetime.datetime(2024, 12, 15, 0, 0, tzinfo=Timezone('UTC'))}
[2024-12-16T01:24:18.472+0000] {processor.py:927} WARNING - No viable dags retrieved from /opt/airflow/dags/spark_airflow.py
[2024-12-16T01:24:18.497+0000] {processor.py:208} INFO - Processing /opt/airflow/dags/spark_airflow.py took 0.056 seconds
[2024-12-16T01:24:19.511+0000] {processor.py:186} INFO - Started process (PID=640) to work on /opt/airflow/dags/spark_airflow.py
[2024-12-16T01:24:19.512+0000] {processor.py:914} INFO - Processing file /opt/airflow/dags/spark_airflow.py for tasks to queue
[2024-12-16T01:24:19.515+0000] {logging_mixin.py:190} INFO - [2024-12-16T01:24:19.515+0000] {dagbag.py:588} INFO - Filling up the DagBag from /opt/airflow/dags/spark_airflow.py
[2024-12-16T01:24:19.546+0000] {logging_mixin.py:190} INFO - [2024-12-16T01:24:19.541+0000] {dagbag.py:387} ERROR - Failed to import: /opt/airflow/dags/spark_airflow.py
Traceback (most recent call last):
  File "/home/airflow/.local/lib/python3.11/site-packages/airflow/models/dagbag.py", line 383, in parse
    loader.exec_module(new_module)
  File "<frozen importlib._bootstrap_external>", line 940, in exec_module
  File "<frozen importlib._bootstrap>", line 241, in _call_with_frames_removed
  File "/opt/airflow/dags/spark_airflow.py", line 7, in <module>
    dag = DAG(
          ^^^^
  File "/home/airflow/.local/lib/python3.11/site-packages/airflow/models/dag.py", line 593, in __init__
    validate_key(dag_id)
  File "/home/airflow/.local/lib/python3.11/site-packages/airflow/utils/helpers.py", line 53, in validate_key
    raise TypeError(f"The key has to be a string and is {type(k)}:{k}")
TypeError: The key has to be a string and is <class 'dict'>:{'owner': 'Haris Syd', 'start_date': datetime.datetime(2024, 12, 15, 0, 0, tzinfo=Timezone('UTC'))}
[2024-12-16T01:24:19.547+0000] {processor.py:927} WARNING - No viable dags retrieved from /opt/airflow/dags/spark_airflow.py
[2024-12-16T01:24:19.572+0000] {processor.py:208} INFO - Processing /opt/airflow/dags/spark_airflow.py took 0.064 seconds
[2024-12-16T01:24:20.075+0000] {processor.py:186} INFO - Started process (PID=645) to work on /opt/airflow/dags/spark_airflow.py
[2024-12-16T01:24:20.076+0000] {processor.py:914} INFO - Processing file /opt/airflow/dags/spark_airflow.py for tasks to queue
[2024-12-16T01:24:20.079+0000] {logging_mixin.py:190} INFO - [2024-12-16T01:24:20.079+0000] {dagbag.py:588} INFO - Filling up the DagBag from /opt/airflow/dags/spark_airflow.py
[2024-12-16T01:24:20.102+0000] {logging_mixin.py:190} INFO - [2024-12-16T01:24:20.097+0000] {dagbag.py:387} ERROR - Failed to import: /opt/airflow/dags/spark_airflow.py
Traceback (most recent call last):
  File "/home/airflow/.local/lib/python3.11/site-packages/airflow/models/dagbag.py", line 383, in parse
    loader.exec_module(new_module)
  File "<frozen importlib._bootstrap_external>", line 940, in exec_module
  File "<frozen importlib._bootstrap>", line 241, in _call_with_frames_removed
  File "/opt/airflow/dags/spark_airflow.py", line 7, in <module>
    dag = DAG(
          ^^^^
  File "/home/airflow/.local/lib/python3.11/site-packages/airflow/models/dag.py", line 593, in __init__
    validate_key(dag_id)
  File "/home/airflow/.local/lib/python3.11/site-packages/airflow/utils/helpers.py", line 53, in validate_key
    raise TypeError(f"The key has to be a string and is {type(k)}:{k}")
TypeError: The key has to be a string and is <class 'dict'>:{'owner': 'Haris Syd', 'start_date': datetime.datetime(2024, 12, 15, 0, 0, tzinfo=Timezone('UTC'))}
[2024-12-16T01:24:20.103+0000] {processor.py:927} WARNING - No viable dags retrieved from /opt/airflow/dags/spark_airflow.py
[2024-12-16T01:24:20.124+0000] {processor.py:208} INFO - Processing /opt/airflow/dags/spark_airflow.py took 0.054 seconds
[2024-12-16T01:24:30.231+0000] {processor.py:186} INFO - Started process (PID=650) to work on /opt/airflow/dags/spark_airflow.py
[2024-12-16T01:24:30.232+0000] {processor.py:914} INFO - Processing file /opt/airflow/dags/spark_airflow.py for tasks to queue
[2024-12-16T01:24:30.235+0000] {logging_mixin.py:190} INFO - [2024-12-16T01:24:30.235+0000] {dagbag.py:588} INFO - Filling up the DagBag from /opt/airflow/dags/spark_airflow.py
[2024-12-16T01:24:30.263+0000] {logging_mixin.py:190} INFO - [2024-12-16T01:24:30.259+0000] {dagbag.py:387} ERROR - Failed to import: /opt/airflow/dags/spark_airflow.py
Traceback (most recent call last):
  File "/home/airflow/.local/lib/python3.11/site-packages/airflow/models/dagbag.py", line 383, in parse
    loader.exec_module(new_module)
  File "<frozen importlib._bootstrap_external>", line 940, in exec_module
  File "<frozen importlib._bootstrap>", line 241, in _call_with_frames_removed
  File "/opt/airflow/dags/spark_airflow.py", line 8, in <module>
    dag = DAG(
          ^^^^
  File "/home/airflow/.local/lib/python3.11/site-packages/airflow/models/dag.py", line 593, in __init__
    validate_key(dag_id)
  File "/home/airflow/.local/lib/python3.11/site-packages/airflow/utils/helpers.py", line 53, in validate_key
    raise TypeError(f"The key has to be a string and is {type(k)}:{k}")
TypeError: The key has to be a string and is <class 'dict'>:{'owner': 'Haris Syd', 'start_date': datetime.datetime(2024, 12, 15, 0, 0, tzinfo=Timezone('UTC'))}
[2024-12-16T01:24:30.263+0000] {processor.py:927} WARNING - No viable dags retrieved from /opt/airflow/dags/spark_airflow.py
[2024-12-16T01:24:30.289+0000] {processor.py:208} INFO - Processing /opt/airflow/dags/spark_airflow.py took 0.065 seconds
[2024-12-16T01:24:30.661+0000] {processor.py:186} INFO - Started process (PID=655) to work on /opt/airflow/dags/spark_airflow.py
[2024-12-16T01:24:30.662+0000] {processor.py:914} INFO - Processing file /opt/airflow/dags/spark_airflow.py for tasks to queue
[2024-12-16T01:24:30.666+0000] {logging_mixin.py:190} INFO - [2024-12-16T01:24:30.665+0000] {dagbag.py:588} INFO - Filling up the DagBag from /opt/airflow/dags/spark_airflow.py
[2024-12-16T01:24:30.689+0000] {logging_mixin.py:190} INFO - [2024-12-16T01:24:30.683+0000] {dagbag.py:387} ERROR - Failed to import: /opt/airflow/dags/spark_airflow.py
Traceback (most recent call last):
  File "/home/airflow/.local/lib/python3.11/site-packages/airflow/models/dagbag.py", line 383, in parse
    loader.exec_module(new_module)
  File "<frozen importlib._bootstrap_external>", line 940, in exec_module
  File "<frozen importlib._bootstrap>", line 241, in _call_with_frames_removed
  File "/opt/airflow/dags/spark_airflow.py", line 8, in <module>
    dag = DAG(
          ^^^^
  File "/home/airflow/.local/lib/python3.11/site-packages/airflow/models/dag.py", line 593, in __init__
    validate_key(dag_id)
  File "/home/airflow/.local/lib/python3.11/site-packages/airflow/utils/helpers.py", line 53, in validate_key
    raise TypeError(f"The key has to be a string and is {type(k)}:{k}")
TypeError: The key has to be a string and is <class 'dict'>:{'owner': 'Haris Syd', 'start_date': datetime.datetime(2024, 12, 15, 0, 0, tzinfo=Timezone('UTC'))}
[2024-12-16T01:24:30.690+0000] {processor.py:927} WARNING - No viable dags retrieved from /opt/airflow/dags/spark_airflow.py
[2024-12-16T01:24:30.722+0000] {processor.py:208} INFO - Processing /opt/airflow/dags/spark_airflow.py took 0.069 seconds
[2024-12-16T01:24:32.228+0000] {processor.py:186} INFO - Started process (PID=660) to work on /opt/airflow/dags/spark_airflow.py
[2024-12-16T01:24:32.230+0000] {processor.py:914} INFO - Processing file /opt/airflow/dags/spark_airflow.py for tasks to queue
[2024-12-16T01:24:32.232+0000] {logging_mixin.py:190} INFO - [2024-12-16T01:24:32.232+0000] {dagbag.py:588} INFO - Filling up the DagBag from /opt/airflow/dags/spark_airflow.py
[2024-12-16T01:24:32.266+0000] {processor.py:186} INFO - Started process (PID=663) to work on /opt/airflow/dags/spark_airflow.py
[2024-12-16T01:24:32.267+0000] {processor.py:914} INFO - Processing file /opt/airflow/dags/spark_airflow.py for tasks to queue
[2024-12-16T01:24:32.271+0000] {logging_mixin.py:190} INFO - [2024-12-16T01:24:32.263+0000] {dagbag.py:387} ERROR - Failed to import: /opt/airflow/dags/spark_airflow.py
Traceback (most recent call last):
  File "/home/airflow/.local/lib/python3.11/site-packages/airflow/models/dagbag.py", line 383, in parse
    loader.exec_module(new_module)
  File "<frozen importlib._bootstrap_external>", line 940, in exec_module
  File "<frozen importlib._bootstrap>", line 241, in _call_with_frames_removed
  File "/opt/airflow/dags/spark_airflow.py", line 6, in <module>
    default_args = { 'owner': 'Haris Syd', 'start_date': datetime(2024, 12, 15, 0, 0, tzinfo=Timezone('UTC')) } # Define the DAG dag = DAG( 'example_dag', default_args=default_args, schedule_interval='@daily'
                                                         ^^^^^^^^
NameError: name 'datetime' is not defined
[2024-12-16T01:24:32.271+0000] {logging_mixin.py:190} INFO - [2024-12-16T01:24:32.271+0000] {dagbag.py:588} INFO - Filling up the DagBag from /opt/airflow/dags/spark_airflow.py
[2024-12-16T01:24:32.272+0000] {processor.py:927} WARNING - No viable dags retrieved from /opt/airflow/dags/spark_airflow.py
[2024-12-16T01:24:32.296+0000] {logging_mixin.py:190} INFO - [2024-12-16T01:24:32.290+0000] {dagbag.py:387} ERROR - Failed to import: /opt/airflow/dags/spark_airflow.py
Traceback (most recent call last):
  File "/home/airflow/.local/lib/python3.11/site-packages/airflow/models/dagbag.py", line 383, in parse
    loader.exec_module(new_module)
  File "<frozen importlib._bootstrap_external>", line 940, in exec_module
  File "<frozen importlib._bootstrap>", line 241, in _call_with_frames_removed
  File "/opt/airflow/dags/spark_airflow.py", line 6, in <module>
    default_args = { 'owner': 'Haris Syd', 'start_date': datetime(2024, 12, 15, 0, 0, tzinfo=Timezone('UTC')) } # Define the DAG dag = DAG( 'example_dag', default_args=default_args, schedule_interval='@daily'
                                                         ^^^^^^^^
NameError: name 'datetime' is not defined
[2024-12-16T01:24:32.298+0000] {processor.py:927} WARNING - No viable dags retrieved from /opt/airflow/dags/spark_airflow.py
[2024-12-16T01:24:32.302+0000] {processor.py:208} INFO - Processing /opt/airflow/dags/spark_airflow.py took 0.079 seconds
[2024-12-16T01:24:32.323+0000] {processor.py:208} INFO - Processing /opt/airflow/dags/spark_airflow.py took 0.065 seconds
[2024-12-16T01:24:35.275+0000] {processor.py:186} INFO - Started process (PID=670) to work on /opt/airflow/dags/spark_airflow.py
[2024-12-16T01:24:35.276+0000] {processor.py:914} INFO - Processing file /opt/airflow/dags/spark_airflow.py for tasks to queue
[2024-12-16T01:24:35.278+0000] {logging_mixin.py:190} INFO - [2024-12-16T01:24:35.278+0000] {dagbag.py:588} INFO - Filling up the DagBag from /opt/airflow/dags/spark_airflow.py
[2024-12-16T01:24:35.312+0000] {logging_mixin.py:190} INFO - [2024-12-16T01:24:35.310+0000] {dagbag.py:387} ERROR - Failed to import: /opt/airflow/dags/spark_airflow.py
Traceback (most recent call last):
  File "/home/airflow/.local/lib/python3.11/site-packages/airflow/models/dagbag.py", line 383, in parse
    loader.exec_module(new_module)
  File "<frozen importlib._bootstrap_external>", line 940, in exec_module
  File "<frozen importlib._bootstrap>", line 241, in _call_with_frames_removed
  File "/opt/airflow/dags/spark_airflow.py", line 6, in <module>
    default_args = { 'owner': 'Haris Syd', 'start_date': datetime(2024, 12, 15, 0, 0, tzinfo=Timezone('UTC')) }
                                                        ^^^^^^^^
NameError: name 'datetime' is not defined
[2024-12-16T01:24:35.313+0000] {processor.py:927} WARNING - No viable dags retrieved from /opt/airflow/dags/spark_airflow.py
[2024-12-16T01:24:35.337+0000] {processor.py:208} INFO - Processing /opt/airflow/dags/spark_airflow.py took 0.067 seconds
[2024-12-16T01:24:35.374+0000] {processor.py:186} INFO - Started process (PID=675) to work on /opt/airflow/dags/spark_airflow.py
[2024-12-16T01:24:35.375+0000] {processor.py:914} INFO - Processing file /opt/airflow/dags/spark_airflow.py for tasks to queue
[2024-12-16T01:24:35.378+0000] {logging_mixin.py:190} INFO - [2024-12-16T01:24:35.377+0000] {dagbag.py:588} INFO - Filling up the DagBag from /opt/airflow/dags/spark_airflow.py
[2024-12-16T01:24:35.395+0000] {logging_mixin.py:190} INFO - [2024-12-16T01:24:35.393+0000] {dagbag.py:387} ERROR - Failed to import: /opt/airflow/dags/spark_airflow.py
Traceback (most recent call last):
  File "/home/airflow/.local/lib/python3.11/site-packages/airflow/models/dagbag.py", line 383, in parse
    loader.exec_module(new_module)
  File "<frozen importlib._bootstrap_external>", line 940, in exec_module
  File "<frozen importlib._bootstrap>", line 241, in _call_with_frames_removed
  File "/opt/airflow/dags/spark_airflow.py", line 6, in <module>
    default_args = { 'owner': 'Haris Syd', 'start_date': datetime(2024, 12, 15, 0, 0, tzinfo=Timezone('UTC')) }
                                                        ^^^^^^^^
NameError: name 'datetime' is not defined
[2024-12-16T01:24:35.396+0000] {processor.py:927} WARNING - No viable dags retrieved from /opt/airflow/dags/spark_airflow.py
[2024-12-16T01:24:35.420+0000] {processor.py:208} INFO - Processing /opt/airflow/dags/spark_airflow.py took 0.051 seconds
[2024-12-16T01:24:40.420+0000] {processor.py:186} INFO - Started process (PID=680) to work on /opt/airflow/dags/spark_airflow.py
[2024-12-16T01:24:40.422+0000] {processor.py:186} INFO - Started process (PID=683) to work on /opt/airflow/dags/spark_airflow.py
[2024-12-16T01:24:40.421+0000] {processor.py:914} INFO - Processing file /opt/airflow/dags/spark_airflow.py for tasks to queue
[2024-12-16T01:24:40.424+0000] {logging_mixin.py:190} INFO - [2024-12-16T01:24:40.424+0000] {dagbag.py:588} INFO - Filling up the DagBag from /opt/airflow/dags/spark_airflow.py
[2024-12-16T01:24:40.423+0000] {processor.py:914} INFO - Processing file /opt/airflow/dags/spark_airflow.py for tasks to queue
[2024-12-16T01:24:40.426+0000] {logging_mixin.py:190} INFO - [2024-12-16T01:24:40.425+0000] {dagbag.py:588} INFO - Filling up the DagBag from /opt/airflow/dags/spark_airflow.py
[2024-12-16T01:24:40.452+0000] {logging_mixin.py:190} INFO - [2024-12-16T01:24:40.447+0000] {dagbag.py:387} ERROR - Failed to import: /opt/airflow/dags/spark_airflow.py
Traceback (most recent call last):
  File "/home/airflow/.local/lib/python3.11/site-packages/airflow/models/dagbag.py", line 383, in parse
    loader.exec_module(new_module)
  File "<frozen importlib._bootstrap_external>", line 940, in exec_module
  File "<frozen importlib._bootstrap>", line 241, in _call_with_frames_removed
  File "/opt/airflow/dags/spark_airflow.py", line 6, in <module>
    default_args = { 'owner': 'Haris Syd', 'start_date': datetime(2024, 12, 15, 0, 0, tzinfo=Timezone('UTC')) }
                                                        ^^^^^^^^
NameError: name 'datetime' is not defined
[2024-12-16T01:24:40.453+0000] {logging_mixin.py:190} INFO - [2024-12-16T01:24:40.450+0000] {dagbag.py:387} ERROR - Failed to import: /opt/airflow/dags/spark_airflow.py
Traceback (most recent call last):
  File "/home/airflow/.local/lib/python3.11/site-packages/airflow/models/dagbag.py", line 383, in parse
    loader.exec_module(new_module)
  File "<frozen importlib._bootstrap_external>", line 940, in exec_module
  File "<frozen importlib._bootstrap>", line 241, in _call_with_frames_removed
  File "/opt/airflow/dags/spark_airflow.py", line 6, in <module>
    default_args = { 'owner': 'Haris Syd', 'start_date': datetime(2024, 12, 15, 0, 0, tzinfo=Timezone('UTC')) }
                                                        ^^^^^^^^
NameError: name 'datetime' is not defined
[2024-12-16T01:24:40.453+0000] {processor.py:927} WARNING - No viable dags retrieved from /opt/airflow/dags/spark_airflow.py
[2024-12-16T01:24:40.455+0000] {processor.py:927} WARNING - No viable dags retrieved from /opt/airflow/dags/spark_airflow.py
[2024-12-16T01:24:40.480+0000] {processor.py:208} INFO - Processing /opt/airflow/dags/spark_airflow.py took 0.066 seconds
[2024-12-16T01:24:40.484+0000] {processor.py:208} INFO - Processing /opt/airflow/dags/spark_airflow.py took 0.067 seconds
[2024-12-16T01:24:42.497+0000] {processor.py:186} INFO - Started process (PID=690) to work on /opt/airflow/dags/spark_airflow.py
[2024-12-16T01:24:42.498+0000] {processor.py:914} INFO - Processing file /opt/airflow/dags/spark_airflow.py for tasks to queue
[2024-12-16T01:24:42.501+0000] {logging_mixin.py:190} INFO - [2024-12-16T01:24:42.501+0000] {dagbag.py:588} INFO - Filling up the DagBag from /opt/airflow/dags/spark_airflow.py
[2024-12-16T01:24:42.522+0000] {logging_mixin.py:190} INFO - [2024-12-16T01:24:42.520+0000] {dagbag.py:387} ERROR - Failed to import: /opt/airflow/dags/spark_airflow.py
Traceback (most recent call last):
  File "/home/airflow/.local/lib/python3.11/site-packages/airflow/models/dagbag.py", line 383, in parse
    loader.exec_module(new_module)
  File "<frozen importlib._bootstrap_external>", line 936, in exec_module
  File "<frozen importlib._bootstrap_external>", line 1074, in get_code
  File "<frozen importlib._bootstrap_external>", line 1004, in source_to_code
  File "<frozen importlib._bootstrap>", line 241, in _call_with_frames_removed
  File "/opt/airflow/dags/spark_airflow.py", line 10
    dag = DAG( 'example_dag', default_args=default_args, schedule_interval='@daily'
             ^
SyntaxError: '(' was never closed
[2024-12-16T01:24:42.523+0000] {processor.py:927} WARNING - No viable dags retrieved from /opt/airflow/dags/spark_airflow.py
[2024-12-16T01:24:42.532+0000] {processor.py:186} INFO - Started process (PID=693) to work on /opt/airflow/dags/spark_airflow.py
[2024-12-16T01:24:42.533+0000] {processor.py:914} INFO - Processing file /opt/airflow/dags/spark_airflow.py for tasks to queue
[2024-12-16T01:24:42.536+0000] {logging_mixin.py:190} INFO - [2024-12-16T01:24:42.536+0000] {dagbag.py:588} INFO - Filling up the DagBag from /opt/airflow/dags/spark_airflow.py
[2024-12-16T01:24:42.542+0000] {processor.py:208} INFO - Processing /opt/airflow/dags/spark_airflow.py took 0.053 seconds
[2024-12-16T01:24:42.555+0000] {logging_mixin.py:190} INFO - [2024-12-16T01:24:42.554+0000] {dagbag.py:387} ERROR - Failed to import: /opt/airflow/dags/spark_airflow.py
Traceback (most recent call last):
  File "/home/airflow/.local/lib/python3.11/site-packages/airflow/models/dagbag.py", line 383, in parse
    loader.exec_module(new_module)
  File "<frozen importlib._bootstrap_external>", line 936, in exec_module
  File "<frozen importlib._bootstrap_external>", line 1074, in get_code
  File "<frozen importlib._bootstrap_external>", line 1004, in source_to_code
  File "<frozen importlib._bootstrap>", line 241, in _call_with_frames_removed
  File "/opt/airflow/dags/spark_airflow.py", line 10
    dag = DAG( 'example_dag', default_args=default_args, schedule_interval='@daily'
             ^
SyntaxError: '(' was never closed
[2024-12-16T01:24:42.556+0000] {processor.py:927} WARNING - No viable dags retrieved from /opt/airflow/dags/spark_airflow.py
[2024-12-16T01:24:42.574+0000] {processor.py:208} INFO - Processing /opt/airflow/dags/spark_airflow.py took 0.047 seconds
[2024-12-16T01:24:50.612+0000] {processor.py:186} INFO - Started process (PID=701) to work on /opt/airflow/dags/spark_airflow.py
[2024-12-16T01:24:50.614+0000] {processor.py:186} INFO - Started process (PID=700) to work on /opt/airflow/dags/spark_airflow.py
[2024-12-16T01:24:50.613+0000] {processor.py:914} INFO - Processing file /opt/airflow/dags/spark_airflow.py for tasks to queue
[2024-12-16T01:24:50.616+0000] {logging_mixin.py:190} INFO - [2024-12-16T01:24:50.615+0000] {dagbag.py:588} INFO - Filling up the DagBag from /opt/airflow/dags/spark_airflow.py
[2024-12-16T01:24:50.615+0000] {processor.py:914} INFO - Processing file /opt/airflow/dags/spark_airflow.py for tasks to queue
[2024-12-16T01:24:50.618+0000] {logging_mixin.py:190} INFO - [2024-12-16T01:24:50.618+0000] {dagbag.py:588} INFO - Filling up the DagBag from /opt/airflow/dags/spark_airflow.py
[2024-12-16T01:24:50.648+0000] {logging_mixin.py:190} INFO - [2024-12-16T01:24:50.642+0000] {dagbag.py:387} ERROR - Failed to import: /opt/airflow/dags/spark_airflow.py
Traceback (most recent call last):
  File "/home/airflow/.local/lib/python3.11/site-packages/airflow/models/dagbag.py", line 383, in parse
    loader.exec_module(new_module)
  File "<frozen importlib._bootstrap_external>", line 940, in exec_module
  File "<frozen importlib._bootstrap>", line 241, in _call_with_frames_removed
  File "/opt/airflow/dags/spark_airflow.py", line 6, in <module>
    default_args = { 'owner': 'Haris Syd', 'start_date': datetime(2024, 12, 15, 0, 0, tzinfo=Timezone('UTC')) }
                                                        ^^^^^^^^
NameError: name 'datetime' is not defined
[2024-12-16T01:24:50.650+0000] {processor.py:927} WARNING - No viable dags retrieved from /opt/airflow/dags/spark_airflow.py
[2024-12-16T01:24:50.655+0000] {logging_mixin.py:190} INFO - [2024-12-16T01:24:50.650+0000] {dagbag.py:387} ERROR - Failed to import: /opt/airflow/dags/spark_airflow.py
Traceback (most recent call last):
  File "/home/airflow/.local/lib/python3.11/site-packages/airflow/models/dagbag.py", line 383, in parse
    loader.exec_module(new_module)
  File "<frozen importlib._bootstrap_external>", line 940, in exec_module
  File "<frozen importlib._bootstrap>", line 241, in _call_with_frames_removed
  File "/opt/airflow/dags/spark_airflow.py", line 6, in <module>
    default_args = { 'owner': 'Haris Syd', 'start_date': datetime(2024, 12, 15, 0, 0, tzinfo=Timezone('UTC')) }
                                                        ^^^^^^^^
NameError: name 'datetime' is not defined
[2024-12-16T01:24:50.657+0000] {processor.py:927} WARNING - No viable dags retrieved from /opt/airflow/dags/spark_airflow.py
[2024-12-16T01:24:50.680+0000] {processor.py:208} INFO - Processing /opt/airflow/dags/spark_airflow.py took 0.073 seconds
[2024-12-16T01:24:50.684+0000] {processor.py:208} INFO - Processing /opt/airflow/dags/spark_airflow.py took 0.076 seconds
[2024-12-16T01:24:58.709+0000] {processor.py:186} INFO - Started process (PID=710) to work on /opt/airflow/dags/spark_airflow.py
[2024-12-16T01:24:58.710+0000] {processor.py:914} INFO - Processing file /opt/airflow/dags/spark_airflow.py for tasks to queue
[2024-12-16T01:24:58.712+0000] {processor.py:186} INFO - Started process (PID=713) to work on /opt/airflow/dags/spark_airflow.py
[2024-12-16T01:24:58.713+0000] {logging_mixin.py:190} INFO - [2024-12-16T01:24:58.712+0000] {dagbag.py:588} INFO - Filling up the DagBag from /opt/airflow/dags/spark_airflow.py
[2024-12-16T01:24:58.713+0000] {processor.py:914} INFO - Processing file /opt/airflow/dags/spark_airflow.py for tasks to queue
[2024-12-16T01:24:58.715+0000] {logging_mixin.py:190} INFO - [2024-12-16T01:24:58.715+0000] {dagbag.py:588} INFO - Filling up the DagBag from /opt/airflow/dags/spark_airflow.py
[2024-12-16T01:24:58.732+0000] {logging_mixin.py:190} INFO - [2024-12-16T01:24:58.731+0000] {dagbag.py:387} ERROR - Failed to import: /opt/airflow/dags/spark_airflow.py
Traceback (most recent call last):
  File "/home/airflow/.local/lib/python3.11/site-packages/airflow/models/dagbag.py", line 383, in parse
    loader.exec_module(new_module)
  File "<frozen importlib._bootstrap_external>", line 936, in exec_module
  File "<frozen importlib._bootstrap_external>", line 1074, in get_code
  File "<frozen importlib._bootstrap_external>", line 1004, in source_to_code
  File "<frozen importlib._bootstrap>", line 241, in _call_with_frames_removed
  File "/opt/airflow/dags/spark_airflow.py", line 18
    schedule_interval = '@daily"
                        ^
SyntaxError: unterminated string literal (detected at line 18)
[2024-12-16T01:24:58.733+0000] {logging_mixin.py:190} INFO - [2024-12-16T01:24:58.732+0000] {dagbag.py:387} ERROR - Failed to import: /opt/airflow/dags/spark_airflow.py
Traceback (most recent call last):
  File "/home/airflow/.local/lib/python3.11/site-packages/airflow/models/dagbag.py", line 383, in parse
    loader.exec_module(new_module)
  File "<frozen importlib._bootstrap_external>", line 936, in exec_module
  File "<frozen importlib._bootstrap_external>", line 1074, in get_code
  File "<frozen importlib._bootstrap_external>", line 1004, in source_to_code
  File "<frozen importlib._bootstrap>", line 241, in _call_with_frames_removed
  File "/opt/airflow/dags/spark_airflow.py", line 18
    schedule_interval = '@daily"
                        ^
SyntaxError: unterminated string literal (detected at line 18)
[2024-12-16T01:24:58.733+0000] {processor.py:927} WARNING - No viable dags retrieved from /opt/airflow/dags/spark_airflow.py
[2024-12-16T01:24:58.733+0000] {processor.py:927} WARNING - No viable dags retrieved from /opt/airflow/dags/spark_airflow.py
[2024-12-16T01:24:58.760+0000] {processor.py:208} INFO - Processing /opt/airflow/dags/spark_airflow.py took 0.058 seconds
[2024-12-16T01:24:58.764+0000] {processor.py:208} INFO - Processing /opt/airflow/dags/spark_airflow.py took 0.059 seconds
[2024-12-16T01:25:00.803+0000] {processor.py:186} INFO - Started process (PID=720) to work on /opt/airflow/dags/spark_airflow.py
[2024-12-16T01:25:00.804+0000] {processor.py:186} INFO - Started process (PID=721) to work on /opt/airflow/dags/spark_airflow.py
[2024-12-16T01:25:00.804+0000] {processor.py:914} INFO - Processing file /opt/airflow/dags/spark_airflow.py for tasks to queue
[2024-12-16T01:25:00.807+0000] {logging_mixin.py:190} INFO - [2024-12-16T01:25:00.806+0000] {dagbag.py:588} INFO - Filling up the DagBag from /opt/airflow/dags/spark_airflow.py
[2024-12-16T01:25:00.805+0000] {processor.py:914} INFO - Processing file /opt/airflow/dags/spark_airflow.py for tasks to queue
[2024-12-16T01:25:00.809+0000] {logging_mixin.py:190} INFO - [2024-12-16T01:25:00.808+0000] {dagbag.py:588} INFO - Filling up the DagBag from /opt/airflow/dags/spark_airflow.py
[2024-12-16T01:25:00.838+0000] {logging_mixin.py:190} INFO - [2024-12-16T01:25:00.833+0000] {dagbag.py:387} ERROR - Failed to import: /opt/airflow/dags/spark_airflow.py
Traceback (most recent call last):
  File "/home/airflow/.local/lib/python3.11/site-packages/airflow/models/dagbag.py", line 383, in parse
    loader.exec_module(new_module)
  File "<frozen importlib._bootstrap_external>", line 940, in exec_module
  File "<frozen importlib._bootstrap>", line 241, in _call_with_frames_removed
  File "/opt/airflow/dags/spark_airflow.py", line 6, in <module>
    default_args = { 'owner': 'Haris Syd', 'start_date': datetime(2024, 12, 15, 0, 0, tzinfo=Timezone('UTC')) }
                                                        ^^^^^^^^
NameError: name 'datetime' is not defined
[2024-12-16T01:25:00.840+0000] {processor.py:927} WARNING - No viable dags retrieved from /opt/airflow/dags/spark_airflow.py
[2024-12-16T01:25:00.841+0000] {logging_mixin.py:190} INFO - [2024-12-16T01:25:00.836+0000] {dagbag.py:387} ERROR - Failed to import: /opt/airflow/dags/spark_airflow.py
Traceback (most recent call last):
  File "/home/airflow/.local/lib/python3.11/site-packages/airflow/models/dagbag.py", line 383, in parse
    loader.exec_module(new_module)
  File "<frozen importlib._bootstrap_external>", line 940, in exec_module
  File "<frozen importlib._bootstrap>", line 241, in _call_with_frames_removed
  File "/opt/airflow/dags/spark_airflow.py", line 6, in <module>
    default_args = { 'owner': 'Haris Syd', 'start_date': datetime(2024, 12, 15, 0, 0, tzinfo=Timezone('UTC')) }
                                                        ^^^^^^^^
NameError: name 'datetime' is not defined
[2024-12-16T01:25:00.843+0000] {processor.py:927} WARNING - No viable dags retrieved from /opt/airflow/dags/spark_airflow.py
[2024-12-16T01:25:00.870+0000] {processor.py:208} INFO - Processing /opt/airflow/dags/spark_airflow.py took 0.072 seconds
[2024-12-16T01:25:00.874+0000] {processor.py:208} INFO - Processing /opt/airflow/dags/spark_airflow.py took 0.076 seconds
[2024-12-16T01:25:12.912+0000] {processor.py:186} INFO - Started process (PID=731) to work on /opt/airflow/dags/spark_airflow.py
[2024-12-16T01:25:12.913+0000] {processor.py:186} INFO - Started process (PID=730) to work on /opt/airflow/dags/spark_airflow.py
[2024-12-16T01:25:12.913+0000] {processor.py:914} INFO - Processing file /opt/airflow/dags/spark_airflow.py for tasks to queue
[2024-12-16T01:25:12.914+0000] {processor.py:914} INFO - Processing file /opt/airflow/dags/spark_airflow.py for tasks to queue
[2024-12-16T01:25:12.916+0000] {logging_mixin.py:190} INFO - [2024-12-16T01:25:12.916+0000] {dagbag.py:588} INFO - Filling up the DagBag from /opt/airflow/dags/spark_airflow.py
[2024-12-16T01:25:12.917+0000] {logging_mixin.py:190} INFO - [2024-12-16T01:25:12.917+0000] {dagbag.py:588} INFO - Filling up the DagBag from /opt/airflow/dags/spark_airflow.py
[2024-12-16T01:25:12.957+0000] {logging_mixin.py:190} INFO - [2024-12-16T01:25:12.950+0000] {dagbag.py:387} ERROR - Failed to import: /opt/airflow/dags/spark_airflow.py
Traceback (most recent call last):
  File "/home/airflow/.local/lib/python3.11/site-packages/airflow/models/dagbag.py", line 383, in parse
    loader.exec_module(new_module)
  File "<frozen importlib._bootstrap_external>", line 940, in exec_module
  File "<frozen importlib._bootstrap>", line 241, in _call_with_frames_removed
  File "/opt/airflow/dags/spark_airflow.py", line 7, in <module>
    dag = DAG(
          ^^^^
  File "/home/airflow/.local/lib/python3.11/site-packages/airflow/models/dag.py", line 593, in __init__
    validate_key(dag_id)
  File "/home/airflow/.local/lib/python3.11/site-packages/airflow/utils/helpers.py", line 53, in validate_key
    raise TypeError(f"The key has to be a string and is {type(k)}:{k}")
TypeError: The key has to be a string and is <class 'dict'>:{'owner': 'Haris Syd', 'start_date': datetime.datetime(2024, 12, 15, 0, 0, tzinfo=Timezone('UTC'))}
[2024-12-16T01:25:12.957+0000] {logging_mixin.py:190} INFO - [2024-12-16T01:25:12.946+0000] {dagbag.py:387} ERROR - Failed to import: /opt/airflow/dags/spark_airflow.py
Traceback (most recent call last):
  File "/home/airflow/.local/lib/python3.11/site-packages/airflow/models/dagbag.py", line 383, in parse
    loader.exec_module(new_module)
  File "<frozen importlib._bootstrap_external>", line 940, in exec_module
  File "<frozen importlib._bootstrap>", line 241, in _call_with_frames_removed
  File "/opt/airflow/dags/spark_airflow.py", line 7, in <module>
    dag = DAG(
          ^^^^
  File "/home/airflow/.local/lib/python3.11/site-packages/airflow/models/dag.py", line 593, in __init__
    validate_key(dag_id)
  File "/home/airflow/.local/lib/python3.11/site-packages/airflow/utils/helpers.py", line 53, in validate_key
    raise TypeError(f"The key has to be a string and is {type(k)}:{k}")
TypeError: The key has to be a string and is <class 'dict'>:{'owner': 'Haris Syd', 'start_date': datetime.datetime(2024, 12, 15, 0, 0, tzinfo=Timezone('UTC'))}
[2024-12-16T01:25:12.958+0000] {processor.py:927} WARNING - No viable dags retrieved from /opt/airflow/dags/spark_airflow.py
[2024-12-16T01:25:12.958+0000] {processor.py:927} WARNING - No viable dags retrieved from /opt/airflow/dags/spark_airflow.py
[2024-12-16T01:25:12.986+0000] {processor.py:208} INFO - Processing /opt/airflow/dags/spark_airflow.py took 0.078 seconds
[2024-12-16T01:25:12.990+0000] {processor.py:208} INFO - Processing /opt/airflow/dags/spark_airflow.py took 0.083 seconds
[2024-12-16T01:25:20.047+0000] {processor.py:186} INFO - Started process (PID=741) to work on /opt/airflow/dags/spark_airflow.py
[2024-12-16T01:25:20.047+0000] {processor.py:186} INFO - Started process (PID=740) to work on /opt/airflow/dags/spark_airflow.py
[2024-12-16T01:25:20.048+0000] {processor.py:914} INFO - Processing file /opt/airflow/dags/spark_airflow.py for tasks to queue
[2024-12-16T01:25:20.048+0000] {processor.py:914} INFO - Processing file /opt/airflow/dags/spark_airflow.py for tasks to queue
[2024-12-16T01:25:20.050+0000] {logging_mixin.py:190} INFO - [2024-12-16T01:25:20.050+0000] {dagbag.py:588} INFO - Filling up the DagBag from /opt/airflow/dags/spark_airflow.py
[2024-12-16T01:25:20.051+0000] {logging_mixin.py:190} INFO - [2024-12-16T01:25:20.050+0000] {dagbag.py:588} INFO - Filling up the DagBag from /opt/airflow/dags/spark_airflow.py
[2024-12-16T01:25:20.081+0000] {logging_mixin.py:190} INFO - [2024-12-16T01:25:20.075+0000] {dagbag.py:387} ERROR - Failed to import: /opt/airflow/dags/spark_airflow.py
Traceback (most recent call last):
  File "/home/airflow/.local/lib/python3.11/site-packages/airflow/models/dagbag.py", line 383, in parse
    loader.exec_module(new_module)
  File "<frozen importlib._bootstrap_external>", line 940, in exec_module
  File "<frozen importlib._bootstrap>", line 241, in _call_with_frames_removed
  File "/opt/airflow/dags/spark_airflow.py", line 7, in <module>
    dag = DAG(
          ^^^^
  File "/home/airflow/.local/lib/python3.11/site-packages/airflow/models/dag.py", line 593, in __init__
    validate_key(dag_id)
  File "/home/airflow/.local/lib/python3.11/site-packages/airflow/utils/helpers.py", line 53, in validate_key
    raise TypeError(f"The key has to be a string and is {type(k)}:{k}")
TypeError: The key has to be a string and is <class 'dict'>:{'owner': 'Haris Syd', 'start_date': datetime.datetime(2024, 12, 15, 0, 0, tzinfo=Timezone('UTC'))}
[2024-12-16T01:25:20.082+0000] {processor.py:927} WARNING - No viable dags retrieved from /opt/airflow/dags/spark_airflow.py
[2024-12-16T01:25:20.083+0000] {logging_mixin.py:190} INFO - [2024-12-16T01:25:20.078+0000] {dagbag.py:387} ERROR - Failed to import: /opt/airflow/dags/spark_airflow.py
Traceback (most recent call last):
  File "/home/airflow/.local/lib/python3.11/site-packages/airflow/models/dagbag.py", line 383, in parse
    loader.exec_module(new_module)
  File "<frozen importlib._bootstrap_external>", line 940, in exec_module
  File "<frozen importlib._bootstrap>", line 241, in _call_with_frames_removed
  File "/opt/airflow/dags/spark_airflow.py", line 7, in <module>
    dag = DAG(
          ^^^^
  File "/home/airflow/.local/lib/python3.11/site-packages/airflow/models/dag.py", line 593, in __init__
    validate_key(dag_id)
  File "/home/airflow/.local/lib/python3.11/site-packages/airflow/utils/helpers.py", line 53, in validate_key
    raise TypeError(f"The key has to be a string and is {type(k)}:{k}")
TypeError: The key has to be a string and is <class 'dict'>:{'owner': 'Haris Syd', 'start_date': datetime.datetime(2024, 12, 15, 0, 0, tzinfo=Timezone('UTC'))}
[2024-12-16T01:25:20.084+0000] {processor.py:927} WARNING - No viable dags retrieved from /opt/airflow/dags/spark_airflow.py
[2024-12-16T01:25:20.111+0000] {processor.py:208} INFO - Processing /opt/airflow/dags/spark_airflow.py took 0.071 seconds
[2024-12-16T01:25:20.114+0000] {processor.py:208} INFO - Processing /opt/airflow/dags/spark_airflow.py took 0.074 seconds
[2024-12-16T01:25:24.107+0000] {processor.py:186} INFO - Started process (PID=750) to work on /opt/airflow/dags/spark_airflow.py
[2024-12-16T01:25:24.108+0000] {processor.py:186} INFO - Started process (PID=751) to work on /opt/airflow/dags/spark_airflow.py
[2024-12-16T01:25:24.108+0000] {processor.py:914} INFO - Processing file /opt/airflow/dags/spark_airflow.py for tasks to queue
[2024-12-16T01:25:24.111+0000] {logging_mixin.py:190} INFO - [2024-12-16T01:25:24.111+0000] {dagbag.py:588} INFO - Filling up the DagBag from /opt/airflow/dags/spark_airflow.py
[2024-12-16T01:25:24.109+0000] {processor.py:914} INFO - Processing file /opt/airflow/dags/spark_airflow.py for tasks to queue
[2024-12-16T01:25:24.112+0000] {logging_mixin.py:190} INFO - [2024-12-16T01:25:24.112+0000] {dagbag.py:588} INFO - Filling up the DagBag from /opt/airflow/dags/spark_airflow.py
[2024-12-16T01:25:24.144+0000] {logging_mixin.py:190} INFO - [2024-12-16T01:25:24.137+0000] {dagbag.py:387} ERROR - Failed to import: /opt/airflow/dags/spark_airflow.py
Traceback (most recent call last):
  File "/home/airflow/.local/lib/python3.11/site-packages/airflow/models/dagbag.py", line 383, in parse
    loader.exec_module(new_module)
  File "<frozen importlib._bootstrap_external>", line 940, in exec_module
  File "<frozen importlib._bootstrap>", line 241, in _call_with_frames_removed
  File "/opt/airflow/dags/spark_airflow.py", line 7, in <module>
    dag = DAG(
          ^^^^
  File "/home/airflow/.local/lib/python3.11/site-packages/airflow/models/dag.py", line 593, in __init__
    validate_key(dag_id)
  File "/home/airflow/.local/lib/python3.11/site-packages/airflow/utils/helpers.py", line 53, in validate_key
    raise TypeError(f"The key has to be a string and is {type(k)}:{k}")
TypeError: The key has to be a string and is <class 'dict'>:{'owner': 'Haris Syd', 'start_date': datetime.datetime(2024, 12, 15, 0, 0, tzinfo=Timezone('UTC'))}
[2024-12-16T01:25:24.146+0000] {processor.py:927} WARNING - No viable dags retrieved from /opt/airflow/dags/spark_airflow.py
[2024-12-16T01:25:24.146+0000] {logging_mixin.py:190} INFO - [2024-12-16T01:25:24.141+0000] {dagbag.py:387} ERROR - Failed to import: /opt/airflow/dags/spark_airflow.py
Traceback (most recent call last):
  File "/home/airflow/.local/lib/python3.11/site-packages/airflow/models/dagbag.py", line 383, in parse
    loader.exec_module(new_module)
  File "<frozen importlib._bootstrap_external>", line 940, in exec_module
  File "<frozen importlib._bootstrap>", line 241, in _call_with_frames_removed
  File "/opt/airflow/dags/spark_airflow.py", line 7, in <module>
    dag = DAG(
          ^^^^
  File "/home/airflow/.local/lib/python3.11/site-packages/airflow/models/dag.py", line 593, in __init__
    validate_key(dag_id)
  File "/home/airflow/.local/lib/python3.11/site-packages/airflow/utils/helpers.py", line 53, in validate_key
    raise TypeError(f"The key has to be a string and is {type(k)}:{k}")
TypeError: The key has to be a string and is <class 'dict'>:{'owner': 'Haris Syd', 'start_date': datetime.datetime(2024, 12, 15, 0, 0, tzinfo=Timezone('UTC'))}
[2024-12-16T01:25:24.147+0000] {processor.py:927} WARNING - No viable dags retrieved from /opt/airflow/dags/spark_airflow.py
[2024-12-16T01:25:24.176+0000] {processor.py:208} INFO - Processing /opt/airflow/dags/spark_airflow.py took 0.076 seconds
[2024-12-16T01:25:24.180+0000] {processor.py:208} INFO - Processing /opt/airflow/dags/spark_airflow.py took 0.079 seconds
[2024-12-16T01:25:54.407+0000] {processor.py:186} INFO - Started process (PID=760) to work on /opt/airflow/dags/spark_airflow.py
[2024-12-16T01:25:54.409+0000] {processor.py:914} INFO - Processing file /opt/airflow/dags/spark_airflow.py for tasks to queue
[2024-12-16T01:25:54.412+0000] {processor.py:186} INFO - Started process (PID=761) to work on /opt/airflow/dags/spark_airflow.py
[2024-12-16T01:25:54.414+0000] {logging_mixin.py:190} INFO - [2024-12-16T01:25:54.413+0000] {dagbag.py:588} INFO - Filling up the DagBag from /opt/airflow/dags/spark_airflow.py
[2024-12-16T01:25:54.413+0000] {processor.py:914} INFO - Processing file /opt/airflow/dags/spark_airflow.py for tasks to queue
[2024-12-16T01:25:54.418+0000] {logging_mixin.py:190} INFO - [2024-12-16T01:25:54.417+0000] {dagbag.py:588} INFO - Filling up the DagBag from /opt/airflow/dags/spark_airflow.py
[2024-12-16T01:25:54.437+0000] {logging_mixin.py:190} INFO - [2024-12-16T01:25:54.429+0000] {dagbag.py:387} ERROR - Failed to import: /opt/airflow/dags/spark_airflow.py
Traceback (most recent call last):
  File "/home/airflow/.local/lib/python3.11/site-packages/airflow/models/dagbag.py", line 383, in parse
    loader.exec_module(new_module)
  File "<frozen importlib._bootstrap_external>", line 940, in exec_module
  File "<frozen importlib._bootstrap>", line 241, in _call_with_frames_removed
  File "/opt/airflow/dags/spark_airflow.py", line 7, in <module>
    dag = DAG(
          ^^^^
  File "/home/airflow/.local/lib/python3.11/site-packages/airflow/models/dag.py", line 593, in __init__
    validate_key(dag_id)
  File "/home/airflow/.local/lib/python3.11/site-packages/airflow/utils/helpers.py", line 53, in validate_key
    raise TypeError(f"The key has to be a string and is {type(k)}:{k}")
TypeError: The key has to be a string and is <class 'dict'>:{'owner': 'Haris Syd', 'start_date': datetime.datetime(2024, 12, 15, 0, 0, tzinfo=Timezone('UTC'))}
[2024-12-16T01:25:54.438+0000] {processor.py:927} WARNING - No viable dags retrieved from /opt/airflow/dags/spark_airflow.py
[2024-12-16T01:25:54.441+0000] {logging_mixin.py:190} INFO - [2024-12-16T01:25:54.432+0000] {dagbag.py:387} ERROR - Failed to import: /opt/airflow/dags/spark_airflow.py
Traceback (most recent call last):
  File "/home/airflow/.local/lib/python3.11/site-packages/airflow/models/dagbag.py", line 383, in parse
    loader.exec_module(new_module)
  File "<frozen importlib._bootstrap_external>", line 940, in exec_module
  File "<frozen importlib._bootstrap>", line 241, in _call_with_frames_removed
  File "/opt/airflow/dags/spark_airflow.py", line 7, in <module>
    dag = DAG(
          ^^^^
  File "/home/airflow/.local/lib/python3.11/site-packages/airflow/models/dag.py", line 593, in __init__
    validate_key(dag_id)
  File "/home/airflow/.local/lib/python3.11/site-packages/airflow/utils/helpers.py", line 53, in validate_key
    raise TypeError(f"The key has to be a string and is {type(k)}:{k}")
TypeError: The key has to be a string and is <class 'dict'>:{'owner': 'Haris Syd', 'start_date': datetime.datetime(2024, 12, 15, 0, 0, tzinfo=Timezone('UTC'))}
[2024-12-16T01:25:54.442+0000] {processor.py:927} WARNING - No viable dags retrieved from /opt/airflow/dags/spark_airflow.py
[2024-12-16T01:25:54.464+0000] {processor.py:208} INFO - Processing /opt/airflow/dags/spark_airflow.py took 0.069 seconds
[2024-12-16T01:25:54.472+0000] {processor.py:208} INFO - Processing /opt/airflow/dags/spark_airflow.py took 0.075 seconds
[2024-12-16T01:26:19.600+0000] {processor.py:186} INFO - Started process (PID=770) to work on /opt/airflow/dags/spark_airflow.py
[2024-12-16T01:26:19.601+0000] {processor.py:186} INFO - Started process (PID=771) to work on /opt/airflow/dags/spark_airflow.py
[2024-12-16T01:26:19.601+0000] {processor.py:914} INFO - Processing file /opt/airflow/dags/spark_airflow.py for tasks to queue
[2024-12-16T01:26:19.602+0000] {processor.py:914} INFO - Processing file /opt/airflow/dags/spark_airflow.py for tasks to queue
[2024-12-16T01:26:19.604+0000] {logging_mixin.py:190} INFO - [2024-12-16T01:26:19.604+0000] {dagbag.py:588} INFO - Filling up the DagBag from /opt/airflow/dags/spark_airflow.py
[2024-12-16T01:26:19.604+0000] {logging_mixin.py:190} INFO - [2024-12-16T01:26:19.604+0000] {dagbag.py:588} INFO - Filling up the DagBag from /opt/airflow/dags/spark_airflow.py
[2024-12-16T01:26:19.636+0000] {logging_mixin.py:190} INFO - [2024-12-16T01:26:19.631+0000] {dagbag.py:387} ERROR - Failed to import: /opt/airflow/dags/spark_airflow.py
Traceback (most recent call last):
  File "/home/airflow/.local/lib/python3.11/site-packages/airflow/models/dagbag.py", line 383, in parse
    loader.exec_module(new_module)
  File "<frozen importlib._bootstrap_external>", line 940, in exec_module
  File "<frozen importlib._bootstrap>", line 241, in _call_with_frames_removed
  File "/opt/airflow/dags/spark_airflow.py", line 10, in <module>
    "start_date":datetime.datetime(2024, 12, 15, 0, 0, tzinfo=Timezone('UTC'))
                 ^^^^^^^^
NameError: name 'datetime' is not defined
[2024-12-16T01:26:19.637+0000] {processor.py:927} WARNING - No viable dags retrieved from /opt/airflow/dags/spark_airflow.py
[2024-12-16T01:26:19.640+0000] {logging_mixin.py:190} INFO - [2024-12-16T01:26:19.634+0000] {dagbag.py:387} ERROR - Failed to import: /opt/airflow/dags/spark_airflow.py
Traceback (most recent call last):
  File "/home/airflow/.local/lib/python3.11/site-packages/airflow/models/dagbag.py", line 383, in parse
    loader.exec_module(new_module)
  File "<frozen importlib._bootstrap_external>", line 940, in exec_module
  File "<frozen importlib._bootstrap>", line 241, in _call_with_frames_removed
  File "/opt/airflow/dags/spark_airflow.py", line 10, in <module>
    "start_date":datetime.datetime(2024, 12, 15, 0, 0, tzinfo=Timezone('UTC'))
                 ^^^^^^^^
NameError: name 'datetime' is not defined
[2024-12-16T01:26:19.643+0000] {processor.py:927} WARNING - No viable dags retrieved from /opt/airflow/dags/spark_airflow.py
[2024-12-16T01:26:19.663+0000] {processor.py:208} INFO - Processing /opt/airflow/dags/spark_airflow.py took 0.069 seconds
[2024-12-16T01:26:19.667+0000] {processor.py:208} INFO - Processing /opt/airflow/dags/spark_airflow.py took 0.074 seconds
[2024-12-16T01:26:22.703+0000] {processor.py:186} INFO - Started process (PID=781) to work on /opt/airflow/dags/spark_airflow.py
[2024-12-16T01:26:22.705+0000] {processor.py:186} INFO - Started process (PID=780) to work on /opt/airflow/dags/spark_airflow.py
[2024-12-16T01:26:22.704+0000] {processor.py:914} INFO - Processing file /opt/airflow/dags/spark_airflow.py for tasks to queue
[2024-12-16T01:26:22.707+0000] {logging_mixin.py:190} INFO - [2024-12-16T01:26:22.707+0000] {dagbag.py:588} INFO - Filling up the DagBag from /opt/airflow/dags/spark_airflow.py
[2024-12-16T01:26:22.706+0000] {processor.py:914} INFO - Processing file /opt/airflow/dags/spark_airflow.py for tasks to queue
[2024-12-16T01:26:22.709+0000] {logging_mixin.py:190} INFO - [2024-12-16T01:26:22.709+0000] {dagbag.py:588} INFO - Filling up the DagBag from /opt/airflow/dags/spark_airflow.py
[2024-12-16T01:26:22.743+0000] {logging_mixin.py:190} INFO - [2024-12-16T01:26:22.738+0000] {dagbag.py:387} ERROR - Failed to import: /opt/airflow/dags/spark_airflow.py
Traceback (most recent call last):
  File "/home/airflow/.local/lib/python3.11/site-packages/airflow/models/dagbag.py", line 383, in parse
    loader.exec_module(new_module)
  File "<frozen importlib._bootstrap_external>", line 940, in exec_module
  File "<frozen importlib._bootstrap>", line 241, in _call_with_frames_removed
  File "/opt/airflow/dags/spark_airflow.py", line 10, in <module>
    "start_date": datetime.datetime(2024, 12, 15, 0, 0, tzinfo=Timezone('UTC'))
                  ^^^^^^^^
NameError: name 'datetime' is not defined
[2024-12-16T01:26:22.744+0000] {processor.py:927} WARNING - No viable dags retrieved from /opt/airflow/dags/spark_airflow.py
[2024-12-16T01:26:22.746+0000] {logging_mixin.py:190} INFO - [2024-12-16T01:26:22.741+0000] {dagbag.py:387} ERROR - Failed to import: /opt/airflow/dags/spark_airflow.py
Traceback (most recent call last):
  File "/home/airflow/.local/lib/python3.11/site-packages/airflow/models/dagbag.py", line 383, in parse
    loader.exec_module(new_module)
  File "<frozen importlib._bootstrap_external>", line 940, in exec_module
  File "<frozen importlib._bootstrap>", line 241, in _call_with_frames_removed
  File "/opt/airflow/dags/spark_airflow.py", line 10, in <module>
    "start_date": datetime.datetime(2024, 12, 15, 0, 0, tzinfo=Timezone('UTC'))
                  ^^^^^^^^
NameError: name 'datetime' is not defined
[2024-12-16T01:26:22.748+0000] {processor.py:927} WARNING - No viable dags retrieved from /opt/airflow/dags/spark_airflow.py
[2024-12-16T01:26:22.773+0000] {processor.py:208} INFO - Processing /opt/airflow/dags/spark_airflow.py took 0.076 seconds
[2024-12-16T01:26:22.778+0000] {processor.py:208} INFO - Processing /opt/airflow/dags/spark_airflow.py took 0.079 seconds
[2024-12-16T01:26:30.787+0000] {processor.py:186} INFO - Started process (PID=790) to work on /opt/airflow/dags/spark_airflow.py
[2024-12-16T01:26:30.787+0000] {processor.py:186} INFO - Started process (PID=791) to work on /opt/airflow/dags/spark_airflow.py
[2024-12-16T01:26:30.788+0000] {processor.py:914} INFO - Processing file /opt/airflow/dags/spark_airflow.py for tasks to queue
[2024-12-16T01:26:30.788+0000] {processor.py:914} INFO - Processing file /opt/airflow/dags/spark_airflow.py for tasks to queue
[2024-12-16T01:26:30.791+0000] {logging_mixin.py:190} INFO - [2024-12-16T01:26:30.791+0000] {dagbag.py:588} INFO - Filling up the DagBag from /opt/airflow/dags/spark_airflow.py
[2024-12-16T01:26:30.791+0000] {logging_mixin.py:190} INFO - [2024-12-16T01:26:30.791+0000] {dagbag.py:588} INFO - Filling up the DagBag from /opt/airflow/dags/spark_airflow.py
[2024-12-16T01:26:30.822+0000] {logging_mixin.py:190} INFO - [2024-12-16T01:26:30.817+0000] {dagbag.py:387} ERROR - Failed to import: /opt/airflow/dags/spark_airflow.py
Traceback (most recent call last):
  File "/home/airflow/.local/lib/python3.11/site-packages/airflow/models/dagbag.py", line 383, in parse
    loader.exec_module(new_module)
  File "<frozen importlib._bootstrap_external>", line 940, in exec_module
  File "<frozen importlib._bootstrap>", line 241, in _call_with_frames_removed
  File "/opt/airflow/dags/spark_airflow.py", line 10, in <module>
    "start_date": datetime.datetime(2024, 12, 15, 0, 0, tzinfo=Timezone('UTC'))
                  ^^^^^^^^
NameError: name 'datetime' is not defined
[2024-12-16T01:26:30.824+0000] {processor.py:927} WARNING - No viable dags retrieved from /opt/airflow/dags/spark_airflow.py
[2024-12-16T01:26:30.826+0000] {logging_mixin.py:190} INFO - [2024-12-16T01:26:30.821+0000] {dagbag.py:387} ERROR - Failed to import: /opt/airflow/dags/spark_airflow.py
Traceback (most recent call last):
  File "/home/airflow/.local/lib/python3.11/site-packages/airflow/models/dagbag.py", line 383, in parse
    loader.exec_module(new_module)
  File "<frozen importlib._bootstrap_external>", line 940, in exec_module
  File "<frozen importlib._bootstrap>", line 241, in _call_with_frames_removed
  File "/opt/airflow/dags/spark_airflow.py", line 10, in <module>
    "start_date": datetime.datetime(2024, 12, 15, 0, 0, tzinfo=Timezone('UTC'))
                  ^^^^^^^^
NameError: name 'datetime' is not defined
[2024-12-16T01:26:30.828+0000] {processor.py:927} WARNING - No viable dags retrieved from /opt/airflow/dags/spark_airflow.py
[2024-12-16T01:26:30.846+0000] {processor.py:208} INFO - Processing /opt/airflow/dags/spark_airflow.py took 0.065 seconds
[2024-12-16T01:26:30.852+0000] {processor.py:208} INFO - Processing /opt/airflow/dags/spark_airflow.py took 0.070 seconds
[2024-12-16T01:26:35.918+0000] {processor.py:186} INFO - Started process (PID=800) to work on /opt/airflow/dags/spark_airflow.py
[2024-12-16T01:26:35.918+0000] {processor.py:186} INFO - Started process (PID=801) to work on /opt/airflow/dags/spark_airflow.py
[2024-12-16T01:26:35.920+0000] {processor.py:914} INFO - Processing file /opt/airflow/dags/spark_airflow.py for tasks to queue
[2024-12-16T01:26:35.920+0000] {processor.py:914} INFO - Processing file /opt/airflow/dags/spark_airflow.py for tasks to queue
[2024-12-16T01:26:35.924+0000] {logging_mixin.py:190} INFO - [2024-12-16T01:26:35.924+0000] {dagbag.py:588} INFO - Filling up the DagBag from /opt/airflow/dags/spark_airflow.py
[2024-12-16T01:26:35.924+0000] {logging_mixin.py:190} INFO - [2024-12-16T01:26:35.924+0000] {dagbag.py:588} INFO - Filling up the DagBag from /opt/airflow/dags/spark_airflow.py
[2024-12-16T01:26:35.965+0000] {logging_mixin.py:190} INFO - [2024-12-16T01:26:35.959+0000] {dagbag.py:387} ERROR - Failed to import: /opt/airflow/dags/spark_airflow.py
Traceback (most recent call last):
  File "/home/airflow/.local/lib/python3.11/site-packages/airflow/models/dagbag.py", line 383, in parse
    loader.exec_module(new_module)
  File "<frozen importlib._bootstrap_external>", line 940, in exec_module
  File "<frozen importlib._bootstrap>", line 241, in _call_with_frames_removed
  File "/opt/airflow/dags/spark_airflow.py", line 4, in <module>
    import datet
ModuleNotFoundError: No module named 'datet'
[2024-12-16T01:26:35.966+0000] {processor.py:927} WARNING - No viable dags retrieved from /opt/airflow/dags/spark_airflow.py
[2024-12-16T01:26:35.968+0000] {logging_mixin.py:190} INFO - [2024-12-16T01:26:35.963+0000] {dagbag.py:387} ERROR - Failed to import: /opt/airflow/dags/spark_airflow.py
Traceback (most recent call last):
  File "/home/airflow/.local/lib/python3.11/site-packages/airflow/models/dagbag.py", line 383, in parse
    loader.exec_module(new_module)
  File "<frozen importlib._bootstrap_external>", line 940, in exec_module
  File "<frozen importlib._bootstrap>", line 241, in _call_with_frames_removed
  File "/opt/airflow/dags/spark_airflow.py", line 4, in <module>
    import datet
ModuleNotFoundError: No module named 'datet'
[2024-12-16T01:26:35.970+0000] {processor.py:927} WARNING - No viable dags retrieved from /opt/airflow/dags/spark_airflow.py
[2024-12-16T01:26:35.989+0000] {processor.py:208} INFO - Processing /opt/airflow/dags/spark_airflow.py took 0.079 seconds
[2024-12-16T01:26:35.992+0000] {processor.py:208} INFO - Processing /opt/airflow/dags/spark_airflow.py took 0.082 seconds
[2024-12-16T01:26:36.964+0000] {processor.py:186} INFO - Started process (PID=810) to work on /opt/airflow/dags/spark_airflow.py
[2024-12-16T01:26:36.964+0000] {processor.py:186} INFO - Started process (PID=811) to work on /opt/airflow/dags/spark_airflow.py
[2024-12-16T01:26:36.965+0000] {processor.py:914} INFO - Processing file /opt/airflow/dags/spark_airflow.py for tasks to queue
[2024-12-16T01:26:36.965+0000] {processor.py:914} INFO - Processing file /opt/airflow/dags/spark_airflow.py for tasks to queue
[2024-12-16T01:26:36.970+0000] {logging_mixin.py:190} INFO - [2024-12-16T01:26:36.969+0000] {dagbag.py:588} INFO - Filling up the DagBag from /opt/airflow/dags/spark_airflow.py
[2024-12-16T01:26:36.970+0000] {logging_mixin.py:190} INFO - [2024-12-16T01:26:36.969+0000] {dagbag.py:588} INFO - Filling up the DagBag from /opt/airflow/dags/spark_airflow.py
[2024-12-16T01:26:37.004+0000] {logging_mixin.py:190} INFO - [2024-12-16T01:26:36.998+0000] {dagbag.py:387} ERROR - Failed to import: /opt/airflow/dags/spark_airflow.py
Traceback (most recent call last):
  File "/home/airflow/.local/lib/python3.11/site-packages/airflow/models/dagbag.py", line 383, in parse
    loader.exec_module(new_module)
  File "<frozen importlib._bootstrap_external>", line 940, in exec_module
  File "<frozen importlib._bootstrap>", line 241, in _call_with_frames_removed
  File "/opt/airflow/dags/spark_airflow.py", line 11, in <module>
    "start_date": datetime.datetime(2024, 12, 15, 0, 0, tzinfo=Timezone('UTC'))
                                                               ^^^^^^^^
NameError: name 'Timezone' is not defined
[2024-12-16T01:26:37.006+0000] {processor.py:927} WARNING - No viable dags retrieved from /opt/airflow/dags/spark_airflow.py
[2024-12-16T01:26:37.008+0000] {logging_mixin.py:190} INFO - [2024-12-16T01:26:37.003+0000] {dagbag.py:387} ERROR - Failed to import: /opt/airflow/dags/spark_airflow.py
Traceback (most recent call last):
  File "/home/airflow/.local/lib/python3.11/site-packages/airflow/models/dagbag.py", line 383, in parse
    loader.exec_module(new_module)
  File "<frozen importlib._bootstrap_external>", line 940, in exec_module
  File "<frozen importlib._bootstrap>", line 241, in _call_with_frames_removed
  File "/opt/airflow/dags/spark_airflow.py", line 11, in <module>
    "start_date": datetime.datetime(2024, 12, 15, 0, 0, tzinfo=Timezone('UTC'))
                                                               ^^^^^^^^
NameError: name 'Timezone' is not defined
[2024-12-16T01:26:37.010+0000] {processor.py:927} WARNING - No viable dags retrieved from /opt/airflow/dags/spark_airflow.py
[2024-12-16T01:26:37.038+0000] {processor.py:208} INFO - Processing /opt/airflow/dags/spark_airflow.py took 0.080 seconds
[2024-12-16T01:26:37.041+0000] {processor.py:208} INFO - Processing /opt/airflow/dags/spark_airflow.py took 0.084 seconds
[2024-12-16T01:26:51.174+0000] {processor.py:186} INFO - Started process (PID=820) to work on /opt/airflow/dags/spark_airflow.py
[2024-12-16T01:26:51.174+0000] {processor.py:186} INFO - Started process (PID=821) to work on /opt/airflow/dags/spark_airflow.py
[2024-12-16T01:26:51.175+0000] {processor.py:914} INFO - Processing file /opt/airflow/dags/spark_airflow.py for tasks to queue
[2024-12-16T01:26:51.176+0000] {processor.py:914} INFO - Processing file /opt/airflow/dags/spark_airflow.py for tasks to queue
[2024-12-16T01:26:51.178+0000] {logging_mixin.py:190} INFO - [2024-12-16T01:26:51.178+0000] {dagbag.py:588} INFO - Filling up the DagBag from /opt/airflow/dags/spark_airflow.py
[2024-12-16T01:26:51.179+0000] {logging_mixin.py:190} INFO - [2024-12-16T01:26:51.179+0000] {dagbag.py:588} INFO - Filling up the DagBag from /opt/airflow/dags/spark_airflow.py
[2024-12-16T01:26:51.214+0000] {logging_mixin.py:190} INFO - [2024-12-16T01:26:51.209+0000] {dagbag.py:387} ERROR - Failed to import: /opt/airflow/dags/spark_airflow.py
Traceback (most recent call last):
  File "/home/airflow/.local/lib/python3.11/site-packages/airflow/models/dagbag.py", line 383, in parse
    loader.exec_module(new_module)
  File "<frozen importlib._bootstrap_external>", line 940, in exec_module
  File "<frozen importlib._bootstrap>", line 241, in _call_with_frames_removed
  File "/opt/airflow/dags/spark_airflow.py", line 5, in <module>
    import Time
ModuleNotFoundError: No module named 'Time'
[2024-12-16T01:26:51.216+0000] {processor.py:927} WARNING - No viable dags retrieved from /opt/airflow/dags/spark_airflow.py
[2024-12-16T01:26:51.218+0000] {logging_mixin.py:190} INFO - [2024-12-16T01:26:51.213+0000] {dagbag.py:387} ERROR - Failed to import: /opt/airflow/dags/spark_airflow.py
Traceback (most recent call last):
  File "/home/airflow/.local/lib/python3.11/site-packages/airflow/models/dagbag.py", line 383, in parse
    loader.exec_module(new_module)
  File "<frozen importlib._bootstrap_external>", line 940, in exec_module
  File "<frozen importlib._bootstrap>", line 241, in _call_with_frames_removed
  File "/opt/airflow/dags/spark_airflow.py", line 5, in <module>
    import Time
ModuleNotFoundError: No module named 'Time'
[2024-12-16T01:26:51.219+0000] {processor.py:927} WARNING - No viable dags retrieved from /opt/airflow/dags/spark_airflow.py
[2024-12-16T01:26:51.239+0000] {processor.py:208} INFO - Processing /opt/airflow/dags/spark_airflow.py took 0.071 seconds
[2024-12-16T01:26:51.242+0000] {processor.py:208} INFO - Processing /opt/airflow/dags/spark_airflow.py took 0.074 seconds
[2024-12-16T01:26:55.239+0000] {processor.py:186} INFO - Started process (PID=830) to work on /opt/airflow/dags/spark_airflow.py
[2024-12-16T01:26:55.239+0000] {processor.py:186} INFO - Started process (PID=831) to work on /opt/airflow/dags/spark_airflow.py
[2024-12-16T01:26:55.240+0000] {processor.py:914} INFO - Processing file /opt/airflow/dags/spark_airflow.py for tasks to queue
[2024-12-16T01:26:55.241+0000] {processor.py:914} INFO - Processing file /opt/airflow/dags/spark_airflow.py for tasks to queue
[2024-12-16T01:26:55.243+0000] {logging_mixin.py:190} INFO - [2024-12-16T01:26:55.243+0000] {dagbag.py:588} INFO - Filling up the DagBag from /opt/airflow/dags/spark_airflow.py
[2024-12-16T01:26:55.244+0000] {logging_mixin.py:190} INFO - [2024-12-16T01:26:55.244+0000] {dagbag.py:588} INFO - Filling up the DagBag from /opt/airflow/dags/spark_airflow.py
[2024-12-16T01:26:55.274+0000] {logging_mixin.py:190} INFO - [2024-12-16T01:26:55.269+0000] {dagbag.py:387} ERROR - Failed to import: /opt/airflow/dags/spark_airflow.py
Traceback (most recent call last):
  File "/home/airflow/.local/lib/python3.11/site-packages/airflow/models/dagbag.py", line 383, in parse
    loader.exec_module(new_module)
  File "<frozen importlib._bootstrap_external>", line 940, in exec_module
  File "<frozen importlib._bootstrap>", line 241, in _call_with_frames_removed
  File "/opt/airflow/dags/spark_airflow.py", line 5, in <module>
    import Timezone
ModuleNotFoundError: No module named 'Timezone'
[2024-12-16T01:26:55.275+0000] {processor.py:927} WARNING - No viable dags retrieved from /opt/airflow/dags/spark_airflow.py
[2024-12-16T01:26:55.277+0000] {logging_mixin.py:190} INFO - [2024-12-16T01:26:55.272+0000] {dagbag.py:387} ERROR - Failed to import: /opt/airflow/dags/spark_airflow.py
Traceback (most recent call last):
  File "/home/airflow/.local/lib/python3.11/site-packages/airflow/models/dagbag.py", line 383, in parse
    loader.exec_module(new_module)
  File "<frozen importlib._bootstrap_external>", line 940, in exec_module
  File "<frozen importlib._bootstrap>", line 241, in _call_with_frames_removed
  File "/opt/airflow/dags/spark_airflow.py", line 5, in <module>
    import Timezone
ModuleNotFoundError: No module named 'Timezone'
[2024-12-16T01:26:55.278+0000] {processor.py:927} WARNING - No viable dags retrieved from /opt/airflow/dags/spark_airflow.py
[2024-12-16T01:26:55.303+0000] {processor.py:208} INFO - Processing /opt/airflow/dags/spark_airflow.py took 0.069 seconds
[2024-12-16T01:26:55.308+0000] {processor.py:208} INFO - Processing /opt/airflow/dags/spark_airflow.py took 0.074 seconds
[2024-12-16T01:27:00.356+0000] {processor.py:186} INFO - Started process (PID=840) to work on /opt/airflow/dags/spark_airflow.py
[2024-12-16T01:27:00.356+0000] {processor.py:186} INFO - Started process (PID=841) to work on /opt/airflow/dags/spark_airflow.py
[2024-12-16T01:27:00.357+0000] {processor.py:914} INFO - Processing file /opt/airflow/dags/spark_airflow.py for tasks to queue
[2024-12-16T01:27:00.357+0000] {processor.py:914} INFO - Processing file /opt/airflow/dags/spark_airflow.py for tasks to queue
[2024-12-16T01:27:00.362+0000] {logging_mixin.py:190} INFO - [2024-12-16T01:27:00.361+0000] {dagbag.py:588} INFO - Filling up the DagBag from /opt/airflow/dags/spark_airflow.py
[2024-12-16T01:27:00.362+0000] {logging_mixin.py:190} INFO - [2024-12-16T01:27:00.361+0000] {dagbag.py:588} INFO - Filling up the DagBag from /opt/airflow/dags/spark_airflow.py
[2024-12-16T01:27:00.398+0000] {logging_mixin.py:190} INFO - [2024-12-16T01:27:00.392+0000] {dagbag.py:387} ERROR - Failed to import: /opt/airflow/dags/spark_airflow.py
Traceback (most recent call last):
  File "/home/airflow/.local/lib/python3.11/site-packages/airflow/models/dagbag.py", line 383, in parse
    loader.exec_module(new_module)
  File "<frozen importlib._bootstrap_external>", line 940, in exec_module
  File "<frozen importlib._bootstrap>", line 241, in _call_with_frames_removed
  File "/opt/airflow/dags/spark_airflow.py", line 11, in <module>
    "start_date": datetime.datetime(2024, 12, 15, 0, 0, tzinfo=Timezone('UTC'))
                                                               ^^^^^^^^
NameError: name 'Timezone' is not defined
[2024-12-16T01:27:00.400+0000] {processor.py:927} WARNING - No viable dags retrieved from /opt/airflow/dags/spark_airflow.py
[2024-12-16T01:27:00.402+0000] {logging_mixin.py:190} INFO - [2024-12-16T01:27:00.397+0000] {dagbag.py:387} ERROR - Failed to import: /opt/airflow/dags/spark_airflow.py
Traceback (most recent call last):
  File "/home/airflow/.local/lib/python3.11/site-packages/airflow/models/dagbag.py", line 383, in parse
    loader.exec_module(new_module)
  File "<frozen importlib._bootstrap_external>", line 940, in exec_module
  File "<frozen importlib._bootstrap>", line 241, in _call_with_frames_removed
  File "/opt/airflow/dags/spark_airflow.py", line 11, in <module>
    "start_date": datetime.datetime(2024, 12, 15, 0, 0, tzinfo=Timezone('UTC'))
                                                               ^^^^^^^^
NameError: name 'Timezone' is not defined
[2024-12-16T01:27:00.405+0000] {processor.py:927} WARNING - No viable dags retrieved from /opt/airflow/dags/spark_airflow.py
[2024-12-16T01:27:00.423+0000] {processor.py:208} INFO - Processing /opt/airflow/dags/spark_airflow.py took 0.074 seconds
[2024-12-16T01:27:00.428+0000] {processor.py:208} INFO - Processing /opt/airflow/dags/spark_airflow.py took 0.079 seconds
[2024-12-16T01:27:05.440+0000] {processor.py:186} INFO - Started process (PID=851) to work on /opt/airflow/dags/spark_airflow.py
[2024-12-16T01:27:05.440+0000] {processor.py:186} INFO - Started process (PID=850) to work on /opt/airflow/dags/spark_airflow.py
[2024-12-16T01:27:05.441+0000] {processor.py:914} INFO - Processing file /opt/airflow/dags/spark_airflow.py for tasks to queue
[2024-12-16T01:27:05.441+0000] {processor.py:914} INFO - Processing file /opt/airflow/dags/spark_airflow.py for tasks to queue
[2024-12-16T01:27:05.445+0000] {logging_mixin.py:190} INFO - [2024-12-16T01:27:05.444+0000] {dagbag.py:588} INFO - Filling up the DagBag from /opt/airflow/dags/spark_airflow.py
[2024-12-16T01:27:05.445+0000] {logging_mixin.py:190} INFO - [2024-12-16T01:27:05.444+0000] {dagbag.py:588} INFO - Filling up the DagBag from /opt/airflow/dags/spark_airflow.py
[2024-12-16T01:27:05.461+0000] {logging_mixin.py:190} INFO - [2024-12-16T01:27:05.460+0000] {dagbag.py:387} ERROR - Failed to import: /opt/airflow/dags/spark_airflow.py
Traceback (most recent call last):
  File "/home/airflow/.local/lib/python3.11/site-packages/airflow/models/dagbag.py", line 383, in parse
    loader.exec_module(new_module)
  File "<frozen importlib._bootstrap_external>", line 936, in exec_module
  File "<frozen importlib._bootstrap_external>", line 1074, in get_code
  File "<frozen importlib._bootstrap_external>", line 1004, in source_to_code
  File "<frozen importlib._bootstrap>", line 241, in _call_with_frames_removed
  File "/opt/airflow/dags/spark_airflow.py", line 11
    "start_date": 
                ^
SyntaxError: expression expected after dictionary key and ':'
[2024-12-16T01:27:05.461+0000] {logging_mixin.py:190} INFO - [2024-12-16T01:27:05.460+0000] {dagbag.py:387} ERROR - Failed to import: /opt/airflow/dags/spark_airflow.py
Traceback (most recent call last):
  File "/home/airflow/.local/lib/python3.11/site-packages/airflow/models/dagbag.py", line 383, in parse
    loader.exec_module(new_module)
  File "<frozen importlib._bootstrap_external>", line 936, in exec_module
  File "<frozen importlib._bootstrap_external>", line 1074, in get_code
  File "<frozen importlib._bootstrap_external>", line 1004, in source_to_code
  File "<frozen importlib._bootstrap>", line 241, in _call_with_frames_removed
  File "/opt/airflow/dags/spark_airflow.py", line 11
    "start_date": 
                ^
SyntaxError: expression expected after dictionary key and ':'
[2024-12-16T01:27:05.462+0000] {processor.py:927} WARNING - No viable dags retrieved from /opt/airflow/dags/spark_airflow.py
[2024-12-16T01:27:05.462+0000] {processor.py:927} WARNING - No viable dags retrieved from /opt/airflow/dags/spark_airflow.py
[2024-12-16T01:27:05.486+0000] {processor.py:208} INFO - Processing /opt/airflow/dags/spark_airflow.py took 0.051 seconds
[2024-12-16T01:27:05.492+0000] {processor.py:208} INFO - Processing /opt/airflow/dags/spark_airflow.py took 0.057 seconds
[2024-12-16T01:27:08.530+0000] {processor.py:186} INFO - Started process (PID=860) to work on /opt/airflow/dags/spark_airflow.py
[2024-12-16T01:27:08.530+0000] {processor.py:186} INFO - Started process (PID=861) to work on /opt/airflow/dags/spark_airflow.py
[2024-12-16T01:27:08.531+0000] {processor.py:914} INFO - Processing file /opt/airflow/dags/spark_airflow.py for tasks to queue
[2024-12-16T01:27:08.531+0000] {processor.py:914} INFO - Processing file /opt/airflow/dags/spark_airflow.py for tasks to queue
[2024-12-16T01:27:08.534+0000] {logging_mixin.py:190} INFO - [2024-12-16T01:27:08.534+0000] {dagbag.py:588} INFO - Filling up the DagBag from /opt/airflow/dags/spark_airflow.py
[2024-12-16T01:27:08.535+0000] {logging_mixin.py:190} INFO - [2024-12-16T01:27:08.534+0000] {dagbag.py:588} INFO - Filling up the DagBag from /opt/airflow/dags/spark_airflow.py
[2024-12-16T01:27:08.570+0000] {logging_mixin.py:190} INFO - [2024-12-16T01:27:08.564+0000] {dagbag.py:387} ERROR - Failed to import: /opt/airflow/dags/spark_airflow.py
Traceback (most recent call last):
  File "/home/airflow/.local/lib/python3.11/site-packages/airflow/models/dagbag.py", line 383, in parse
    loader.exec_module(new_module)
  File "<frozen importlib._bootstrap_external>", line 940, in exec_module
  File "<frozen importlib._bootstrap>", line 241, in _call_with_frames_removed
  File "/opt/airflow/dags/spark_airflow.py", line 12, in <module>
    "start_date": datetime.datetime(2024, 12, 15, 0, 0, tzinfo=Timezone('UTC'))
                                                               ^^^^^^^^
NameError: name 'Timezone' is not defined
[2024-12-16T01:27:08.572+0000] {processor.py:927} WARNING - No viable dags retrieved from /opt/airflow/dags/spark_airflow.py
[2024-12-16T01:27:08.573+0000] {logging_mixin.py:190} INFO - [2024-12-16T01:27:08.569+0000] {dagbag.py:387} ERROR - Failed to import: /opt/airflow/dags/spark_airflow.py
Traceback (most recent call last):
  File "/home/airflow/.local/lib/python3.11/site-packages/airflow/models/dagbag.py", line 383, in parse
    loader.exec_module(new_module)
  File "<frozen importlib._bootstrap_external>", line 940, in exec_module
  File "<frozen importlib._bootstrap>", line 241, in _call_with_frames_removed
  File "/opt/airflow/dags/spark_airflow.py", line 12, in <module>
    "start_date": datetime.datetime(2024, 12, 15, 0, 0, tzinfo=Timezone('UTC'))
                                                               ^^^^^^^^
NameError: name 'Timezone' is not defined
[2024-12-16T01:27:08.575+0000] {processor.py:927} WARNING - No viable dags retrieved from /opt/airflow/dags/spark_airflow.py
[2024-12-16T01:27:08.600+0000] {processor.py:208} INFO - Processing /opt/airflow/dags/spark_airflow.py took 0.076 seconds
[2024-12-16T01:27:08.604+0000] {processor.py:208} INFO - Processing /opt/airflow/dags/spark_airflow.py took 0.081 seconds
[2024-12-16T01:27:13.605+0000] {processor.py:186} INFO - Started process (PID=870) to work on /opt/airflow/dags/spark_airflow.py
[2024-12-16T01:27:13.606+0000] {processor.py:914} INFO - Processing file /opt/airflow/dags/spark_airflow.py for tasks to queue
[2024-12-16T01:27:13.610+0000] {logging_mixin.py:190} INFO - [2024-12-16T01:27:13.610+0000] {dagbag.py:588} INFO - Filling up the DagBag from /opt/airflow/dags/spark_airflow.py
[2024-12-16T01:27:13.629+0000] {processor.py:186} INFO - Started process (PID=873) to work on /opt/airflow/dags/spark_airflow.py
[2024-12-16T01:27:13.630+0000] {processor.py:914} INFO - Processing file /opt/airflow/dags/spark_airflow.py for tasks to queue
[2024-12-16T01:27:13.635+0000] {logging_mixin.py:190} INFO - [2024-12-16T01:27:13.635+0000] {dagbag.py:588} INFO - Filling up the DagBag from /opt/airflow/dags/spark_airflow.py
[2024-12-16T01:27:13.656+0000] {logging_mixin.py:190} INFO - [2024-12-16T01:27:13.651+0000] {dagbag.py:387} ERROR - Failed to import: /opt/airflow/dags/spark_airflow.py
Traceback (most recent call last):
  File "/home/airflow/.local/lib/python3.11/site-packages/airflow/models/dagbag.py", line 383, in parse
    loader.exec_module(new_module)
  File "<frozen importlib._bootstrap_external>", line 940, in exec_module
  File "<frozen importlib._bootstrap>", line 241, in _call_with_frames_removed
  File "/opt/airflow/dags/spark_airflow.py", line 10, in <module>
    "start_date": datetime.datetime(2024, 12, 15, 0, 0, tzinfo=Timezone('UTC'))
                  ^^^^^^^^
NameError: name 'datetime' is not defined
[2024-12-16T01:27:13.658+0000] {processor.py:927} WARNING - No viable dags retrieved from /opt/airflow/dags/spark_airflow.py
[2024-12-16T01:27:13.673+0000] {logging_mixin.py:190} INFO - [2024-12-16T01:27:13.667+0000] {dagbag.py:387} ERROR - Failed to import: /opt/airflow/dags/spark_airflow.py
Traceback (most recent call last):
  File "/home/airflow/.local/lib/python3.11/site-packages/airflow/models/dagbag.py", line 383, in parse
    loader.exec_module(new_module)
  File "<frozen importlib._bootstrap_external>", line 940, in exec_module
  File "<frozen importlib._bootstrap>", line 241, in _call_with_frames_removed
  File "/opt/airflow/dags/spark_airflow.py", line 10, in <module>
    "start_date": datetime.datetime(2024, 12, 15, 0, 0, tzinfo=Timezone('UTC'))
                  ^^^^^^^^
NameError: name 'datetime' is not defined
[2024-12-16T01:27:13.676+0000] {processor.py:927} WARNING - No viable dags retrieved from /opt/airflow/dags/spark_airflow.py
[2024-12-16T01:27:13.690+0000] {processor.py:208} INFO - Processing /opt/airflow/dags/spark_airflow.py took 0.092 seconds
[2024-12-16T01:27:13.700+0000] {processor.py:208} INFO - Processing /opt/airflow/dags/spark_airflow.py took 0.080 seconds
[2024-12-16T01:27:14.694+0000] {processor.py:186} INFO - Started process (PID=881) to work on /opt/airflow/dags/spark_airflow.py
[2024-12-16T01:27:14.694+0000] {processor.py:186} INFO - Started process (PID=880) to work on /opt/airflow/dags/spark_airflow.py
[2024-12-16T01:27:14.695+0000] {processor.py:914} INFO - Processing file /opt/airflow/dags/spark_airflow.py for tasks to queue
[2024-12-16T01:27:14.695+0000] {processor.py:914} INFO - Processing file /opt/airflow/dags/spark_airflow.py for tasks to queue
[2024-12-16T01:27:14.698+0000] {logging_mixin.py:190} INFO - [2024-12-16T01:27:14.698+0000] {dagbag.py:588} INFO - Filling up the DagBag from /opt/airflow/dags/spark_airflow.py
[2024-12-16T01:27:14.699+0000] {logging_mixin.py:190} INFO - [2024-12-16T01:27:14.698+0000] {dagbag.py:588} INFO - Filling up the DagBag from /opt/airflow/dags/spark_airflow.py
[2024-12-16T01:27:14.736+0000] {logging_mixin.py:190} INFO - [2024-12-16T01:27:14.729+0000] {dagbag.py:387} ERROR - Failed to import: /opt/airflow/dags/spark_airflow.py
Traceback (most recent call last):
  File "/home/airflow/.local/lib/python3.11/site-packages/airflow/models/dagbag.py", line 383, in parse
    loader.exec_module(new_module)
  File "<frozen importlib._bootstrap_external>", line 940, in exec_module
  File "<frozen importlib._bootstrap>", line 241, in _call_with_frames_removed
  File "/opt/airflow/dags/spark_airflow.py", line 7, in <module>
    dag = DAG(
          ^^^^
  File "/home/airflow/.local/lib/python3.11/site-packages/airflow/models/dag.py", line 593, in __init__
    validate_key(dag_id)
  File "/home/airflow/.local/lib/python3.11/site-packages/airflow/utils/helpers.py", line 53, in validate_key
    raise TypeError(f"The key has to be a string and is {type(k)}:{k}")
TypeError: The key has to be a string and is <class 'dict'>:{'owner': 'Haris Syd', 'start_date': datetime.datetime(2024, 12, 15, 0, 0, tzinfo=Timezone('UTC'))}
[2024-12-16T01:27:14.737+0000] {processor.py:927} WARNING - No viable dags retrieved from /opt/airflow/dags/spark_airflow.py
[2024-12-16T01:27:14.739+0000] {logging_mixin.py:190} INFO - [2024-12-16T01:27:14.733+0000] {dagbag.py:387} ERROR - Failed to import: /opt/airflow/dags/spark_airflow.py
Traceback (most recent call last):
  File "/home/airflow/.local/lib/python3.11/site-packages/airflow/models/dagbag.py", line 383, in parse
    loader.exec_module(new_module)
  File "<frozen importlib._bootstrap_external>", line 940, in exec_module
  File "<frozen importlib._bootstrap>", line 241, in _call_with_frames_removed
  File "/opt/airflow/dags/spark_airflow.py", line 7, in <module>
    dag = DAG(
          ^^^^
  File "/home/airflow/.local/lib/python3.11/site-packages/airflow/models/dag.py", line 593, in __init__
    validate_key(dag_id)
  File "/home/airflow/.local/lib/python3.11/site-packages/airflow/utils/helpers.py", line 53, in validate_key
    raise TypeError(f"The key has to be a string and is {type(k)}:{k}")
TypeError: The key has to be a string and is <class 'dict'>:{'owner': 'Haris Syd', 'start_date': datetime.datetime(2024, 12, 15, 0, 0, tzinfo=Timezone('UTC'))}
[2024-12-16T01:27:14.741+0000] {processor.py:927} WARNING - No viable dags retrieved from /opt/airflow/dags/spark_airflow.py
[2024-12-16T01:27:14.766+0000] {processor.py:208} INFO - Processing /opt/airflow/dags/spark_airflow.py took 0.076 seconds
[2024-12-16T01:27:14.772+0000] {processor.py:208} INFO - Processing /opt/airflow/dags/spark_airflow.py took 0.083 seconds
[2024-12-16T01:27:44.981+0000] {processor.py:186} INFO - Started process (PID=890) to work on /opt/airflow/dags/spark_airflow.py
[2024-12-16T01:27:44.981+0000] {processor.py:186} INFO - Started process (PID=892) to work on /opt/airflow/dags/spark_airflow.py
[2024-12-16T01:27:44.982+0000] {processor.py:914} INFO - Processing file /opt/airflow/dags/spark_airflow.py for tasks to queue
[2024-12-16T01:27:44.983+0000] {processor.py:914} INFO - Processing file /opt/airflow/dags/spark_airflow.py for tasks to queue
[2024-12-16T01:27:44.986+0000] {logging_mixin.py:190} INFO - [2024-12-16T01:27:44.986+0000] {dagbag.py:588} INFO - Filling up the DagBag from /opt/airflow/dags/spark_airflow.py
[2024-12-16T01:27:44.986+0000] {logging_mixin.py:190} INFO - [2024-12-16T01:27:44.986+0000] {dagbag.py:588} INFO - Filling up the DagBag from /opt/airflow/dags/spark_airflow.py
[2024-12-16T01:27:45.007+0000] {logging_mixin.py:190} INFO - [2024-12-16T01:27:45.002+0000] {dagbag.py:387} ERROR - Failed to import: /opt/airflow/dags/spark_airflow.py
Traceback (most recent call last):
  File "/home/airflow/.local/lib/python3.11/site-packages/airflow/models/dagbag.py", line 383, in parse
    loader.exec_module(new_module)
  File "<frozen importlib._bootstrap_external>", line 940, in exec_module
  File "<frozen importlib._bootstrap>", line 241, in _call_with_frames_removed
  File "/opt/airflow/dags/spark_airflow.py", line 7, in <module>
    dag = DAG(
          ^^^^
  File "/home/airflow/.local/lib/python3.11/site-packages/airflow/models/dag.py", line 593, in __init__
    validate_key(dag_id)
  File "/home/airflow/.local/lib/python3.11/site-packages/airflow/utils/helpers.py", line 53, in validate_key
    raise TypeError(f"The key has to be a string and is {type(k)}:{k}")
TypeError: The key has to be a string and is <class 'dict'>:{'owner': 'Haris Syd', 'start_date': datetime.datetime(2024, 12, 15, 0, 0, tzinfo=Timezone('UTC'))}
[2024-12-16T01:27:45.007+0000] {logging_mixin.py:190} INFO - [2024-12-16T01:27:45.001+0000] {dagbag.py:387} ERROR - Failed to import: /opt/airflow/dags/spark_airflow.py
Traceback (most recent call last):
  File "/home/airflow/.local/lib/python3.11/site-packages/airflow/models/dagbag.py", line 383, in parse
    loader.exec_module(new_module)
  File "<frozen importlib._bootstrap_external>", line 940, in exec_module
  File "<frozen importlib._bootstrap>", line 241, in _call_with_frames_removed
  File "/opt/airflow/dags/spark_airflow.py", line 7, in <module>
    dag = DAG(
          ^^^^
  File "/home/airflow/.local/lib/python3.11/site-packages/airflow/models/dag.py", line 593, in __init__
    validate_key(dag_id)
  File "/home/airflow/.local/lib/python3.11/site-packages/airflow/utils/helpers.py", line 53, in validate_key
    raise TypeError(f"The key has to be a string and is {type(k)}:{k}")
TypeError: The key has to be a string and is <class 'dict'>:{'owner': 'Haris Syd', 'start_date': datetime.datetime(2024, 12, 15, 0, 0, tzinfo=Timezone('UTC'))}
[2024-12-16T01:27:45.007+0000] {processor.py:927} WARNING - No viable dags retrieved from /opt/airflow/dags/spark_airflow.py
[2024-12-16T01:27:45.008+0000] {processor.py:927} WARNING - No viable dags retrieved from /opt/airflow/dags/spark_airflow.py
[2024-12-16T01:27:45.035+0000] {processor.py:208} INFO - Processing /opt/airflow/dags/spark_airflow.py took 0.062 seconds
[2024-12-16T01:27:45.040+0000] {processor.py:208} INFO - Processing /opt/airflow/dags/spark_airflow.py took 0.067 seconds
[2024-12-16T01:28:02.140+0000] {processor.py:186} INFO - Started process (PID=901) to work on /opt/airflow/dags/spark_airflow.py
[2024-12-16T01:28:02.140+0000] {processor.py:186} INFO - Started process (PID=900) to work on /opt/airflow/dags/spark_airflow.py
[2024-12-16T01:28:02.141+0000] {processor.py:914} INFO - Processing file /opt/airflow/dags/spark_airflow.py for tasks to queue
[2024-12-16T01:28:02.141+0000] {processor.py:914} INFO - Processing file /opt/airflow/dags/spark_airflow.py for tasks to queue
[2024-12-16T01:28:02.144+0000] {logging_mixin.py:190} INFO - [2024-12-16T01:28:02.143+0000] {dagbag.py:588} INFO - Filling up the DagBag from /opt/airflow/dags/spark_airflow.py
[2024-12-16T01:28:02.144+0000] {logging_mixin.py:190} INFO - [2024-12-16T01:28:02.143+0000] {dagbag.py:588} INFO - Filling up the DagBag from /opt/airflow/dags/spark_airflow.py
[2024-12-16T01:28:02.174+0000] {logging_mixin.py:190} INFO - [2024-12-16T01:28:02.168+0000] {dagbag.py:387} ERROR - Failed to import: /opt/airflow/dags/spark_airflow.py
Traceback (most recent call last):
  File "/home/airflow/.local/lib/python3.11/site-packages/airflow/models/dagbag.py", line 383, in parse
    loader.exec_module(new_module)
  File "<frozen importlib._bootstrap_external>", line 940, in exec_module
  File "<frozen importlib._bootstrap>", line 241, in _call_with_frames_removed
  File "/opt/airflow/dags/spark_airflow.py", line 12, in <module>
    dag=dag
        ^^^
NameError: name 'dag' is not defined
[2024-12-16T01:28:02.175+0000] {processor.py:927} WARNING - No viable dags retrieved from /opt/airflow/dags/spark_airflow.py
[2024-12-16T01:28:02.177+0000] {logging_mixin.py:190} INFO - [2024-12-16T01:28:02.171+0000] {dagbag.py:387} ERROR - Failed to import: /opt/airflow/dags/spark_airflow.py
Traceback (most recent call last):
  File "/home/airflow/.local/lib/python3.11/site-packages/airflow/models/dagbag.py", line 383, in parse
    loader.exec_module(new_module)
  File "<frozen importlib._bootstrap_external>", line 940, in exec_module
  File "<frozen importlib._bootstrap>", line 241, in _call_with_frames_removed
  File "/opt/airflow/dags/spark_airflow.py", line 12, in <module>
    dag=dag
        ^^^
NameError: name 'dag' is not defined
[2024-12-16T01:28:02.179+0000] {processor.py:927} WARNING - No viable dags retrieved from /opt/airflow/dags/spark_airflow.py
[2024-12-16T01:28:02.205+0000] {processor.py:208} INFO - Processing /opt/airflow/dags/spark_airflow.py took 0.070 seconds
[2024-12-16T01:28:02.208+0000] {processor.py:208} INFO - Processing /opt/airflow/dags/spark_airflow.py took 0.073 seconds
[2024-12-16T01:28:07.244+0000] {processor.py:186} INFO - Started process (PID=910) to work on /opt/airflow/dags/spark_airflow.py
[2024-12-16T01:28:07.245+0000] {processor.py:186} INFO - Started process (PID=911) to work on /opt/airflow/dags/spark_airflow.py
[2024-12-16T01:28:07.245+0000] {processor.py:914} INFO - Processing file /opt/airflow/dags/spark_airflow.py for tasks to queue
[2024-12-16T01:28:07.245+0000] {processor.py:914} INFO - Processing file /opt/airflow/dags/spark_airflow.py for tasks to queue
[2024-12-16T01:28:07.248+0000] {logging_mixin.py:190} INFO - [2024-12-16T01:28:07.248+0000] {dagbag.py:588} INFO - Filling up the DagBag from /opt/airflow/dags/spark_airflow.py
[2024-12-16T01:28:07.249+0000] {logging_mixin.py:190} INFO - [2024-12-16T01:28:07.249+0000] {dagbag.py:588} INFO - Filling up the DagBag from /opt/airflow/dags/spark_airflow.py
[2024-12-16T01:28:07.282+0000] {logging_mixin.py:190} INFO - [2024-12-16T01:28:07.277+0000] {dagbag.py:387} ERROR - Failed to import: /opt/airflow/dags/spark_airflow.py
Traceback (most recent call last):
  File "/home/airflow/.local/lib/python3.11/site-packages/airflow/models/dagbag.py", line 383, in parse
    loader.exec_module(new_module)
  File "<frozen importlib._bootstrap_external>", line 940, in exec_module
  File "<frozen importlib._bootstrap>", line 241, in _call_with_frames_removed
  File "/opt/airflow/dags/spark_airflow.py", line 13, in <module>
    dag=dag
        ^^^
NameError: name 'dag' is not defined
[2024-12-16T01:28:07.284+0000] {processor.py:927} WARNING - No viable dags retrieved from /opt/airflow/dags/spark_airflow.py
[2024-12-16T01:28:07.286+0000] {logging_mixin.py:190} INFO - [2024-12-16T01:28:07.281+0000] {dagbag.py:387} ERROR - Failed to import: /opt/airflow/dags/spark_airflow.py
Traceback (most recent call last):
  File "/home/airflow/.local/lib/python3.11/site-packages/airflow/models/dagbag.py", line 383, in parse
    loader.exec_module(new_module)
  File "<frozen importlib._bootstrap_external>", line 940, in exec_module
  File "<frozen importlib._bootstrap>", line 241, in _call_with_frames_removed
  File "/opt/airflow/dags/spark_airflow.py", line 13, in <module>
    dag=dag
        ^^^
NameError: name 'dag' is not defined
[2024-12-16T01:28:07.288+0000] {processor.py:927} WARNING - No viable dags retrieved from /opt/airflow/dags/spark_airflow.py
[2024-12-16T01:28:07.311+0000] {processor.py:208} INFO - Processing /opt/airflow/dags/spark_airflow.py took 0.071 seconds
[2024-12-16T01:28:07.314+0000] {processor.py:208} INFO - Processing /opt/airflow/dags/spark_airflow.py took 0.074 seconds
[2024-12-16T01:28:09.313+0000] {processor.py:186} INFO - Started process (PID=921) to work on /opt/airflow/dags/spark_airflow.py
[2024-12-16T01:28:09.313+0000] {processor.py:186} INFO - Started process (PID=920) to work on /opt/airflow/dags/spark_airflow.py
[2024-12-16T01:28:09.314+0000] {processor.py:914} INFO - Processing file /opt/airflow/dags/spark_airflow.py for tasks to queue
[2024-12-16T01:28:09.314+0000] {processor.py:914} INFO - Processing file /opt/airflow/dags/spark_airflow.py for tasks to queue
[2024-12-16T01:28:09.317+0000] {logging_mixin.py:190} INFO - [2024-12-16T01:28:09.317+0000] {dagbag.py:588} INFO - Filling up the DagBag from /opt/airflow/dags/spark_airflow.py
[2024-12-16T01:28:09.318+0000] {logging_mixin.py:190} INFO - [2024-12-16T01:28:09.317+0000] {dagbag.py:588} INFO - Filling up the DagBag from /opt/airflow/dags/spark_airflow.py
[2024-12-16T01:28:09.362+0000] {logging_mixin.py:190} INFO - [2024-12-16T01:28:09.355+0000] {dagbag.py:387} ERROR - Failed to import: /opt/airflow/dags/spark_airflow.py
Traceback (most recent call last):
  File "/home/airflow/.local/lib/python3.11/site-packages/airflow/models/dagbag.py", line 383, in parse
    loader.exec_module(new_module)
  File "<frozen importlib._bootstrap_external>", line 940, in exec_module
  File "<frozen importlib._bootstrap>", line 241, in _call_with_frames_removed
  File "/opt/airflow/dags/spark_airflow.py", line 13, in <module>
    dag=dag
        ^^^
NameError: name 'dag' is not defined
[2024-12-16T01:28:09.364+0000] {processor.py:927} WARNING - No viable dags retrieved from /opt/airflow/dags/spark_airflow.py
[2024-12-16T01:28:09.367+0000] {logging_mixin.py:190} INFO - [2024-12-16T01:28:09.360+0000] {dagbag.py:387} ERROR - Failed to import: /opt/airflow/dags/spark_airflow.py
Traceback (most recent call last):
  File "/home/airflow/.local/lib/python3.11/site-packages/airflow/models/dagbag.py", line 383, in parse
    loader.exec_module(new_module)
  File "<frozen importlib._bootstrap_external>", line 940, in exec_module
  File "<frozen importlib._bootstrap>", line 241, in _call_with_frames_removed
  File "/opt/airflow/dags/spark_airflow.py", line 13, in <module>
    dag=dag
        ^^^
NameError: name 'dag' is not defined
[2024-12-16T01:28:09.369+0000] {processor.py:927} WARNING - No viable dags retrieved from /opt/airflow/dags/spark_airflow.py
[2024-12-16T01:28:09.395+0000] {processor.py:208} INFO - Processing /opt/airflow/dags/spark_airflow.py took 0.087 seconds
[2024-12-16T01:28:09.400+0000] {processor.py:208} INFO - Processing /opt/airflow/dags/spark_airflow.py took 0.092 seconds
[2024-12-16T01:28:12.406+0000] {processor.py:186} INFO - Started process (PID=930) to work on /opt/airflow/dags/spark_airflow.py
[2024-12-16T01:28:12.407+0000] {processor.py:186} INFO - Started process (PID=931) to work on /opt/airflow/dags/spark_airflow.py
[2024-12-16T01:28:12.407+0000] {processor.py:914} INFO - Processing file /opt/airflow/dags/spark_airflow.py for tasks to queue
[2024-12-16T01:28:12.408+0000] {processor.py:914} INFO - Processing file /opt/airflow/dags/spark_airflow.py for tasks to queue
[2024-12-16T01:28:12.410+0000] {logging_mixin.py:190} INFO - [2024-12-16T01:28:12.409+0000] {dagbag.py:588} INFO - Filling up the DagBag from /opt/airflow/dags/spark_airflow.py
[2024-12-16T01:28:12.411+0000] {logging_mixin.py:190} INFO - [2024-12-16T01:28:12.411+0000] {dagbag.py:588} INFO - Filling up the DagBag from /opt/airflow/dags/spark_airflow.py
[2024-12-16T01:28:12.443+0000] {logging_mixin.py:190} INFO - [2024-12-16T01:28:12.438+0000] {dagbag.py:387} ERROR - Failed to import: /opt/airflow/dags/spark_airflow.py
Traceback (most recent call last):
  File "/home/airflow/.local/lib/python3.11/site-packages/airflow/models/dagbag.py", line 383, in parse
    loader.exec_module(new_module)
  File "<frozen importlib._bootstrap_external>", line 940, in exec_module
  File "<frozen importlib._bootstrap>", line 241, in _call_with_frames_removed
  File "/opt/airflow/dags/spark_airflow.py", line 15, in <module>
    dag=dag
        ^^^
NameError: name 'dag' is not defined
[2024-12-16T01:28:12.444+0000] {processor.py:927} WARNING - No viable dags retrieved from /opt/airflow/dags/spark_airflow.py
[2024-12-16T01:28:12.446+0000] {logging_mixin.py:190} INFO - [2024-12-16T01:28:12.442+0000] {dagbag.py:387} ERROR - Failed to import: /opt/airflow/dags/spark_airflow.py
Traceback (most recent call last):
  File "/home/airflow/.local/lib/python3.11/site-packages/airflow/models/dagbag.py", line 383, in parse
    loader.exec_module(new_module)
  File "<frozen importlib._bootstrap_external>", line 940, in exec_module
  File "<frozen importlib._bootstrap>", line 241, in _call_with_frames_removed
  File "/opt/airflow/dags/spark_airflow.py", line 15, in <module>
    dag=dag
        ^^^
NameError: name 'dag' is not defined
[2024-12-16T01:28:12.448+0000] {processor.py:927} WARNING - No viable dags retrieved from /opt/airflow/dags/spark_airflow.py
[2024-12-16T01:28:12.472+0000] {processor.py:208} INFO - Processing /opt/airflow/dags/spark_airflow.py took 0.072 seconds
[2024-12-16T01:28:12.476+0000] {processor.py:208} INFO - Processing /opt/airflow/dags/spark_airflow.py took 0.075 seconds
[2024-12-16T01:28:14.498+0000] {processor.py:186} INFO - Started process (PID=940) to work on /opt/airflow/dags/spark_airflow.py
[2024-12-16T01:28:14.498+0000] {processor.py:186} INFO - Started process (PID=941) to work on /opt/airflow/dags/spark_airflow.py
[2024-12-16T01:28:14.499+0000] {processor.py:914} INFO - Processing file /opt/airflow/dags/spark_airflow.py for tasks to queue
[2024-12-16T01:28:14.499+0000] {processor.py:914} INFO - Processing file /opt/airflow/dags/spark_airflow.py for tasks to queue
[2024-12-16T01:28:14.502+0000] {logging_mixin.py:190} INFO - [2024-12-16T01:28:14.502+0000] {dagbag.py:588} INFO - Filling up the DagBag from /opt/airflow/dags/spark_airflow.py
[2024-12-16T01:28:14.502+0000] {logging_mixin.py:190} INFO - [2024-12-16T01:28:14.502+0000] {dagbag.py:588} INFO - Filling up the DagBag from /opt/airflow/dags/spark_airflow.py
[2024-12-16T01:28:14.545+0000] {logging_mixin.py:190} INFO - [2024-12-16T01:28:14.533+0000] {dagbag.py:387} ERROR - Failed to import: /opt/airflow/dags/spark_airflow.py
Traceback (most recent call last):
  File "/home/airflow/.local/lib/python3.11/site-packages/airflow/models/dagbag.py", line 383, in parse
    loader.exec_module(new_module)
  File "<frozen importlib._bootstrap_external>", line 940, in exec_module
  File "<frozen importlib._bootstrap>", line 241, in _call_with_frames_removed
  File "/opt/airflow/dags/spark_airflow.py", line 16, in <module>
    dag=dag
        ^^^
NameError: name 'dag' is not defined
[2024-12-16T01:28:14.546+0000] {logging_mixin.py:190} INFO - [2024-12-16T01:28:14.537+0000] {dagbag.py:387} ERROR - Failed to import: /opt/airflow/dags/spark_airflow.py
Traceback (most recent call last):
  File "/home/airflow/.local/lib/python3.11/site-packages/airflow/models/dagbag.py", line 383, in parse
    loader.exec_module(new_module)
  File "<frozen importlib._bootstrap_external>", line 940, in exec_module
  File "<frozen importlib._bootstrap>", line 241, in _call_with_frames_removed
  File "/opt/airflow/dags/spark_airflow.py", line 16, in <module>
    dag=dag
        ^^^
NameError: name 'dag' is not defined
[2024-12-16T01:28:14.547+0000] {processor.py:927} WARNING - No viable dags retrieved from /opt/airflow/dags/spark_airflow.py
[2024-12-16T01:28:14.548+0000] {processor.py:927} WARNING - No viable dags retrieved from /opt/airflow/dags/spark_airflow.py
[2024-12-16T01:28:14.576+0000] {processor.py:208} INFO - Processing /opt/airflow/dags/spark_airflow.py took 0.085 seconds
[2024-12-16T01:28:14.581+0000] {processor.py:208} INFO - Processing /opt/airflow/dags/spark_airflow.py took 0.090 seconds
[2024-12-16T01:28:16.559+0000] {processor.py:186} INFO - Started process (PID=950) to work on /opt/airflow/dags/spark_airflow.py
[2024-12-16T01:28:16.559+0000] {processor.py:186} INFO - Started process (PID=951) to work on /opt/airflow/dags/spark_airflow.py
[2024-12-16T01:28:16.560+0000] {processor.py:914} INFO - Processing file /opt/airflow/dags/spark_airflow.py for tasks to queue
[2024-12-16T01:28:16.560+0000] {processor.py:914} INFO - Processing file /opt/airflow/dags/spark_airflow.py for tasks to queue
[2024-12-16T01:28:16.564+0000] {logging_mixin.py:190} INFO - [2024-12-16T01:28:16.563+0000] {dagbag.py:588} INFO - Filling up the DagBag from /opt/airflow/dags/spark_airflow.py
[2024-12-16T01:28:16.564+0000] {logging_mixin.py:190} INFO - [2024-12-16T01:28:16.564+0000] {dagbag.py:588} INFO - Filling up the DagBag from /opt/airflow/dags/spark_airflow.py
[2024-12-16T01:28:16.611+0000] {processor.py:925} INFO - DAG(s) 'example_dag' retrieved from /opt/airflow/dags/spark_airflow.py
[2024-12-16T01:28:16.629+0000] {processor.py:925} INFO - DAG(s) 'example_dag' retrieved from /opt/airflow/dags/spark_airflow.py
[2024-12-16T01:28:16.802+0000] {logging_mixin.py:190} INFO - [2024-12-16T01:28:16.801+0000] {override.py:1911} INFO - Created Permission View: can delete on DAG:example_dag
[2024-12-16T01:28:16.815+0000] {logging_mixin.py:190} INFO - [2024-12-16T01:28:16.814+0000] {override.py:1911} INFO - Created Permission View: can read on DAG:example_dag
[2024-12-16T01:28:16.824+0000] {logging_mixin.py:190} INFO - [2024-12-16T01:28:16.824+0000] {override.py:1911} INFO - Created Permission View: can edit on DAG:example_dag
[2024-12-16T01:28:16.833+0000] {logging_mixin.py:190} INFO - [2024-12-16T01:28:16.833+0000] {override.py:1911} INFO - Created Permission View: can delete on DAG Run:example_dag
[2024-12-16T01:28:16.842+0000] {logging_mixin.py:190} INFO - [2024-12-16T01:28:16.841+0000] {override.py:1911} INFO - Created Permission View: can create on DAG Run:example_dag
[2024-12-16T01:28:16.851+0000] {logging_mixin.py:190} INFO - [2024-12-16T01:28:16.851+0000] {override.py:1911} INFO - Created Permission View: can read on DAG Run:example_dag
[2024-12-16T01:28:16.860+0000] {logging_mixin.py:190} INFO - [2024-12-16T01:28:16.860+0000] {override.py:1911} INFO - Created Permission View: menu access on DAG Run:example_dag
[2024-12-16T01:28:16.861+0000] {logging_mixin.py:190} INFO - [2024-12-16T01:28:16.860+0000] {dag.py:3239} INFO - Sync 1 DAGs
[2024-12-16T01:28:16.876+0000] {logging_mixin.py:190} INFO - [2024-12-16T01:28:16.876+0000] {dag.py:3262} INFO - Creating ORM DAG for example_dag
[2024-12-16T01:28:16.892+0000] {logging_mixin.py:190} INFO - [2024-12-16T01:28:16.892+0000] {dag.py:4180} INFO - Setting next_dagrun for example_dag to 2024-12-15T00:00:00+00:00, run_after=2024-12-16T00:00:00+00:00
[2024-12-16T01:28:16.901+0000] {logging_mixin.py:190} INFO - [2024-12-16T01:28:16.900+0000] {dag.py:3239} INFO - Sync 1 DAGs
[2024-12-16T01:28:16.913+0000] {processor.py:208} INFO - Processing /opt/airflow/dags/spark_airflow.py took 0.362 seconds
[2024-12-16T01:28:16.966+0000] {logging_mixin.py:190} INFO - [2024-12-16T01:28:16.965+0000] {dag.py:4180} INFO - Setting next_dagrun for example_dag to 2024-12-15T00:00:00+00:00, run_after=2024-12-16T00:00:00+00:00
[2024-12-16T01:28:17.192+0000] {logging_mixin.py:190} INFO - [2024-12-16T01:28:17.187+0000] {dagbag.py:698} ERROR - Failed to write serialized DAG: /opt/airflow/dags/spark_airflow.py
Traceback (most recent call last):
  File "/home/airflow/.local/lib/python3.11/site-packages/airflow/models/dagbag.py", line 686, in _serialize_dag_capturing_errors
    dag_was_updated = SerializedDagModel.write_dag(
                      ^^^^^^^^^^^^^^^^^^^^^^^^^^^^^
  File "/home/airflow/.local/lib/python3.11/site-packages/airflow/utils/session.py", line 94, in wrapper
    return func(*args, **kwargs)
           ^^^^^^^^^^^^^^^^^^^^^
  File "/home/airflow/.local/lib/python3.11/site-packages/airflow/models/serialized_dag.py", line 160, in write_dag
    if session.scalar(
       ^^^^^^^^^^^^^^^
  File "/home/airflow/.local/lib/python3.11/site-packages/sqlalchemy/orm/session.py", line 1747, in scalar
    return self.execute(
           ^^^^^^^^^^^^^
  File "/home/airflow/.local/lib/python3.11/site-packages/sqlalchemy/orm/session.py", line 1716, in execute
    conn = self._connection_for_bind(bind)
           ^^^^^^^^^^^^^^^^^^^^^^^^^^^^^^^
  File "/home/airflow/.local/lib/python3.11/site-packages/sqlalchemy/orm/session.py", line 1555, in _connection_for_bind
    return self._transaction._connection_for_bind(
           ^^^^^^^^^^^^^^^^^^^^^^^^^^^^^^^^^^^^^^^
  File "/home/airflow/.local/lib/python3.11/site-packages/sqlalchemy/orm/session.py", line 724, in _connection_for_bind
    self._assert_active()
  File "/home/airflow/.local/lib/python3.11/site-packages/sqlalchemy/orm/session.py", line 604, in _assert_active
    raise sa_exc.PendingRollbackError(
sqlalchemy.exc.PendingRollbackError: This Session's transaction has been rolled back due to a previous exception during flush. To begin a new transaction with this Session, first issue Session.rollback(). Original exception was: (psycopg2.errors.UniqueViolation) duplicate key value violates unique constraint "serialized_dag_pkey"
DETAIL:  Key (dag_id)=(example_dag) already exists.

[SQL: INSERT INTO serialized_dag (dag_id, fileloc, fileloc_hash, data, data_compressed, last_updated, dag_hash, processor_subdir) VALUES (%(dag_id)s, %(fileloc)s, %(fileloc_hash)s, %(data)s, %(data_compressed)s, %(last_updated)s, %(dag_hash)s, %(processor_subdir)s)]
[parameters: {'dag_id': 'example_dag', 'fileloc': '/opt/airflow/dags/spark_airflow.py', 'fileloc_hash': 16732433089539742, 'data': '{"__version": 1, "dag": {"default_args": {"__var": {"owner": "Haris Syd", "start_date": {"__var": 1734220800.0, "__type": "datetime"}}, "__type": "di ... (1120 characters truncated) ... hon", "_is_empty": false, "start_trigger_args": null, "op_args": [], "op_kwargs": {}}, "__type": "operator"}], "dag_dependencies": [], "params": []}}', 'data_compressed': None, 'last_updated': datetime.datetime(2024, 12, 16, 1, 28, 16, 649600, tzinfo=Timezone('UTC')), 'dag_hash': '8d209076391f33a1a13eef7e5b77f3e7', 'processor_subdir': '/opt/airflow/dags'}]
(Background on this error at: https://sqlalche.me/e/14/gkpj) (Background on this error at: https://sqlalche.me/e/14/7s2a)
[2024-12-16T01:28:17.194+0000] {logging_mixin.py:190} INFO - [2024-12-16T01:28:17.194+0000] {dag.py:3239} INFO - Sync 1 DAGs
[2024-12-16T01:28:17.197+0000] {processor.py:211} ERROR - Got an exception! Propagating...
Traceback (most recent call last):
  File "/home/airflow/.local/lib/python3.11/site-packages/airflow/dag_processing/processor.py", line 207, in _run_file_processor
    _handle_dag_file_processing()
  File "/home/airflow/.local/lib/python3.11/site-packages/airflow/dag_processing/processor.py", line 188, in _handle_dag_file_processing
    result: tuple[int, int, int] = dag_file_processor.process_file(
                                   ^^^^^^^^^^^^^^^^^^^^^^^^^^^^^^^^
  File "/home/airflow/.local/lib/python3.11/site-packages/airflow/utils/session.py", line 97, in wrapper
    return func(*args, session=session, **kwargs)
           ^^^^^^^^^^^^^^^^^^^^^^^^^^^^^^^^^^^^^^
  File "/home/airflow/.local/lib/python3.11/site-packages/airflow/dag_processing/processor.py", line 942, in process_file
    serialize_errors = DagFileProcessor.save_dag_to_db(
                       ^^^^^^^^^^^^^^^^^^^^^^^^^^^^^^^^
  File "/home/airflow/.local/lib/python3.11/site-packages/airflow/api_internal/internal_api_call.py", line 166, in wrapper
    return func(*args, **kwargs)
           ^^^^^^^^^^^^^^^^^^^^^
  File "/home/airflow/.local/lib/python3.11/site-packages/airflow/utils/session.py", line 97, in wrapper
    return func(*args, session=session, **kwargs)
           ^^^^^^^^^^^^^^^^^^^^^^^^^^^^^^^^^^^^^^
  File "/home/airflow/.local/lib/python3.11/site-packages/airflow/dag_processing/processor.py", line 982, in save_dag_to_db
    import_errors = DagBag._sync_to_db(dags=dags, processor_subdir=dag_directory, session=session)
                    ^^^^^^^^^^^^^^^^^^^^^^^^^^^^^^^^^^^^^^^^^^^^^^^^^^^^^^^^^^^^^^^^^^^^^^^^^^^^^^
  File "/home/airflow/.local/lib/python3.11/site-packages/airflow/utils/session.py", line 94, in wrapper
    return func(*args, **kwargs)
           ^^^^^^^^^^^^^^^^^^^^^
  File "/home/airflow/.local/lib/python3.11/site-packages/airflow/models/dagbag.py", line 708, in _sync_to_db
    for attempt in run_with_db_retries(logger=log):
  File "/home/airflow/.local/lib/python3.11/site-packages/tenacity/__init__.py", line 347, in __iter__
    do = self.iter(retry_state=retry_state)
         ^^^^^^^^^^^^^^^^^^^^^^^^^^^^^^^^^^
  File "/home/airflow/.local/lib/python3.11/site-packages/tenacity/__init__.py", line 314, in iter
    return fut.result()
           ^^^^^^^^^^^^
  File "/usr/local/lib/python3.11/concurrent/futures/_base.py", line 449, in result
    return self.__get_result()
           ^^^^^^^^^^^^^^^^^^^
  File "/usr/local/lib/python3.11/concurrent/futures/_base.py", line 401, in __get_result
    raise self._exception
  File "/home/airflow/.local/lib/python3.11/site-packages/airflow/models/dagbag.py", line 724, in _sync_to_db
    DAG.bulk_write_to_db(dags.values(), processor_subdir=processor_subdir, session=session)
  File "/home/airflow/.local/lib/python3.11/site-packages/airflow/utils/session.py", line 94, in wrapper
    return func(*args, **kwargs)
           ^^^^^^^^^^^^^^^^^^^^^
  File "/home/airflow/.local/lib/python3.11/site-packages/airflow/models/dag.py", line 3252, in bulk_write_to_db
    orm_dags: list[DagModel] = session.scalars(query).unique().all()
                               ^^^^^^^^^^^^^^^^^^^^^^
  File "/home/airflow/.local/lib/python3.11/site-packages/sqlalchemy/orm/session.py", line 1778, in scalars
    return self.execute(
           ^^^^^^^^^^^^^
  File "/home/airflow/.local/lib/python3.11/site-packages/sqlalchemy/orm/session.py", line 1716, in execute
    conn = self._connection_for_bind(bind)
           ^^^^^^^^^^^^^^^^^^^^^^^^^^^^^^^
  File "/home/airflow/.local/lib/python3.11/site-packages/sqlalchemy/orm/session.py", line 1555, in _connection_for_bind
    return self._transaction._connection_for_bind(
           ^^^^^^^^^^^^^^^^^^^^^^^^^^^^^^^^^^^^^^^
  File "/home/airflow/.local/lib/python3.11/site-packages/sqlalchemy/orm/session.py", line 724, in _connection_for_bind
    self._assert_active()
  File "/home/airflow/.local/lib/python3.11/site-packages/sqlalchemy/orm/session.py", line 604, in _assert_active
    raise sa_exc.PendingRollbackError(
sqlalchemy.exc.PendingRollbackError: This Session's transaction has been rolled back due to a previous exception during flush. To begin a new transaction with this Session, first issue Session.rollback(). Original exception was: (psycopg2.errors.UniqueViolation) duplicate key value violates unique constraint "serialized_dag_pkey"
DETAIL:  Key (dag_id)=(example_dag) already exists.

[SQL: INSERT INTO serialized_dag (dag_id, fileloc, fileloc_hash, data, data_compressed, last_updated, dag_hash, processor_subdir) VALUES (%(dag_id)s, %(fileloc)s, %(fileloc_hash)s, %(data)s, %(data_compressed)s, %(last_updated)s, %(dag_hash)s, %(processor_subdir)s)]
[parameters: {'dag_id': 'example_dag', 'fileloc': '/opt/airflow/dags/spark_airflow.py', 'fileloc_hash': 16732433089539742, 'data': '{"__version": 1, "dag": {"default_args": {"__var": {"owner": "Haris Syd", "start_date": {"__var": 1734220800.0, "__type": "datetime"}}, "__type": "di ... (1120 characters truncated) ... hon", "_is_empty": false, "start_trigger_args": null, "op_args": [], "op_kwargs": {}}, "__type": "operator"}], "dag_dependencies": [], "params": []}}', 'data_compressed': None, 'last_updated': datetime.datetime(2024, 12, 16, 1, 28, 16, 649600, tzinfo=Timezone('UTC')), 'dag_hash': '8d209076391f33a1a13eef7e5b77f3e7', 'processor_subdir': '/opt/airflow/dags'}]
(Background on this error at: https://sqlalche.me/e/14/gkpj) (Background on this error at: https://sqlalche.me/e/14/7s2a)
[2024-12-16T01:28:19.274+0000] {processor.py:186} INFO - Started process (PID=960) to work on /opt/airflow/dags/spark_airflow.py
[2024-12-16T01:28:19.275+0000] {processor.py:914} INFO - Processing file /opt/airflow/dags/spark_airflow.py for tasks to queue
[2024-12-16T01:28:19.278+0000] {logging_mixin.py:190} INFO - [2024-12-16T01:28:19.278+0000] {dagbag.py:588} INFO - Filling up the DagBag from /opt/airflow/dags/spark_airflow.py
[2024-12-16T01:28:19.310+0000] {processor.py:925} INFO - DAG(s) 'example_dag' retrieved from /opt/airflow/dags/spark_airflow.py
[2024-12-16T01:28:19.325+0000] {logging_mixin.py:190} INFO - [2024-12-16T01:28:19.325+0000] {dag.py:3239} INFO - Sync 1 DAGs
[2024-12-16T01:28:19.349+0000] {logging_mixin.py:190} INFO - [2024-12-16T01:28:19.349+0000] {dag.py:4180} INFO - Setting next_dagrun for example_dag to 2024-12-15T00:00:00+00:00, run_after=2024-12-16T00:00:00+00:00
[2024-12-16T01:28:19.380+0000] {processor.py:208} INFO - Processing /opt/airflow/dags/spark_airflow.py took 0.116 seconds
[2024-12-16T01:28:19.664+0000] {processor.py:186} INFO - Started process (PID=965) to work on /opt/airflow/dags/spark_airflow.py
[2024-12-16T01:28:19.665+0000] {processor.py:914} INFO - Processing file /opt/airflow/dags/spark_airflow.py for tasks to queue
[2024-12-16T01:28:19.668+0000] {logging_mixin.py:190} INFO - [2024-12-16T01:28:19.668+0000] {dagbag.py:588} INFO - Filling up the DagBag from /opt/airflow/dags/spark_airflow.py
[2024-12-16T01:28:19.691+0000] {processor.py:925} INFO - DAG(s) 'example_dag' retrieved from /opt/airflow/dags/spark_airflow.py
[2024-12-16T01:28:19.710+0000] {logging_mixin.py:190} INFO - [2024-12-16T01:28:19.709+0000] {dag.py:3239} INFO - Sync 1 DAGs
[2024-12-16T01:28:19.737+0000] {logging_mixin.py:190} INFO - [2024-12-16T01:28:19.737+0000] {dag.py:4180} INFO - Setting next_dagrun for example_dag to 2024-12-15T00:00:00+00:00, run_after=2024-12-16T00:00:00+00:00
[2024-12-16T01:28:19.767+0000] {processor.py:208} INFO - Processing /opt/airflow/dags/spark_airflow.py took 0.112 seconds
[2024-12-16T01:28:28.794+0000] {processor.py:186} INFO - Started process (PID=970) to work on /opt/airflow/dags/spark_airflow.py
[2024-12-16T01:28:28.795+0000] {processor.py:914} INFO - Processing file /opt/airflow/dags/spark_airflow.py for tasks to queue
[2024-12-16T01:28:28.798+0000] {logging_mixin.py:190} INFO - [2024-12-16T01:28:28.798+0000] {dagbag.py:588} INFO - Filling up the DagBag from /opt/airflow/dags/spark_airflow.py
[2024-12-16T01:28:28.823+0000] {processor.py:925} INFO - DAG(s) 'first_dag' retrieved from /opt/airflow/dags/spark_airflow.py
[2024-12-16T01:28:28.936+0000] {logging_mixin.py:190} INFO - [2024-12-16T01:28:28.935+0000] {override.py:1911} INFO - Created Permission View: can delete on DAG:first_dag
[2024-12-16T01:28:28.951+0000] {logging_mixin.py:190} INFO - [2024-12-16T01:28:28.951+0000] {override.py:1911} INFO - Created Permission View: can read on DAG:first_dag
[2024-12-16T01:28:28.960+0000] {logging_mixin.py:190} INFO - [2024-12-16T01:28:28.959+0000] {override.py:1911} INFO - Created Permission View: can edit on DAG:first_dag
[2024-12-16T01:28:28.971+0000] {logging_mixin.py:190} INFO - [2024-12-16T01:28:28.971+0000] {override.py:1911} INFO - Created Permission View: can delete on DAG Run:first_dag
[2024-12-16T01:28:28.981+0000] {logging_mixin.py:190} INFO - [2024-12-16T01:28:28.981+0000] {override.py:1911} INFO - Created Permission View: can create on DAG Run:first_dag
[2024-12-16T01:28:28.990+0000] {logging_mixin.py:190} INFO - [2024-12-16T01:28:28.990+0000] {override.py:1911} INFO - Created Permission View: can read on DAG Run:first_dag
[2024-12-16T01:28:28.999+0000] {logging_mixin.py:190} INFO - [2024-12-16T01:28:28.999+0000] {override.py:1911} INFO - Created Permission View: menu access on DAG Run:first_dag
[2024-12-16T01:28:29.000+0000] {logging_mixin.py:190} INFO - [2024-12-16T01:28:29.000+0000] {dag.py:3239} INFO - Sync 1 DAGs
[2024-12-16T01:28:29.013+0000] {logging_mixin.py:190} INFO - [2024-12-16T01:28:29.013+0000] {dag.py:3262} INFO - Creating ORM DAG for first_dag
[2024-12-16T01:28:29.023+0000] {logging_mixin.py:190} INFO - [2024-12-16T01:28:29.023+0000] {dag.py:4180} INFO - Setting next_dagrun for first_dag to 2024-12-15T00:00:00+00:00, run_after=2024-12-16T00:00:00+00:00
[2024-12-16T01:28:29.049+0000] {processor.py:208} INFO - Processing /opt/airflow/dags/spark_airflow.py took 0.259 seconds
[2024-12-16T01:28:29.359+0000] {processor.py:186} INFO - Started process (PID=975) to work on /opt/airflow/dags/spark_airflow.py
[2024-12-16T01:28:29.360+0000] {processor.py:914} INFO - Processing file /opt/airflow/dags/spark_airflow.py for tasks to queue
[2024-12-16T01:28:29.363+0000] {logging_mixin.py:190} INFO - [2024-12-16T01:28:29.362+0000] {dagbag.py:588} INFO - Filling up the DagBag from /opt/airflow/dags/spark_airflow.py
[2024-12-16T01:28:29.404+0000] {processor.py:925} INFO - DAG(s) 'first_dag' retrieved from /opt/airflow/dags/spark_airflow.py
[2024-12-16T01:28:29.422+0000] {logging_mixin.py:190} INFO - [2024-12-16T01:28:29.422+0000] {dag.py:3239} INFO - Sync 1 DAGs
[2024-12-16T01:28:29.448+0000] {logging_mixin.py:190} INFO - [2024-12-16T01:28:29.448+0000] {dag.py:4180} INFO - Setting next_dagrun for first_dag to 2024-12-15T00:00:00+00:00, run_after=2024-12-16T00:00:00+00:00
[2024-12-16T01:28:29.484+0000] {processor.py:208} INFO - Processing /opt/airflow/dags/spark_airflow.py took 0.131 seconds
[2024-12-16T01:28:29.925+0000] {processor.py:186} INFO - Started process (PID=980) to work on /opt/airflow/dags/spark_airflow.py
[2024-12-16T01:28:29.927+0000] {processor.py:914} INFO - Processing file /opt/airflow/dags/spark_airflow.py for tasks to queue
[2024-12-16T01:28:29.931+0000] {logging_mixin.py:190} INFO - [2024-12-16T01:28:29.931+0000] {dagbag.py:588} INFO - Filling up the DagBag from /opt/airflow/dags/spark_airflow.py
[2024-12-16T01:28:29.957+0000] {processor.py:925} INFO - DAG(s) 'first_dag' retrieved from /opt/airflow/dags/spark_airflow.py
[2024-12-16T01:28:29.972+0000] {logging_mixin.py:190} INFO - [2024-12-16T01:28:29.972+0000] {dag.py:3239} INFO - Sync 1 DAGs
[2024-12-16T01:28:29.995+0000] {logging_mixin.py:190} INFO - [2024-12-16T01:28:29.994+0000] {dag.py:4180} INFO - Setting next_dagrun for first_dag to 2024-12-15T00:00:00+00:00, run_after=2024-12-16T00:00:00+00:00
[2024-12-16T01:28:30.019+0000] {processor.py:208} INFO - Processing /opt/airflow/dags/spark_airflow.py took 0.101 seconds
[2024-12-16T01:28:59.770+0000] {processor.py:186} INFO - Started process (PID=985) to work on /opt/airflow/dags/spark_airflow.py
[2024-12-16T01:28:59.771+0000] {processor.py:914} INFO - Processing file /opt/airflow/dags/spark_airflow.py for tasks to queue
[2024-12-16T01:28:59.774+0000] {logging_mixin.py:190} INFO - [2024-12-16T01:28:59.773+0000] {dagbag.py:588} INFO - Filling up the DagBag from /opt/airflow/dags/spark_airflow.py
[2024-12-16T01:28:59.795+0000] {processor.py:925} INFO - DAG(s) 'first_dag' retrieved from /opt/airflow/dags/spark_airflow.py
[2024-12-16T01:28:59.831+0000] {logging_mixin.py:190} INFO - [2024-12-16T01:28:59.831+0000] {dag.py:3239} INFO - Sync 1 DAGs
[2024-12-16T01:28:59.855+0000] {logging_mixin.py:190} INFO - [2024-12-16T01:28:59.854+0000] {dag.py:4180} INFO - Setting next_dagrun for first_dag to 2024-12-15T00:00:00+00:00, run_after=2024-12-16T00:00:00+00:00
[2024-12-16T01:28:59.878+0000] {processor.py:208} INFO - Processing /opt/airflow/dags/spark_airflow.py took 0.113 seconds
[2024-12-16T01:29:00.205+0000] {processor.py:186} INFO - Started process (PID=990) to work on /opt/airflow/dags/spark_airflow.py
[2024-12-16T01:29:00.206+0000] {processor.py:914} INFO - Processing file /opt/airflow/dags/spark_airflow.py for tasks to queue
[2024-12-16T01:29:00.209+0000] {logging_mixin.py:190} INFO - [2024-12-16T01:29:00.209+0000] {dagbag.py:588} INFO - Filling up the DagBag from /opt/airflow/dags/spark_airflow.py
[2024-12-16T01:29:00.236+0000] {processor.py:925} INFO - DAG(s) 'first_dag' retrieved from /opt/airflow/dags/spark_airflow.py
[2024-12-16T01:29:00.260+0000] {logging_mixin.py:190} INFO - [2024-12-16T01:29:00.260+0000] {dag.py:3239} INFO - Sync 1 DAGs
[2024-12-16T01:29:00.280+0000] {logging_mixin.py:190} INFO - [2024-12-16T01:29:00.280+0000] {dag.py:4180} INFO - Setting next_dagrun for first_dag to 2024-12-15T00:00:00+00:00, run_after=2024-12-16T00:00:00+00:00
[2024-12-16T01:29:00.307+0000] {processor.py:208} INFO - Processing /opt/airflow/dags/spark_airflow.py took 0.107 seconds
[2024-12-16T01:29:29.997+0000] {processor.py:186} INFO - Started process (PID=1001) to work on /opt/airflow/dags/spark_airflow.py
[2024-12-16T01:29:29.998+0000] {processor.py:914} INFO - Processing file /opt/airflow/dags/spark_airflow.py for tasks to queue
[2024-12-16T01:29:30.003+0000] {logging_mixin.py:190} INFO - [2024-12-16T01:29:30.002+0000] {dagbag.py:588} INFO - Filling up the DagBag from /opt/airflow/dags/spark_airflow.py
[2024-12-16T01:29:30.027+0000] {processor.py:925} INFO - DAG(s) 'first_dag' retrieved from /opt/airflow/dags/spark_airflow.py
[2024-12-16T01:29:30.061+0000] {logging_mixin.py:190} INFO - [2024-12-16T01:29:30.061+0000] {dag.py:3239} INFO - Sync 1 DAGs
[2024-12-16T01:29:30.084+0000] {logging_mixin.py:190} INFO - [2024-12-16T01:29:30.084+0000] {dag.py:4180} INFO - Setting next_dagrun for first_dag to 2024-12-16T00:00:00+00:00, run_after=2024-12-17T00:00:00+00:00
[2024-12-16T01:29:30.105+0000] {processor.py:208} INFO - Processing /opt/airflow/dags/spark_airflow.py took 0.113 seconds
[2024-12-16T01:29:30.477+0000] {processor.py:186} INFO - Started process (PID=1006) to work on /opt/airflow/dags/spark_airflow.py
[2024-12-16T01:29:30.478+0000] {processor.py:914} INFO - Processing file /opt/airflow/dags/spark_airflow.py for tasks to queue
[2024-12-16T01:29:30.481+0000] {logging_mixin.py:190} INFO - [2024-12-16T01:29:30.480+0000] {dagbag.py:588} INFO - Filling up the DagBag from /opt/airflow/dags/spark_airflow.py
[2024-12-16T01:29:30.500+0000] {processor.py:925} INFO - DAG(s) 'first_dag' retrieved from /opt/airflow/dags/spark_airflow.py
[2024-12-16T01:29:30.526+0000] {logging_mixin.py:190} INFO - [2024-12-16T01:29:30.526+0000] {dag.py:3239} INFO - Sync 1 DAGs
[2024-12-16T01:29:30.546+0000] {logging_mixin.py:190} INFO - [2024-12-16T01:29:30.546+0000] {dag.py:4180} INFO - Setting next_dagrun for first_dag to 2024-12-16T00:00:00+00:00, run_after=2024-12-17T00:00:00+00:00
[2024-12-16T01:29:30.569+0000] {processor.py:208} INFO - Processing /opt/airflow/dags/spark_airflow.py took 0.096 seconds
[2024-12-16T01:30:00.350+0000] {processor.py:186} INFO - Started process (PID=1011) to work on /opt/airflow/dags/spark_airflow.py
[2024-12-16T01:30:00.351+0000] {processor.py:914} INFO - Processing file /opt/airflow/dags/spark_airflow.py for tasks to queue
[2024-12-16T01:30:00.354+0000] {logging_mixin.py:190} INFO - [2024-12-16T01:30:00.353+0000] {dagbag.py:588} INFO - Filling up the DagBag from /opt/airflow/dags/spark_airflow.py
[2024-12-16T01:30:00.380+0000] {processor.py:925} INFO - DAG(s) 'first_dag' retrieved from /opt/airflow/dags/spark_airflow.py
[2024-12-16T01:30:00.414+0000] {logging_mixin.py:190} INFO - [2024-12-16T01:30:00.413+0000] {dag.py:3239} INFO - Sync 1 DAGs
[2024-12-16T01:30:00.435+0000] {logging_mixin.py:190} INFO - [2024-12-16T01:30:00.435+0000] {dag.py:4180} INFO - Setting next_dagrun for first_dag to 2024-12-16T00:00:00+00:00, run_after=2024-12-17T00:00:00+00:00
[2024-12-16T01:30:00.453+0000] {processor.py:208} INFO - Processing /opt/airflow/dags/spark_airflow.py took 0.107 seconds
[2024-12-16T01:30:00.781+0000] {processor.py:186} INFO - Started process (PID=1016) to work on /opt/airflow/dags/spark_airflow.py
[2024-12-16T01:30:00.782+0000] {processor.py:914} INFO - Processing file /opt/airflow/dags/spark_airflow.py for tasks to queue
[2024-12-16T01:30:00.785+0000] {logging_mixin.py:190} INFO - [2024-12-16T01:30:00.784+0000] {dagbag.py:588} INFO - Filling up the DagBag from /opt/airflow/dags/spark_airflow.py
[2024-12-16T01:30:00.806+0000] {processor.py:925} INFO - DAG(s) 'first_dag' retrieved from /opt/airflow/dags/spark_airflow.py
[2024-12-16T01:30:00.830+0000] {logging_mixin.py:190} INFO - [2024-12-16T01:30:00.830+0000] {dag.py:3239} INFO - Sync 1 DAGs
[2024-12-16T01:30:00.851+0000] {logging_mixin.py:190} INFO - [2024-12-16T01:30:00.851+0000] {dag.py:4180} INFO - Setting next_dagrun for first_dag to 2024-12-16T00:00:00+00:00, run_after=2024-12-17T00:00:00+00:00
[2024-12-16T01:30:00.874+0000] {processor.py:208} INFO - Processing /opt/airflow/dags/spark_airflow.py took 0.096 seconds
[2024-12-16T01:30:30.636+0000] {processor.py:186} INFO - Started process (PID=1021) to work on /opt/airflow/dags/spark_airflow.py
[2024-12-16T01:30:30.636+0000] {processor.py:914} INFO - Processing file /opt/airflow/dags/spark_airflow.py for tasks to queue
[2024-12-16T01:30:30.639+0000] {logging_mixin.py:190} INFO - [2024-12-16T01:30:30.638+0000] {dagbag.py:588} INFO - Filling up the DagBag from /opt/airflow/dags/spark_airflow.py
[2024-12-16T01:30:30.653+0000] {processor.py:925} INFO - DAG(s) 'first_dag' retrieved from /opt/airflow/dags/spark_airflow.py
[2024-12-16T01:30:30.682+0000] {logging_mixin.py:190} INFO - [2024-12-16T01:30:30.682+0000] {dag.py:3239} INFO - Sync 1 DAGs
[2024-12-16T01:30:30.702+0000] {logging_mixin.py:190} INFO - [2024-12-16T01:30:30.702+0000] {dag.py:4180} INFO - Setting next_dagrun for first_dag to 2024-12-16T00:00:00+00:00, run_after=2024-12-17T00:00:00+00:00
[2024-12-16T01:30:30.726+0000] {processor.py:208} INFO - Processing /opt/airflow/dags/spark_airflow.py took 0.096 seconds
[2024-12-16T01:30:31.069+0000] {processor.py:186} INFO - Started process (PID=1026) to work on /opt/airflow/dags/spark_airflow.py
[2024-12-16T01:30:31.069+0000] {processor.py:914} INFO - Processing file /opt/airflow/dags/spark_airflow.py for tasks to queue
[2024-12-16T01:30:31.072+0000] {logging_mixin.py:190} INFO - [2024-12-16T01:30:31.072+0000] {dagbag.py:588} INFO - Filling up the DagBag from /opt/airflow/dags/spark_airflow.py
[2024-12-16T01:30:31.090+0000] {processor.py:925} INFO - DAG(s) 'first_dag' retrieved from /opt/airflow/dags/spark_airflow.py
[2024-12-16T01:30:31.112+0000] {logging_mixin.py:190} INFO - [2024-12-16T01:30:31.112+0000] {dag.py:3239} INFO - Sync 1 DAGs
[2024-12-16T01:30:31.133+0000] {logging_mixin.py:190} INFO - [2024-12-16T01:30:31.132+0000] {dag.py:4180} INFO - Setting next_dagrun for first_dag to 2024-12-16T00:00:00+00:00, run_after=2024-12-17T00:00:00+00:00
[2024-12-16T01:30:31.166+0000] {processor.py:208} INFO - Processing /opt/airflow/dags/spark_airflow.py took 0.102 seconds
[2024-12-16T01:31:01.022+0000] {processor.py:186} INFO - Started process (PID=1031) to work on /opt/airflow/dags/spark_airflow.py
[2024-12-16T01:31:01.023+0000] {processor.py:914} INFO - Processing file /opt/airflow/dags/spark_airflow.py for tasks to queue
[2024-12-16T01:31:01.025+0000] {logging_mixin.py:190} INFO - [2024-12-16T01:31:01.025+0000] {dagbag.py:588} INFO - Filling up the DagBag from /opt/airflow/dags/spark_airflow.py
[2024-12-16T01:31:01.042+0000] {processor.py:925} INFO - DAG(s) 'first_dag' retrieved from /opt/airflow/dags/spark_airflow.py
[2024-12-16T01:31:01.067+0000] {logging_mixin.py:190} INFO - [2024-12-16T01:31:01.067+0000] {dag.py:3239} INFO - Sync 1 DAGs
[2024-12-16T01:31:01.085+0000] {logging_mixin.py:190} INFO - [2024-12-16T01:31:01.085+0000] {dag.py:4180} INFO - Setting next_dagrun for first_dag to 2024-12-16T00:00:00+00:00, run_after=2024-12-17T00:00:00+00:00
[2024-12-16T01:31:01.108+0000] {processor.py:208} INFO - Processing /opt/airflow/dags/spark_airflow.py took 0.090 seconds
[2024-12-16T01:31:01.377+0000] {processor.py:186} INFO - Started process (PID=1036) to work on /opt/airflow/dags/spark_airflow.py
[2024-12-16T01:31:01.379+0000] {processor.py:914} INFO - Processing file /opt/airflow/dags/spark_airflow.py for tasks to queue
[2024-12-16T01:31:01.381+0000] {logging_mixin.py:190} INFO - [2024-12-16T01:31:01.381+0000] {dagbag.py:588} INFO - Filling up the DagBag from /opt/airflow/dags/spark_airflow.py
[2024-12-16T01:31:01.399+0000] {processor.py:925} INFO - DAG(s) 'first_dag' retrieved from /opt/airflow/dags/spark_airflow.py
[2024-12-16T01:31:01.419+0000] {logging_mixin.py:190} INFO - [2024-12-16T01:31:01.419+0000] {dag.py:3239} INFO - Sync 1 DAGs
[2024-12-16T01:31:01.436+0000] {logging_mixin.py:190} INFO - [2024-12-16T01:31:01.436+0000] {dag.py:4180} INFO - Setting next_dagrun for first_dag to 2024-12-16T00:00:00+00:00, run_after=2024-12-17T00:00:00+00:00
[2024-12-16T01:31:01.453+0000] {processor.py:208} INFO - Processing /opt/airflow/dags/spark_airflow.py took 0.079 seconds
[2024-12-16T01:31:31.310+0000] {processor.py:186} INFO - Started process (PID=1041) to work on /opt/airflow/dags/spark_airflow.py
[2024-12-16T01:31:31.311+0000] {processor.py:914} INFO - Processing file /opt/airflow/dags/spark_airflow.py for tasks to queue
[2024-12-16T01:31:31.313+0000] {logging_mixin.py:190} INFO - [2024-12-16T01:31:31.313+0000] {dagbag.py:588} INFO - Filling up the DagBag from /opt/airflow/dags/spark_airflow.py
[2024-12-16T01:31:31.331+0000] {processor.py:925} INFO - DAG(s) 'first_dag' retrieved from /opt/airflow/dags/spark_airflow.py
[2024-12-16T01:31:31.357+0000] {logging_mixin.py:190} INFO - [2024-12-16T01:31:31.357+0000] {dag.py:3239} INFO - Sync 1 DAGs
[2024-12-16T01:31:31.374+0000] {logging_mixin.py:190} INFO - [2024-12-16T01:31:31.374+0000] {dag.py:4180} INFO - Setting next_dagrun for first_dag to 2024-12-16T00:00:00+00:00, run_after=2024-12-17T00:00:00+00:00
[2024-12-16T01:31:31.396+0000] {processor.py:208} INFO - Processing /opt/airflow/dags/spark_airflow.py took 0.091 seconds
[2024-12-16T01:31:31.724+0000] {processor.py:186} INFO - Started process (PID=1046) to work on /opt/airflow/dags/spark_airflow.py
[2024-12-16T01:31:31.725+0000] {processor.py:914} INFO - Processing file /opt/airflow/dags/spark_airflow.py for tasks to queue
[2024-12-16T01:31:31.727+0000] {logging_mixin.py:190} INFO - [2024-12-16T01:31:31.727+0000] {dagbag.py:588} INFO - Filling up the DagBag from /opt/airflow/dags/spark_airflow.py
[2024-12-16T01:31:31.746+0000] {processor.py:925} INFO - DAG(s) 'first_dag' retrieved from /opt/airflow/dags/spark_airflow.py
[2024-12-16T01:31:31.766+0000] {logging_mixin.py:190} INFO - [2024-12-16T01:31:31.766+0000] {dag.py:3239} INFO - Sync 1 DAGs
[2024-12-16T01:31:31.783+0000] {logging_mixin.py:190} INFO - [2024-12-16T01:31:31.783+0000] {dag.py:4180} INFO - Setting next_dagrun for first_dag to 2024-12-16T00:00:00+00:00, run_after=2024-12-17T00:00:00+00:00
[2024-12-16T01:31:31.805+0000] {processor.py:208} INFO - Processing /opt/airflow/dags/spark_airflow.py took 0.086 seconds
[2024-12-16T01:32:01.649+0000] {processor.py:186} INFO - Started process (PID=1051) to work on /opt/airflow/dags/spark_airflow.py
[2024-12-16T01:32:01.650+0000] {processor.py:914} INFO - Processing file /opt/airflow/dags/spark_airflow.py for tasks to queue
[2024-12-16T01:32:01.653+0000] {logging_mixin.py:190} INFO - [2024-12-16T01:32:01.653+0000] {dagbag.py:588} INFO - Filling up the DagBag from /opt/airflow/dags/spark_airflow.py
[2024-12-16T01:32:01.672+0000] {processor.py:925} INFO - DAG(s) 'first_dag' retrieved from /opt/airflow/dags/spark_airflow.py
[2024-12-16T01:32:01.698+0000] {logging_mixin.py:190} INFO - [2024-12-16T01:32:01.698+0000] {dag.py:3239} INFO - Sync 1 DAGs
[2024-12-16T01:32:01.714+0000] {logging_mixin.py:190} INFO - [2024-12-16T01:32:01.714+0000] {dag.py:4180} INFO - Setting next_dagrun for first_dag to 2024-12-16T00:00:00+00:00, run_after=2024-12-17T00:00:00+00:00
[2024-12-16T01:32:01.735+0000] {processor.py:208} INFO - Processing /opt/airflow/dags/spark_airflow.py took 0.090 seconds
[2024-12-16T01:32:02.024+0000] {processor.py:186} INFO - Started process (PID=1056) to work on /opt/airflow/dags/spark_airflow.py
[2024-12-16T01:32:02.025+0000] {processor.py:914} INFO - Processing file /opt/airflow/dags/spark_airflow.py for tasks to queue
[2024-12-16T01:32:02.027+0000] {logging_mixin.py:190} INFO - [2024-12-16T01:32:02.027+0000] {dagbag.py:588} INFO - Filling up the DagBag from /opt/airflow/dags/spark_airflow.py
[2024-12-16T01:32:02.047+0000] {processor.py:925} INFO - DAG(s) 'first_dag' retrieved from /opt/airflow/dags/spark_airflow.py
[2024-12-16T01:32:02.068+0000] {logging_mixin.py:190} INFO - [2024-12-16T01:32:02.068+0000] {dag.py:3239} INFO - Sync 1 DAGs
[2024-12-16T01:32:02.085+0000] {logging_mixin.py:190} INFO - [2024-12-16T01:32:02.085+0000] {dag.py:4180} INFO - Setting next_dagrun for first_dag to 2024-12-16T00:00:00+00:00, run_after=2024-12-17T00:00:00+00:00
[2024-12-16T01:32:02.107+0000] {processor.py:208} INFO - Processing /opt/airflow/dags/spark_airflow.py took 0.088 seconds
[2024-12-16T01:32:31.966+0000] {processor.py:186} INFO - Started process (PID=1061) to work on /opt/airflow/dags/spark_airflow.py
[2024-12-16T01:32:31.967+0000] {processor.py:914} INFO - Processing file /opt/airflow/dags/spark_airflow.py for tasks to queue
[2024-12-16T01:32:31.975+0000] {logging_mixin.py:190} INFO - [2024-12-16T01:32:31.975+0000] {dagbag.py:588} INFO - Filling up the DagBag from /opt/airflow/dags/spark_airflow.py
[2024-12-16T01:32:31.997+0000] {processor.py:925} INFO - DAG(s) 'first_dag' retrieved from /opt/airflow/dags/spark_airflow.py
[2024-12-16T01:32:32.025+0000] {logging_mixin.py:190} INFO - [2024-12-16T01:32:32.025+0000] {dag.py:3239} INFO - Sync 1 DAGs
[2024-12-16T01:32:32.044+0000] {logging_mixin.py:190} INFO - [2024-12-16T01:32:32.043+0000] {dag.py:4180} INFO - Setting next_dagrun for first_dag to 2024-12-16T00:00:00+00:00, run_after=2024-12-17T00:00:00+00:00
[2024-12-16T01:32:32.060+0000] {processor.py:208} INFO - Processing /opt/airflow/dags/spark_airflow.py took 0.098 seconds
[2024-12-16T01:32:32.451+0000] {processor.py:186} INFO - Started process (PID=1066) to work on /opt/airflow/dags/spark_airflow.py
[2024-12-16T01:32:32.452+0000] {processor.py:914} INFO - Processing file /opt/airflow/dags/spark_airflow.py for tasks to queue
[2024-12-16T01:32:32.454+0000] {logging_mixin.py:190} INFO - [2024-12-16T01:32:32.454+0000] {dagbag.py:588} INFO - Filling up the DagBag from /opt/airflow/dags/spark_airflow.py
[2024-12-16T01:32:32.472+0000] {processor.py:925} INFO - DAG(s) 'first_dag' retrieved from /opt/airflow/dags/spark_airflow.py
[2024-12-16T01:32:32.492+0000] {logging_mixin.py:190} INFO - [2024-12-16T01:32:32.492+0000] {dag.py:3239} INFO - Sync 1 DAGs
[2024-12-16T01:32:32.509+0000] {logging_mixin.py:190} INFO - [2024-12-16T01:32:32.508+0000] {dag.py:4180} INFO - Setting next_dagrun for first_dag to 2024-12-16T00:00:00+00:00, run_after=2024-12-17T00:00:00+00:00
[2024-12-16T01:32:32.530+0000] {processor.py:208} INFO - Processing /opt/airflow/dags/spark_airflow.py took 0.084 seconds
[2024-12-16T01:33:02.294+0000] {processor.py:186} INFO - Started process (PID=1071) to work on /opt/airflow/dags/spark_airflow.py
[2024-12-16T01:33:02.295+0000] {processor.py:914} INFO - Processing file /opt/airflow/dags/spark_airflow.py for tasks to queue
[2024-12-16T01:33:02.297+0000] {logging_mixin.py:190} INFO - [2024-12-16T01:33:02.297+0000] {dagbag.py:588} INFO - Filling up the DagBag from /opt/airflow/dags/spark_airflow.py
[2024-12-16T01:33:02.317+0000] {processor.py:925} INFO - DAG(s) 'first_dag' retrieved from /opt/airflow/dags/spark_airflow.py
[2024-12-16T01:33:02.343+0000] {logging_mixin.py:190} INFO - [2024-12-16T01:33:02.343+0000] {dag.py:3239} INFO - Sync 1 DAGs
[2024-12-16T01:33:02.367+0000] {logging_mixin.py:190} INFO - [2024-12-16T01:33:02.367+0000] {dag.py:4180} INFO - Setting next_dagrun for first_dag to 2024-12-16T00:00:00+00:00, run_after=2024-12-17T00:00:00+00:00
[2024-12-16T01:33:02.385+0000] {processor.py:208} INFO - Processing /opt/airflow/dags/spark_airflow.py took 0.095 seconds
[2024-12-16T01:33:02.733+0000] {processor.py:186} INFO - Started process (PID=1076) to work on /opt/airflow/dags/spark_airflow.py
[2024-12-16T01:33:02.734+0000] {processor.py:914} INFO - Processing file /opt/airflow/dags/spark_airflow.py for tasks to queue
[2024-12-16T01:33:02.736+0000] {logging_mixin.py:190} INFO - [2024-12-16T01:33:02.736+0000] {dagbag.py:588} INFO - Filling up the DagBag from /opt/airflow/dags/spark_airflow.py
[2024-12-16T01:33:02.751+0000] {processor.py:925} INFO - DAG(s) 'first_dag' retrieved from /opt/airflow/dags/spark_airflow.py
[2024-12-16T01:33:02.771+0000] {logging_mixin.py:190} INFO - [2024-12-16T01:33:02.771+0000] {dag.py:3239} INFO - Sync 1 DAGs
[2024-12-16T01:33:02.789+0000] {logging_mixin.py:190} INFO - [2024-12-16T01:33:02.789+0000] {dag.py:4180} INFO - Setting next_dagrun for first_dag to 2024-12-16T00:00:00+00:00, run_after=2024-12-17T00:00:00+00:00
[2024-12-16T01:33:02.809+0000] {processor.py:208} INFO - Processing /opt/airflow/dags/spark_airflow.py took 0.080 seconds
[2024-12-16T01:33:32.548+0000] {processor.py:186} INFO - Started process (PID=1081) to work on /opt/airflow/dags/spark_airflow.py
[2024-12-16T01:33:32.549+0000] {processor.py:914} INFO - Processing file /opt/airflow/dags/spark_airflow.py for tasks to queue
[2024-12-16T01:33:32.552+0000] {logging_mixin.py:190} INFO - [2024-12-16T01:33:32.552+0000] {dagbag.py:588} INFO - Filling up the DagBag from /opt/airflow/dags/spark_airflow.py
[2024-12-16T01:33:32.573+0000] {processor.py:925} INFO - DAG(s) 'first_dag' retrieved from /opt/airflow/dags/spark_airflow.py
[2024-12-16T01:33:32.601+0000] {logging_mixin.py:190} INFO - [2024-12-16T01:33:32.601+0000] {dag.py:3239} INFO - Sync 1 DAGs
[2024-12-16T01:33:32.619+0000] {logging_mixin.py:190} INFO - [2024-12-16T01:33:32.619+0000] {dag.py:4180} INFO - Setting next_dagrun for first_dag to 2024-12-16T00:00:00+00:00, run_after=2024-12-17T00:00:00+00:00
[2024-12-16T01:33:32.639+0000] {processor.py:208} INFO - Processing /opt/airflow/dags/spark_airflow.py took 0.095 seconds
[2024-12-16T01:33:33.173+0000] {processor.py:186} INFO - Started process (PID=1086) to work on /opt/airflow/dags/spark_airflow.py
[2024-12-16T01:33:33.174+0000] {processor.py:914} INFO - Processing file /opt/airflow/dags/spark_airflow.py for tasks to queue
[2024-12-16T01:33:33.176+0000] {logging_mixin.py:190} INFO - [2024-12-16T01:33:33.176+0000] {dagbag.py:588} INFO - Filling up the DagBag from /opt/airflow/dags/spark_airflow.py
[2024-12-16T01:33:33.193+0000] {processor.py:925} INFO - DAG(s) 'first_dag' retrieved from /opt/airflow/dags/spark_airflow.py
[2024-12-16T01:33:33.213+0000] {logging_mixin.py:190} INFO - [2024-12-16T01:33:33.213+0000] {dag.py:3239} INFO - Sync 1 DAGs
[2024-12-16T01:33:33.230+0000] {logging_mixin.py:190} INFO - [2024-12-16T01:33:33.229+0000] {dag.py:4180} INFO - Setting next_dagrun for first_dag to 2024-12-16T00:00:00+00:00, run_after=2024-12-17T00:00:00+00:00
[2024-12-16T01:33:33.252+0000] {processor.py:208} INFO - Processing /opt/airflow/dags/spark_airflow.py took 0.083 seconds
[2024-12-16T01:34:02.978+0000] {processor.py:186} INFO - Started process (PID=1091) to work on /opt/airflow/dags/spark_airflow.py
[2024-12-16T01:34:02.979+0000] {processor.py:914} INFO - Processing file /opt/airflow/dags/spark_airflow.py for tasks to queue
[2024-12-16T01:34:02.982+0000] {logging_mixin.py:190} INFO - [2024-12-16T01:34:02.982+0000] {dagbag.py:588} INFO - Filling up the DagBag from /opt/airflow/dags/spark_airflow.py
[2024-12-16T01:34:02.999+0000] {processor.py:925} INFO - DAG(s) 'first_dag' retrieved from /opt/airflow/dags/spark_airflow.py
[2024-12-16T01:34:03.025+0000] {logging_mixin.py:190} INFO - [2024-12-16T01:34:03.025+0000] {dag.py:3239} INFO - Sync 1 DAGs
[2024-12-16T01:34:03.042+0000] {logging_mixin.py:190} INFO - [2024-12-16T01:34:03.042+0000] {dag.py:4180} INFO - Setting next_dagrun for first_dag to 2024-12-16T00:00:00+00:00, run_after=2024-12-17T00:00:00+00:00
[2024-12-16T01:34:03.061+0000] {processor.py:208} INFO - Processing /opt/airflow/dags/spark_airflow.py took 0.087 seconds
[2024-12-16T01:34:03.459+0000] {processor.py:186} INFO - Started process (PID=1096) to work on /opt/airflow/dags/spark_airflow.py
[2024-12-16T01:34:03.460+0000] {processor.py:914} INFO - Processing file /opt/airflow/dags/spark_airflow.py for tasks to queue
[2024-12-16T01:34:03.463+0000] {logging_mixin.py:190} INFO - [2024-12-16T01:34:03.463+0000] {dagbag.py:588} INFO - Filling up the DagBag from /opt/airflow/dags/spark_airflow.py
[2024-12-16T01:34:03.482+0000] {processor.py:925} INFO - DAG(s) 'first_dag' retrieved from /opt/airflow/dags/spark_airflow.py
[2024-12-16T01:34:03.503+0000] {logging_mixin.py:190} INFO - [2024-12-16T01:34:03.503+0000] {dag.py:3239} INFO - Sync 1 DAGs
[2024-12-16T01:34:03.520+0000] {logging_mixin.py:190} INFO - [2024-12-16T01:34:03.520+0000] {dag.py:4180} INFO - Setting next_dagrun for first_dag to 2024-12-16T00:00:00+00:00, run_after=2024-12-17T00:00:00+00:00
[2024-12-16T01:34:03.540+0000] {processor.py:208} INFO - Processing /opt/airflow/dags/spark_airflow.py took 0.085 seconds
[2024-12-16T01:34:33.308+0000] {processor.py:186} INFO - Started process (PID=1101) to work on /opt/airflow/dags/spark_airflow.py
[2024-12-16T01:34:33.309+0000] {processor.py:914} INFO - Processing file /opt/airflow/dags/spark_airflow.py for tasks to queue
[2024-12-16T01:34:33.311+0000] {logging_mixin.py:190} INFO - [2024-12-16T01:34:33.311+0000] {dagbag.py:588} INFO - Filling up the DagBag from /opt/airflow/dags/spark_airflow.py
[2024-12-16T01:34:33.331+0000] {processor.py:925} INFO - DAG(s) 'first_dag' retrieved from /opt/airflow/dags/spark_airflow.py
[2024-12-16T01:34:33.358+0000] {logging_mixin.py:190} INFO - [2024-12-16T01:34:33.358+0000] {dag.py:3239} INFO - Sync 1 DAGs
[2024-12-16T01:34:33.374+0000] {logging_mixin.py:190} INFO - [2024-12-16T01:34:33.374+0000] {dag.py:4180} INFO - Setting next_dagrun for first_dag to 2024-12-16T00:00:00+00:00, run_after=2024-12-17T00:00:00+00:00
[2024-12-16T01:34:33.396+0000] {processor.py:208} INFO - Processing /opt/airflow/dags/spark_airflow.py took 0.092 seconds
[2024-12-16T01:34:33.831+0000] {processor.py:186} INFO - Started process (PID=1106) to work on /opt/airflow/dags/spark_airflow.py
[2024-12-16T01:34:33.832+0000] {processor.py:914} INFO - Processing file /opt/airflow/dags/spark_airflow.py for tasks to queue
[2024-12-16T01:34:33.834+0000] {logging_mixin.py:190} INFO - [2024-12-16T01:34:33.834+0000] {dagbag.py:588} INFO - Filling up the DagBag from /opt/airflow/dags/spark_airflow.py
[2024-12-16T01:34:33.855+0000] {processor.py:925} INFO - DAG(s) 'first_dag' retrieved from /opt/airflow/dags/spark_airflow.py
[2024-12-16T01:34:33.875+0000] {logging_mixin.py:190} INFO - [2024-12-16T01:34:33.875+0000] {dag.py:3239} INFO - Sync 1 DAGs
[2024-12-16T01:34:33.892+0000] {logging_mixin.py:190} INFO - [2024-12-16T01:34:33.892+0000] {dag.py:4180} INFO - Setting next_dagrun for first_dag to 2024-12-16T00:00:00+00:00, run_after=2024-12-17T00:00:00+00:00
[2024-12-16T01:34:33.913+0000] {processor.py:208} INFO - Processing /opt/airflow/dags/spark_airflow.py took 0.087 seconds
[2024-12-16T01:35:03.650+0000] {processor.py:186} INFO - Started process (PID=1111) to work on /opt/airflow/dags/spark_airflow.py
[2024-12-16T01:35:03.651+0000] {processor.py:914} INFO - Processing file /opt/airflow/dags/spark_airflow.py for tasks to queue
[2024-12-16T01:35:03.654+0000] {logging_mixin.py:190} INFO - [2024-12-16T01:35:03.654+0000] {dagbag.py:588} INFO - Filling up the DagBag from /opt/airflow/dags/spark_airflow.py
[2024-12-16T01:35:03.675+0000] {processor.py:925} INFO - DAG(s) 'first_dag' retrieved from /opt/airflow/dags/spark_airflow.py
[2024-12-16T01:35:03.703+0000] {logging_mixin.py:190} INFO - [2024-12-16T01:35:03.703+0000] {dag.py:3239} INFO - Sync 1 DAGs
[2024-12-16T01:35:03.721+0000] {logging_mixin.py:190} INFO - [2024-12-16T01:35:03.721+0000] {dag.py:4180} INFO - Setting next_dagrun for first_dag to 2024-12-16T00:00:00+00:00, run_after=2024-12-17T00:00:00+00:00
[2024-12-16T01:35:03.737+0000] {processor.py:208} INFO - Processing /opt/airflow/dags/spark_airflow.py took 0.091 seconds
[2024-12-16T01:35:04.119+0000] {processor.py:186} INFO - Started process (PID=1116) to work on /opt/airflow/dags/spark_airflow.py
[2024-12-16T01:35:04.120+0000] {processor.py:914} INFO - Processing file /opt/airflow/dags/spark_airflow.py for tasks to queue
[2024-12-16T01:35:04.122+0000] {logging_mixin.py:190} INFO - [2024-12-16T01:35:04.122+0000] {dagbag.py:588} INFO - Filling up the DagBag from /opt/airflow/dags/spark_airflow.py
[2024-12-16T01:35:04.137+0000] {processor.py:925} INFO - DAG(s) 'first_dag' retrieved from /opt/airflow/dags/spark_airflow.py
[2024-12-16T01:35:04.158+0000] {logging_mixin.py:190} INFO - [2024-12-16T01:35:04.158+0000] {dag.py:3239} INFO - Sync 1 DAGs
[2024-12-16T01:35:04.175+0000] {logging_mixin.py:190} INFO - [2024-12-16T01:35:04.174+0000] {dag.py:4180} INFO - Setting next_dagrun for first_dag to 2024-12-16T00:00:00+00:00, run_after=2024-12-17T00:00:00+00:00
[2024-12-16T01:35:04.191+0000] {processor.py:208} INFO - Processing /opt/airflow/dags/spark_airflow.py took 0.077 seconds
[2024-12-16T01:35:33.951+0000] {processor.py:186} INFO - Started process (PID=1121) to work on /opt/airflow/dags/spark_airflow.py
[2024-12-16T01:35:33.951+0000] {processor.py:914} INFO - Processing file /opt/airflow/dags/spark_airflow.py for tasks to queue
[2024-12-16T01:35:33.953+0000] {logging_mixin.py:190} INFO - [2024-12-16T01:35:33.953+0000] {dagbag.py:588} INFO - Filling up the DagBag from /opt/airflow/dags/spark_airflow.py
[2024-12-16T01:35:33.967+0000] {processor.py:925} INFO - DAG(s) 'first_dag' retrieved from /opt/airflow/dags/spark_airflow.py
[2024-12-16T01:35:33.993+0000] {logging_mixin.py:190} INFO - [2024-12-16T01:35:33.992+0000] {dag.py:3239} INFO - Sync 1 DAGs
[2024-12-16T01:35:34.011+0000] {logging_mixin.py:190} INFO - [2024-12-16T01:35:34.011+0000] {dag.py:4180} INFO - Setting next_dagrun for first_dag to 2024-12-16T00:00:00+00:00, run_after=2024-12-17T00:00:00+00:00
[2024-12-16T01:35:34.031+0000] {processor.py:208} INFO - Processing /opt/airflow/dags/spark_airflow.py took 0.084 seconds
[2024-12-16T01:35:34.469+0000] {processor.py:186} INFO - Started process (PID=1126) to work on /opt/airflow/dags/spark_airflow.py
[2024-12-16T01:35:34.471+0000] {processor.py:914} INFO - Processing file /opt/airflow/dags/spark_airflow.py for tasks to queue
[2024-12-16T01:35:34.473+0000] {logging_mixin.py:190} INFO - [2024-12-16T01:35:34.473+0000] {dagbag.py:588} INFO - Filling up the DagBag from /opt/airflow/dags/spark_airflow.py
[2024-12-16T01:35:34.490+0000] {processor.py:925} INFO - DAG(s) 'first_dag' retrieved from /opt/airflow/dags/spark_airflow.py
[2024-12-16T01:35:34.510+0000] {logging_mixin.py:190} INFO - [2024-12-16T01:35:34.509+0000] {dag.py:3239} INFO - Sync 1 DAGs
[2024-12-16T01:35:34.526+0000] {logging_mixin.py:190} INFO - [2024-12-16T01:35:34.526+0000] {dag.py:4180} INFO - Setting next_dagrun for first_dag to 2024-12-16T00:00:00+00:00, run_after=2024-12-17T00:00:00+00:00
[2024-12-16T01:35:34.548+0000] {processor.py:208} INFO - Processing /opt/airflow/dags/spark_airflow.py took 0.082 seconds
[2024-12-16T01:36:04.288+0000] {processor.py:186} INFO - Started process (PID=1131) to work on /opt/airflow/dags/spark_airflow.py
[2024-12-16T01:36:04.289+0000] {processor.py:914} INFO - Processing file /opt/airflow/dags/spark_airflow.py for tasks to queue
[2024-12-16T01:36:04.292+0000] {logging_mixin.py:190} INFO - [2024-12-16T01:36:04.291+0000] {dagbag.py:588} INFO - Filling up the DagBag from /opt/airflow/dags/spark_airflow.py
[2024-12-16T01:36:04.306+0000] {processor.py:925} INFO - DAG(s) 'first_dag' retrieved from /opt/airflow/dags/spark_airflow.py
[2024-12-16T01:36:04.334+0000] {logging_mixin.py:190} INFO - [2024-12-16T01:36:04.334+0000] {dag.py:3239} INFO - Sync 1 DAGs
[2024-12-16T01:36:04.351+0000] {logging_mixin.py:190} INFO - [2024-12-16T01:36:04.351+0000] {dag.py:4180} INFO - Setting next_dagrun for first_dag to 2024-12-16T00:00:00+00:00, run_after=2024-12-17T00:00:00+00:00
[2024-12-16T01:36:04.373+0000] {processor.py:208} INFO - Processing /opt/airflow/dags/spark_airflow.py took 0.090 seconds
[2024-12-16T01:36:04.810+0000] {processor.py:186} INFO - Started process (PID=1136) to work on /opt/airflow/dags/spark_airflow.py
[2024-12-16T01:36:04.811+0000] {processor.py:914} INFO - Processing file /opt/airflow/dags/spark_airflow.py for tasks to queue
[2024-12-16T01:36:04.814+0000] {logging_mixin.py:190} INFO - [2024-12-16T01:36:04.813+0000] {dagbag.py:588} INFO - Filling up the DagBag from /opt/airflow/dags/spark_airflow.py
[2024-12-16T01:36:04.830+0000] {processor.py:925} INFO - DAG(s) 'first_dag' retrieved from /opt/airflow/dags/spark_airflow.py
[2024-12-16T01:36:04.852+0000] {logging_mixin.py:190} INFO - [2024-12-16T01:36:04.852+0000] {dag.py:3239} INFO - Sync 1 DAGs
[2024-12-16T01:36:04.869+0000] {logging_mixin.py:190} INFO - [2024-12-16T01:36:04.868+0000] {dag.py:4180} INFO - Setting next_dagrun for first_dag to 2024-12-16T00:00:00+00:00, run_after=2024-12-17T00:00:00+00:00
[2024-12-16T01:36:04.892+0000] {processor.py:208} INFO - Processing /opt/airflow/dags/spark_airflow.py took 0.086 seconds
[2024-12-16T01:36:34.542+0000] {processor.py:186} INFO - Started process (PID=1141) to work on /opt/airflow/dags/spark_airflow.py
[2024-12-16T01:36:34.542+0000] {processor.py:914} INFO - Processing file /opt/airflow/dags/spark_airflow.py for tasks to queue
[2024-12-16T01:36:34.545+0000] {logging_mixin.py:190} INFO - [2024-12-16T01:36:34.544+0000] {dagbag.py:588} INFO - Filling up the DagBag from /opt/airflow/dags/spark_airflow.py
[2024-12-16T01:36:34.558+0000] {processor.py:925} INFO - DAG(s) 'first_dag' retrieved from /opt/airflow/dags/spark_airflow.py
[2024-12-16T01:36:34.583+0000] {logging_mixin.py:190} INFO - [2024-12-16T01:36:34.583+0000] {dag.py:3239} INFO - Sync 1 DAGs
[2024-12-16T01:36:34.601+0000] {logging_mixin.py:190} INFO - [2024-12-16T01:36:34.601+0000] {dag.py:4180} INFO - Setting next_dagrun for first_dag to 2024-12-16T00:00:00+00:00, run_after=2024-12-17T00:00:00+00:00
[2024-12-16T01:36:34.620+0000] {processor.py:208} INFO - Processing /opt/airflow/dags/spark_airflow.py took 0.083 seconds
[2024-12-16T01:36:35.101+0000] {processor.py:186} INFO - Started process (PID=1146) to work on /opt/airflow/dags/spark_airflow.py
[2024-12-16T01:36:35.102+0000] {processor.py:914} INFO - Processing file /opt/airflow/dags/spark_airflow.py for tasks to queue
[2024-12-16T01:36:35.104+0000] {logging_mixin.py:190} INFO - [2024-12-16T01:36:35.104+0000] {dagbag.py:588} INFO - Filling up the DagBag from /opt/airflow/dags/spark_airflow.py
[2024-12-16T01:36:35.117+0000] {processor.py:925} INFO - DAG(s) 'first_dag' retrieved from /opt/airflow/dags/spark_airflow.py
[2024-12-16T01:36:35.136+0000] {logging_mixin.py:190} INFO - [2024-12-16T01:36:35.136+0000] {dag.py:3239} INFO - Sync 1 DAGs
[2024-12-16T01:36:35.153+0000] {logging_mixin.py:190} INFO - [2024-12-16T01:36:35.153+0000] {dag.py:4180} INFO - Setting next_dagrun for first_dag to 2024-12-16T00:00:00+00:00, run_after=2024-12-17T00:00:00+00:00
[2024-12-16T01:36:35.173+0000] {processor.py:208} INFO - Processing /opt/airflow/dags/spark_airflow.py took 0.076 seconds
[2024-12-16T01:37:04.810+0000] {processor.py:186} INFO - Started process (PID=1151) to work on /opt/airflow/dags/spark_airflow.py
[2024-12-16T01:37:04.811+0000] {processor.py:914} INFO - Processing file /opt/airflow/dags/spark_airflow.py for tasks to queue
[2024-12-16T01:37:04.814+0000] {logging_mixin.py:190} INFO - [2024-12-16T01:37:04.814+0000] {dagbag.py:588} INFO - Filling up the DagBag from /opt/airflow/dags/spark_airflow.py
[2024-12-16T01:37:04.831+0000] {processor.py:925} INFO - DAG(s) 'first_dag' retrieved from /opt/airflow/dags/spark_airflow.py
[2024-12-16T01:37:04.859+0000] {logging_mixin.py:190} INFO - [2024-12-16T01:37:04.859+0000] {dag.py:3239} INFO - Sync 1 DAGs
[2024-12-16T01:37:04.881+0000] {logging_mixin.py:190} INFO - [2024-12-16T01:37:04.881+0000] {dag.py:4180} INFO - Setting next_dagrun for first_dag to 2024-12-16T00:00:00+00:00, run_after=2024-12-17T00:00:00+00:00
[2024-12-16T01:37:04.900+0000] {processor.py:208} INFO - Processing /opt/airflow/dags/spark_airflow.py took 0.094 seconds
[2024-12-16T01:37:05.387+0000] {processor.py:186} INFO - Started process (PID=1156) to work on /opt/airflow/dags/spark_airflow.py
[2024-12-16T01:37:05.388+0000] {processor.py:914} INFO - Processing file /opt/airflow/dags/spark_airflow.py for tasks to queue
[2024-12-16T01:37:05.390+0000] {logging_mixin.py:190} INFO - [2024-12-16T01:37:05.390+0000] {dagbag.py:588} INFO - Filling up the DagBag from /opt/airflow/dags/spark_airflow.py
[2024-12-16T01:37:05.414+0000] {processor.py:925} INFO - DAG(s) 'first_dag' retrieved from /opt/airflow/dags/spark_airflow.py
[2024-12-16T01:37:05.442+0000] {logging_mixin.py:190} INFO - [2024-12-16T01:37:05.442+0000] {dag.py:3239} INFO - Sync 1 DAGs
[2024-12-16T01:37:05.462+0000] {logging_mixin.py:190} INFO - [2024-12-16T01:37:05.462+0000] {dag.py:4180} INFO - Setting next_dagrun for first_dag to 2024-12-16T00:00:00+00:00, run_after=2024-12-17T00:00:00+00:00
[2024-12-16T01:37:05.478+0000] {processor.py:208} INFO - Processing /opt/airflow/dags/spark_airflow.py took 0.098 seconds
[2024-12-16T01:37:35.172+0000] {processor.py:186} INFO - Started process (PID=1161) to work on /opt/airflow/dags/spark_airflow.py
[2024-12-16T01:37:35.173+0000] {processor.py:914} INFO - Processing file /opt/airflow/dags/spark_airflow.py for tasks to queue
[2024-12-16T01:37:35.175+0000] {logging_mixin.py:190} INFO - [2024-12-16T01:37:35.175+0000] {dagbag.py:588} INFO - Filling up the DagBag from /opt/airflow/dags/spark_airflow.py
[2024-12-16T01:37:35.188+0000] {processor.py:925} INFO - DAG(s) 'first_dag' retrieved from /opt/airflow/dags/spark_airflow.py
[2024-12-16T01:37:35.216+0000] {logging_mixin.py:190} INFO - [2024-12-16T01:37:35.216+0000] {dag.py:3239} INFO - Sync 1 DAGs
[2024-12-16T01:37:35.232+0000] {logging_mixin.py:190} INFO - [2024-12-16T01:37:35.232+0000] {dag.py:4180} INFO - Setting next_dagrun for first_dag to 2024-12-16T00:00:00+00:00, run_after=2024-12-17T00:00:00+00:00
[2024-12-16T01:37:35.253+0000] {processor.py:208} INFO - Processing /opt/airflow/dags/spark_airflow.py took 0.085 seconds
[2024-12-16T01:37:35.690+0000] {processor.py:186} INFO - Started process (PID=1166) to work on /opt/airflow/dags/spark_airflow.py
[2024-12-16T01:37:35.690+0000] {processor.py:914} INFO - Processing file /opt/airflow/dags/spark_airflow.py for tasks to queue
[2024-12-16T01:37:35.693+0000] {logging_mixin.py:190} INFO - [2024-12-16T01:37:35.693+0000] {dagbag.py:588} INFO - Filling up the DagBag from /opt/airflow/dags/spark_airflow.py
[2024-12-16T01:37:35.706+0000] {processor.py:925} INFO - DAG(s) 'first_dag' retrieved from /opt/airflow/dags/spark_airflow.py
[2024-12-16T01:37:35.726+0000] {logging_mixin.py:190} INFO - [2024-12-16T01:37:35.726+0000] {dag.py:3239} INFO - Sync 1 DAGs
[2024-12-16T01:37:35.745+0000] {logging_mixin.py:190} INFO - [2024-12-16T01:37:35.745+0000] {dag.py:4180} INFO - Setting next_dagrun for first_dag to 2024-12-16T00:00:00+00:00, run_after=2024-12-17T00:00:00+00:00
[2024-12-16T01:37:35.763+0000] {processor.py:208} INFO - Processing /opt/airflow/dags/spark_airflow.py took 0.078 seconds
[2024-12-16T01:38:05.401+0000] {processor.py:186} INFO - Started process (PID=1171) to work on /opt/airflow/dags/spark_airflow.py
[2024-12-16T01:38:05.402+0000] {processor.py:914} INFO - Processing file /opt/airflow/dags/spark_airflow.py for tasks to queue
[2024-12-16T01:38:05.405+0000] {logging_mixin.py:190} INFO - [2024-12-16T01:38:05.405+0000] {dagbag.py:588} INFO - Filling up the DagBag from /opt/airflow/dags/spark_airflow.py
[2024-12-16T01:38:05.424+0000] {processor.py:925} INFO - DAG(s) 'first_dag' retrieved from /opt/airflow/dags/spark_airflow.py
[2024-12-16T01:38:05.456+0000] {logging_mixin.py:190} INFO - [2024-12-16T01:38:05.456+0000] {dag.py:3239} INFO - Sync 1 DAGs
[2024-12-16T01:38:05.479+0000] {logging_mixin.py:190} INFO - [2024-12-16T01:38:05.479+0000] {dag.py:4180} INFO - Setting next_dagrun for first_dag to 2024-12-16T00:00:00+00:00, run_after=2024-12-17T00:00:00+00:00
[2024-12-16T01:38:05.493+0000] {processor.py:208} INFO - Processing /opt/airflow/dags/spark_airflow.py took 0.097 seconds
[2024-12-16T01:38:06.000+0000] {processor.py:186} INFO - Started process (PID=1176) to work on /opt/airflow/dags/spark_airflow.py
[2024-12-16T01:38:06.001+0000] {processor.py:914} INFO - Processing file /opt/airflow/dags/spark_airflow.py for tasks to queue
[2024-12-16T01:38:06.004+0000] {logging_mixin.py:190} INFO - [2024-12-16T01:38:06.004+0000] {dagbag.py:588} INFO - Filling up the DagBag from /opt/airflow/dags/spark_airflow.py
[2024-12-16T01:38:06.027+0000] {processor.py:925} INFO - DAG(s) 'first_dag' retrieved from /opt/airflow/dags/spark_airflow.py
[2024-12-16T01:38:06.048+0000] {logging_mixin.py:190} INFO - [2024-12-16T01:38:06.048+0000] {dag.py:3239} INFO - Sync 1 DAGs
[2024-12-16T01:38:06.065+0000] {logging_mixin.py:190} INFO - [2024-12-16T01:38:06.065+0000] {dag.py:4180} INFO - Setting next_dagrun for first_dag to 2024-12-16T00:00:00+00:00, run_after=2024-12-17T00:00:00+00:00
[2024-12-16T01:38:06.081+0000] {processor.py:208} INFO - Processing /opt/airflow/dags/spark_airflow.py took 0.085 seconds
[2024-12-16T01:38:35.673+0000] {processor.py:186} INFO - Started process (PID=1181) to work on /opt/airflow/dags/spark_airflow.py
[2024-12-16T01:38:35.674+0000] {processor.py:914} INFO - Processing file /opt/airflow/dags/spark_airflow.py for tasks to queue
[2024-12-16T01:38:35.676+0000] {logging_mixin.py:190} INFO - [2024-12-16T01:38:35.676+0000] {dagbag.py:588} INFO - Filling up the DagBag from /opt/airflow/dags/spark_airflow.py
[2024-12-16T01:38:35.700+0000] {processor.py:925} INFO - DAG(s) 'first_dag' retrieved from /opt/airflow/dags/spark_airflow.py
[2024-12-16T01:38:35.729+0000] {logging_mixin.py:190} INFO - [2024-12-16T01:38:35.729+0000] {dag.py:3239} INFO - Sync 1 DAGs
[2024-12-16T01:38:35.746+0000] {logging_mixin.py:190} INFO - [2024-12-16T01:38:35.746+0000] {dag.py:4180} INFO - Setting next_dagrun for first_dag to 2024-12-16T00:00:00+00:00, run_after=2024-12-17T00:00:00+00:00
[2024-12-16T01:38:35.766+0000] {processor.py:208} INFO - Processing /opt/airflow/dags/spark_airflow.py took 0.099 seconds
[2024-12-16T01:38:36.272+0000] {processor.py:186} INFO - Started process (PID=1186) to work on /opt/airflow/dags/spark_airflow.py
[2024-12-16T01:38:36.273+0000] {processor.py:914} INFO - Processing file /opt/airflow/dags/spark_airflow.py for tasks to queue
[2024-12-16T01:38:36.276+0000] {logging_mixin.py:190} INFO - [2024-12-16T01:38:36.275+0000] {dagbag.py:588} INFO - Filling up the DagBag from /opt/airflow/dags/spark_airflow.py
[2024-12-16T01:38:36.295+0000] {processor.py:925} INFO - DAG(s) 'first_dag' retrieved from /opt/airflow/dags/spark_airflow.py
[2024-12-16T01:38:36.317+0000] {logging_mixin.py:190} INFO - [2024-12-16T01:38:36.317+0000] {dag.py:3239} INFO - Sync 1 DAGs
[2024-12-16T01:38:36.338+0000] {logging_mixin.py:190} INFO - [2024-12-16T01:38:36.337+0000] {dag.py:4180} INFO - Setting next_dagrun for first_dag to 2024-12-16T00:00:00+00:00, run_after=2024-12-17T00:00:00+00:00
[2024-12-16T01:38:36.353+0000] {processor.py:208} INFO - Processing /opt/airflow/dags/spark_airflow.py took 0.086 seconds
[2024-12-16T01:39:05.927+0000] {processor.py:186} INFO - Started process (PID=1191) to work on /opt/airflow/dags/spark_airflow.py
[2024-12-16T01:39:05.928+0000] {processor.py:914} INFO - Processing file /opt/airflow/dags/spark_airflow.py for tasks to queue
[2024-12-16T01:39:05.930+0000] {logging_mixin.py:190} INFO - [2024-12-16T01:39:05.930+0000] {dagbag.py:588} INFO - Filling up the DagBag from /opt/airflow/dags/spark_airflow.py
[2024-12-16T01:39:05.951+0000] {processor.py:925} INFO - DAG(s) 'first_dag' retrieved from /opt/airflow/dags/spark_airflow.py
[2024-12-16T01:39:05.982+0000] {logging_mixin.py:190} INFO - [2024-12-16T01:39:05.982+0000] {dag.py:3239} INFO - Sync 1 DAGs
[2024-12-16T01:39:06.001+0000] {logging_mixin.py:190} INFO - [2024-12-16T01:39:06.001+0000] {dag.py:4180} INFO - Setting next_dagrun for first_dag to 2024-12-16T00:00:00+00:00, run_after=2024-12-17T00:00:00+00:00
[2024-12-16T01:39:06.015+0000] {processor.py:208} INFO - Processing /opt/airflow/dags/spark_airflow.py took 0.094 seconds
[2024-12-16T01:39:06.517+0000] {processor.py:186} INFO - Started process (PID=1196) to work on /opt/airflow/dags/spark_airflow.py
[2024-12-16T01:39:06.519+0000] {processor.py:914} INFO - Processing file /opt/airflow/dags/spark_airflow.py for tasks to queue
[2024-12-16T01:39:06.521+0000] {logging_mixin.py:190} INFO - [2024-12-16T01:39:06.521+0000] {dagbag.py:588} INFO - Filling up the DagBag from /opt/airflow/dags/spark_airflow.py
[2024-12-16T01:39:06.541+0000] {processor.py:925} INFO - DAG(s) 'first_dag' retrieved from /opt/airflow/dags/spark_airflow.py
[2024-12-16T01:39:06.566+0000] {logging_mixin.py:190} INFO - [2024-12-16T01:39:06.566+0000] {dag.py:3239} INFO - Sync 1 DAGs
[2024-12-16T01:39:06.589+0000] {logging_mixin.py:190} INFO - [2024-12-16T01:39:06.589+0000] {dag.py:4180} INFO - Setting next_dagrun for first_dag to 2024-12-16T00:00:00+00:00, run_after=2024-12-17T00:00:00+00:00
[2024-12-16T01:39:06.605+0000] {processor.py:208} INFO - Processing /opt/airflow/dags/spark_airflow.py took 0.093 seconds
[2024-12-16T01:39:36.161+0000] {processor.py:186} INFO - Started process (PID=1201) to work on /opt/airflow/dags/spark_airflow.py
[2024-12-16T01:39:36.162+0000] {processor.py:914} INFO - Processing file /opt/airflow/dags/spark_airflow.py for tasks to queue
[2024-12-16T01:39:36.165+0000] {logging_mixin.py:190} INFO - [2024-12-16T01:39:36.164+0000] {dagbag.py:588} INFO - Filling up the DagBag from /opt/airflow/dags/spark_airflow.py
[2024-12-16T01:39:36.196+0000] {processor.py:925} INFO - DAG(s) 'first_dag' retrieved from /opt/airflow/dags/spark_airflow.py
[2024-12-16T01:39:36.230+0000] {logging_mixin.py:190} INFO - [2024-12-16T01:39:36.230+0000] {dag.py:3239} INFO - Sync 1 DAGs
[2024-12-16T01:39:36.248+0000] {logging_mixin.py:190} INFO - [2024-12-16T01:39:36.248+0000] {dag.py:4180} INFO - Setting next_dagrun for first_dag to 2024-12-16T00:00:00+00:00, run_after=2024-12-17T00:00:00+00:00
[2024-12-16T01:39:36.269+0000] {processor.py:208} INFO - Processing /opt/airflow/dags/spark_airflow.py took 0.112 seconds
[2024-12-16T01:39:36.807+0000] {processor.py:186} INFO - Started process (PID=1206) to work on /opt/airflow/dags/spark_airflow.py
[2024-12-16T01:39:36.808+0000] {processor.py:914} INFO - Processing file /opt/airflow/dags/spark_airflow.py for tasks to queue
[2024-12-16T01:39:36.812+0000] {logging_mixin.py:190} INFO - [2024-12-16T01:39:36.812+0000] {dagbag.py:588} INFO - Filling up the DagBag from /opt/airflow/dags/spark_airflow.py
[2024-12-16T01:39:36.836+0000] {processor.py:925} INFO - DAG(s) 'first_dag' retrieved from /opt/airflow/dags/spark_airflow.py
[2024-12-16T01:39:36.862+0000] {logging_mixin.py:190} INFO - [2024-12-16T01:39:36.862+0000] {dag.py:3239} INFO - Sync 1 DAGs
[2024-12-16T01:39:36.883+0000] {logging_mixin.py:190} INFO - [2024-12-16T01:39:36.883+0000] {dag.py:4180} INFO - Setting next_dagrun for first_dag to 2024-12-16T00:00:00+00:00, run_after=2024-12-17T00:00:00+00:00
[2024-12-16T01:39:36.902+0000] {processor.py:208} INFO - Processing /opt/airflow/dags/spark_airflow.py took 0.101 seconds
[2024-12-16T01:40:06.455+0000] {processor.py:186} INFO - Started process (PID=1211) to work on /opt/airflow/dags/spark_airflow.py
[2024-12-16T01:40:06.456+0000] {processor.py:914} INFO - Processing file /opt/airflow/dags/spark_airflow.py for tasks to queue
[2024-12-16T01:40:06.460+0000] {logging_mixin.py:190} INFO - [2024-12-16T01:40:06.459+0000] {dagbag.py:588} INFO - Filling up the DagBag from /opt/airflow/dags/spark_airflow.py
[2024-12-16T01:40:06.487+0000] {processor.py:925} INFO - DAG(s) 'first_dag' retrieved from /opt/airflow/dags/spark_airflow.py
[2024-12-16T01:40:06.527+0000] {logging_mixin.py:190} INFO - [2024-12-16T01:40:06.526+0000] {dag.py:3239} INFO - Sync 1 DAGs
[2024-12-16T01:40:06.555+0000] {logging_mixin.py:190} INFO - [2024-12-16T01:40:06.555+0000] {dag.py:4180} INFO - Setting next_dagrun for first_dag to 2024-12-16T00:00:00+00:00, run_after=2024-12-17T00:00:00+00:00
[2024-12-16T01:40:06.572+0000] {processor.py:208} INFO - Processing /opt/airflow/dags/spark_airflow.py took 0.124 seconds
[2024-12-16T01:40:07.060+0000] {processor.py:186} INFO - Started process (PID=1216) to work on /opt/airflow/dags/spark_airflow.py
[2024-12-16T01:40:07.061+0000] {processor.py:914} INFO - Processing file /opt/airflow/dags/spark_airflow.py for tasks to queue
[2024-12-16T01:40:07.064+0000] {logging_mixin.py:190} INFO - [2024-12-16T01:40:07.064+0000] {dagbag.py:588} INFO - Filling up the DagBag from /opt/airflow/dags/spark_airflow.py
[2024-12-16T01:40:07.089+0000] {processor.py:925} INFO - DAG(s) 'first_dag' retrieved from /opt/airflow/dags/spark_airflow.py
[2024-12-16T01:40:07.131+0000] {logging_mixin.py:190} INFO - [2024-12-16T01:40:07.131+0000] {dag.py:3239} INFO - Sync 1 DAGs
[2024-12-16T01:40:07.163+0000] {logging_mixin.py:190} INFO - [2024-12-16T01:40:07.163+0000] {dag.py:4180} INFO - Setting next_dagrun for first_dag to 2024-12-16T00:00:00+00:00, run_after=2024-12-17T00:00:00+00:00
[2024-12-16T01:40:07.183+0000] {processor.py:208} INFO - Processing /opt/airflow/dags/spark_airflow.py took 0.132 seconds
[2024-12-16T03:25:08.197+0000] {processor.py:186} INFO - Started process (PID=1221) to work on /opt/airflow/dags/spark_airflow.py
[2024-12-16T03:25:08.199+0000] {processor.py:914} INFO - Processing file /opt/airflow/dags/spark_airflow.py for tasks to queue
[2024-12-16T03:25:08.204+0000] {logging_mixin.py:190} INFO - [2024-12-16T03:25:08.204+0000] {dagbag.py:588} INFO - Filling up the DagBag from /opt/airflow/dags/spark_airflow.py
[2024-12-16T03:25:08.226+0000] {processor.py:925} INFO - DAG(s) 'first_dag' retrieved from /opt/airflow/dags/spark_airflow.py
[2024-12-16T03:25:08.262+0000] {logging_mixin.py:190} INFO - [2024-12-16T03:25:08.262+0000] {dag.py:3239} INFO - Sync 1 DAGs
[2024-12-16T03:25:08.294+0000] {logging_mixin.py:190} INFO - [2024-12-16T03:25:08.294+0000] {dag.py:4180} INFO - Setting next_dagrun for first_dag to 2024-12-16T00:00:00+00:00, run_after=2024-12-17T00:00:00+00:00
[2024-12-16T03:25:08.315+0000] {processor.py:208} INFO - Processing /opt/airflow/dags/spark_airflow.py took 0.125 seconds
[2024-12-16T03:25:08.571+0000] {processor.py:186} INFO - Started process (PID=1226) to work on /opt/airflow/dags/spark_airflow.py
[2024-12-16T03:25:08.575+0000] {processor.py:914} INFO - Processing file /opt/airflow/dags/spark_airflow.py for tasks to queue
[2024-12-16T03:25:08.581+0000] {logging_mixin.py:190} INFO - [2024-12-16T03:25:08.581+0000] {dagbag.py:588} INFO - Filling up the DagBag from /opt/airflow/dags/spark_airflow.py
[2024-12-16T03:25:08.647+0000] {processor.py:925} INFO - DAG(s) 'first_dag' retrieved from /opt/airflow/dags/spark_airflow.py
[2024-12-16T03:25:08.845+0000] {logging_mixin.py:190} INFO - [2024-12-16T03:25:08.845+0000] {dag.py:3239} INFO - Sync 1 DAGs
[2024-12-16T03:25:08.971+0000] {logging_mixin.py:190} INFO - [2024-12-16T03:25:08.970+0000] {dag.py:4180} INFO - Setting next_dagrun for first_dag to 2024-12-16T00:00:00+00:00, run_after=2024-12-17T00:00:00+00:00
[2024-12-16T03:25:09.031+0000] {processor.py:208} INFO - Processing /opt/airflow/dags/spark_airflow.py took 0.480 seconds
[2024-12-16T03:25:38.793+0000] {processor.py:186} INFO - Started process (PID=1233) to work on /opt/airflow/dags/spark_airflow.py
[2024-12-16T03:25:38.794+0000] {processor.py:914} INFO - Processing file /opt/airflow/dags/spark_airflow.py for tasks to queue
[2024-12-16T03:25:38.798+0000] {logging_mixin.py:190} INFO - [2024-12-16T03:25:38.798+0000] {dagbag.py:588} INFO - Filling up the DagBag from /opt/airflow/dags/spark_airflow.py
[2024-12-16T03:25:38.829+0000] {processor.py:925} INFO - DAG(s) 'first_dag' retrieved from /opt/airflow/dags/spark_airflow.py
[2024-12-16T03:25:38.865+0000] {logging_mixin.py:190} INFO - [2024-12-16T03:25:38.865+0000] {dag.py:3239} INFO - Sync 1 DAGs
[2024-12-16T03:25:38.895+0000] {logging_mixin.py:190} INFO - [2024-12-16T03:25:38.894+0000] {dag.py:4180} INFO - Setting next_dagrun for first_dag to 2024-12-16T00:00:00+00:00, run_after=2024-12-17T00:00:00+00:00
[2024-12-16T03:25:38.926+0000] {processor.py:208} INFO - Processing /opt/airflow/dags/spark_airflow.py took 0.139 seconds
[2024-12-16T03:25:39.178+0000] {processor.py:186} INFO - Started process (PID=1238) to work on /opt/airflow/dags/spark_airflow.py
[2024-12-16T03:25:39.180+0000] {processor.py:914} INFO - Processing file /opt/airflow/dags/spark_airflow.py for tasks to queue
[2024-12-16T03:25:39.183+0000] {logging_mixin.py:190} INFO - [2024-12-16T03:25:39.183+0000] {dagbag.py:588} INFO - Filling up the DagBag from /opt/airflow/dags/spark_airflow.py
[2024-12-16T03:25:39.214+0000] {processor.py:925} INFO - DAG(s) 'first_dag' retrieved from /opt/airflow/dags/spark_airflow.py
[2024-12-16T03:25:39.252+0000] {logging_mixin.py:190} INFO - [2024-12-16T03:25:39.252+0000] {dag.py:3239} INFO - Sync 1 DAGs
[2024-12-16T03:25:39.276+0000] {logging_mixin.py:190} INFO - [2024-12-16T03:25:39.276+0000] {dag.py:4180} INFO - Setting next_dagrun for first_dag to 2024-12-16T00:00:00+00:00, run_after=2024-12-17T00:00:00+00:00
[2024-12-16T03:25:39.305+0000] {processor.py:208} INFO - Processing /opt/airflow/dags/spark_airflow.py took 0.132 seconds
[2024-12-16T03:26:09.064+0000] {processor.py:186} INFO - Started process (PID=1243) to work on /opt/airflow/dags/spark_airflow.py
[2024-12-16T03:26:09.066+0000] {processor.py:914} INFO - Processing file /opt/airflow/dags/spark_airflow.py for tasks to queue
[2024-12-16T03:26:09.069+0000] {logging_mixin.py:190} INFO - [2024-12-16T03:26:09.069+0000] {dagbag.py:588} INFO - Filling up the DagBag from /opt/airflow/dags/spark_airflow.py
[2024-12-16T03:26:09.100+0000] {processor.py:925} INFO - DAG(s) 'first_dag' retrieved from /opt/airflow/dags/spark_airflow.py
[2024-12-16T03:26:09.133+0000] {logging_mixin.py:190} INFO - [2024-12-16T03:26:09.133+0000] {dag.py:3239} INFO - Sync 1 DAGs
[2024-12-16T03:26:09.159+0000] {logging_mixin.py:190} INFO - [2024-12-16T03:26:09.159+0000] {dag.py:4180} INFO - Setting next_dagrun for first_dag to 2024-12-16T00:00:00+00:00, run_after=2024-12-17T00:00:00+00:00
[2024-12-16T03:26:09.186+0000] {processor.py:208} INFO - Processing /opt/airflow/dags/spark_airflow.py took 0.130 seconds
[2024-12-16T03:26:09.423+0000] {processor.py:186} INFO - Started process (PID=1248) to work on /opt/airflow/dags/spark_airflow.py
[2024-12-16T03:26:09.424+0000] {processor.py:914} INFO - Processing file /opt/airflow/dags/spark_airflow.py for tasks to queue
[2024-12-16T03:26:09.427+0000] {logging_mixin.py:190} INFO - [2024-12-16T03:26:09.427+0000] {dagbag.py:588} INFO - Filling up the DagBag from /opt/airflow/dags/spark_airflow.py
[2024-12-16T03:26:09.450+0000] {processor.py:925} INFO - DAG(s) 'first_dag' retrieved from /opt/airflow/dags/spark_airflow.py
[2024-12-16T03:26:09.484+0000] {logging_mixin.py:190} INFO - [2024-12-16T03:26:09.484+0000] {dag.py:3239} INFO - Sync 1 DAGs
[2024-12-16T03:26:09.506+0000] {logging_mixin.py:190} INFO - [2024-12-16T03:26:09.506+0000] {dag.py:4180} INFO - Setting next_dagrun for first_dag to 2024-12-16T00:00:00+00:00, run_after=2024-12-17T00:00:00+00:00
[2024-12-16T03:26:09.535+0000] {processor.py:208} INFO - Processing /opt/airflow/dags/spark_airflow.py took 0.117 seconds
[2024-12-16T03:26:27.678+0000] {processor.py:186} INFO - Started process (PID=1253) to work on /opt/airflow/dags/spark_airflow.py
[2024-12-16T03:26:27.679+0000] {processor.py:914} INFO - Processing file /opt/airflow/dags/spark_airflow.py for tasks to queue
[2024-12-16T03:26:27.681+0000] {logging_mixin.py:190} INFO - [2024-12-16T03:26:27.681+0000] {dagbag.py:588} INFO - Filling up the DagBag from /opt/airflow/dags/spark_airflow.py
[2024-12-16T03:26:27.722+0000] {processor.py:925} INFO - DAG(s) 'first_dag' retrieved from /opt/airflow/dags/spark_airflow.py
[2024-12-16T03:26:27.749+0000] {logging_mixin.py:190} INFO - [2024-12-16T03:26:27.749+0000] {dag.py:3239} INFO - Sync 1 DAGs
[2024-12-16T03:26:27.771+0000] {logging_mixin.py:190} INFO - [2024-12-16T03:26:27.770+0000] {dag.py:4180} INFO - Setting next_dagrun for first_dag to 2024-12-16T00:00:00+00:00, run_after=2024-12-17T00:00:00+00:00
[2024-12-16T03:26:27.797+0000] {processor.py:208} INFO - Processing /opt/airflow/dags/spark_airflow.py took 0.124 seconds
[2024-12-16T03:26:28.366+0000] {processor.py:186} INFO - Started process (PID=1258) to work on /opt/airflow/dags/spark_airflow.py
[2024-12-16T03:26:28.367+0000] {processor.py:914} INFO - Processing file /opt/airflow/dags/spark_airflow.py for tasks to queue
[2024-12-16T03:26:28.370+0000] {logging_mixin.py:190} INFO - [2024-12-16T03:26:28.369+0000] {dagbag.py:588} INFO - Filling up the DagBag from /opt/airflow/dags/spark_airflow.py
[2024-12-16T03:26:28.391+0000] {processor.py:925} INFO - DAG(s) 'first_dag' retrieved from /opt/airflow/dags/spark_airflow.py
[2024-12-16T03:26:28.413+0000] {logging_mixin.py:190} INFO - [2024-12-16T03:26:28.412+0000] {dag.py:3239} INFO - Sync 1 DAGs
[2024-12-16T03:26:28.431+0000] {logging_mixin.py:190} INFO - [2024-12-16T03:26:28.431+0000] {dag.py:4180} INFO - Setting next_dagrun for first_dag to 2024-12-16T00:00:00+00:00, run_after=2024-12-17T00:00:00+00:00
[2024-12-16T03:26:28.454+0000] {processor.py:208} INFO - Processing /opt/airflow/dags/spark_airflow.py took 0.094 seconds
[2024-12-16T03:26:36.567+0000] {processor.py:186} INFO - Started process (PID=1263) to work on /opt/airflow/dags/spark_airflow.py
[2024-12-16T03:26:36.568+0000] {processor.py:914} INFO - Processing file /opt/airflow/dags/spark_airflow.py for tasks to queue
[2024-12-16T03:26:36.570+0000] {logging_mixin.py:190} INFO - [2024-12-16T03:26:36.570+0000] {dagbag.py:588} INFO - Filling up the DagBag from /opt/airflow/dags/spark_airflow.py
[2024-12-16T03:26:36.609+0000] {logging_mixin.py:190} INFO - [2024-12-16T03:26:36.600+0000] {dagbag.py:387} ERROR - Failed to import: /opt/airflow/dags/spark_airflow.py
Traceback (most recent call last):
  File "/home/airflow/.local/lib/python3.11/site-packages/airflow/models/dagbag.py", line 383, in parse
    loader.exec_module(new_module)
  File "<frozen importlib._bootstrap_external>", line 940, in exec_module
  File "<frozen importlib._bootstrap>", line 241, in _call_with_frames_removed
  File "/opt/airflow/dags/spark_airflow.py", line 20, in <module>
    python_job = SparkSubmit
                 ^^^^^^^^^^^
NameError: name 'SparkSubmit' is not defined
[2024-12-16T03:26:36.611+0000] {processor.py:927} WARNING - No viable dags retrieved from /opt/airflow/dags/spark_airflow.py
[2024-12-16T03:26:36.636+0000] {processor.py:208} INFO - Processing /opt/airflow/dags/spark_airflow.py took 0.073 seconds
[2024-12-16T03:26:36.765+0000] {processor.py:186} INFO - Started process (PID=1268) to work on /opt/airflow/dags/spark_airflow.py
[2024-12-16T03:26:36.766+0000] {processor.py:914} INFO - Processing file /opt/airflow/dags/spark_airflow.py for tasks to queue
[2024-12-16T03:26:36.769+0000] {logging_mixin.py:190} INFO - [2024-12-16T03:26:36.769+0000] {dagbag.py:588} INFO - Filling up the DagBag from /opt/airflow/dags/spark_airflow.py
[2024-12-16T03:26:36.794+0000] {logging_mixin.py:190} INFO - [2024-12-16T03:26:36.789+0000] {dagbag.py:387} ERROR - Failed to import: /opt/airflow/dags/spark_airflow.py
Traceback (most recent call last):
  File "/home/airflow/.local/lib/python3.11/site-packages/airflow/models/dagbag.py", line 383, in parse
    loader.exec_module(new_module)
  File "<frozen importlib._bootstrap_external>", line 940, in exec_module
  File "<frozen importlib._bootstrap>", line 241, in _call_with_frames_removed
  File "/opt/airflow/dags/spark_airflow.py", line 20, in <module>
    python_job = SparkSubmit
                 ^^^^^^^^^^^
NameError: name 'SparkSubmit' is not defined
[2024-12-16T03:26:36.796+0000] {processor.py:927} WARNING - No viable dags retrieved from /opt/airflow/dags/spark_airflow.py
[2024-12-16T03:26:36.822+0000] {processor.py:208} INFO - Processing /opt/airflow/dags/spark_airflow.py took 0.064 seconds
[2024-12-16T03:26:38.703+0000] {processor.py:186} INFO - Started process (PID=1273) to work on /opt/airflow/dags/spark_airflow.py
[2024-12-16T03:26:38.704+0000] {processor.py:914} INFO - Processing file /opt/airflow/dags/spark_airflow.py for tasks to queue
[2024-12-16T03:26:38.706+0000] {logging_mixin.py:190} INFO - [2024-12-16T03:26:38.706+0000] {dagbag.py:588} INFO - Filling up the DagBag from /opt/airflow/dags/spark_airflow.py
[2024-12-16T03:26:38.742+0000] {logging_mixin.py:190} INFO - [2024-12-16T03:26:38.737+0000] {dagbag.py:387} ERROR - Failed to import: /opt/airflow/dags/spark_airflow.py
Traceback (most recent call last):
  File "/home/airflow/.local/lib/python3.11/site-packages/airflow/models/dagbag.py", line 383, in parse
    loader.exec_module(new_module)
  File "<frozen importlib._bootstrap_external>", line 940, in exec_module
  File "<frozen importlib._bootstrap>", line 241, in _call_with_frames_removed
  File "/opt/airflow/dags/spark_airflow.py", line 20, in <module>
    python_job = SparkSubmitOperator
                 ^^^^^^^^^^^^^^^^^^^
NameError: name 'SparkSubmitOperator' is not defined
[2024-12-16T03:26:38.744+0000] {processor.py:927} WARNING - No viable dags retrieved from /opt/airflow/dags/spark_airflow.py
[2024-12-16T03:26:38.764+0000] {processor.py:208} INFO - Processing /opt/airflow/dags/spark_airflow.py took 0.065 seconds
[2024-12-16T03:26:38.799+0000] {processor.py:186} INFO - Started process (PID=1278) to work on /opt/airflow/dags/spark_airflow.py
[2024-12-16T03:26:38.801+0000] {processor.py:914} INFO - Processing file /opt/airflow/dags/spark_airflow.py for tasks to queue
[2024-12-16T03:26:38.803+0000] {logging_mixin.py:190} INFO - [2024-12-16T03:26:38.803+0000] {dagbag.py:588} INFO - Filling up the DagBag from /opt/airflow/dags/spark_airflow.py
[2024-12-16T03:26:38.829+0000] {logging_mixin.py:190} INFO - [2024-12-16T03:26:38.825+0000] {dagbag.py:387} ERROR - Failed to import: /opt/airflow/dags/spark_airflow.py
Traceback (most recent call last):
  File "/home/airflow/.local/lib/python3.11/site-packages/airflow/models/dagbag.py", line 383, in parse
    loader.exec_module(new_module)
  File "<frozen importlib._bootstrap_external>", line 940, in exec_module
  File "<frozen importlib._bootstrap>", line 241, in _call_with_frames_removed
  File "/opt/airflow/dags/spark_airflow.py", line 20, in <module>
    python_job = SparkSubmitOperator
                 ^^^^^^^^^^^^^^^^^^^
NameError: name 'SparkSubmitOperator' is not defined
[2024-12-16T03:26:38.830+0000] {processor.py:927} WARNING - No viable dags retrieved from /opt/airflow/dags/spark_airflow.py
[2024-12-16T03:26:38.854+0000] {processor.py:208} INFO - Processing /opt/airflow/dags/spark_airflow.py took 0.059 seconds
[2024-12-16T03:26:40.853+0000] {processor.py:186} INFO - Started process (PID=1283) to work on /opt/airflow/dags/spark_airflow.py
[2024-12-16T03:26:40.855+0000] {processor.py:914} INFO - Processing file /opt/airflow/dags/spark_airflow.py for tasks to queue
[2024-12-16T03:26:40.858+0000] {logging_mixin.py:190} INFO - [2024-12-16T03:26:40.858+0000] {dagbag.py:588} INFO - Filling up the DagBag from /opt/airflow/dags/spark_airflow.py
[2024-12-16T03:26:40.893+0000] {logging_mixin.py:190} INFO - [2024-12-16T03:26:40.888+0000] {dagbag.py:387} ERROR - Failed to import: /opt/airflow/dags/spark_airflow.py
Traceback (most recent call last):
  File "/home/airflow/.local/lib/python3.11/site-packages/airflow/models/dagbag.py", line 383, in parse
    loader.exec_module(new_module)
  File "<frozen importlib._bootstrap_external>", line 940, in exec_module
  File "<frozen importlib._bootstrap>", line 241, in _call_with_frames_removed
  File "/opt/airflow/dags/spark_airflow.py", line 20, in <module>
    python_job = SparkSubmitOperator(
                 ^^^^^^^^^^^^^^^^^^^
NameError: name 'SparkSubmitOperator' is not defined
[2024-12-16T03:26:40.896+0000] {processor.py:927} WARNING - No viable dags retrieved from /opt/airflow/dags/spark_airflow.py
[2024-12-16T03:26:40.907+0000] {processor.py:186} INFO - Started process (PID=1286) to work on /opt/airflow/dags/spark_airflow.py
[2024-12-16T03:26:40.908+0000] {processor.py:914} INFO - Processing file /opt/airflow/dags/spark_airflow.py for tasks to queue
[2024-12-16T03:26:40.912+0000] {logging_mixin.py:190} INFO - [2024-12-16T03:26:40.911+0000] {dagbag.py:588} INFO - Filling up the DagBag from /opt/airflow/dags/spark_airflow.py
[2024-12-16T03:26:40.930+0000] {processor.py:208} INFO - Processing /opt/airflow/dags/spark_airflow.py took 0.087 seconds
[2024-12-16T03:26:40.944+0000] {logging_mixin.py:190} INFO - [2024-12-16T03:26:40.938+0000] {dagbag.py:387} ERROR - Failed to import: /opt/airflow/dags/spark_airflow.py
Traceback (most recent call last):
  File "/home/airflow/.local/lib/python3.11/site-packages/airflow/models/dagbag.py", line 383, in parse
    loader.exec_module(new_module)
  File "<frozen importlib._bootstrap_external>", line 940, in exec_module
  File "<frozen importlib._bootstrap>", line 241, in _call_with_frames_removed
  File "/opt/airflow/dags/spark_airflow.py", line 20, in <module>
    python_job = SparkSubmitOperator(
                 ^^^^^^^^^^^^^^^^^^^
NameError: name 'SparkSubmitOperator' is not defined
[2024-12-16T03:26:40.947+0000] {processor.py:927} WARNING - No viable dags retrieved from /opt/airflow/dags/spark_airflow.py
[2024-12-16T03:26:40.969+0000] {processor.py:208} INFO - Processing /opt/airflow/dags/spark_airflow.py took 0.070 seconds
[2024-12-16T03:26:42.880+0000] {processor.py:186} INFO - Started process (PID=1293) to work on /opt/airflow/dags/spark_airflow.py
[2024-12-16T03:26:42.882+0000] {processor.py:914} INFO - Processing file /opt/airflow/dags/spark_airflow.py for tasks to queue
[2024-12-16T03:26:42.884+0000] {logging_mixin.py:190} INFO - [2024-12-16T03:26:42.884+0000] {dagbag.py:588} INFO - Filling up the DagBag from /opt/airflow/dags/spark_airflow.py
[2024-12-16T03:26:42.922+0000] {logging_mixin.py:190} INFO - [2024-12-16T03:26:42.919+0000] {dagbag.py:387} ERROR - Failed to import: /opt/airflow/dags/spark_airflow.py
Traceback (most recent call last):
  File "/home/airflow/.local/lib/python3.11/site-packages/airflow/models/dagbag.py", line 383, in parse
    loader.exec_module(new_module)
  File "<frozen importlib._bootstrap_external>", line 940, in exec_module
  File "<frozen importlib._bootstrap>", line 241, in _call_with_frames_removed
  File "/opt/airflow/dags/spark_airflow.py", line 20, in <module>
    python_job = SparkSubmitOperator(
                 ^^^^^^^^^^^^^^^^^^^
NameError: name 'SparkSubmitOperator' is not defined
[2024-12-16T03:26:42.923+0000] {processor.py:927} WARNING - No viable dags retrieved from /opt/airflow/dags/spark_airflow.py
[2024-12-16T03:26:42.940+0000] {processor.py:186} INFO - Started process (PID=1296) to work on /opt/airflow/dags/spark_airflow.py
[2024-12-16T03:26:42.942+0000] {processor.py:914} INFO - Processing file /opt/airflow/dags/spark_airflow.py for tasks to queue
[2024-12-16T03:26:42.945+0000] {logging_mixin.py:190} INFO - [2024-12-16T03:26:42.945+0000] {dagbag.py:588} INFO - Filling up the DagBag from /opt/airflow/dags/spark_airflow.py
[2024-12-16T03:26:42.946+0000] {processor.py:208} INFO - Processing /opt/airflow/dags/spark_airflow.py took 0.071 seconds
[2024-12-16T03:26:42.975+0000] {logging_mixin.py:190} INFO - [2024-12-16T03:26:42.969+0000] {dagbag.py:387} ERROR - Failed to import: /opt/airflow/dags/spark_airflow.py
Traceback (most recent call last):
  File "/home/airflow/.local/lib/python3.11/site-packages/airflow/models/dagbag.py", line 383, in parse
    loader.exec_module(new_module)
  File "<frozen importlib._bootstrap_external>", line 940, in exec_module
  File "<frozen importlib._bootstrap>", line 241, in _call_with_frames_removed
  File "/opt/airflow/dags/spark_airflow.py", line 20, in <module>
    python_job = SparkSubmitOperator(
                 ^^^^^^^^^^^^^^^^^^^
NameError: name 'SparkSubmitOperator' is not defined
[2024-12-16T03:26:42.977+0000] {processor.py:927} WARNING - No viable dags retrieved from /opt/airflow/dags/spark_airflow.py
[2024-12-16T03:26:43.004+0000] {processor.py:208} INFO - Processing /opt/airflow/dags/spark_airflow.py took 0.068 seconds
[2024-12-16T03:26:44.929+0000] {processor.py:186} INFO - Started process (PID=1303) to work on /opt/airflow/dags/spark_airflow.py
[2024-12-16T03:26:44.930+0000] {processor.py:914} INFO - Processing file /opt/airflow/dags/spark_airflow.py for tasks to queue
[2024-12-16T03:26:44.932+0000] {logging_mixin.py:190} INFO - [2024-12-16T03:26:44.932+0000] {dagbag.py:588} INFO - Filling up the DagBag from /opt/airflow/dags/spark_airflow.py
[2024-12-16T03:26:44.966+0000] {logging_mixin.py:190} INFO - [2024-12-16T03:26:44.962+0000] {dagbag.py:387} ERROR - Failed to import: /opt/airflow/dags/spark_airflow.py
Traceback (most recent call last):
  File "/home/airflow/.local/lib/python3.11/site-packages/airflow/models/dagbag.py", line 383, in parse
    loader.exec_module(new_module)
  File "<frozen importlib._bootstrap_external>", line 940, in exec_module
  File "<frozen importlib._bootstrap>", line 241, in _call_with_frames_removed
  File "/opt/airflow/dags/spark_airflow.py", line 20, in <module>
    python_job = SparkSubmitOperator(
                 ^^^^^^^^^^^^^^^^^^^
NameError: name 'SparkSubmitOperator' is not defined
[2024-12-16T03:26:44.967+0000] {processor.py:927} WARNING - No viable dags retrieved from /opt/airflow/dags/spark_airflow.py
[2024-12-16T03:26:44.993+0000] {processor.py:208} INFO - Processing /opt/airflow/dags/spark_airflow.py took 0.069 seconds
[2024-12-16T03:26:45.054+0000] {processor.py:186} INFO - Started process (PID=1308) to work on /opt/airflow/dags/spark_airflow.py
[2024-12-16T03:26:45.055+0000] {processor.py:914} INFO - Processing file /opt/airflow/dags/spark_airflow.py for tasks to queue
[2024-12-16T03:26:45.057+0000] {logging_mixin.py:190} INFO - [2024-12-16T03:26:45.057+0000] {dagbag.py:588} INFO - Filling up the DagBag from /opt/airflow/dags/spark_airflow.py
[2024-12-16T03:26:45.084+0000] {logging_mixin.py:190} INFO - [2024-12-16T03:26:45.078+0000] {dagbag.py:387} ERROR - Failed to import: /opt/airflow/dags/spark_airflow.py
Traceback (most recent call last):
  File "/home/airflow/.local/lib/python3.11/site-packages/airflow/models/dagbag.py", line 383, in parse
    loader.exec_module(new_module)
  File "<frozen importlib._bootstrap_external>", line 940, in exec_module
  File "<frozen importlib._bootstrap>", line 241, in _call_with_frames_removed
  File "/opt/airflow/dags/spark_airflow.py", line 20, in <module>
    python_job = SparkSubmitOperator(
                 ^^^^^^^^^^^^^^^^^^^
NameError: name 'SparkSubmitOperator' is not defined
[2024-12-16T03:26:45.086+0000] {processor.py:927} WARNING - No viable dags retrieved from /opt/airflow/dags/spark_airflow.py
[2024-12-16T03:26:45.109+0000] {processor.py:208} INFO - Processing /opt/airflow/dags/spark_airflow.py took 0.062 seconds
[2024-12-16T03:26:46.173+0000] {processor.py:186} INFO - Started process (PID=1313) to work on /opt/airflow/dags/spark_airflow.py
[2024-12-16T03:26:46.174+0000] {processor.py:914} INFO - Processing file /opt/airflow/dags/spark_airflow.py for tasks to queue
[2024-12-16T03:26:46.177+0000] {logging_mixin.py:190} INFO - [2024-12-16T03:26:46.177+0000] {dagbag.py:588} INFO - Filling up the DagBag from /opt/airflow/dags/spark_airflow.py
[2024-12-16T03:26:46.201+0000] {logging_mixin.py:190} INFO - [2024-12-16T03:26:46.200+0000] {dagbag.py:387} ERROR - Failed to import: /opt/airflow/dags/spark_airflow.py
Traceback (most recent call last):
  File "/home/airflow/.local/lib/python3.11/site-packages/airflow/models/dagbag.py", line 383, in parse
    loader.exec_module(new_module)
  File "<frozen importlib._bootstrap_external>", line 936, in exec_module
  File "<frozen importlib._bootstrap_external>", line 1074, in get_code
  File "<frozen importlib._bootstrap_external>", line 1004, in source_to_code
  File "<frozen importlib._bootstrap>", line 241, in _call_with_frames_removed
  File "/opt/airflow/dags/spark_airflow.py", line 22
    )
    ^
SyntaxError: invalid syntax
[2024-12-16T03:26:46.202+0000] {processor.py:927} WARNING - No viable dags retrieved from /opt/airflow/dags/spark_airflow.py
[2024-12-16T03:26:46.262+0000] {processor.py:208} INFO - Processing /opt/airflow/dags/spark_airflow.py took 0.094 seconds
[2024-12-16T03:26:47.032+0000] {processor.py:186} INFO - Started process (PID=1318) to work on /opt/airflow/dags/spark_airflow.py
[2024-12-16T03:26:47.033+0000] {processor.py:914} INFO - Processing file /opt/airflow/dags/spark_airflow.py for tasks to queue
[2024-12-16T03:26:47.035+0000] {logging_mixin.py:190} INFO - [2024-12-16T03:26:47.035+0000] {dagbag.py:588} INFO - Filling up the DagBag from /opt/airflow/dags/spark_airflow.py
[2024-12-16T03:26:47.060+0000] {logging_mixin.py:190} INFO - [2024-12-16T03:26:47.059+0000] {dagbag.py:387} ERROR - Failed to import: /opt/airflow/dags/spark_airflow.py
Traceback (most recent call last):
  File "/home/airflow/.local/lib/python3.11/site-packages/airflow/models/dagbag.py", line 383, in parse
    loader.exec_module(new_module)
  File "<frozen importlib._bootstrap_external>", line 936, in exec_module
  File "<frozen importlib._bootstrap_external>", line 1074, in get_code
  File "<frozen importlib._bootstrap_external>", line 1004, in source_to_code
  File "<frozen importlib._bootstrap>", line 241, in _call_with_frames_removed
  File "/opt/airflow/dags/spark_airflow.py", line 22
    )
    ^
SyntaxError: invalid syntax
[2024-12-16T03:26:47.060+0000] {processor.py:927} WARNING - No viable dags retrieved from /opt/airflow/dags/spark_airflow.py
[2024-12-16T03:26:47.084+0000] {processor.py:208} INFO - Processing /opt/airflow/dags/spark_airflow.py took 0.056 seconds
[2024-12-16T03:26:47.338+0000] {processor.py:186} INFO - Started process (PID=1323) to work on /opt/airflow/dags/spark_airflow.py
[2024-12-16T03:26:47.339+0000] {processor.py:914} INFO - Processing file /opt/airflow/dags/spark_airflow.py for tasks to queue
[2024-12-16T03:26:47.341+0000] {logging_mixin.py:190} INFO - [2024-12-16T03:26:47.341+0000] {dagbag.py:588} INFO - Filling up the DagBag from /opt/airflow/dags/spark_airflow.py
[2024-12-16T03:26:47.379+0000] {logging_mixin.py:190} INFO - [2024-12-16T03:26:47.375+0000] {dagbag.py:387} ERROR - Failed to import: /opt/airflow/dags/spark_airflow.py
Traceback (most recent call last):
  File "/home/airflow/.local/lib/python3.11/site-packages/airflow/models/dagbag.py", line 383, in parse
    loader.exec_module(new_module)
  File "<frozen importlib._bootstrap_external>", line 940, in exec_module
  File "<frozen importlib._bootstrap>", line 241, in _call_with_frames_removed
  File "/opt/airflow/dags/spark_airflow.py", line 20, in <module>
    python_job = SparkSubmitOperator(
                 ^^^^^^^^^^^^^^^^^^^
NameError: name 'SparkSubmitOperator' is not defined
[2024-12-16T03:26:47.381+0000] {processor.py:927} WARNING - No viable dags retrieved from /opt/airflow/dags/spark_airflow.py
[2024-12-16T03:26:47.404+0000] {processor.py:208} INFO - Processing /opt/airflow/dags/spark_airflow.py took 0.070 seconds
[2024-12-16T03:26:48.075+0000] {processor.py:186} INFO - Started process (PID=1328) to work on /opt/airflow/dags/spark_airflow.py
[2024-12-16T03:26:48.076+0000] {processor.py:914} INFO - Processing file /opt/airflow/dags/spark_airflow.py for tasks to queue
[2024-12-16T03:26:48.081+0000] {logging_mixin.py:190} INFO - [2024-12-16T03:26:48.080+0000] {dagbag.py:588} INFO - Filling up the DagBag from /opt/airflow/dags/spark_airflow.py
[2024-12-16T03:26:48.115+0000] {logging_mixin.py:190} INFO - [2024-12-16T03:26:48.109+0000] {dagbag.py:387} ERROR - Failed to import: /opt/airflow/dags/spark_airflow.py
Traceback (most recent call last):
  File "/home/airflow/.local/lib/python3.11/site-packages/airflow/models/dagbag.py", line 383, in parse
    loader.exec_module(new_module)
  File "<frozen importlib._bootstrap_external>", line 940, in exec_module
  File "<frozen importlib._bootstrap>", line 241, in _call_with_frames_removed
  File "/opt/airflow/dags/spark_airflow.py", line 20, in <module>
    python_job = SparkSubmitOperator(
                 ^^^^^^^^^^^^^^^^^^^
NameError: name 'SparkSubmitOperator' is not defined
[2024-12-16T03:26:48.118+0000] {processor.py:927} WARNING - No viable dags retrieved from /opt/airflow/dags/spark_airflow.py
[2024-12-16T03:26:48.140+0000] {processor.py:208} INFO - Processing /opt/airflow/dags/spark_airflow.py took 0.071 seconds
[2024-12-16T03:26:53.240+0000] {processor.py:186} INFO - Started process (PID=1333) to work on /opt/airflow/dags/spark_airflow.py
[2024-12-16T03:26:53.241+0000] {processor.py:914} INFO - Processing file /opt/airflow/dags/spark_airflow.py for tasks to queue
[2024-12-16T03:26:53.244+0000] {logging_mixin.py:190} INFO - [2024-12-16T03:26:53.243+0000] {dagbag.py:588} INFO - Filling up the DagBag from /opt/airflow/dags/spark_airflow.py
[2024-12-16T03:26:53.276+0000] {logging_mixin.py:190} INFO - [2024-12-16T03:26:53.273+0000] {dagbag.py:387} ERROR - Failed to import: /opt/airflow/dags/spark_airflow.py
Traceback (most recent call last):
  File "/home/airflow/.local/lib/python3.11/site-packages/airflow/models/dagbag.py", line 383, in parse
    loader.exec_module(new_module)
  File "<frozen importlib._bootstrap_external>", line 940, in exec_module
  File "<frozen importlib._bootstrap>", line 241, in _call_with_frames_removed
  File "/opt/airflow/dags/spark_airflow.py", line 20, in <module>
    python_job = SparkSubmitOperator(
                 ^^^^^^^^^^^^^^^^^^^
NameError: name 'SparkSubmitOperator' is not defined
[2024-12-16T03:26:53.277+0000] {processor.py:927} WARNING - No viable dags retrieved from /opt/airflow/dags/spark_airflow.py
[2024-12-16T03:26:53.301+0000] {processor.py:208} INFO - Processing /opt/airflow/dags/spark_airflow.py took 0.065 seconds
[2024-12-16T03:26:53.401+0000] {processor.py:186} INFO - Started process (PID=1338) to work on /opt/airflow/dags/spark_airflow.py
[2024-12-16T03:26:53.403+0000] {processor.py:914} INFO - Processing file /opt/airflow/dags/spark_airflow.py for tasks to queue
[2024-12-16T03:26:53.405+0000] {logging_mixin.py:190} INFO - [2024-12-16T03:26:53.405+0000] {dagbag.py:588} INFO - Filling up the DagBag from /opt/airflow/dags/spark_airflow.py
[2024-12-16T03:26:53.437+0000] {logging_mixin.py:190} INFO - [2024-12-16T03:26:53.432+0000] {dagbag.py:387} ERROR - Failed to import: /opt/airflow/dags/spark_airflow.py
Traceback (most recent call last):
  File "/home/airflow/.local/lib/python3.11/site-packages/airflow/models/dagbag.py", line 383, in parse
    loader.exec_module(new_module)
  File "<frozen importlib._bootstrap_external>", line 940, in exec_module
  File "<frozen importlib._bootstrap>", line 241, in _call_with_frames_removed
  File "/opt/airflow/dags/spark_airflow.py", line 20, in <module>
    python_job = SparkSubmitOperator(
                 ^^^^^^^^^^^^^^^^^^^
NameError: name 'SparkSubmitOperator' is not defined
[2024-12-16T03:26:53.440+0000] {processor.py:927} WARNING - No viable dags retrieved from /opt/airflow/dags/spark_airflow.py
[2024-12-16T03:26:53.467+0000] {processor.py:208} INFO - Processing /opt/airflow/dags/spark_airflow.py took 0.071 seconds
[2024-12-16T03:26:55.447+0000] {processor.py:186} INFO - Started process (PID=1343) to work on /opt/airflow/dags/spark_airflow.py
[2024-12-16T03:26:55.459+0000] {processor.py:914} INFO - Processing file /opt/airflow/dags/spark_airflow.py for tasks to queue
[2024-12-16T03:26:55.464+0000] {logging_mixin.py:190} INFO - [2024-12-16T03:26:55.464+0000] {dagbag.py:588} INFO - Filling up the DagBag from /opt/airflow/dags/spark_airflow.py
[2024-12-16T03:26:55.506+0000] {logging_mixin.py:190} INFO - [2024-12-16T03:26:55.502+0000] {dagbag.py:387} ERROR - Failed to import: /opt/airflow/dags/spark_airflow.py
Traceback (most recent call last):
  File "/home/airflow/.local/lib/python3.11/site-packages/airflow/models/dagbag.py", line 383, in parse
    loader.exec_module(new_module)
  File "<frozen importlib._bootstrap_external>", line 940, in exec_module
  File "<frozen importlib._bootstrap>", line 241, in _call_with_frames_removed
  File "/opt/airflow/dags/spark_airflow.py", line 20, in <module>
    python_job = SparkSubmitOperator(
                 ^^^^^^^^^^^^^^^^^^^
NameError: name 'SparkSubmitOperator' is not defined
[2024-12-16T03:26:55.507+0000] {processor.py:927} WARNING - No viable dags retrieved from /opt/airflow/dags/spark_airflow.py
[2024-12-16T03:26:55.515+0000] {processor.py:186} INFO - Started process (PID=1346) to work on /opt/airflow/dags/spark_airflow.py
[2024-12-16T03:26:55.516+0000] {processor.py:914} INFO - Processing file /opt/airflow/dags/spark_airflow.py for tasks to queue
[2024-12-16T03:26:55.519+0000] {logging_mixin.py:190} INFO - [2024-12-16T03:26:55.518+0000] {dagbag.py:588} INFO - Filling up the DagBag from /opt/airflow/dags/spark_airflow.py
[2024-12-16T03:26:55.532+0000] {logging_mixin.py:190} INFO - [2024-12-16T03:26:55.529+0000] {dagbag.py:387} ERROR - Failed to import: /opt/airflow/dags/spark_airflow.py
Traceback (most recent call last):
  File "/home/airflow/.local/lib/python3.11/site-packages/airflow/models/dagbag.py", line 383, in parse
    loader.exec_module(new_module)
  File "<frozen importlib._bootstrap_external>", line 940, in exec_module
  File "<frozen importlib._bootstrap>", line 241, in _call_with_frames_removed
  File "/opt/airflow/dags/spark_airflow.py", line 20, in <module>
    python_job = SparkSubmitOperator(
                 ^^^^^^^^^^^^^^^^^^^
NameError: name 'SparkSubmitOperator' is not defined
[2024-12-16T03:26:55.532+0000] {processor.py:208} INFO - Processing /opt/airflow/dags/spark_airflow.py took 0.094 seconds
[2024-12-16T03:26:55.533+0000] {processor.py:927} WARNING - No viable dags retrieved from /opt/airflow/dags/spark_airflow.py
[2024-12-16T03:26:55.552+0000] {processor.py:208} INFO - Processing /opt/airflow/dags/spark_airflow.py took 0.042 seconds
[2024-12-16T03:26:58.425+0000] {processor.py:186} INFO - Started process (PID=1353) to work on /opt/airflow/dags/spark_airflow.py
[2024-12-16T03:26:58.426+0000] {processor.py:914} INFO - Processing file /opt/airflow/dags/spark_airflow.py for tasks to queue
[2024-12-16T03:26:58.428+0000] {logging_mixin.py:190} INFO - [2024-12-16T03:26:58.428+0000] {dagbag.py:588} INFO - Filling up the DagBag from /opt/airflow/dags/spark_airflow.py
[2024-12-16T03:26:58.449+0000] {logging_mixin.py:190} INFO - [2024-12-16T03:26:58.448+0000] {dagbag.py:387} ERROR - Failed to import: /opt/airflow/dags/spark_airflow.py
Traceback (most recent call last):
  File "/home/airflow/.local/lib/python3.11/site-packages/airflow/models/dagbag.py", line 383, in parse
    loader.exec_module(new_module)
  File "<frozen importlib._bootstrap_external>", line 936, in exec_module
  File "<frozen importlib._bootstrap_external>", line 1074, in get_code
  File "<frozen importlib._bootstrap_external>", line 1004, in source_to_code
  File "<frozen importlib._bootstrap>", line 241, in _call_with_frames_removed
  File "/opt/airflow/dags/spark_airflow.py", line 23
    )
    ^
SyntaxError: positional argument follows keyword argument
[2024-12-16T03:26:58.450+0000] {processor.py:927} WARNING - No viable dags retrieved from /opt/airflow/dags/spark_airflow.py
[2024-12-16T03:26:58.475+0000] {processor.py:208} INFO - Processing /opt/airflow/dags/spark_airflow.py took 0.055 seconds
[2024-12-16T03:26:58.567+0000] {processor.py:186} INFO - Started process (PID=1358) to work on /opt/airflow/dags/spark_airflow.py
[2024-12-16T03:26:58.568+0000] {processor.py:914} INFO - Processing file /opt/airflow/dags/spark_airflow.py for tasks to queue
[2024-12-16T03:26:58.570+0000] {logging_mixin.py:190} INFO - [2024-12-16T03:26:58.570+0000] {dagbag.py:588} INFO - Filling up the DagBag from /opt/airflow/dags/spark_airflow.py
[2024-12-16T03:26:58.587+0000] {logging_mixin.py:190} INFO - [2024-12-16T03:26:58.586+0000] {dagbag.py:387} ERROR - Failed to import: /opt/airflow/dags/spark_airflow.py
Traceback (most recent call last):
  File "/home/airflow/.local/lib/python3.11/site-packages/airflow/models/dagbag.py", line 383, in parse
    loader.exec_module(new_module)
  File "<frozen importlib._bootstrap_external>", line 936, in exec_module
  File "<frozen importlib._bootstrap_external>", line 1074, in get_code
  File "<frozen importlib._bootstrap_external>", line 1004, in source_to_code
  File "<frozen importlib._bootstrap>", line 241, in _call_with_frames_removed
  File "/opt/airflow/dags/spark_airflow.py", line 23
    )
    ^
SyntaxError: positional argument follows keyword argument
[2024-12-16T03:26:58.588+0000] {processor.py:927} WARNING - No viable dags retrieved from /opt/airflow/dags/spark_airflow.py
[2024-12-16T03:26:58.612+0000] {processor.py:208} INFO - Processing /opt/airflow/dags/spark_airflow.py took 0.050 seconds
[2024-12-16T03:26:59.464+0000] {processor.py:186} INFO - Started process (PID=1363) to work on /opt/airflow/dags/spark_airflow.py
[2024-12-16T03:26:59.465+0000] {processor.py:914} INFO - Processing file /opt/airflow/dags/spark_airflow.py for tasks to queue
[2024-12-16T03:26:59.468+0000] {logging_mixin.py:190} INFO - [2024-12-16T03:26:59.468+0000] {dagbag.py:588} INFO - Filling up the DagBag from /opt/airflow/dags/spark_airflow.py
[2024-12-16T03:26:59.496+0000] {logging_mixin.py:190} INFO - [2024-12-16T03:26:59.495+0000] {dagbag.py:387} ERROR - Failed to import: /opt/airflow/dags/spark_airflow.py
Traceback (most recent call last):
  File "/home/airflow/.local/lib/python3.11/site-packages/airflow/models/dagbag.py", line 383, in parse
    loader.exec_module(new_module)
  File "<frozen importlib._bootstrap_external>", line 936, in exec_module
  File "<frozen importlib._bootstrap_external>", line 1074, in get_code
  File "<frozen importlib._bootstrap_external>", line 1004, in source_to_code
  File "<frozen importlib._bootstrap>", line 241, in _call_with_frames_removed
  File "/opt/airflow/dags/spark_airflow.py", line 23
    )
    ^
SyntaxError: invalid syntax
[2024-12-16T03:26:59.497+0000] {processor.py:927} WARNING - No viable dags retrieved from /opt/airflow/dags/spark_airflow.py
[2024-12-16T03:26:59.525+0000] {processor.py:208} INFO - Processing /opt/airflow/dags/spark_airflow.py took 0.066 seconds
[2024-12-16T03:26:59.630+0000] {processor.py:186} INFO - Started process (PID=1368) to work on /opt/airflow/dags/spark_airflow.py
[2024-12-16T03:26:59.631+0000] {processor.py:914} INFO - Processing file /opt/airflow/dags/spark_airflow.py for tasks to queue
[2024-12-16T03:26:59.635+0000] {logging_mixin.py:190} INFO - [2024-12-16T03:26:59.635+0000] {dagbag.py:588} INFO - Filling up the DagBag from /opt/airflow/dags/spark_airflow.py
[2024-12-16T03:26:59.654+0000] {logging_mixin.py:190} INFO - [2024-12-16T03:26:59.653+0000] {dagbag.py:387} ERROR - Failed to import: /opt/airflow/dags/spark_airflow.py
Traceback (most recent call last):
  File "/home/airflow/.local/lib/python3.11/site-packages/airflow/models/dagbag.py", line 383, in parse
    loader.exec_module(new_module)
  File "<frozen importlib._bootstrap_external>", line 936, in exec_module
  File "<frozen importlib._bootstrap_external>", line 1074, in get_code
  File "<frozen importlib._bootstrap_external>", line 1004, in source_to_code
  File "<frozen importlib._bootstrap>", line 241, in _call_with_frames_removed
  File "/opt/airflow/dags/spark_airflow.py", line 23
    )
    ^
SyntaxError: invalid syntax
[2024-12-16T03:26:59.655+0000] {processor.py:927} WARNING - No viable dags retrieved from /opt/airflow/dags/spark_airflow.py
[2024-12-16T03:26:59.678+0000] {processor.py:208} INFO - Processing /opt/airflow/dags/spark_airflow.py took 0.053 seconds
[2024-12-16T03:27:02.751+0000] {processor.py:186} INFO - Started process (PID=1373) to work on /opt/airflow/dags/spark_airflow.py
[2024-12-16T03:27:02.753+0000] {processor.py:914} INFO - Processing file /opt/airflow/dags/spark_airflow.py for tasks to queue
[2024-12-16T03:27:02.755+0000] {logging_mixin.py:190} INFO - [2024-12-16T03:27:02.755+0000] {dagbag.py:588} INFO - Filling up the DagBag from /opt/airflow/dags/spark_airflow.py
[2024-12-16T03:27:02.793+0000] {logging_mixin.py:190} INFO - [2024-12-16T03:27:02.787+0000] {dagbag.py:387} ERROR - Failed to import: /opt/airflow/dags/spark_airflow.py
Traceback (most recent call last):
  File "/home/airflow/.local/lib/python3.11/site-packages/airflow/models/dagbag.py", line 383, in parse
    loader.exec_module(new_module)
  File "<frozen importlib._bootstrap_external>", line 940, in exec_module
  File "<frozen importlib._bootstrap>", line 241, in _call_with_frames_removed
  File "/opt/airflow/dags/spark_airflow.py", line 20, in <module>
    python_job = SparkSubmitOperator(
                 ^^^^^^^^^^^^^^^^^^^
NameError: name 'SparkSubmitOperator' is not defined
[2024-12-16T03:27:02.795+0000] {processor.py:927} WARNING - No viable dags retrieved from /opt/airflow/dags/spark_airflow.py
[2024-12-16T03:27:02.821+0000] {processor.py:208} INFO - Processing /opt/airflow/dags/spark_airflow.py took 0.075 seconds
[2024-12-16T03:27:03.585+0000] {processor.py:186} INFO - Started process (PID=1378) to work on /opt/airflow/dags/spark_airflow.py
[2024-12-16T03:27:03.586+0000] {processor.py:914} INFO - Processing file /opt/airflow/dags/spark_airflow.py for tasks to queue
[2024-12-16T03:27:03.588+0000] {logging_mixin.py:190} INFO - [2024-12-16T03:27:03.588+0000] {dagbag.py:588} INFO - Filling up the DagBag from /opt/airflow/dags/spark_airflow.py
[2024-12-16T03:27:03.623+0000] {logging_mixin.py:190} INFO - [2024-12-16T03:27:03.618+0000] {dagbag.py:387} ERROR - Failed to import: /opt/airflow/dags/spark_airflow.py
Traceback (most recent call last):
  File "/home/airflow/.local/lib/python3.11/site-packages/airflow/models/dagbag.py", line 383, in parse
    loader.exec_module(new_module)
  File "<frozen importlib._bootstrap_external>", line 940, in exec_module
  File "<frozen importlib._bootstrap>", line 241, in _call_with_frames_removed
  File "/opt/airflow/dags/spark_airflow.py", line 20, in <module>
    python_job = SparkSubmitOperator(
                 ^^^^^^^^^^^^^^^^^^^
NameError: name 'SparkSubmitOperator' is not defined
[2024-12-16T03:27:03.624+0000] {processor.py:927} WARNING - No viable dags retrieved from /opt/airflow/dags/spark_airflow.py
[2024-12-16T03:27:03.644+0000] {processor.py:208} INFO - Processing /opt/airflow/dags/spark_airflow.py took 0.064 seconds
[2024-12-16T03:27:05.723+0000] {processor.py:186} INFO - Started process (PID=1383) to work on /opt/airflow/dags/spark_airflow.py
[2024-12-16T03:27:05.725+0000] {processor.py:914} INFO - Processing file /opt/airflow/dags/spark_airflow.py for tasks to queue
[2024-12-16T03:27:05.727+0000] {logging_mixin.py:190} INFO - [2024-12-16T03:27:05.727+0000] {dagbag.py:588} INFO - Filling up the DagBag from /opt/airflow/dags/spark_airflow.py
[2024-12-16T03:27:05.767+0000] {logging_mixin.py:190} INFO - [2024-12-16T03:27:05.763+0000] {dagbag.py:387} ERROR - Failed to import: /opt/airflow/dags/spark_airflow.py
Traceback (most recent call last):
  File "/home/airflow/.local/lib/python3.11/site-packages/airflow/models/dagbag.py", line 383, in parse
    loader.exec_module(new_module)
  File "<frozen importlib._bootstrap_external>", line 940, in exec_module
  File "<frozen importlib._bootstrap>", line 241, in _call_with_frames_removed
  File "/opt/airflow/dags/spark_airflow.py", line 20, in <module>
    python_job = SparkSubmitOperator(
                 ^^^^^^^^^^^^^^^^^^^
NameError: name 'SparkSubmitOperator' is not defined
[2024-12-16T03:27:05.770+0000] {processor.py:927} WARNING - No viable dags retrieved from /opt/airflow/dags/spark_airflow.py
[2024-12-16T03:27:05.778+0000] {processor.py:186} INFO - Started process (PID=1386) to work on /opt/airflow/dags/spark_airflow.py
[2024-12-16T03:27:05.779+0000] {processor.py:914} INFO - Processing file /opt/airflow/dags/spark_airflow.py for tasks to queue
[2024-12-16T03:27:05.782+0000] {logging_mixin.py:190} INFO - [2024-12-16T03:27:05.782+0000] {dagbag.py:588} INFO - Filling up the DagBag from /opt/airflow/dags/spark_airflow.py
[2024-12-16T03:27:05.799+0000] {processor.py:208} INFO - Processing /opt/airflow/dags/spark_airflow.py took 0.080 seconds
[2024-12-16T03:27:05.809+0000] {logging_mixin.py:190} INFO - [2024-12-16T03:27:05.804+0000] {dagbag.py:387} ERROR - Failed to import: /opt/airflow/dags/spark_airflow.py
Traceback (most recent call last):
  File "/home/airflow/.local/lib/python3.11/site-packages/airflow/models/dagbag.py", line 383, in parse
    loader.exec_module(new_module)
  File "<frozen importlib._bootstrap_external>", line 940, in exec_module
  File "<frozen importlib._bootstrap>", line 241, in _call_with_frames_removed
  File "/opt/airflow/dags/spark_airflow.py", line 20, in <module>
    python_job = SparkSubmitOperator(
                 ^^^^^^^^^^^^^^^^^^^
NameError: name 'SparkSubmitOperator' is not defined
[2024-12-16T03:27:05.811+0000] {processor.py:927} WARNING - No viable dags retrieved from /opt/airflow/dags/spark_airflow.py
[2024-12-16T03:27:05.833+0000] {processor.py:208} INFO - Processing /opt/airflow/dags/spark_airflow.py took 0.061 seconds
[2024-12-16T03:27:08.777+0000] {processor.py:186} INFO - Started process (PID=1393) to work on /opt/airflow/dags/spark_airflow.py
[2024-12-16T03:27:08.778+0000] {processor.py:914} INFO - Processing file /opt/airflow/dags/spark_airflow.py for tasks to queue
[2024-12-16T03:27:08.781+0000] {logging_mixin.py:190} INFO - [2024-12-16T03:27:08.781+0000] {dagbag.py:588} INFO - Filling up the DagBag from /opt/airflow/dags/spark_airflow.py
[2024-12-16T03:27:08.802+0000] {logging_mixin.py:190} INFO - [2024-12-16T03:27:08.801+0000] {dagbag.py:387} ERROR - Failed to import: /opt/airflow/dags/spark_airflow.py
Traceback (most recent call last):
  File "/home/airflow/.local/lib/python3.11/site-packages/airflow/models/dagbag.py", line 383, in parse
    loader.exec_module(new_module)
  File "<frozen importlib._bootstrap_external>", line 936, in exec_module
  File "<frozen importlib._bootstrap_external>", line 1074, in get_code
  File "<frozen importlib._bootstrap_external>", line 1004, in source_to_code
  File "<frozen importlib._bootstrap>", line 241, in _call_with_frames_removed
  File "/opt/airflow/dags/spark_airflow.py", line 24
    )
    ^
SyntaxError: positional argument follows keyword argument
[2024-12-16T03:27:08.803+0000] {processor.py:927} WARNING - No viable dags retrieved from /opt/airflow/dags/spark_airflow.py
[2024-12-16T03:27:08.820+0000] {processor.py:186} INFO - Started process (PID=1396) to work on /opt/airflow/dags/spark_airflow.py
[2024-12-16T03:27:08.822+0000] {processor.py:914} INFO - Processing file /opt/airflow/dags/spark_airflow.py for tasks to queue
[2024-12-16T03:27:08.824+0000] {logging_mixin.py:190} INFO - [2024-12-16T03:27:08.824+0000] {dagbag.py:588} INFO - Filling up the DagBag from /opt/airflow/dags/spark_airflow.py
[2024-12-16T03:27:08.834+0000] {processor.py:208} INFO - Processing /opt/airflow/dags/spark_airflow.py took 0.061 seconds
[2024-12-16T03:27:08.851+0000] {logging_mixin.py:190} INFO - [2024-12-16T03:27:08.850+0000] {dagbag.py:387} ERROR - Failed to import: /opt/airflow/dags/spark_airflow.py
Traceback (most recent call last):
  File "/home/airflow/.local/lib/python3.11/site-packages/airflow/models/dagbag.py", line 383, in parse
    loader.exec_module(new_module)
  File "<frozen importlib._bootstrap_external>", line 936, in exec_module
  File "<frozen importlib._bootstrap_external>", line 1074, in get_code
  File "<frozen importlib._bootstrap_external>", line 1004, in source_to_code
  File "<frozen importlib._bootstrap>", line 241, in _call_with_frames_removed
  File "/opt/airflow/dags/spark_airflow.py", line 24
    )
    ^
SyntaxError: positional argument follows keyword argument
[2024-12-16T03:27:08.852+0000] {processor.py:927} WARNING - No viable dags retrieved from /opt/airflow/dags/spark_airflow.py
[2024-12-16T03:27:08.875+0000] {processor.py:208} INFO - Processing /opt/airflow/dags/spark_airflow.py took 0.061 seconds
[2024-12-16T03:27:10.893+0000] {processor.py:186} INFO - Started process (PID=1403) to work on /opt/airflow/dags/spark_airflow.py
[2024-12-16T03:27:10.894+0000] {processor.py:914} INFO - Processing file /opt/airflow/dags/spark_airflow.py for tasks to queue
[2024-12-16T03:27:10.897+0000] {logging_mixin.py:190} INFO - [2024-12-16T03:27:10.896+0000] {dagbag.py:588} INFO - Filling up the DagBag from /opt/airflow/dags/spark_airflow.py
[2024-12-16T03:27:10.915+0000] {processor.py:186} INFO - Started process (PID=1406) to work on /opt/airflow/dags/spark_airflow.py
[2024-12-16T03:27:10.916+0000] {logging_mixin.py:190} INFO - [2024-12-16T03:27:10.915+0000] {dagbag.py:387} ERROR - Failed to import: /opt/airflow/dags/spark_airflow.py
Traceback (most recent call last):
  File "/home/airflow/.local/lib/python3.11/site-packages/airflow/models/dagbag.py", line 383, in parse
    loader.exec_module(new_module)
  File "<frozen importlib._bootstrap_external>", line 936, in exec_module
  File "<frozen importlib._bootstrap_external>", line 1074, in get_code
  File "<frozen importlib._bootstrap_external>", line 1004, in source_to_code
  File "<frozen importlib._bootstrap>", line 241, in _call_with_frames_removed
  File "/opt/airflow/dags/spark_airflow.py", line 24
    )
    ^
SyntaxError: invalid syntax
[2024-12-16T03:27:10.917+0000] {processor.py:927} WARNING - No viable dags retrieved from /opt/airflow/dags/spark_airflow.py
[2024-12-16T03:27:10.916+0000] {processor.py:914} INFO - Processing file /opt/airflow/dags/spark_airflow.py for tasks to queue
[2024-12-16T03:27:10.918+0000] {logging_mixin.py:190} INFO - [2024-12-16T03:27:10.918+0000] {dagbag.py:588} INFO - Filling up the DagBag from /opt/airflow/dags/spark_airflow.py
[2024-12-16T03:27:10.943+0000] {logging_mixin.py:190} INFO - [2024-12-16T03:27:10.943+0000] {dagbag.py:387} ERROR - Failed to import: /opt/airflow/dags/spark_airflow.py
Traceback (most recent call last):
  File "/home/airflow/.local/lib/python3.11/site-packages/airflow/models/dagbag.py", line 383, in parse
    loader.exec_module(new_module)
  File "<frozen importlib._bootstrap_external>", line 936, in exec_module
  File "<frozen importlib._bootstrap_external>", line 1074, in get_code
  File "<frozen importlib._bootstrap_external>", line 1004, in source_to_code
  File "<frozen importlib._bootstrap>", line 241, in _call_with_frames_removed
  File "/opt/airflow/dags/spark_airflow.py", line 24
    )
    ^
SyntaxError: invalid syntax
[2024-12-16T03:27:10.944+0000] {processor.py:927} WARNING - No viable dags retrieved from /opt/airflow/dags/spark_airflow.py
[2024-12-16T03:27:10.946+0000] {processor.py:208} INFO - Processing /opt/airflow/dags/spark_airflow.py took 0.058 seconds
[2024-12-16T03:27:10.968+0000] {processor.py:208} INFO - Processing /opt/airflow/dags/spark_airflow.py took 0.059 seconds
[2024-12-16T03:27:11.931+0000] {processor.py:186} INFO - Started process (PID=1413) to work on /opt/airflow/dags/spark_airflow.py
[2024-12-16T03:27:11.932+0000] {processor.py:914} INFO - Processing file /opt/airflow/dags/spark_airflow.py for tasks to queue
[2024-12-16T03:27:11.938+0000] {logging_mixin.py:190} INFO - [2024-12-16T03:27:11.937+0000] {dagbag.py:588} INFO - Filling up the DagBag from /opt/airflow/dags/spark_airflow.py
[2024-12-16T03:27:11.943+0000] {processor.py:186} INFO - Started process (PID=1416) to work on /opt/airflow/dags/spark_airflow.py
[2024-12-16T03:27:11.944+0000] {processor.py:914} INFO - Processing file /opt/airflow/dags/spark_airflow.py for tasks to queue
[2024-12-16T03:27:11.947+0000] {logging_mixin.py:190} INFO - [2024-12-16T03:27:11.947+0000] {dagbag.py:588} INFO - Filling up the DagBag from /opt/airflow/dags/spark_airflow.py
[2024-12-16T03:27:11.984+0000] {logging_mixin.py:190} INFO - [2024-12-16T03:27:11.977+0000] {dagbag.py:387} ERROR - Failed to import: /opt/airflow/dags/spark_airflow.py
Traceback (most recent call last):
  File "/home/airflow/.local/lib/python3.11/site-packages/airflow/models/dagbag.py", line 383, in parse
    loader.exec_module(new_module)
  File "<frozen importlib._bootstrap_external>", line 940, in exec_module
  File "<frozen importlib._bootstrap>", line 241, in _call_with_frames_removed
  File "/opt/airflow/dags/spark_airflow.py", line 20, in <module>
    python_job = SparkSubmitOperator(
                 ^^^^^^^^^^^^^^^^^^^
NameError: name 'SparkSubmitOperator' is not defined
[2024-12-16T03:27:11.985+0000] {processor.py:927} WARNING - No viable dags retrieved from /opt/airflow/dags/spark_airflow.py
[2024-12-16T03:27:11.989+0000] {logging_mixin.py:190} INFO - [2024-12-16T03:27:11.984+0000] {dagbag.py:387} ERROR - Failed to import: /opt/airflow/dags/spark_airflow.py
Traceback (most recent call last):
  File "/home/airflow/.local/lib/python3.11/site-packages/airflow/models/dagbag.py", line 383, in parse
    loader.exec_module(new_module)
  File "<frozen importlib._bootstrap_external>", line 940, in exec_module
  File "<frozen importlib._bootstrap>", line 241, in _call_with_frames_removed
  File "/opt/airflow/dags/spark_airflow.py", line 20, in <module>
    python_job = SparkSubmitOperator(
                 ^^^^^^^^^^^^^^^^^^^
NameError: name 'SparkSubmitOperator' is not defined
[2024-12-16T03:27:11.990+0000] {processor.py:927} WARNING - No viable dags retrieved from /opt/airflow/dags/spark_airflow.py
[2024-12-16T03:27:12.011+0000] {processor.py:208} INFO - Processing /opt/airflow/dags/spark_airflow.py took 0.088 seconds
[2024-12-16T03:27:12.014+0000] {processor.py:208} INFO - Processing /opt/airflow/dags/spark_airflow.py took 0.078 seconds
[2024-12-16T03:27:18.073+0000] {processor.py:186} INFO - Started process (PID=1423) to work on /opt/airflow/dags/spark_airflow.py
[2024-12-16T03:27:18.074+0000] {processor.py:186} INFO - Started process (PID=1424) to work on /opt/airflow/dags/spark_airflow.py
[2024-12-16T03:27:18.075+0000] {processor.py:914} INFO - Processing file /opt/airflow/dags/spark_airflow.py for tasks to queue
[2024-12-16T03:27:18.075+0000] {processor.py:914} INFO - Processing file /opt/airflow/dags/spark_airflow.py for tasks to queue
[2024-12-16T03:27:18.079+0000] {logging_mixin.py:190} INFO - [2024-12-16T03:27:18.078+0000] {dagbag.py:588} INFO - Filling up the DagBag from /opt/airflow/dags/spark_airflow.py
[2024-12-16T03:27:18.079+0000] {logging_mixin.py:190} INFO - [2024-12-16T03:27:18.079+0000] {dagbag.py:588} INFO - Filling up the DagBag from /opt/airflow/dags/spark_airflow.py
[2024-12-16T03:27:18.123+0000] {logging_mixin.py:190} INFO - [2024-12-16T03:27:18.116+0000] {dagbag.py:387} ERROR - Failed to import: /opt/airflow/dags/spark_airflow.py
Traceback (most recent call last):
  File "/home/airflow/.local/lib/python3.11/site-packages/airflow/models/dagbag.py", line 383, in parse
    loader.exec_module(new_module)
  File "<frozen importlib._bootstrap_external>", line 940, in exec_module
  File "<frozen importlib._bootstrap>", line 241, in _call_with_frames_removed
  File "/opt/airflow/dags/spark_airflow.py", line 20, in <module>
    python_job = SparkSubmitOperator(
                 ^^^^^^^^^^^^^^^^^^^
NameError: name 'SparkSubmitOperator' is not defined
[2024-12-16T03:27:18.126+0000] {processor.py:927} WARNING - No viable dags retrieved from /opt/airflow/dags/spark_airflow.py
[2024-12-16T03:27:18.129+0000] {logging_mixin.py:190} INFO - [2024-12-16T03:27:18.124+0000] {dagbag.py:387} ERROR - Failed to import: /opt/airflow/dags/spark_airflow.py
Traceback (most recent call last):
  File "/home/airflow/.local/lib/python3.11/site-packages/airflow/models/dagbag.py", line 383, in parse
    loader.exec_module(new_module)
  File "<frozen importlib._bootstrap_external>", line 940, in exec_module
  File "<frozen importlib._bootstrap>", line 241, in _call_with_frames_removed
  File "/opt/airflow/dags/spark_airflow.py", line 20, in <module>
    python_job = SparkSubmitOperator(
                 ^^^^^^^^^^^^^^^^^^^
NameError: name 'SparkSubmitOperator' is not defined
[2024-12-16T03:27:18.132+0000] {processor.py:927} WARNING - No viable dags retrieved from /opt/airflow/dags/spark_airflow.py
[2024-12-16T03:27:18.149+0000] {processor.py:208} INFO - Processing /opt/airflow/dags/spark_airflow.py took 0.086 seconds
[2024-12-16T03:27:18.154+0000] {processor.py:208} INFO - Processing /opt/airflow/dags/spark_airflow.py took 0.091 seconds
[2024-12-16T03:27:48.310+0000] {processor.py:186} INFO - Started process (PID=1433) to work on /opt/airflow/dags/spark_airflow.py
[2024-12-16T03:27:48.311+0000] {processor.py:186} INFO - Started process (PID=1436) to work on /opt/airflow/dags/spark_airflow.py
[2024-12-16T03:27:48.311+0000] {processor.py:914} INFO - Processing file /opt/airflow/dags/spark_airflow.py for tasks to queue
[2024-12-16T03:27:48.312+0000] {processor.py:914} INFO - Processing file /opt/airflow/dags/spark_airflow.py for tasks to queue
[2024-12-16T03:27:48.315+0000] {logging_mixin.py:190} INFO - [2024-12-16T03:27:48.314+0000] {dagbag.py:588} INFO - Filling up the DagBag from /opt/airflow/dags/spark_airflow.py
[2024-12-16T03:27:48.316+0000] {logging_mixin.py:190} INFO - [2024-12-16T03:27:48.316+0000] {dagbag.py:588} INFO - Filling up the DagBag from /opt/airflow/dags/spark_airflow.py
[2024-12-16T03:27:48.338+0000] {logging_mixin.py:190} INFO - [2024-12-16T03:27:48.332+0000] {dagbag.py:387} ERROR - Failed to import: /opt/airflow/dags/spark_airflow.py
Traceback (most recent call last):
  File "/home/airflow/.local/lib/python3.11/site-packages/airflow/models/dagbag.py", line 383, in parse
    loader.exec_module(new_module)
  File "<frozen importlib._bootstrap_external>", line 940, in exec_module
  File "<frozen importlib._bootstrap>", line 241, in _call_with_frames_removed
  File "/opt/airflow/dags/spark_airflow.py", line 20, in <module>
    python_job = SparkSubmitOperator(
                 ^^^^^^^^^^^^^^^^^^^
NameError: name 'SparkSubmitOperator' is not defined
[2024-12-16T03:27:48.339+0000] {logging_mixin.py:190} INFO - [2024-12-16T03:27:48.333+0000] {dagbag.py:387} ERROR - Failed to import: /opt/airflow/dags/spark_airflow.py
Traceback (most recent call last):
  File "/home/airflow/.local/lib/python3.11/site-packages/airflow/models/dagbag.py", line 383, in parse
    loader.exec_module(new_module)
  File "<frozen importlib._bootstrap_external>", line 940, in exec_module
  File "<frozen importlib._bootstrap>", line 241, in _call_with_frames_removed
  File "/opt/airflow/dags/spark_airflow.py", line 20, in <module>
    python_job = SparkSubmitOperator(
                 ^^^^^^^^^^^^^^^^^^^
NameError: name 'SparkSubmitOperator' is not defined
[2024-12-16T03:27:48.340+0000] {processor.py:927} WARNING - No viable dags retrieved from /opt/airflow/dags/spark_airflow.py
[2024-12-16T03:27:48.341+0000] {processor.py:927} WARNING - No viable dags retrieved from /opt/airflow/dags/spark_airflow.py
[2024-12-16T03:27:48.363+0000] {processor.py:208} INFO - Processing /opt/airflow/dags/spark_airflow.py took 0.063 seconds
[2024-12-16T03:27:48.367+0000] {processor.py:208} INFO - Processing /opt/airflow/dags/spark_airflow.py took 0.065 seconds
[2024-12-16T03:28:18.601+0000] {processor.py:186} INFO - Started process (PID=1443) to work on /opt/airflow/dags/spark_airflow.py
[2024-12-16T03:28:18.602+0000] {processor.py:914} INFO - Processing file /opt/airflow/dags/spark_airflow.py for tasks to queue
[2024-12-16T03:28:18.603+0000] {logging_mixin.py:190} INFO - [2024-12-16T03:28:18.603+0000] {dagbag.py:588} INFO - Filling up the DagBag from /opt/airflow/dags/spark_airflow.py
[2024-12-16T03:28:18.604+0000] {processor.py:186} INFO - Started process (PID=1446) to work on /opt/airflow/dags/spark_airflow.py
[2024-12-16T03:28:18.605+0000] {processor.py:914} INFO - Processing file /opt/airflow/dags/spark_airflow.py for tasks to queue
[2024-12-16T03:28:18.606+0000] {logging_mixin.py:190} INFO - [2024-12-16T03:28:18.606+0000] {dagbag.py:588} INFO - Filling up the DagBag from /opt/airflow/dags/spark_airflow.py
[2024-12-16T03:28:18.628+0000] {logging_mixin.py:190} INFO - [2024-12-16T03:28:18.624+0000] {dagbag.py:387} ERROR - Failed to import: /opt/airflow/dags/spark_airflow.py
Traceback (most recent call last):
  File "/home/airflow/.local/lib/python3.11/site-packages/airflow/models/dagbag.py", line 383, in parse
    loader.exec_module(new_module)
  File "<frozen importlib._bootstrap_external>", line 940, in exec_module
  File "<frozen importlib._bootstrap>", line 241, in _call_with_frames_removed
  File "/opt/airflow/dags/spark_airflow.py", line 20, in <module>
    python_job = SparkSubmitOperator(
                 ^^^^^^^^^^^^^^^^^^^
NameError: name 'SparkSubmitOperator' is not defined
[2024-12-16T03:28:18.628+0000] {logging_mixin.py:190} INFO - [2024-12-16T03:28:18.624+0000] {dagbag.py:387} ERROR - Failed to import: /opt/airflow/dags/spark_airflow.py
Traceback (most recent call last):
  File "/home/airflow/.local/lib/python3.11/site-packages/airflow/models/dagbag.py", line 383, in parse
    loader.exec_module(new_module)
  File "<frozen importlib._bootstrap_external>", line 940, in exec_module
  File "<frozen importlib._bootstrap>", line 241, in _call_with_frames_removed
  File "/opt/airflow/dags/spark_airflow.py", line 20, in <module>
    python_job = SparkSubmitOperator(
                 ^^^^^^^^^^^^^^^^^^^
NameError: name 'SparkSubmitOperator' is not defined
[2024-12-16T03:28:18.630+0000] {processor.py:927} WARNING - No viable dags retrieved from /opt/airflow/dags/spark_airflow.py
[2024-12-16T03:28:18.630+0000] {processor.py:927} WARNING - No viable dags retrieved from /opt/airflow/dags/spark_airflow.py
[2024-12-16T03:28:18.652+0000] {processor.py:208} INFO - Processing /opt/airflow/dags/spark_airflow.py took 0.053 seconds
[2024-12-16T03:28:18.656+0000] {processor.py:208} INFO - Processing /opt/airflow/dags/spark_airflow.py took 0.062 seconds
[2024-12-16T03:28:48.866+0000] {processor.py:186} INFO - Started process (PID=1453) to work on /opt/airflow/dags/spark_airflow.py
[2024-12-16T03:28:48.866+0000] {processor.py:186} INFO - Started process (PID=1454) to work on /opt/airflow/dags/spark_airflow.py
[2024-12-16T03:28:48.866+0000] {processor.py:914} INFO - Processing file /opt/airflow/dags/spark_airflow.py for tasks to queue
[2024-12-16T03:28:48.866+0000] {processor.py:914} INFO - Processing file /opt/airflow/dags/spark_airflow.py for tasks to queue
[2024-12-16T03:28:48.868+0000] {logging_mixin.py:190} INFO - [2024-12-16T03:28:48.868+0000] {dagbag.py:588} INFO - Filling up the DagBag from /opt/airflow/dags/spark_airflow.py
[2024-12-16T03:28:48.868+0000] {logging_mixin.py:190} INFO - [2024-12-16T03:28:48.868+0000] {dagbag.py:588} INFO - Filling up the DagBag from /opt/airflow/dags/spark_airflow.py
[2024-12-16T03:28:48.889+0000] {logging_mixin.py:190} INFO - [2024-12-16T03:28:48.884+0000] {dagbag.py:387} ERROR - Failed to import: /opt/airflow/dags/spark_airflow.py
Traceback (most recent call last):
  File "/home/airflow/.local/lib/python3.11/site-packages/airflow/models/dagbag.py", line 383, in parse
    loader.exec_module(new_module)
  File "<frozen importlib._bootstrap_external>", line 940, in exec_module
  File "<frozen importlib._bootstrap>", line 241, in _call_with_frames_removed
  File "/opt/airflow/dags/spark_airflow.py", line 20, in <module>
    python_job = SparkSubmitOperator(
                 ^^^^^^^^^^^^^^^^^^^
NameError: name 'SparkSubmitOperator' is not defined
[2024-12-16T03:28:48.890+0000] {logging_mixin.py:190} INFO - [2024-12-16T03:28:48.886+0000] {dagbag.py:387} ERROR - Failed to import: /opt/airflow/dags/spark_airflow.py
Traceback (most recent call last):
  File "/home/airflow/.local/lib/python3.11/site-packages/airflow/models/dagbag.py", line 383, in parse
    loader.exec_module(new_module)
  File "<frozen importlib._bootstrap_external>", line 940, in exec_module
  File "<frozen importlib._bootstrap>", line 241, in _call_with_frames_removed
  File "/opt/airflow/dags/spark_airflow.py", line 20, in <module>
    python_job = SparkSubmitOperator(
                 ^^^^^^^^^^^^^^^^^^^
NameError: name 'SparkSubmitOperator' is not defined
[2024-12-16T03:28:48.891+0000] {processor.py:927} WARNING - No viable dags retrieved from /opt/airflow/dags/spark_airflow.py
[2024-12-16T03:28:48.892+0000] {processor.py:927} WARNING - No viable dags retrieved from /opt/airflow/dags/spark_airflow.py
[2024-12-16T03:28:48.916+0000] {processor.py:208} INFO - Processing /opt/airflow/dags/spark_airflow.py took 0.056 seconds
[2024-12-16T03:28:48.920+0000] {processor.py:208} INFO - Processing /opt/airflow/dags/spark_airflow.py took 0.060 seconds
[2024-12-16T03:29:19.124+0000] {processor.py:186} INFO - Started process (PID=1463) to work on /opt/airflow/dags/spark_airflow.py
[2024-12-16T03:29:19.125+0000] {processor.py:186} INFO - Started process (PID=1464) to work on /opt/airflow/dags/spark_airflow.py
[2024-12-16T03:29:19.125+0000] {processor.py:914} INFO - Processing file /opt/airflow/dags/spark_airflow.py for tasks to queue
[2024-12-16T03:29:19.126+0000] {processor.py:914} INFO - Processing file /opt/airflow/dags/spark_airflow.py for tasks to queue
[2024-12-16T03:29:19.129+0000] {logging_mixin.py:190} INFO - [2024-12-16T03:29:19.128+0000] {dagbag.py:588} INFO - Filling up the DagBag from /opt/airflow/dags/spark_airflow.py
[2024-12-16T03:29:19.130+0000] {logging_mixin.py:190} INFO - [2024-12-16T03:29:19.129+0000] {dagbag.py:588} INFO - Filling up the DagBag from /opt/airflow/dags/spark_airflow.py
[2024-12-16T03:29:19.153+0000] {logging_mixin.py:190} INFO - [2024-12-16T03:29:19.148+0000] {dagbag.py:387} ERROR - Failed to import: /opt/airflow/dags/spark_airflow.py
Traceback (most recent call last):
  File "/home/airflow/.local/lib/python3.11/site-packages/airflow/models/dagbag.py", line 383, in parse
    loader.exec_module(new_module)
  File "<frozen importlib._bootstrap_external>", line 940, in exec_module
  File "<frozen importlib._bootstrap>", line 241, in _call_with_frames_removed
  File "/opt/airflow/dags/spark_airflow.py", line 20, in <module>
    python_job = SparkSubmitOperator(
                 ^^^^^^^^^^^^^^^^^^^
NameError: name 'SparkSubmitOperator' is not defined
[2024-12-16T03:29:19.156+0000] {processor.py:927} WARNING - No viable dags retrieved from /opt/airflow/dags/spark_airflow.py
[2024-12-16T03:29:19.158+0000] {logging_mixin.py:190} INFO - [2024-12-16T03:29:19.153+0000] {dagbag.py:387} ERROR - Failed to import: /opt/airflow/dags/spark_airflow.py
Traceback (most recent call last):
  File "/home/airflow/.local/lib/python3.11/site-packages/airflow/models/dagbag.py", line 383, in parse
    loader.exec_module(new_module)
  File "<frozen importlib._bootstrap_external>", line 940, in exec_module
  File "<frozen importlib._bootstrap>", line 241, in _call_with_frames_removed
  File "/opt/airflow/dags/spark_airflow.py", line 20, in <module>
    python_job = SparkSubmitOperator(
                 ^^^^^^^^^^^^^^^^^^^
NameError: name 'SparkSubmitOperator' is not defined
[2024-12-16T03:29:19.162+0000] {processor.py:927} WARNING - No viable dags retrieved from /opt/airflow/dags/spark_airflow.py
[2024-12-16T03:29:19.197+0000] {processor.py:208} INFO - Processing /opt/airflow/dags/spark_airflow.py took 0.080 seconds
[2024-12-16T03:29:19.205+0000] {processor.py:208} INFO - Processing /opt/airflow/dags/spark_airflow.py took 0.088 seconds
[2024-12-16T03:29:21.175+0000] {processor.py:186} INFO - Started process (PID=1473) to work on /opt/airflow/dags/spark_airflow.py
[2024-12-16T03:29:21.175+0000] {processor.py:186} INFO - Started process (PID=1474) to work on /opt/airflow/dags/spark_airflow.py
[2024-12-16T03:29:21.176+0000] {processor.py:914} INFO - Processing file /opt/airflow/dags/spark_airflow.py for tasks to queue
[2024-12-16T03:29:21.176+0000] {processor.py:914} INFO - Processing file /opt/airflow/dags/spark_airflow.py for tasks to queue
[2024-12-16T03:29:21.177+0000] {logging_mixin.py:190} INFO - [2024-12-16T03:29:21.177+0000] {dagbag.py:588} INFO - Filling up the DagBag from /opt/airflow/dags/spark_airflow.py
[2024-12-16T03:29:21.177+0000] {logging_mixin.py:190} INFO - [2024-12-16T03:29:21.177+0000] {dagbag.py:588} INFO - Filling up the DagBag from /opt/airflow/dags/spark_airflow.py
[2024-12-16T03:29:21.217+0000] {logging_mixin.py:190} INFO - [2024-12-16T03:29:21.212+0000] {dagbag.py:387} ERROR - Failed to import: /opt/airflow/dags/spark_airflow.py
Traceback (most recent call last):
  File "/home/airflow/.local/lib/python3.11/site-packages/airflow/models/dagbag.py", line 383, in parse
    loader.exec_module(new_module)
  File "<frozen importlib._bootstrap_external>", line 940, in exec_module
  File "<frozen importlib._bootstrap>", line 241, in _call_with_frames_removed
  File "/opt/airflow/dags/spark_airflow.py", line 20, in <module>
    python_job = SparkSubmitOperator(
                 ^^^^^^^^^^^^^^^^^^^
NameError: name 'SparkSubmitOperator' is not defined
[2024-12-16T03:29:21.219+0000] {processor.py:927} WARNING - No viable dags retrieved from /opt/airflow/dags/spark_airflow.py
[2024-12-16T03:29:21.221+0000] {logging_mixin.py:190} INFO - [2024-12-16T03:29:21.217+0000] {dagbag.py:387} ERROR - Failed to import: /opt/airflow/dags/spark_airflow.py
Traceback (most recent call last):
  File "/home/airflow/.local/lib/python3.11/site-packages/airflow/models/dagbag.py", line 383, in parse
    loader.exec_module(new_module)
  File "<frozen importlib._bootstrap_external>", line 940, in exec_module
  File "<frozen importlib._bootstrap>", line 241, in _call_with_frames_removed
  File "/opt/airflow/dags/spark_airflow.py", line 20, in <module>
    python_job = SparkSubmitOperator(
                 ^^^^^^^^^^^^^^^^^^^
NameError: name 'SparkSubmitOperator' is not defined
[2024-12-16T03:29:21.223+0000] {processor.py:927} WARNING - No viable dags retrieved from /opt/airflow/dags/spark_airflow.py
[2024-12-16T03:29:21.245+0000] {processor.py:208} INFO - Processing /opt/airflow/dags/spark_airflow.py took 0.077 seconds
[2024-12-16T03:29:21.249+0000] {processor.py:208} INFO - Processing /opt/airflow/dags/spark_airflow.py took 0.081 seconds
[2024-12-16T03:29:25.311+0000] {processor.py:186} INFO - Started process (PID=1483) to work on /opt/airflow/dags/spark_airflow.py
[2024-12-16T03:29:25.312+0000] {processor.py:186} INFO - Started process (PID=1486) to work on /opt/airflow/dags/spark_airflow.py
[2024-12-16T03:29:25.312+0000] {processor.py:914} INFO - Processing file /opt/airflow/dags/spark_airflow.py for tasks to queue
[2024-12-16T03:29:25.313+0000] {processor.py:914} INFO - Processing file /opt/airflow/dags/spark_airflow.py for tasks to queue
[2024-12-16T03:29:25.314+0000] {logging_mixin.py:190} INFO - [2024-12-16T03:29:25.314+0000] {dagbag.py:588} INFO - Filling up the DagBag from /opt/airflow/dags/spark_airflow.py
[2024-12-16T03:29:25.314+0000] {logging_mixin.py:190} INFO - [2024-12-16T03:29:25.314+0000] {dagbag.py:588} INFO - Filling up the DagBag from /opt/airflow/dags/spark_airflow.py
[2024-12-16T03:29:25.355+0000] {logging_mixin.py:190} INFO - [2024-12-16T03:29:25.348+0000] {dagbag.py:387} ERROR - Failed to import: /opt/airflow/dags/spark_airflow.py
Traceback (most recent call last):
  File "/home/airflow/.local/lib/python3.11/site-packages/airflow/models/dagbag.py", line 383, in parse
    loader.exec_module(new_module)
  File "<frozen importlib._bootstrap_external>", line 940, in exec_module
  File "<frozen importlib._bootstrap>", line 241, in _call_with_frames_removed
  File "/opt/airflow/dags/spark_airflow.py", line 20, in <module>
    python_job = SparkSubmitOperator(
                 ^^^^^^^^^^^^^^^^^^^
NameError: name 'SparkSubmitOperator' is not defined
[2024-12-16T03:29:25.356+0000] {processor.py:927} WARNING - No viable dags retrieved from /opt/airflow/dags/spark_airflow.py
[2024-12-16T03:29:25.357+0000] {logging_mixin.py:190} INFO - [2024-12-16T03:29:25.350+0000] {dagbag.py:387} ERROR - Failed to import: /opt/airflow/dags/spark_airflow.py
Traceback (most recent call last):
  File "/home/airflow/.local/lib/python3.11/site-packages/airflow/models/dagbag.py", line 383, in parse
    loader.exec_module(new_module)
  File "<frozen importlib._bootstrap_external>", line 940, in exec_module
  File "<frozen importlib._bootstrap>", line 241, in _call_with_frames_removed
  File "/opt/airflow/dags/spark_airflow.py", line 20, in <module>
    python_job = SparkSubmitOperator(
                 ^^^^^^^^^^^^^^^^^^^
NameError: name 'SparkSubmitOperator' is not defined
[2024-12-16T03:29:25.359+0000] {processor.py:927} WARNING - No viable dags retrieved from /opt/airflow/dags/spark_airflow.py
[2024-12-16T03:29:25.381+0000] {processor.py:208} INFO - Processing /opt/airflow/dags/spark_airflow.py took 0.076 seconds
[2024-12-16T03:29:25.385+0000] {processor.py:208} INFO - Processing /opt/airflow/dags/spark_airflow.py took 0.080 seconds
[2024-12-16T03:29:29.375+0000] {processor.py:186} INFO - Started process (PID=1494) to work on /opt/airflow/dags/spark_airflow.py
[2024-12-16T03:29:29.375+0000] {processor.py:186} INFO - Started process (PID=1493) to work on /opt/airflow/dags/spark_airflow.py
[2024-12-16T03:29:29.376+0000] {processor.py:914} INFO - Processing file /opt/airflow/dags/spark_airflow.py for tasks to queue
[2024-12-16T03:29:29.376+0000] {processor.py:914} INFO - Processing file /opt/airflow/dags/spark_airflow.py for tasks to queue
[2024-12-16T03:29:29.377+0000] {logging_mixin.py:190} INFO - [2024-12-16T03:29:29.377+0000] {dagbag.py:588} INFO - Filling up the DagBag from /opt/airflow/dags/spark_airflow.py
[2024-12-16T03:29:29.377+0000] {logging_mixin.py:190} INFO - [2024-12-16T03:29:29.377+0000] {dagbag.py:588} INFO - Filling up the DagBag from /opt/airflow/dags/spark_airflow.py
[2024-12-16T03:29:29.415+0000] {logging_mixin.py:190} INFO - [2024-12-16T03:29:29.409+0000] {dagbag.py:387} ERROR - Failed to import: /opt/airflow/dags/spark_airflow.py
Traceback (most recent call last):
  File "/home/airflow/.local/lib/python3.11/site-packages/airflow/models/dagbag.py", line 383, in parse
    loader.exec_module(new_module)
  File "<frozen importlib._bootstrap_external>", line 940, in exec_module
  File "<frozen importlib._bootstrap>", line 241, in _call_with_frames_removed
  File "/opt/airflow/dags/spark_airflow.py", line 20, in <module>
    python_job = SparkSubmitOperator(
                 ^^^^^^^^^^^^^^^^^^^
NameError: name 'SparkSubmitOperator' is not defined
[2024-12-16T03:29:29.415+0000] {logging_mixin.py:190} INFO - [2024-12-16T03:29:29.410+0000] {dagbag.py:387} ERROR - Failed to import: /opt/airflow/dags/spark_airflow.py
Traceback (most recent call last):
  File "/home/airflow/.local/lib/python3.11/site-packages/airflow/models/dagbag.py", line 383, in parse
    loader.exec_module(new_module)
  File "<frozen importlib._bootstrap_external>", line 940, in exec_module
  File "<frozen importlib._bootstrap>", line 241, in _call_with_frames_removed
  File "/opt/airflow/dags/spark_airflow.py", line 20, in <module>
    python_job = SparkSubmitOperator(
                 ^^^^^^^^^^^^^^^^^^^
NameError: name 'SparkSubmitOperator' is not defined
[2024-12-16T03:29:29.417+0000] {processor.py:927} WARNING - No viable dags retrieved from /opt/airflow/dags/spark_airflow.py
[2024-12-16T03:29:29.417+0000] {processor.py:927} WARNING - No viable dags retrieved from /opt/airflow/dags/spark_airflow.py
[2024-12-16T03:29:29.443+0000] {processor.py:208} INFO - Processing /opt/airflow/dags/spark_airflow.py took 0.073 seconds
[2024-12-16T03:29:29.446+0000] {processor.py:208} INFO - Processing /opt/airflow/dags/spark_airflow.py took 0.076 seconds
[2024-12-16T03:29:42.574+0000] {processor.py:186} INFO - Started process (PID=1503) to work on /opt/airflow/dags/spark_airflow.py
[2024-12-16T03:29:42.574+0000] {processor.py:186} INFO - Started process (PID=1504) to work on /opt/airflow/dags/spark_airflow.py
[2024-12-16T03:29:42.574+0000] {processor.py:914} INFO - Processing file /opt/airflow/dags/spark_airflow.py for tasks to queue
[2024-12-16T03:29:42.575+0000] {processor.py:914} INFO - Processing file /opt/airflow/dags/spark_airflow.py for tasks to queue
[2024-12-16T03:29:42.576+0000] {logging_mixin.py:190} INFO - [2024-12-16T03:29:42.576+0000] {dagbag.py:588} INFO - Filling up the DagBag from /opt/airflow/dags/spark_airflow.py
[2024-12-16T03:29:42.577+0000] {logging_mixin.py:190} INFO - [2024-12-16T03:29:42.576+0000] {dagbag.py:588} INFO - Filling up the DagBag from /opt/airflow/dags/spark_airflow.py
[2024-12-16T03:29:42.623+0000] {logging_mixin.py:190} INFO - [2024-12-16T03:29:42.616+0000] {dagbag.py:387} ERROR - Failed to import: /opt/airflow/dags/spark_airflow.py
Traceback (most recent call last):
  File "/home/airflow/.local/lib/python3.11/site-packages/airflow/models/dagbag.py", line 383, in parse
    loader.exec_module(new_module)
  File "<frozen importlib._bootstrap_external>", line 940, in exec_module
  File "<frozen importlib._bootstrap>", line 241, in _call_with_frames_removed
  File "/opt/airflow/dags/spark_airflow.py", line 20, in <module>
    python_job = SparkSubmitOperator(
                 ^^^^^^^^^^^^^^^^^^^
NameError: name 'SparkSubmitOperator' is not defined
[2024-12-16T03:29:42.624+0000] {processor.py:927} WARNING - No viable dags retrieved from /opt/airflow/dags/spark_airflow.py
[2024-12-16T03:29:42.625+0000] {logging_mixin.py:190} INFO - [2024-12-16T03:29:42.620+0000] {dagbag.py:387} ERROR - Failed to import: /opt/airflow/dags/spark_airflow.py
Traceback (most recent call last):
  File "/home/airflow/.local/lib/python3.11/site-packages/airflow/models/dagbag.py", line 383, in parse
    loader.exec_module(new_module)
  File "<frozen importlib._bootstrap_external>", line 940, in exec_module
  File "<frozen importlib._bootstrap>", line 241, in _call_with_frames_removed
  File "/opt/airflow/dags/spark_airflow.py", line 20, in <module>
    python_job = SparkSubmitOperator(
                 ^^^^^^^^^^^^^^^^^^^
NameError: name 'SparkSubmitOperator' is not defined
[2024-12-16T03:29:42.628+0000] {processor.py:927} WARNING - No viable dags retrieved from /opt/airflow/dags/spark_airflow.py
[2024-12-16T03:29:42.650+0000] {processor.py:208} INFO - Processing /opt/airflow/dags/spark_airflow.py took 0.081 seconds
[2024-12-16T03:29:42.654+0000] {processor.py:208} INFO - Processing /opt/airflow/dags/spark_airflow.py took 0.085 seconds
[2024-12-16T03:30:12.859+0000] {processor.py:186} INFO - Started process (PID=1513) to work on /opt/airflow/dags/spark_airflow.py
[2024-12-16T03:30:12.859+0000] {processor.py:186} INFO - Started process (PID=1514) to work on /opt/airflow/dags/spark_airflow.py
[2024-12-16T03:30:12.859+0000] {processor.py:914} INFO - Processing file /opt/airflow/dags/spark_airflow.py for tasks to queue
[2024-12-16T03:30:12.859+0000] {processor.py:914} INFO - Processing file /opt/airflow/dags/spark_airflow.py for tasks to queue
[2024-12-16T03:30:12.860+0000] {logging_mixin.py:190} INFO - [2024-12-16T03:30:12.860+0000] {dagbag.py:588} INFO - Filling up the DagBag from /opt/airflow/dags/spark_airflow.py
[2024-12-16T03:30:12.860+0000] {logging_mixin.py:190} INFO - [2024-12-16T03:30:12.860+0000] {dagbag.py:588} INFO - Filling up the DagBag from /opt/airflow/dags/spark_airflow.py
[2024-12-16T03:30:12.879+0000] {logging_mixin.py:190} INFO - [2024-12-16T03:30:12.875+0000] {dagbag.py:387} ERROR - Failed to import: /opt/airflow/dags/spark_airflow.py
Traceback (most recent call last):
  File "/home/airflow/.local/lib/python3.11/site-packages/airflow/models/dagbag.py", line 383, in parse
    loader.exec_module(new_module)
  File "<frozen importlib._bootstrap_external>", line 940, in exec_module
  File "<frozen importlib._bootstrap>", line 241, in _call_with_frames_removed
  File "/opt/airflow/dags/spark_airflow.py", line 20, in <module>
    python_job = SparkSubmitOperator(
                 ^^^^^^^^^^^^^^^^^^^
NameError: name 'SparkSubmitOperator' is not defined
[2024-12-16T03:30:12.880+0000] {logging_mixin.py:190} INFO - [2024-12-16T03:30:12.876+0000] {dagbag.py:387} ERROR - Failed to import: /opt/airflow/dags/spark_airflow.py
Traceback (most recent call last):
  File "/home/airflow/.local/lib/python3.11/site-packages/airflow/models/dagbag.py", line 383, in parse
    loader.exec_module(new_module)
  File "<frozen importlib._bootstrap_external>", line 940, in exec_module
  File "<frozen importlib._bootstrap>", line 241, in _call_with_frames_removed
  File "/opt/airflow/dags/spark_airflow.py", line 20, in <module>
    python_job = SparkSubmitOperator(
                 ^^^^^^^^^^^^^^^^^^^
NameError: name 'SparkSubmitOperator' is not defined
[2024-12-16T03:30:12.881+0000] {processor.py:927} WARNING - No viable dags retrieved from /opt/airflow/dags/spark_airflow.py
[2024-12-16T03:30:12.881+0000] {processor.py:927} WARNING - No viable dags retrieved from /opt/airflow/dags/spark_airflow.py
[2024-12-16T03:30:12.901+0000] {processor.py:208} INFO - Processing /opt/airflow/dags/spark_airflow.py took 0.048 seconds
[2024-12-16T03:30:12.906+0000] {processor.py:208} INFO - Processing /opt/airflow/dags/spark_airflow.py took 0.053 seconds
[2024-12-16T03:30:27.018+0000] {processor.py:186} INFO - Started process (PID=1523) to work on /opt/airflow/dags/spark_airflow.py
[2024-12-16T03:30:27.019+0000] {processor.py:186} INFO - Started process (PID=1524) to work on /opt/airflow/dags/spark_airflow.py
[2024-12-16T03:30:27.019+0000] {processor.py:914} INFO - Processing file /opt/airflow/dags/spark_airflow.py for tasks to queue
[2024-12-16T03:30:27.019+0000] {processor.py:914} INFO - Processing file /opt/airflow/dags/spark_airflow.py for tasks to queue
[2024-12-16T03:30:27.021+0000] {logging_mixin.py:190} INFO - [2024-12-16T03:30:27.020+0000] {dagbag.py:588} INFO - Filling up the DagBag from /opt/airflow/dags/spark_airflow.py
[2024-12-16T03:30:27.021+0000] {logging_mixin.py:190} INFO - [2024-12-16T03:30:27.021+0000] {dagbag.py:588} INFO - Filling up the DagBag from /opt/airflow/dags/spark_airflow.py
[2024-12-16T03:30:27.038+0000] {logging_mixin.py:190} INFO - [2024-12-16T03:30:27.037+0000] {dagbag.py:387} ERROR - Failed to import: /opt/airflow/dags/spark_airflow.py
Traceback (most recent call last):
  File "/home/airflow/.local/lib/python3.11/site-packages/airflow/models/dagbag.py", line 383, in parse
    loader.exec_module(new_module)
  File "<frozen importlib._bootstrap_external>", line 936, in exec_module
  File "<frozen importlib._bootstrap_external>", line 1074, in get_code
  File "<frozen importlib._bootstrap_external>", line 1004, in source_to_code
  File "<frozen importlib._bootstrap>", line 241, in _call_with_frames_removed
  File "/opt/airflow/dags/spark_airflow.py", line 4
    import 
           ^
SyntaxError: invalid syntax
[2024-12-16T03:30:27.038+0000] {logging_mixin.py:190} INFO - [2024-12-16T03:30:27.037+0000] {dagbag.py:387} ERROR - Failed to import: /opt/airflow/dags/spark_airflow.py
Traceback (most recent call last):
  File "/home/airflow/.local/lib/python3.11/site-packages/airflow/models/dagbag.py", line 383, in parse
    loader.exec_module(new_module)
  File "<frozen importlib._bootstrap_external>", line 936, in exec_module
  File "<frozen importlib._bootstrap_external>", line 1074, in get_code
  File "<frozen importlib._bootstrap_external>", line 1004, in source_to_code
  File "<frozen importlib._bootstrap>", line 241, in _call_with_frames_removed
  File "/opt/airflow/dags/spark_airflow.py", line 4
    import 
           ^
SyntaxError: invalid syntax
[2024-12-16T03:30:27.039+0000] {processor.py:927} WARNING - No viable dags retrieved from /opt/airflow/dags/spark_airflow.py
[2024-12-16T03:30:27.039+0000] {processor.py:927} WARNING - No viable dags retrieved from /opt/airflow/dags/spark_airflow.py
[2024-12-16T03:30:27.062+0000] {processor.py:208} INFO - Processing /opt/airflow/dags/spark_airflow.py took 0.049 seconds
[2024-12-16T03:30:27.066+0000] {processor.py:208} INFO - Processing /opt/airflow/dags/spark_airflow.py took 0.053 seconds
[2024-12-16T03:30:29.065+0000] {processor.py:186} INFO - Started process (PID=1534) to work on /opt/airflow/dags/spark_airflow.py
[2024-12-16T03:30:29.065+0000] {processor.py:186} INFO - Started process (PID=1533) to work on /opt/airflow/dags/spark_airflow.py
[2024-12-16T03:30:29.066+0000] {processor.py:914} INFO - Processing file /opt/airflow/dags/spark_airflow.py for tasks to queue
[2024-12-16T03:30:29.066+0000] {processor.py:914} INFO - Processing file /opt/airflow/dags/spark_airflow.py for tasks to queue
[2024-12-16T03:30:29.067+0000] {logging_mixin.py:190} INFO - [2024-12-16T03:30:29.067+0000] {dagbag.py:588} INFO - Filling up the DagBag from /opt/airflow/dags/spark_airflow.py
[2024-12-16T03:30:29.067+0000] {logging_mixin.py:190} INFO - [2024-12-16T03:30:29.067+0000] {dagbag.py:588} INFO - Filling up the DagBag from /opt/airflow/dags/spark_airflow.py
[2024-12-16T03:30:29.106+0000] {logging_mixin.py:190} INFO - [2024-12-16T03:30:29.102+0000] {dagbag.py:387} ERROR - Failed to import: /opt/airflow/dags/spark_airflow.py
Traceback (most recent call last):
  File "/home/airflow/.local/lib/python3.11/site-packages/airflow/models/dagbag.py", line 383, in parse
    loader.exec_module(new_module)
  File "<frozen importlib._bootstrap_external>", line 940, in exec_module
  File "<frozen importlib._bootstrap>", line 241, in _call_with_frames_removed
  File "/opt/airflow/dags/spark_airflow.py", line 4, in <module>
    import Spar
ModuleNotFoundError: No module named 'Spar'
[2024-12-16T03:30:29.108+0000] {processor.py:927} WARNING - No viable dags retrieved from /opt/airflow/dags/spark_airflow.py
[2024-12-16T03:30:29.110+0000] {logging_mixin.py:190} INFO - [2024-12-16T03:30:29.105+0000] {dagbag.py:387} ERROR - Failed to import: /opt/airflow/dags/spark_airflow.py
Traceback (most recent call last):
  File "/home/airflow/.local/lib/python3.11/site-packages/airflow/models/dagbag.py", line 383, in parse
    loader.exec_module(new_module)
  File "<frozen importlib._bootstrap_external>", line 940, in exec_module
  File "<frozen importlib._bootstrap>", line 241, in _call_with_frames_removed
  File "/opt/airflow/dags/spark_airflow.py", line 4, in <module>
    import Spar
ModuleNotFoundError: No module named 'Spar'
[2024-12-16T03:30:29.111+0000] {processor.py:927} WARNING - No viable dags retrieved from /opt/airflow/dags/spark_airflow.py
[2024-12-16T03:30:29.127+0000] {processor.py:208} INFO - Processing /opt/airflow/dags/spark_airflow.py took 0.068 seconds
[2024-12-16T03:30:29.131+0000] {processor.py:208} INFO - Processing /opt/airflow/dags/spark_airflow.py took 0.072 seconds
[2024-12-16T03:30:34.176+0000] {processor.py:186} INFO - Started process (PID=1543) to work on /opt/airflow/dags/spark_airflow.py
[2024-12-16T03:30:34.177+0000] {processor.py:186} INFO - Started process (PID=1544) to work on /opt/airflow/dags/spark_airflow.py
[2024-12-16T03:30:34.177+0000] {processor.py:914} INFO - Processing file /opt/airflow/dags/spark_airflow.py for tasks to queue
[2024-12-16T03:30:34.178+0000] {processor.py:914} INFO - Processing file /opt/airflow/dags/spark_airflow.py for tasks to queue
[2024-12-16T03:30:34.179+0000] {logging_mixin.py:190} INFO - [2024-12-16T03:30:34.179+0000] {dagbag.py:588} INFO - Filling up the DagBag from /opt/airflow/dags/spark_airflow.py
[2024-12-16T03:30:34.179+0000] {logging_mixin.py:190} INFO - [2024-12-16T03:30:34.179+0000] {dagbag.py:588} INFO - Filling up the DagBag from /opt/airflow/dags/spark_airflow.py
[2024-12-16T03:30:34.214+0000] {logging_mixin.py:190} INFO - [2024-12-16T03:30:34.209+0000] {dagbag.py:387} ERROR - Failed to import: /opt/airflow/dags/spark_airflow.py
Traceback (most recent call last):
  File "/home/airflow/.local/lib/python3.11/site-packages/airflow/models/dagbag.py", line 383, in parse
    loader.exec_module(new_module)
  File "<frozen importlib._bootstrap_external>", line 940, in exec_module
  File "<frozen importlib._bootstrap>", line 241, in _call_with_frames_removed
  File "/opt/airflow/dags/spark_airflow.py", line 4, in <module>
    import SparkOperator
ModuleNotFoundError: No module named 'SparkOperator'
[2024-12-16T03:30:34.215+0000] {processor.py:927} WARNING - No viable dags retrieved from /opt/airflow/dags/spark_airflow.py
[2024-12-16T03:30:34.217+0000] {logging_mixin.py:190} INFO - [2024-12-16T03:30:34.213+0000] {dagbag.py:387} ERROR - Failed to import: /opt/airflow/dags/spark_airflow.py
Traceback (most recent call last):
  File "/home/airflow/.local/lib/python3.11/site-packages/airflow/models/dagbag.py", line 383, in parse
    loader.exec_module(new_module)
  File "<frozen importlib._bootstrap_external>", line 940, in exec_module
  File "<frozen importlib._bootstrap>", line 241, in _call_with_frames_removed
  File "/opt/airflow/dags/spark_airflow.py", line 4, in <module>
    import SparkOperator
ModuleNotFoundError: No module named 'SparkOperator'
[2024-12-16T03:30:34.219+0000] {processor.py:927} WARNING - No viable dags retrieved from /opt/airflow/dags/spark_airflow.py
[2024-12-16T03:30:34.236+0000] {processor.py:208} INFO - Processing /opt/airflow/dags/spark_airflow.py took 0.067 seconds
[2024-12-16T03:30:34.239+0000] {processor.py:208} INFO - Processing /opt/airflow/dags/spark_airflow.py took 0.070 seconds
[2024-12-16T03:30:45.307+0000] {processor.py:186} INFO - Started process (PID=1553) to work on /opt/airflow/dags/spark_airflow.py
[2024-12-16T03:30:45.307+0000] {processor.py:186} INFO - Started process (PID=1554) to work on /opt/airflow/dags/spark_airflow.py
[2024-12-16T03:30:45.308+0000] {processor.py:914} INFO - Processing file /opt/airflow/dags/spark_airflow.py for tasks to queue
[2024-12-16T03:30:45.308+0000] {processor.py:914} INFO - Processing file /opt/airflow/dags/spark_airflow.py for tasks to queue
[2024-12-16T03:30:45.309+0000] {logging_mixin.py:190} INFO - [2024-12-16T03:30:45.309+0000] {dagbag.py:588} INFO - Filling up the DagBag from /opt/airflow/dags/spark_airflow.py
[2024-12-16T03:30:45.309+0000] {logging_mixin.py:190} INFO - [2024-12-16T03:30:45.309+0000] {dagbag.py:588} INFO - Filling up the DagBag from /opt/airflow/dags/spark_airflow.py
[2024-12-16T03:30:45.345+0000] {logging_mixin.py:190} INFO - [2024-12-16T03:30:45.340+0000] {dagbag.py:387} ERROR - Failed to import: /opt/airflow/dags/spark_airflow.py
Traceback (most recent call last):
  File "/home/airflow/.local/lib/python3.11/site-packages/airflow/models/dagbag.py", line 383, in parse
    loader.exec_module(new_module)
  File "<frozen importlib._bootstrap_external>", line 940, in exec_module
  File "<frozen importlib._bootstrap>", line 241, in _call_with_frames_removed
  File "/opt/airflow/dags/spark_airflow.py", line 4, in <module>
    import SparkSubmitOperator
ModuleNotFoundError: No module named 'SparkSubmitOperator'
[2024-12-16T03:30:45.346+0000] {processor.py:927} WARNING - No viable dags retrieved from /opt/airflow/dags/spark_airflow.py
[2024-12-16T03:30:45.348+0000] {logging_mixin.py:190} INFO - [2024-12-16T03:30:45.344+0000] {dagbag.py:387} ERROR - Failed to import: /opt/airflow/dags/spark_airflow.py
Traceback (most recent call last):
  File "/home/airflow/.local/lib/python3.11/site-packages/airflow/models/dagbag.py", line 383, in parse
    loader.exec_module(new_module)
  File "<frozen importlib._bootstrap_external>", line 940, in exec_module
  File "<frozen importlib._bootstrap>", line 241, in _call_with_frames_removed
  File "/opt/airflow/dags/spark_airflow.py", line 4, in <module>
    import SparkSubmitOperator
ModuleNotFoundError: No module named 'SparkSubmitOperator'
[2024-12-16T03:30:45.350+0000] {processor.py:927} WARNING - No viable dags retrieved from /opt/airflow/dags/spark_airflow.py
[2024-12-16T03:30:45.370+0000] {processor.py:208} INFO - Processing /opt/airflow/dags/spark_airflow.py took 0.068 seconds
[2024-12-16T03:30:45.374+0000] {processor.py:208} INFO - Processing /opt/airflow/dags/spark_airflow.py took 0.072 seconds
[2024-12-16T03:31:04.515+0000] {processor.py:186} INFO - Started process (PID=1563) to work on /opt/airflow/dags/spark_airflow.py
[2024-12-16T03:31:04.516+0000] {processor.py:914} INFO - Processing file /opt/airflow/dags/spark_airflow.py for tasks to queue
[2024-12-16T03:31:04.515+0000] {processor.py:186} INFO - Started process (PID=1564) to work on /opt/airflow/dags/spark_airflow.py
[2024-12-16T03:31:04.516+0000] {processor.py:914} INFO - Processing file /opt/airflow/dags/spark_airflow.py for tasks to queue
[2024-12-16T03:31:04.517+0000] {logging_mixin.py:190} INFO - [2024-12-16T03:31:04.517+0000] {dagbag.py:588} INFO - Filling up the DagBag from /opt/airflow/dags/spark_airflow.py
[2024-12-16T03:31:04.519+0000] {logging_mixin.py:190} INFO - [2024-12-16T03:31:04.518+0000] {dagbag.py:588} INFO - Filling up the DagBag from /opt/airflow/dags/spark_airflow.py
[2024-12-16T03:31:04.532+0000] {logging_mixin.py:190} INFO - [2024-12-16T03:31:04.531+0000] {dagbag.py:387} ERROR - Failed to import: /opt/airflow/dags/spark_airflow.py
Traceback (most recent call last):
  File "/home/airflow/.local/lib/python3.11/site-packages/airflow/models/dagbag.py", line 383, in parse
    loader.exec_module(new_module)
  File "<frozen importlib._bootstrap_external>", line 936, in exec_module
  File "<frozen importlib._bootstrap_external>", line 1074, in get_code
  File "<frozen importlib._bootstrap_external>", line 1004, in source_to_code
  File "<frozen importlib._bootstrap>", line 241, in _call_with_frames_removed
  File "/opt/airflow/dags/spark_airflow.py", line 4
    from airflow.import SparkSubmitOperator
                 ^^^^^^
SyntaxError: invalid syntax
[2024-12-16T03:31:04.532+0000] {logging_mixin.py:190} INFO - [2024-12-16T03:31:04.531+0000] {dagbag.py:387} ERROR - Failed to import: /opt/airflow/dags/spark_airflow.py
Traceback (most recent call last):
  File "/home/airflow/.local/lib/python3.11/site-packages/airflow/models/dagbag.py", line 383, in parse
    loader.exec_module(new_module)
  File "<frozen importlib._bootstrap_external>", line 936, in exec_module
  File "<frozen importlib._bootstrap_external>", line 1074, in get_code
  File "<frozen importlib._bootstrap_external>", line 1004, in source_to_code
  File "<frozen importlib._bootstrap>", line 241, in _call_with_frames_removed
  File "/opt/airflow/dags/spark_airflow.py", line 4
    from airflow.import SparkSubmitOperator
                 ^^^^^^
SyntaxError: invalid syntax
[2024-12-16T03:31:04.533+0000] {processor.py:927} WARNING - No viable dags retrieved from /opt/airflow/dags/spark_airflow.py
[2024-12-16T03:31:04.533+0000] {processor.py:927} WARNING - No viable dags retrieved from /opt/airflow/dags/spark_airflow.py
[2024-12-16T03:31:04.559+0000] {processor.py:208} INFO - Processing /opt/airflow/dags/spark_airflow.py took 0.051 seconds
[2024-12-16T03:31:04.563+0000] {processor.py:208} INFO - Processing /opt/airflow/dags/spark_airflow.py took 0.054 seconds
[2024-12-16T03:31:11.623+0000] {processor.py:186} INFO - Started process (PID=1573) to work on /opt/airflow/dags/spark_airflow.py
[2024-12-16T03:31:11.624+0000] {processor.py:186} INFO - Started process (PID=1574) to work on /opt/airflow/dags/spark_airflow.py
[2024-12-16T03:31:11.624+0000] {processor.py:914} INFO - Processing file /opt/airflow/dags/spark_airflow.py for tasks to queue
[2024-12-16T03:31:11.624+0000] {processor.py:914} INFO - Processing file /opt/airflow/dags/spark_airflow.py for tasks to queue
[2024-12-16T03:31:11.625+0000] {logging_mixin.py:190} INFO - [2024-12-16T03:31:11.625+0000] {dagbag.py:588} INFO - Filling up the DagBag from /opt/airflow/dags/spark_airflow.py
[2024-12-16T03:31:11.626+0000] {logging_mixin.py:190} INFO - [2024-12-16T03:31:11.625+0000] {dagbag.py:588} INFO - Filling up the DagBag from /opt/airflow/dags/spark_airflow.py
[2024-12-16T03:31:11.643+0000] {logging_mixin.py:190} INFO - [2024-12-16T03:31:11.642+0000] {dagbag.py:387} ERROR - Failed to import: /opt/airflow/dags/spark_airflow.py
Traceback (most recent call last):
  File "/home/airflow/.local/lib/python3.11/site-packages/airflow/models/dagbag.py", line 383, in parse
    loader.exec_module(new_module)
  File "<frozen importlib._bootstrap_external>", line 936, in exec_module
  File "<frozen importlib._bootstrap_external>", line 1074, in get_code
  File "<frozen importlib._bootstrap_external>", line 1004, in source_to_code
  File "<frozen importlib._bootstrap>", line 241, in _call_with_frames_removed
  File "/opt/airflow/dags/spark_airflow.py", line 4
    from airflow.providers,apache.operatorsimport SparkSubmitOperator
                          ^
SyntaxError: invalid syntax
[2024-12-16T03:31:11.643+0000] {logging_mixin.py:190} INFO - [2024-12-16T03:31:11.642+0000] {dagbag.py:387} ERROR - Failed to import: /opt/airflow/dags/spark_airflow.py
Traceback (most recent call last):
  File "/home/airflow/.local/lib/python3.11/site-packages/airflow/models/dagbag.py", line 383, in parse
    loader.exec_module(new_module)
  File "<frozen importlib._bootstrap_external>", line 936, in exec_module
  File "<frozen importlib._bootstrap_external>", line 1074, in get_code
  File "<frozen importlib._bootstrap_external>", line 1004, in source_to_code
  File "<frozen importlib._bootstrap>", line 241, in _call_with_frames_removed
  File "/opt/airflow/dags/spark_airflow.py", line 4
    from airflow.providers,apache.operatorsimport SparkSubmitOperator
                          ^
SyntaxError: invalid syntax
[2024-12-16T03:31:11.644+0000] {processor.py:927} WARNING - No viable dags retrieved from /opt/airflow/dags/spark_airflow.py
[2024-12-16T03:31:11.644+0000] {processor.py:927} WARNING - No viable dags retrieved from /opt/airflow/dags/spark_airflow.py
[2024-12-16T03:31:11.670+0000] {processor.py:208} INFO - Processing /opt/airflow/dags/spark_airflow.py took 0.054 seconds
[2024-12-16T03:31:11.674+0000] {processor.py:208} INFO - Processing /opt/airflow/dags/spark_airflow.py took 0.058 seconds
[2024-12-16T03:31:16.692+0000] {processor.py:186} INFO - Started process (PID=1583) to work on /opt/airflow/dags/spark_airflow.py
[2024-12-16T03:31:16.693+0000] {processor.py:186} INFO - Started process (PID=1584) to work on /opt/airflow/dags/spark_airflow.py
[2024-12-16T03:31:16.694+0000] {processor.py:914} INFO - Processing file /opt/airflow/dags/spark_airflow.py for tasks to queue
[2024-12-16T03:31:16.694+0000] {processor.py:914} INFO - Processing file /opt/airflow/dags/spark_airflow.py for tasks to queue
[2024-12-16T03:31:16.695+0000] {logging_mixin.py:190} INFO - [2024-12-16T03:31:16.695+0000] {dagbag.py:588} INFO - Filling up the DagBag from /opt/airflow/dags/spark_airflow.py
[2024-12-16T03:31:16.695+0000] {logging_mixin.py:190} INFO - [2024-12-16T03:31:16.695+0000] {dagbag.py:588} INFO - Filling up the DagBag from /opt/airflow/dags/spark_airflow.py
[2024-12-16T03:31:16.712+0000] {logging_mixin.py:190} INFO - [2024-12-16T03:31:16.710+0000] {dagbag.py:387} ERROR - Failed to import: /opt/airflow/dags/spark_airflow.py
Traceback (most recent call last):
  File "/home/airflow/.local/lib/python3.11/site-packages/airflow/models/dagbag.py", line 383, in parse
    loader.exec_module(new_module)
  File "<frozen importlib._bootstrap_external>", line 936, in exec_module
  File "<frozen importlib._bootstrap_external>", line 1074, in get_code
  File "<frozen importlib._bootstrap_external>", line 1004, in source_to_code
  File "<frozen importlib._bootstrap>", line 241, in _call_with_frames_removed
  File "/opt/airflow/dags/spark_airflow.py", line 4
    from airflow.providers,apache.operators.spark_submit import SparkSubmitOperator
                          ^
SyntaxError: invalid syntax
[2024-12-16T03:31:16.712+0000] {logging_mixin.py:190} INFO - [2024-12-16T03:31:16.710+0000] {dagbag.py:387} ERROR - Failed to import: /opt/airflow/dags/spark_airflow.py
Traceback (most recent call last):
  File "/home/airflow/.local/lib/python3.11/site-packages/airflow/models/dagbag.py", line 383, in parse
    loader.exec_module(new_module)
  File "<frozen importlib._bootstrap_external>", line 936, in exec_module
  File "<frozen importlib._bootstrap_external>", line 1074, in get_code
  File "<frozen importlib._bootstrap_external>", line 1004, in source_to_code
  File "<frozen importlib._bootstrap>", line 241, in _call_with_frames_removed
  File "/opt/airflow/dags/spark_airflow.py", line 4
    from airflow.providers,apache.operators.spark_submit import SparkSubmitOperator
                          ^
SyntaxError: invalid syntax
[2024-12-16T03:31:16.712+0000] {processor.py:927} WARNING - No viable dags retrieved from /opt/airflow/dags/spark_airflow.py
[2024-12-16T03:31:16.713+0000] {processor.py:927} WARNING - No viable dags retrieved from /opt/airflow/dags/spark_airflow.py
[2024-12-16T03:31:16.740+0000] {processor.py:208} INFO - Processing /opt/airflow/dags/spark_airflow.py took 0.054 seconds
[2024-12-16T03:31:16.743+0000] {processor.py:208} INFO - Processing /opt/airflow/dags/spark_airflow.py took 0.057 seconds
[2024-12-16T03:31:19.788+0000] {processor.py:186} INFO - Started process (PID=1594) to work on /opt/airflow/dags/spark_airflow.py
[2024-12-16T03:31:19.788+0000] {processor.py:186} INFO - Started process (PID=1593) to work on /opt/airflow/dags/spark_airflow.py
[2024-12-16T03:31:19.789+0000] {processor.py:914} INFO - Processing file /opt/airflow/dags/spark_airflow.py for tasks to queue
[2024-12-16T03:31:19.789+0000] {processor.py:914} INFO - Processing file /opt/airflow/dags/spark_airflow.py for tasks to queue
[2024-12-16T03:31:19.791+0000] {logging_mixin.py:190} INFO - [2024-12-16T03:31:19.791+0000] {dagbag.py:588} INFO - Filling up the DagBag from /opt/airflow/dags/spark_airflow.py
[2024-12-16T03:31:19.791+0000] {logging_mixin.py:190} INFO - [2024-12-16T03:31:19.791+0000] {dagbag.py:588} INFO - Filling up the DagBag from /opt/airflow/dags/spark_airflow.py
[2024-12-16T03:31:19.822+0000] {logging_mixin.py:190} INFO - [2024-12-16T03:31:19.816+0000] {dagbag.py:387} ERROR - Failed to import: /opt/airflow/dags/spark_airflow.py
Traceback (most recent call last):
  File "/home/airflow/.local/lib/python3.11/site-packages/airflow/models/dagbag.py", line 383, in parse
    loader.exec_module(new_module)
  File "<frozen importlib._bootstrap_external>", line 940, in exec_module
  File "<frozen importlib._bootstrap>", line 241, in _call_with_frames_removed
  File "/opt/airflow/dags/spark_airflow.py", line 4, in <module>
    from airflow.providers.apache.operators.spark_submit import SparkSubmitOperator
ModuleNotFoundError: No module named 'airflow.providers.apache.operators'
[2024-12-16T03:31:19.824+0000] {processor.py:927} WARNING - No viable dags retrieved from /opt/airflow/dags/spark_airflow.py
[2024-12-16T03:31:19.825+0000] {logging_mixin.py:190} INFO - [2024-12-16T03:31:19.820+0000] {dagbag.py:387} ERROR - Failed to import: /opt/airflow/dags/spark_airflow.py
Traceback (most recent call last):
  File "/home/airflow/.local/lib/python3.11/site-packages/airflow/models/dagbag.py", line 383, in parse
    loader.exec_module(new_module)
  File "<frozen importlib._bootstrap_external>", line 940, in exec_module
  File "<frozen importlib._bootstrap>", line 241, in _call_with_frames_removed
  File "/opt/airflow/dags/spark_airflow.py", line 4, in <module>
    from airflow.providers.apache.operators.spark_submit import SparkSubmitOperator
ModuleNotFoundError: No module named 'airflow.providers.apache.operators'
[2024-12-16T03:31:19.828+0000] {processor.py:927} WARNING - No viable dags retrieved from /opt/airflow/dags/spark_airflow.py
[2024-12-16T03:31:19.852+0000] {processor.py:208} INFO - Processing /opt/airflow/dags/spark_airflow.py took 0.068 seconds
[2024-12-16T03:31:19.856+0000] {processor.py:208} INFO - Processing /opt/airflow/dags/spark_airflow.py took 0.073 seconds
[2024-12-16T03:31:33.959+0000] {processor.py:186} INFO - Started process (PID=1604) to work on /opt/airflow/dags/spark_airflow.py
[2024-12-16T03:31:33.959+0000] {processor.py:186} INFO - Started process (PID=1603) to work on /opt/airflow/dags/spark_airflow.py
[2024-12-16T03:31:33.960+0000] {processor.py:914} INFO - Processing file /opt/airflow/dags/spark_airflow.py for tasks to queue
[2024-12-16T03:31:33.960+0000] {processor.py:914} INFO - Processing file /opt/airflow/dags/spark_airflow.py for tasks to queue
[2024-12-16T03:31:33.961+0000] {logging_mixin.py:190} INFO - [2024-12-16T03:31:33.961+0000] {dagbag.py:588} INFO - Filling up the DagBag from /opt/airflow/dags/spark_airflow.py
[2024-12-16T03:31:33.961+0000] {logging_mixin.py:190} INFO - [2024-12-16T03:31:33.961+0000] {dagbag.py:588} INFO - Filling up the DagBag from /opt/airflow/dags/spark_airflow.py
[2024-12-16T03:31:34.000+0000] {processor.py:925} INFO - DAG(s) 'first_dag' retrieved from /opt/airflow/dags/spark_airflow.py
[2024-12-16T03:31:34.003+0000] {processor.py:925} INFO - DAG(s) 'first_dag' retrieved from /opt/airflow/dags/spark_airflow.py
[2024-12-16T03:31:34.114+0000] {logging_mixin.py:190} INFO - [2024-12-16T03:31:34.114+0000] {dag.py:3239} INFO - Sync 1 DAGs
[2024-12-16T03:31:34.116+0000] {logging_mixin.py:190} INFO - [2024-12-16T03:31:34.116+0000] {dag.py:3239} INFO - Sync 1 DAGs
[2024-12-16T03:31:34.135+0000] {logging_mixin.py:190} INFO - [2024-12-16T03:31:34.134+0000] {dag.py:4180} INFO - Setting next_dagrun for first_dag to 2024-12-16T00:00:00+00:00, run_after=2024-12-17T00:00:00+00:00
[2024-12-16T03:31:34.163+0000] {processor.py:208} INFO - Processing /opt/airflow/dags/spark_airflow.py took 0.209 seconds
[2024-12-16T03:31:34.166+0000] {logging_mixin.py:190} INFO - [2024-12-16T03:31:34.166+0000] {dag.py:4180} INFO - Setting next_dagrun for first_dag to 2024-12-16T00:00:00+00:00, run_after=2024-12-17T00:00:00+00:00
[2024-12-16T03:31:34.475+0000] {logging_mixin.py:190} INFO - [2024-12-16T03:31:34.469+0000] {dagbag.py:698} ERROR - Failed to write serialized DAG: /opt/airflow/dags/spark_airflow.py
Traceback (most recent call last):
  File "/home/airflow/.local/lib/python3.11/site-packages/airflow/models/dagbag.py", line 686, in _serialize_dag_capturing_errors
    dag_was_updated = SerializedDagModel.write_dag(
                      ^^^^^^^^^^^^^^^^^^^^^^^^^^^^^
  File "/home/airflow/.local/lib/python3.11/site-packages/airflow/utils/session.py", line 94, in wrapper
    return func(*args, **kwargs)
           ^^^^^^^^^^^^^^^^^^^^^
  File "/home/airflow/.local/lib/python3.11/site-packages/airflow/models/serialized_dag.py", line 160, in write_dag
    if session.scalar(
       ^^^^^^^^^^^^^^^
  File "/home/airflow/.local/lib/python3.11/site-packages/sqlalchemy/orm/session.py", line 1747, in scalar
    return self.execute(
           ^^^^^^^^^^^^^
  File "/home/airflow/.local/lib/python3.11/site-packages/sqlalchemy/orm/session.py", line 1716, in execute
    conn = self._connection_for_bind(bind)
           ^^^^^^^^^^^^^^^^^^^^^^^^^^^^^^^
  File "/home/airflow/.local/lib/python3.11/site-packages/sqlalchemy/orm/session.py", line 1555, in _connection_for_bind
    return self._transaction._connection_for_bind(
           ^^^^^^^^^^^^^^^^^^^^^^^^^^^^^^^^^^^^^^^
  File "/home/airflow/.local/lib/python3.11/site-packages/sqlalchemy/orm/session.py", line 724, in _connection_for_bind
    self._assert_active()
  File "/home/airflow/.local/lib/python3.11/site-packages/sqlalchemy/orm/session.py", line 604, in _assert_active
    raise sa_exc.PendingRollbackError(
sqlalchemy.exc.PendingRollbackError: This Session's transaction has been rolled back due to a previous exception during flush. To begin a new transaction with this Session, first issue Session.rollback(). Original exception was: (psycopg2.errors.UniqueViolation) duplicate key value violates unique constraint "serialized_dag_pkey"
DETAIL:  Key (dag_id)=(first_dag) already exists.

[SQL: INSERT INTO serialized_dag (dag_id, fileloc, fileloc_hash, data, data_compressed, last_updated, dag_hash, processor_subdir) VALUES (%(dag_id)s, %(fileloc)s, %(fileloc_hash)s, %(data)s, %(data_compressed)s, %(last_updated)s, %(dag_hash)s, %(processor_subdir)s)]
[parameters: {'dag_id': 'first_dag', 'fileloc': '/opt/airflow/dags/spark_airflow.py', 'fileloc_hash': 16732433089539742, 'data': '{"__version": 1, "dag": {"default_args": {"__var": {"owner": "Haris Syd", "start_date": {"__var": 1734220800.0, "__type": "datetime"}}, "__type": "di ... (2080 characters truncated) ... ger_args": null, "application": "jobs/python/wordcountjob.py", "name": "arrow-spark"}, "__type": "operator"}], "dag_dependencies": [], "params": []}}', 'data_compressed': None, 'last_updated': datetime.datetime(2024, 12, 16, 3, 31, 34, 14874, tzinfo=Timezone('UTC')), 'dag_hash': 'cbac999a0b136c4ce62763a13c55f9db', 'processor_subdir': '/opt/airflow/dags'}]
(Background on this error at: https://sqlalche.me/e/14/gkpj) (Background on this error at: https://sqlalche.me/e/14/7s2a)
[2024-12-16T03:31:34.477+0000] {logging_mixin.py:190} INFO - [2024-12-16T03:31:34.477+0000] {dag.py:3239} INFO - Sync 1 DAGs
[2024-12-16T03:31:34.479+0000] {processor.py:211} ERROR - Got an exception! Propagating...
Traceback (most recent call last):
  File "/home/airflow/.local/lib/python3.11/site-packages/airflow/dag_processing/processor.py", line 207, in _run_file_processor
    _handle_dag_file_processing()
  File "/home/airflow/.local/lib/python3.11/site-packages/airflow/dag_processing/processor.py", line 188, in _handle_dag_file_processing
    result: tuple[int, int, int] = dag_file_processor.process_file(
                                   ^^^^^^^^^^^^^^^^^^^^^^^^^^^^^^^^
  File "/home/airflow/.local/lib/python3.11/site-packages/airflow/utils/session.py", line 97, in wrapper
    return func(*args, session=session, **kwargs)
           ^^^^^^^^^^^^^^^^^^^^^^^^^^^^^^^^^^^^^^
  File "/home/airflow/.local/lib/python3.11/site-packages/airflow/dag_processing/processor.py", line 942, in process_file
    serialize_errors = DagFileProcessor.save_dag_to_db(
                       ^^^^^^^^^^^^^^^^^^^^^^^^^^^^^^^^
  File "/home/airflow/.local/lib/python3.11/site-packages/airflow/api_internal/internal_api_call.py", line 166, in wrapper
    return func(*args, **kwargs)
           ^^^^^^^^^^^^^^^^^^^^^
  File "/home/airflow/.local/lib/python3.11/site-packages/airflow/utils/session.py", line 97, in wrapper
    return func(*args, session=session, **kwargs)
           ^^^^^^^^^^^^^^^^^^^^^^^^^^^^^^^^^^^^^^
  File "/home/airflow/.local/lib/python3.11/site-packages/airflow/dag_processing/processor.py", line 982, in save_dag_to_db
    import_errors = DagBag._sync_to_db(dags=dags, processor_subdir=dag_directory, session=session)
                    ^^^^^^^^^^^^^^^^^^^^^^^^^^^^^^^^^^^^^^^^^^^^^^^^^^^^^^^^^^^^^^^^^^^^^^^^^^^^^^
  File "/home/airflow/.local/lib/python3.11/site-packages/airflow/utils/session.py", line 94, in wrapper
    return func(*args, **kwargs)
           ^^^^^^^^^^^^^^^^^^^^^
  File "/home/airflow/.local/lib/python3.11/site-packages/airflow/models/dagbag.py", line 708, in _sync_to_db
    for attempt in run_with_db_retries(logger=log):
  File "/home/airflow/.local/lib/python3.11/site-packages/tenacity/__init__.py", line 347, in __iter__
    do = self.iter(retry_state=retry_state)
         ^^^^^^^^^^^^^^^^^^^^^^^^^^^^^^^^^^
  File "/home/airflow/.local/lib/python3.11/site-packages/tenacity/__init__.py", line 314, in iter
    return fut.result()
           ^^^^^^^^^^^^
  File "/usr/local/lib/python3.11/concurrent/futures/_base.py", line 449, in result
    return self.__get_result()
           ^^^^^^^^^^^^^^^^^^^
  File "/usr/local/lib/python3.11/concurrent/futures/_base.py", line 401, in __get_result
    raise self._exception
  File "/home/airflow/.local/lib/python3.11/site-packages/airflow/models/dagbag.py", line 724, in _sync_to_db
    DAG.bulk_write_to_db(dags.values(), processor_subdir=processor_subdir, session=session)
  File "/home/airflow/.local/lib/python3.11/site-packages/airflow/utils/session.py", line 94, in wrapper
    return func(*args, **kwargs)
           ^^^^^^^^^^^^^^^^^^^^^
  File "/home/airflow/.local/lib/python3.11/site-packages/airflow/models/dag.py", line 3252, in bulk_write_to_db
    orm_dags: list[DagModel] = session.scalars(query).unique().all()
                               ^^^^^^^^^^^^^^^^^^^^^^
  File "/home/airflow/.local/lib/python3.11/site-packages/sqlalchemy/orm/session.py", line 1778, in scalars
    return self.execute(
           ^^^^^^^^^^^^^
  File "/home/airflow/.local/lib/python3.11/site-packages/sqlalchemy/orm/session.py", line 1716, in execute
    conn = self._connection_for_bind(bind)
           ^^^^^^^^^^^^^^^^^^^^^^^^^^^^^^^
  File "/home/airflow/.local/lib/python3.11/site-packages/sqlalchemy/orm/session.py", line 1555, in _connection_for_bind
    return self._transaction._connection_for_bind(
           ^^^^^^^^^^^^^^^^^^^^^^^^^^^^^^^^^^^^^^^
  File "/home/airflow/.local/lib/python3.11/site-packages/sqlalchemy/orm/session.py", line 724, in _connection_for_bind
    self._assert_active()
  File "/home/airflow/.local/lib/python3.11/site-packages/sqlalchemy/orm/session.py", line 604, in _assert_active
    raise sa_exc.PendingRollbackError(
sqlalchemy.exc.PendingRollbackError: This Session's transaction has been rolled back due to a previous exception during flush. To begin a new transaction with this Session, first issue Session.rollback(). Original exception was: (psycopg2.errors.UniqueViolation) duplicate key value violates unique constraint "serialized_dag_pkey"
DETAIL:  Key (dag_id)=(first_dag) already exists.

[SQL: INSERT INTO serialized_dag (dag_id, fileloc, fileloc_hash, data, data_compressed, last_updated, dag_hash, processor_subdir) VALUES (%(dag_id)s, %(fileloc)s, %(fileloc_hash)s, %(data)s, %(data_compressed)s, %(last_updated)s, %(dag_hash)s, %(processor_subdir)s)]
[parameters: {'dag_id': 'first_dag', 'fileloc': '/opt/airflow/dags/spark_airflow.py', 'fileloc_hash': 16732433089539742, 'data': '{"__version": 1, "dag": {"default_args": {"__var": {"owner": "Haris Syd", "start_date": {"__var": 1734220800.0, "__type": "datetime"}}, "__type": "di ... (2080 characters truncated) ... ger_args": null, "application": "jobs/python/wordcountjob.py", "name": "arrow-spark"}, "__type": "operator"}], "dag_dependencies": [], "params": []}}', 'data_compressed': None, 'last_updated': datetime.datetime(2024, 12, 16, 3, 31, 34, 14874, tzinfo=Timezone('UTC')), 'dag_hash': 'cbac999a0b136c4ce62763a13c55f9db', 'processor_subdir': '/opt/airflow/dags'}]
(Background on this error at: https://sqlalche.me/e/14/gkpj) (Background on this error at: https://sqlalche.me/e/14/7s2a)
[2024-12-16T03:32:04.242+0000] {processor.py:186} INFO - Started process (PID=1613) to work on /opt/airflow/dags/spark_airflow.py
[2024-12-16T03:32:04.243+0000] {processor.py:914} INFO - Processing file /opt/airflow/dags/spark_airflow.py for tasks to queue
[2024-12-16T03:32:04.244+0000] {logging_mixin.py:190} INFO - [2024-12-16T03:32:04.244+0000] {dagbag.py:588} INFO - Filling up the DagBag from /opt/airflow/dags/spark_airflow.py
[2024-12-16T03:32:04.269+0000] {processor.py:925} INFO - DAG(s) 'first_dag' retrieved from /opt/airflow/dags/spark_airflow.py
[2024-12-16T03:32:04.294+0000] {logging_mixin.py:190} INFO - [2024-12-16T03:32:04.294+0000] {dag.py:3239} INFO - Sync 1 DAGs
[2024-12-16T03:32:04.315+0000] {logging_mixin.py:190} INFO - [2024-12-16T03:32:04.314+0000] {dag.py:4180} INFO - Setting next_dagrun for first_dag to 2024-12-16T00:00:00+00:00, run_after=2024-12-17T00:00:00+00:00
[2024-12-16T03:32:04.339+0000] {processor.py:208} INFO - Processing /opt/airflow/dags/spark_airflow.py took 0.102 seconds
[2024-12-16T03:32:04.830+0000] {processor.py:186} INFO - Started process (PID=1618) to work on /opt/airflow/dags/spark_airflow.py
[2024-12-16T03:32:04.833+0000] {processor.py:914} INFO - Processing file /opt/airflow/dags/spark_airflow.py for tasks to queue
[2024-12-16T03:32:04.837+0000] {logging_mixin.py:190} INFO - [2024-12-16T03:32:04.836+0000] {dagbag.py:588} INFO - Filling up the DagBag from /opt/airflow/dags/spark_airflow.py
[2024-12-16T03:32:04.865+0000] {processor.py:925} INFO - DAG(s) 'first_dag' retrieved from /opt/airflow/dags/spark_airflow.py
[2024-12-16T03:32:04.891+0000] {logging_mixin.py:190} INFO - [2024-12-16T03:32:04.891+0000] {dag.py:3239} INFO - Sync 1 DAGs
[2024-12-16T03:32:04.912+0000] {logging_mixin.py:190} INFO - [2024-12-16T03:32:04.912+0000] {dag.py:4180} INFO - Setting next_dagrun for first_dag to 2024-12-16T00:00:00+00:00, run_after=2024-12-17T00:00:00+00:00
[2024-12-16T03:32:04.940+0000] {processor.py:208} INFO - Processing /opt/airflow/dags/spark_airflow.py took 0.120 seconds
[2024-12-16T03:32:34.489+0000] {processor.py:186} INFO - Started process (PID=1623) to work on /opt/airflow/dags/spark_airflow.py
[2024-12-16T03:32:34.490+0000] {processor.py:914} INFO - Processing file /opt/airflow/dags/spark_airflow.py for tasks to queue
[2024-12-16T03:32:34.491+0000] {logging_mixin.py:190} INFO - [2024-12-16T03:32:34.491+0000] {dagbag.py:588} INFO - Filling up the DagBag from /opt/airflow/dags/spark_airflow.py
[2024-12-16T03:32:34.518+0000] {processor.py:925} INFO - DAG(s) 'first_dag' retrieved from /opt/airflow/dags/spark_airflow.py
[2024-12-16T03:32:34.543+0000] {logging_mixin.py:190} INFO - [2024-12-16T03:32:34.543+0000] {dag.py:3239} INFO - Sync 1 DAGs
[2024-12-16T03:32:34.564+0000] {logging_mixin.py:190} INFO - [2024-12-16T03:32:34.564+0000] {dag.py:4180} INFO - Setting next_dagrun for first_dag to 2024-12-16T00:00:00+00:00, run_after=2024-12-17T00:00:00+00:00
[2024-12-16T03:32:34.588+0000] {processor.py:208} INFO - Processing /opt/airflow/dags/spark_airflow.py took 0.104 seconds
[2024-12-16T03:32:35.053+0000] {processor.py:186} INFO - Started process (PID=1628) to work on /opt/airflow/dags/spark_airflow.py
[2024-12-16T03:32:35.053+0000] {processor.py:914} INFO - Processing file /opt/airflow/dags/spark_airflow.py for tasks to queue
[2024-12-16T03:32:35.055+0000] {logging_mixin.py:190} INFO - [2024-12-16T03:32:35.054+0000] {dagbag.py:588} INFO - Filling up the DagBag from /opt/airflow/dags/spark_airflow.py
[2024-12-16T03:32:35.070+0000] {processor.py:925} INFO - DAG(s) 'first_dag' retrieved from /opt/airflow/dags/spark_airflow.py
[2024-12-16T03:32:35.093+0000] {logging_mixin.py:190} INFO - [2024-12-16T03:32:35.092+0000] {dag.py:3239} INFO - Sync 1 DAGs
[2024-12-16T03:32:35.112+0000] {logging_mixin.py:190} INFO - [2024-12-16T03:32:35.111+0000] {dag.py:4180} INFO - Setting next_dagrun for first_dag to 2024-12-16T00:00:00+00:00, run_after=2024-12-17T00:00:00+00:00
[2024-12-16T03:32:35.132+0000] {processor.py:208} INFO - Processing /opt/airflow/dags/spark_airflow.py took 0.084 seconds
[2024-12-16T03:33:04.848+0000] {processor.py:186} INFO - Started process (PID=1633) to work on /opt/airflow/dags/spark_airflow.py
[2024-12-16T03:33:04.849+0000] {processor.py:914} INFO - Processing file /opt/airflow/dags/spark_airflow.py for tasks to queue
[2024-12-16T03:33:04.850+0000] {logging_mixin.py:190} INFO - [2024-12-16T03:33:04.850+0000] {dagbag.py:588} INFO - Filling up the DagBag from /opt/airflow/dags/spark_airflow.py
[2024-12-16T03:33:04.871+0000] {processor.py:925} INFO - DAG(s) 'first_dag' retrieved from /opt/airflow/dags/spark_airflow.py
[2024-12-16T03:33:04.893+0000] {logging_mixin.py:190} INFO - [2024-12-16T03:33:04.893+0000] {dag.py:3239} INFO - Sync 1 DAGs
[2024-12-16T03:33:04.912+0000] {logging_mixin.py:190} INFO - [2024-12-16T03:33:04.912+0000] {dag.py:4180} INFO - Setting next_dagrun for first_dag to 2024-12-16T00:00:00+00:00, run_after=2024-12-17T00:00:00+00:00
[2024-12-16T03:33:04.934+0000] {processor.py:208} INFO - Processing /opt/airflow/dags/spark_airflow.py took 0.089 seconds
[2024-12-16T03:33:05.299+0000] {processor.py:186} INFO - Started process (PID=1638) to work on /opt/airflow/dags/spark_airflow.py
[2024-12-16T03:33:05.300+0000] {processor.py:914} INFO - Processing file /opt/airflow/dags/spark_airflow.py for tasks to queue
[2024-12-16T03:33:05.301+0000] {logging_mixin.py:190} INFO - [2024-12-16T03:33:05.301+0000] {dagbag.py:588} INFO - Filling up the DagBag from /opt/airflow/dags/spark_airflow.py
[2024-12-16T03:33:05.322+0000] {processor.py:925} INFO - DAG(s) 'first_dag' retrieved from /opt/airflow/dags/spark_airflow.py
[2024-12-16T03:33:05.345+0000] {logging_mixin.py:190} INFO - [2024-12-16T03:33:05.345+0000] {dag.py:3239} INFO - Sync 1 DAGs
[2024-12-16T03:33:05.365+0000] {logging_mixin.py:190} INFO - [2024-12-16T03:33:05.365+0000] {dag.py:4180} INFO - Setting next_dagrun for first_dag to 2024-12-16T00:00:00+00:00, run_after=2024-12-17T00:00:00+00:00
[2024-12-16T03:33:05.388+0000] {processor.py:208} INFO - Processing /opt/airflow/dags/spark_airflow.py took 0.094 seconds
[2024-12-16T03:33:35.134+0000] {processor.py:186} INFO - Started process (PID=1643) to work on /opt/airflow/dags/spark_airflow.py
[2024-12-16T03:33:35.135+0000] {processor.py:914} INFO - Processing file /opt/airflow/dags/spark_airflow.py for tasks to queue
[2024-12-16T03:33:35.136+0000] {logging_mixin.py:190} INFO - [2024-12-16T03:33:35.136+0000] {dagbag.py:588} INFO - Filling up the DagBag from /opt/airflow/dags/spark_airflow.py
[2024-12-16T03:33:35.156+0000] {processor.py:925} INFO - DAG(s) 'first_dag' retrieved from /opt/airflow/dags/spark_airflow.py
[2024-12-16T03:33:35.179+0000] {logging_mixin.py:190} INFO - [2024-12-16T03:33:35.179+0000] {dag.py:3239} INFO - Sync 1 DAGs
[2024-12-16T03:33:35.199+0000] {logging_mixin.py:190} INFO - [2024-12-16T03:33:35.199+0000] {dag.py:4180} INFO - Setting next_dagrun for first_dag to 2024-12-16T00:00:00+00:00, run_after=2024-12-17T00:00:00+00:00
[2024-12-16T03:33:35.222+0000] {processor.py:208} INFO - Processing /opt/airflow/dags/spark_airflow.py took 0.093 seconds
[2024-12-16T03:33:35.654+0000] {processor.py:186} INFO - Started process (PID=1648) to work on /opt/airflow/dags/spark_airflow.py
[2024-12-16T03:33:35.655+0000] {processor.py:914} INFO - Processing file /opt/airflow/dags/spark_airflow.py for tasks to queue
[2024-12-16T03:33:35.656+0000] {logging_mixin.py:190} INFO - [2024-12-16T03:33:35.656+0000] {dagbag.py:588} INFO - Filling up the DagBag from /opt/airflow/dags/spark_airflow.py
[2024-12-16T03:33:35.680+0000] {processor.py:925} INFO - DAG(s) 'first_dag' retrieved from /opt/airflow/dags/spark_airflow.py
[2024-12-16T03:33:35.705+0000] {logging_mixin.py:190} INFO - [2024-12-16T03:33:35.705+0000] {dag.py:3239} INFO - Sync 1 DAGs
[2024-12-16T03:33:35.724+0000] {logging_mixin.py:190} INFO - [2024-12-16T03:33:35.724+0000] {dag.py:4180} INFO - Setting next_dagrun for first_dag to 2024-12-16T00:00:00+00:00, run_after=2024-12-17T00:00:00+00:00
[2024-12-16T03:33:35.740+0000] {processor.py:208} INFO - Processing /opt/airflow/dags/spark_airflow.py took 0.090 seconds
[2024-12-16T03:34:05.461+0000] {processor.py:186} INFO - Started process (PID=1653) to work on /opt/airflow/dags/spark_airflow.py
[2024-12-16T03:34:05.462+0000] {processor.py:914} INFO - Processing file /opt/airflow/dags/spark_airflow.py for tasks to queue
[2024-12-16T03:34:05.463+0000] {logging_mixin.py:190} INFO - [2024-12-16T03:34:05.463+0000] {dagbag.py:588} INFO - Filling up the DagBag from /opt/airflow/dags/spark_airflow.py
[2024-12-16T03:34:05.482+0000] {processor.py:925} INFO - DAG(s) 'first_dag' retrieved from /opt/airflow/dags/spark_airflow.py
[2024-12-16T03:34:05.507+0000] {logging_mixin.py:190} INFO - [2024-12-16T03:34:05.506+0000] {dag.py:3239} INFO - Sync 1 DAGs
[2024-12-16T03:34:05.526+0000] {logging_mixin.py:190} INFO - [2024-12-16T03:34:05.526+0000] {dag.py:4180} INFO - Setting next_dagrun for first_dag to 2024-12-16T00:00:00+00:00, run_after=2024-12-17T00:00:00+00:00
[2024-12-16T03:34:05.544+0000] {processor.py:208} INFO - Processing /opt/airflow/dags/spark_airflow.py took 0.087 seconds
[2024-12-16T03:34:05.901+0000] {processor.py:186} INFO - Started process (PID=1658) to work on /opt/airflow/dags/spark_airflow.py
[2024-12-16T03:34:05.902+0000] {processor.py:914} INFO - Processing file /opt/airflow/dags/spark_airflow.py for tasks to queue
[2024-12-16T03:34:05.903+0000] {logging_mixin.py:190} INFO - [2024-12-16T03:34:05.903+0000] {dagbag.py:588} INFO - Filling up the DagBag from /opt/airflow/dags/spark_airflow.py
[2024-12-16T03:34:05.924+0000] {processor.py:925} INFO - DAG(s) 'first_dag' retrieved from /opt/airflow/dags/spark_airflow.py
[2024-12-16T03:34:05.948+0000] {logging_mixin.py:190} INFO - [2024-12-16T03:34:05.948+0000] {dag.py:3239} INFO - Sync 1 DAGs
[2024-12-16T03:34:05.966+0000] {logging_mixin.py:190} INFO - [2024-12-16T03:34:05.966+0000] {dag.py:4180} INFO - Setting next_dagrun for first_dag to 2024-12-16T00:00:00+00:00, run_after=2024-12-17T00:00:00+00:00
[2024-12-16T03:34:05.989+0000] {processor.py:208} INFO - Processing /opt/airflow/dags/spark_airflow.py took 0.092 seconds
[2024-12-16T03:34:35.755+0000] {processor.py:186} INFO - Started process (PID=1663) to work on /opt/airflow/dags/spark_airflow.py
[2024-12-16T03:34:35.756+0000] {processor.py:914} INFO - Processing file /opt/airflow/dags/spark_airflow.py for tasks to queue
[2024-12-16T03:34:35.757+0000] {logging_mixin.py:190} INFO - [2024-12-16T03:34:35.757+0000] {dagbag.py:588} INFO - Filling up the DagBag from /opt/airflow/dags/spark_airflow.py
[2024-12-16T03:34:35.786+0000] {processor.py:925} INFO - DAG(s) 'first_dag' retrieved from /opt/airflow/dags/spark_airflow.py
[2024-12-16T03:34:35.811+0000] {logging_mixin.py:190} INFO - [2024-12-16T03:34:35.811+0000] {dag.py:3239} INFO - Sync 1 DAGs
[2024-12-16T03:34:35.831+0000] {logging_mixin.py:190} INFO - [2024-12-16T03:34:35.831+0000] {dag.py:4180} INFO - Setting next_dagrun for first_dag to 2024-12-16T00:00:00+00:00, run_after=2024-12-17T00:00:00+00:00
[2024-12-16T03:34:35.856+0000] {processor.py:208} INFO - Processing /opt/airflow/dags/spark_airflow.py took 0.107 seconds
[2024-12-16T03:34:36.254+0000] {processor.py:186} INFO - Started process (PID=1668) to work on /opt/airflow/dags/spark_airflow.py
[2024-12-16T03:34:36.256+0000] {processor.py:914} INFO - Processing file /opt/airflow/dags/spark_airflow.py for tasks to queue
[2024-12-16T03:34:36.257+0000] {logging_mixin.py:190} INFO - [2024-12-16T03:34:36.257+0000] {dagbag.py:588} INFO - Filling up the DagBag from /opt/airflow/dags/spark_airflow.py
[2024-12-16T03:34:36.279+0000] {processor.py:925} INFO - DAG(s) 'first_dag' retrieved from /opt/airflow/dags/spark_airflow.py
[2024-12-16T03:34:36.302+0000] {logging_mixin.py:190} INFO - [2024-12-16T03:34:36.302+0000] {dag.py:3239} INFO - Sync 1 DAGs
[2024-12-16T03:34:36.332+0000] {logging_mixin.py:190} INFO - [2024-12-16T03:34:36.332+0000] {dag.py:4180} INFO - Setting next_dagrun for first_dag to 2024-12-16T00:00:00+00:00, run_after=2024-12-17T00:00:00+00:00
[2024-12-16T03:34:36.361+0000] {processor.py:208} INFO - Processing /opt/airflow/dags/spark_airflow.py took 0.112 seconds
[2024-12-16T03:35:06.048+0000] {processor.py:186} INFO - Started process (PID=1673) to work on /opt/airflow/dags/spark_airflow.py
[2024-12-16T03:35:06.050+0000] {processor.py:914} INFO - Processing file /opt/airflow/dags/spark_airflow.py for tasks to queue
[2024-12-16T03:35:06.051+0000] {logging_mixin.py:190} INFO - [2024-12-16T03:35:06.051+0000] {dagbag.py:588} INFO - Filling up the DagBag from /opt/airflow/dags/spark_airflow.py
[2024-12-16T03:35:06.074+0000] {processor.py:925} INFO - DAG(s) 'first_dag' retrieved from /opt/airflow/dags/spark_airflow.py
[2024-12-16T03:35:06.099+0000] {logging_mixin.py:190} INFO - [2024-12-16T03:35:06.099+0000] {dag.py:3239} INFO - Sync 1 DAGs
[2024-12-16T03:35:06.123+0000] {logging_mixin.py:190} INFO - [2024-12-16T03:35:06.123+0000] {dag.py:4180} INFO - Setting next_dagrun for first_dag to 2024-12-16T00:00:00+00:00, run_after=2024-12-17T00:00:00+00:00
[2024-12-16T03:35:06.142+0000] {processor.py:208} INFO - Processing /opt/airflow/dags/spark_airflow.py took 0.099 seconds
[2024-12-16T03:35:06.512+0000] {processor.py:186} INFO - Started process (PID=1678) to work on /opt/airflow/dags/spark_airflow.py
[2024-12-16T03:35:06.513+0000] {processor.py:914} INFO - Processing file /opt/airflow/dags/spark_airflow.py for tasks to queue
[2024-12-16T03:35:06.514+0000] {logging_mixin.py:190} INFO - [2024-12-16T03:35:06.513+0000] {dagbag.py:588} INFO - Filling up the DagBag from /opt/airflow/dags/spark_airflow.py
[2024-12-16T03:35:06.537+0000] {processor.py:925} INFO - DAG(s) 'first_dag' retrieved from /opt/airflow/dags/spark_airflow.py
[2024-12-16T03:35:06.560+0000] {logging_mixin.py:190} INFO - [2024-12-16T03:35:06.560+0000] {dag.py:3239} INFO - Sync 1 DAGs
[2024-12-16T03:35:06.580+0000] {logging_mixin.py:190} INFO - [2024-12-16T03:35:06.579+0000] {dag.py:4180} INFO - Setting next_dagrun for first_dag to 2024-12-16T00:00:00+00:00, run_after=2024-12-17T00:00:00+00:00
[2024-12-16T03:35:06.596+0000] {processor.py:208} INFO - Processing /opt/airflow/dags/spark_airflow.py took 0.090 seconds
[2024-12-16T03:35:36.403+0000] {processor.py:186} INFO - Started process (PID=1683) to work on /opt/airflow/dags/spark_airflow.py
[2024-12-16T03:35:36.405+0000] {processor.py:914} INFO - Processing file /opt/airflow/dags/spark_airflow.py for tasks to queue
[2024-12-16T03:35:36.406+0000] {logging_mixin.py:190} INFO - [2024-12-16T03:35:36.406+0000] {dagbag.py:588} INFO - Filling up the DagBag from /opt/airflow/dags/spark_airflow.py
[2024-12-16T03:35:36.433+0000] {processor.py:925} INFO - DAG(s) 'first_dag' retrieved from /opt/airflow/dags/spark_airflow.py
[2024-12-16T03:35:36.456+0000] {logging_mixin.py:190} INFO - [2024-12-16T03:35:36.456+0000] {dag.py:3239} INFO - Sync 1 DAGs
[2024-12-16T03:35:36.477+0000] {logging_mixin.py:190} INFO - [2024-12-16T03:35:36.477+0000] {dag.py:4180} INFO - Setting next_dagrun for first_dag to 2024-12-16T00:00:00+00:00, run_after=2024-12-17T00:00:00+00:00
[2024-12-16T03:35:36.501+0000] {processor.py:208} INFO - Processing /opt/airflow/dags/spark_airflow.py took 0.105 seconds
[2024-12-16T03:35:36.911+0000] {processor.py:186} INFO - Started process (PID=1688) to work on /opt/airflow/dags/spark_airflow.py
[2024-12-16T03:35:36.912+0000] {processor.py:914} INFO - Processing file /opt/airflow/dags/spark_airflow.py for tasks to queue
[2024-12-16T03:35:36.913+0000] {logging_mixin.py:190} INFO - [2024-12-16T03:35:36.913+0000] {dagbag.py:588} INFO - Filling up the DagBag from /opt/airflow/dags/spark_airflow.py
[2024-12-16T03:35:36.945+0000] {processor.py:925} INFO - DAG(s) 'first_dag' retrieved from /opt/airflow/dags/spark_airflow.py
[2024-12-16T03:35:36.968+0000] {logging_mixin.py:190} INFO - [2024-12-16T03:35:36.968+0000] {dag.py:3239} INFO - Sync 1 DAGs
[2024-12-16T03:35:36.987+0000] {logging_mixin.py:190} INFO - [2024-12-16T03:35:36.986+0000] {dag.py:4180} INFO - Setting next_dagrun for first_dag to 2024-12-16T00:00:00+00:00, run_after=2024-12-17T00:00:00+00:00
[2024-12-16T03:35:37.010+0000] {processor.py:208} INFO - Processing /opt/airflow/dags/spark_airflow.py took 0.104 seconds
[2024-12-16T03:36:06.669+0000] {processor.py:186} INFO - Started process (PID=1693) to work on /opt/airflow/dags/spark_airflow.py
[2024-12-16T03:36:06.670+0000] {processor.py:914} INFO - Processing file /opt/airflow/dags/spark_airflow.py for tasks to queue
[2024-12-16T03:36:06.672+0000] {logging_mixin.py:190} INFO - [2024-12-16T03:36:06.671+0000] {dagbag.py:588} INFO - Filling up the DagBag from /opt/airflow/dags/spark_airflow.py
[2024-12-16T03:36:06.697+0000] {processor.py:925} INFO - DAG(s) 'first_dag' retrieved from /opt/airflow/dags/spark_airflow.py
[2024-12-16T03:36:06.729+0000] {logging_mixin.py:190} INFO - [2024-12-16T03:36:06.728+0000] {dag.py:3239} INFO - Sync 1 DAGs
[2024-12-16T03:36:06.752+0000] {logging_mixin.py:190} INFO - [2024-12-16T03:36:06.752+0000] {dag.py:4180} INFO - Setting next_dagrun for first_dag to 2024-12-16T00:00:00+00:00, run_after=2024-12-17T00:00:00+00:00
[2024-12-16T03:36:06.777+0000] {processor.py:208} INFO - Processing /opt/airflow/dags/spark_airflow.py took 0.113 seconds
[2024-12-16T03:36:07.175+0000] {processor.py:186} INFO - Started process (PID=1698) to work on /opt/airflow/dags/spark_airflow.py
[2024-12-16T03:36:07.176+0000] {processor.py:914} INFO - Processing file /opt/airflow/dags/spark_airflow.py for tasks to queue
[2024-12-16T03:36:07.177+0000] {logging_mixin.py:190} INFO - [2024-12-16T03:36:07.177+0000] {dagbag.py:588} INFO - Filling up the DagBag from /opt/airflow/dags/spark_airflow.py
[2024-12-16T03:36:07.198+0000] {processor.py:925} INFO - DAG(s) 'first_dag' retrieved from /opt/airflow/dags/spark_airflow.py
[2024-12-16T03:36:07.227+0000] {logging_mixin.py:190} INFO - [2024-12-16T03:36:07.227+0000] {dag.py:3239} INFO - Sync 1 DAGs
[2024-12-16T03:36:07.251+0000] {logging_mixin.py:190} INFO - [2024-12-16T03:36:07.250+0000] {dag.py:4180} INFO - Setting next_dagrun for first_dag to 2024-12-16T00:00:00+00:00, run_after=2024-12-17T00:00:00+00:00
[2024-12-16T03:36:07.267+0000] {processor.py:208} INFO - Processing /opt/airflow/dags/spark_airflow.py took 0.098 seconds
[2024-12-16T03:36:37.011+0000] {processor.py:186} INFO - Started process (PID=1703) to work on /opt/airflow/dags/spark_airflow.py
[2024-12-16T03:36:37.012+0000] {processor.py:914} INFO - Processing file /opt/airflow/dags/spark_airflow.py for tasks to queue
[2024-12-16T03:36:37.013+0000] {logging_mixin.py:190} INFO - [2024-12-16T03:36:37.013+0000] {dagbag.py:588} INFO - Filling up the DagBag from /opt/airflow/dags/spark_airflow.py
[2024-12-16T03:36:37.038+0000] {processor.py:925} INFO - DAG(s) 'first_dag' retrieved from /opt/airflow/dags/spark_airflow.py
[2024-12-16T03:36:37.059+0000] {logging_mixin.py:190} INFO - [2024-12-16T03:36:37.058+0000] {dag.py:3239} INFO - Sync 1 DAGs
[2024-12-16T03:36:37.077+0000] {logging_mixin.py:190} INFO - [2024-12-16T03:36:37.077+0000] {dag.py:4180} INFO - Setting next_dagrun for first_dag to 2024-12-16T00:00:00+00:00, run_after=2024-12-17T00:00:00+00:00
[2024-12-16T03:36:37.099+0000] {processor.py:208} INFO - Processing /opt/airflow/dags/spark_airflow.py took 0.092 seconds
[2024-12-16T03:36:37.534+0000] {processor.py:186} INFO - Started process (PID=1708) to work on /opt/airflow/dags/spark_airflow.py
[2024-12-16T03:36:37.535+0000] {processor.py:914} INFO - Processing file /opt/airflow/dags/spark_airflow.py for tasks to queue
[2024-12-16T03:36:37.536+0000] {logging_mixin.py:190} INFO - [2024-12-16T03:36:37.535+0000] {dagbag.py:588} INFO - Filling up the DagBag from /opt/airflow/dags/spark_airflow.py
[2024-12-16T03:36:37.554+0000] {processor.py:925} INFO - DAG(s) 'first_dag' retrieved from /opt/airflow/dags/spark_airflow.py
[2024-12-16T03:36:37.577+0000] {logging_mixin.py:190} INFO - [2024-12-16T03:36:37.577+0000] {dag.py:3239} INFO - Sync 1 DAGs
[2024-12-16T03:36:37.594+0000] {logging_mixin.py:190} INFO - [2024-12-16T03:36:37.594+0000] {dag.py:4180} INFO - Setting next_dagrun for first_dag to 2024-12-16T00:00:00+00:00, run_after=2024-12-17T00:00:00+00:00
[2024-12-16T03:36:37.615+0000] {processor.py:208} INFO - Processing /opt/airflow/dags/spark_airflow.py took 0.085 seconds
[2024-12-16T03:37:07.278+0000] {processor.py:186} INFO - Started process (PID=1713) to work on /opt/airflow/dags/spark_airflow.py
[2024-12-16T03:37:07.279+0000] {processor.py:914} INFO - Processing file /opt/airflow/dags/spark_airflow.py for tasks to queue
[2024-12-16T03:37:07.280+0000] {logging_mixin.py:190} INFO - [2024-12-16T03:37:07.280+0000] {dagbag.py:588} INFO - Filling up the DagBag from /opt/airflow/dags/spark_airflow.py
[2024-12-16T03:37:07.294+0000] {processor.py:925} INFO - DAG(s) 'first_dag' retrieved from /opt/airflow/dags/spark_airflow.py
[2024-12-16T03:37:07.315+0000] {logging_mixin.py:190} INFO - [2024-12-16T03:37:07.315+0000] {dag.py:3239} INFO - Sync 1 DAGs
[2024-12-16T03:37:07.333+0000] {logging_mixin.py:190} INFO - [2024-12-16T03:37:07.333+0000] {dag.py:4180} INFO - Setting next_dagrun for first_dag to 2024-12-16T00:00:00+00:00, run_after=2024-12-17T00:00:00+00:00
[2024-12-16T03:37:07.352+0000] {processor.py:208} INFO - Processing /opt/airflow/dags/spark_airflow.py took 0.078 seconds
[2024-12-16T03:37:07.814+0000] {processor.py:186} INFO - Started process (PID=1718) to work on /opt/airflow/dags/spark_airflow.py
[2024-12-16T03:37:07.815+0000] {processor.py:914} INFO - Processing file /opt/airflow/dags/spark_airflow.py for tasks to queue
[2024-12-16T03:37:07.816+0000] {logging_mixin.py:190} INFO - [2024-12-16T03:37:07.816+0000] {dagbag.py:588} INFO - Filling up the DagBag from /opt/airflow/dags/spark_airflow.py
[2024-12-16T03:37:07.831+0000] {processor.py:925} INFO - DAG(s) 'first_dag' retrieved from /opt/airflow/dags/spark_airflow.py
[2024-12-16T03:37:07.852+0000] {logging_mixin.py:190} INFO - [2024-12-16T03:37:07.851+0000] {dag.py:3239} INFO - Sync 1 DAGs
[2024-12-16T03:37:07.871+0000] {logging_mixin.py:190} INFO - [2024-12-16T03:37:07.871+0000] {dag.py:4180} INFO - Setting next_dagrun for first_dag to 2024-12-16T00:00:00+00:00, run_after=2024-12-17T00:00:00+00:00
[2024-12-16T03:37:07.893+0000] {processor.py:208} INFO - Processing /opt/airflow/dags/spark_airflow.py took 0.083 seconds
[2024-12-16T03:37:37.536+0000] {processor.py:186} INFO - Started process (PID=1723) to work on /opt/airflow/dags/spark_airflow.py
[2024-12-16T03:37:37.537+0000] {processor.py:914} INFO - Processing file /opt/airflow/dags/spark_airflow.py for tasks to queue
[2024-12-16T03:37:37.539+0000] {logging_mixin.py:190} INFO - [2024-12-16T03:37:37.538+0000] {dagbag.py:588} INFO - Filling up the DagBag from /opt/airflow/dags/spark_airflow.py
[2024-12-16T03:37:37.562+0000] {processor.py:925} INFO - DAG(s) 'first_dag' retrieved from /opt/airflow/dags/spark_airflow.py
[2024-12-16T03:37:37.585+0000] {logging_mixin.py:190} INFO - [2024-12-16T03:37:37.585+0000] {dag.py:3239} INFO - Sync 1 DAGs
[2024-12-16T03:37:37.613+0000] {logging_mixin.py:190} INFO - [2024-12-16T03:37:37.613+0000] {dag.py:4180} INFO - Setting next_dagrun for first_dag to 2024-12-16T00:00:00+00:00, run_after=2024-12-17T00:00:00+00:00
[2024-12-16T03:37:37.636+0000] {processor.py:208} INFO - Processing /opt/airflow/dags/spark_airflow.py took 0.105 seconds
[2024-12-16T03:37:38.152+0000] {processor.py:186} INFO - Started process (PID=1728) to work on /opt/airflow/dags/spark_airflow.py
[2024-12-16T03:37:38.153+0000] {processor.py:914} INFO - Processing file /opt/airflow/dags/spark_airflow.py for tasks to queue
[2024-12-16T03:37:38.154+0000] {logging_mixin.py:190} INFO - [2024-12-16T03:37:38.154+0000] {dagbag.py:588} INFO - Filling up the DagBag from /opt/airflow/dags/spark_airflow.py
[2024-12-16T03:37:38.181+0000] {processor.py:925} INFO - DAG(s) 'first_dag' retrieved from /opt/airflow/dags/spark_airflow.py
[2024-12-16T03:37:38.209+0000] {logging_mixin.py:190} INFO - [2024-12-16T03:37:38.209+0000] {dag.py:3239} INFO - Sync 1 DAGs
[2024-12-16T03:37:38.235+0000] {logging_mixin.py:190} INFO - [2024-12-16T03:37:38.234+0000] {dag.py:4180} INFO - Setting next_dagrun for first_dag to 2024-12-16T00:00:00+00:00, run_after=2024-12-17T00:00:00+00:00
[2024-12-16T03:37:38.258+0000] {processor.py:208} INFO - Processing /opt/airflow/dags/spark_airflow.py took 0.110 seconds
[2024-12-16T03:38:07.865+0000] {processor.py:186} INFO - Started process (PID=1733) to work on /opt/airflow/dags/spark_airflow.py
[2024-12-16T03:38:07.866+0000] {processor.py:914} INFO - Processing file /opt/airflow/dags/spark_airflow.py for tasks to queue
[2024-12-16T03:38:07.868+0000] {logging_mixin.py:190} INFO - [2024-12-16T03:38:07.867+0000] {dagbag.py:588} INFO - Filling up the DagBag from /opt/airflow/dags/spark_airflow.py
[2024-12-16T03:38:07.890+0000] {processor.py:925} INFO - DAG(s) 'first_dag' retrieved from /opt/airflow/dags/spark_airflow.py
[2024-12-16T03:38:07.918+0000] {logging_mixin.py:190} INFO - [2024-12-16T03:38:07.918+0000] {dag.py:3239} INFO - Sync 1 DAGs
[2024-12-16T03:38:07.939+0000] {logging_mixin.py:190} INFO - [2024-12-16T03:38:07.939+0000] {dag.py:4180} INFO - Setting next_dagrun for first_dag to 2024-12-16T00:00:00+00:00, run_after=2024-12-17T00:00:00+00:00
[2024-12-16T03:38:07.964+0000] {processor.py:208} INFO - Processing /opt/airflow/dags/spark_airflow.py took 0.103 seconds
[2024-12-16T03:38:08.419+0000] {processor.py:186} INFO - Started process (PID=1738) to work on /opt/airflow/dags/spark_airflow.py
[2024-12-16T03:38:08.420+0000] {processor.py:914} INFO - Processing file /opt/airflow/dags/spark_airflow.py for tasks to queue
[2024-12-16T03:38:08.421+0000] {logging_mixin.py:190} INFO - [2024-12-16T03:38:08.421+0000] {dagbag.py:588} INFO - Filling up the DagBag from /opt/airflow/dags/spark_airflow.py
[2024-12-16T03:38:08.443+0000] {processor.py:925} INFO - DAG(s) 'first_dag' retrieved from /opt/airflow/dags/spark_airflow.py
[2024-12-16T03:38:08.467+0000] {logging_mixin.py:190} INFO - [2024-12-16T03:38:08.466+0000] {dag.py:3239} INFO - Sync 1 DAGs
[2024-12-16T03:38:08.488+0000] {logging_mixin.py:190} INFO - [2024-12-16T03:38:08.487+0000] {dag.py:4180} INFO - Setting next_dagrun for first_dag to 2024-12-16T00:00:00+00:00, run_after=2024-12-17T00:00:00+00:00
[2024-12-16T03:38:08.511+0000] {processor.py:208} INFO - Processing /opt/airflow/dags/spark_airflow.py took 0.097 seconds
[2024-12-16T03:38:38.175+0000] {processor.py:186} INFO - Started process (PID=1743) to work on /opt/airflow/dags/spark_airflow.py
[2024-12-16T03:38:38.176+0000] {processor.py:914} INFO - Processing file /opt/airflow/dags/spark_airflow.py for tasks to queue
[2024-12-16T03:38:38.177+0000] {logging_mixin.py:190} INFO - [2024-12-16T03:38:38.177+0000] {dagbag.py:588} INFO - Filling up the DagBag from /opt/airflow/dags/spark_airflow.py
[2024-12-16T03:38:38.199+0000] {processor.py:925} INFO - DAG(s) 'first_dag' retrieved from /opt/airflow/dags/spark_airflow.py
[2024-12-16T03:38:38.222+0000] {logging_mixin.py:190} INFO - [2024-12-16T03:38:38.222+0000] {dag.py:3239} INFO - Sync 1 DAGs
[2024-12-16T03:38:38.244+0000] {logging_mixin.py:190} INFO - [2024-12-16T03:38:38.244+0000] {dag.py:4180} INFO - Setting next_dagrun for first_dag to 2024-12-16T00:00:00+00:00, run_after=2024-12-17T00:00:00+00:00
[2024-12-16T03:38:38.261+0000] {processor.py:208} INFO - Processing /opt/airflow/dags/spark_airflow.py took 0.090 seconds
[2024-12-16T03:38:38.706+0000] {processor.py:186} INFO - Started process (PID=1748) to work on /opt/airflow/dags/spark_airflow.py
[2024-12-16T03:38:38.708+0000] {processor.py:914} INFO - Processing file /opt/airflow/dags/spark_airflow.py for tasks to queue
[2024-12-16T03:38:38.709+0000] {logging_mixin.py:190} INFO - [2024-12-16T03:38:38.709+0000] {dagbag.py:588} INFO - Filling up the DagBag from /opt/airflow/dags/spark_airflow.py
[2024-12-16T03:38:38.751+0000] {processor.py:925} INFO - DAG(s) 'first_dag' retrieved from /opt/airflow/dags/spark_airflow.py
[2024-12-16T03:38:38.775+0000] {logging_mixin.py:190} INFO - [2024-12-16T03:38:38.775+0000] {dag.py:3239} INFO - Sync 1 DAGs
[2024-12-16T03:38:38.793+0000] {logging_mixin.py:190} INFO - [2024-12-16T03:38:38.793+0000] {dag.py:4180} INFO - Setting next_dagrun for first_dag to 2024-12-16T00:00:00+00:00, run_after=2024-12-17T00:00:00+00:00
[2024-12-16T03:38:38.818+0000] {processor.py:208} INFO - Processing /opt/airflow/dags/spark_airflow.py took 0.117 seconds
[2024-12-16T03:39:08.510+0000] {processor.py:186} INFO - Started process (PID=1753) to work on /opt/airflow/dags/spark_airflow.py
[2024-12-16T03:39:08.511+0000] {processor.py:914} INFO - Processing file /opt/airflow/dags/spark_airflow.py for tasks to queue
[2024-12-16T03:39:08.512+0000] {logging_mixin.py:190} INFO - [2024-12-16T03:39:08.511+0000] {dagbag.py:588} INFO - Filling up the DagBag from /opt/airflow/dags/spark_airflow.py
[2024-12-16T03:39:08.575+0000] {processor.py:925} INFO - DAG(s) 'first_dag' retrieved from /opt/airflow/dags/spark_airflow.py
[2024-12-16T03:39:08.599+0000] {logging_mixin.py:190} INFO - [2024-12-16T03:39:08.598+0000] {dag.py:3239} INFO - Sync 1 DAGs
[2024-12-16T03:39:08.616+0000] {logging_mixin.py:190} INFO - [2024-12-16T03:39:08.616+0000] {dag.py:4180} INFO - Setting next_dagrun for first_dag to 2024-12-16T00:00:00+00:00, run_after=2024-12-17T00:00:00+00:00
[2024-12-16T03:39:08.639+0000] {processor.py:208} INFO - Processing /opt/airflow/dags/spark_airflow.py took 0.133 seconds
[2024-12-16T03:39:09.077+0000] {processor.py:186} INFO - Started process (PID=1758) to work on /opt/airflow/dags/spark_airflow.py
[2024-12-16T03:39:09.078+0000] {processor.py:914} INFO - Processing file /opt/airflow/dags/spark_airflow.py for tasks to queue
[2024-12-16T03:39:09.079+0000] {logging_mixin.py:190} INFO - [2024-12-16T03:39:09.079+0000] {dagbag.py:588} INFO - Filling up the DagBag from /opt/airflow/dags/spark_airflow.py
[2024-12-16T03:39:09.103+0000] {processor.py:925} INFO - DAG(s) 'first_dag' retrieved from /opt/airflow/dags/spark_airflow.py
[2024-12-16T03:39:09.126+0000] {logging_mixin.py:190} INFO - [2024-12-16T03:39:09.126+0000] {dag.py:3239} INFO - Sync 1 DAGs
[2024-12-16T03:39:09.148+0000] {logging_mixin.py:190} INFO - [2024-12-16T03:39:09.148+0000] {dag.py:4180} INFO - Setting next_dagrun for first_dag to 2024-12-16T00:00:00+00:00, run_after=2024-12-17T00:00:00+00:00
[2024-12-16T03:39:09.165+0000] {processor.py:208} INFO - Processing /opt/airflow/dags/spark_airflow.py took 0.093 seconds
[2024-12-16T03:39:38.867+0000] {processor.py:186} INFO - Started process (PID=1763) to work on /opt/airflow/dags/spark_airflow.py
[2024-12-16T03:39:38.868+0000] {processor.py:914} INFO - Processing file /opt/airflow/dags/spark_airflow.py for tasks to queue
[2024-12-16T03:39:38.869+0000] {logging_mixin.py:190} INFO - [2024-12-16T03:39:38.869+0000] {dagbag.py:588} INFO - Filling up the DagBag from /opt/airflow/dags/spark_airflow.py
[2024-12-16T03:39:38.900+0000] {processor.py:925} INFO - DAG(s) 'first_dag' retrieved from /opt/airflow/dags/spark_airflow.py
[2024-12-16T03:39:38.924+0000] {logging_mixin.py:190} INFO - [2024-12-16T03:39:38.924+0000] {dag.py:3239} INFO - Sync 1 DAGs
[2024-12-16T03:39:38.942+0000] {logging_mixin.py:190} INFO - [2024-12-16T03:39:38.942+0000] {dag.py:4180} INFO - Setting next_dagrun for first_dag to 2024-12-16T00:00:00+00:00, run_after=2024-12-17T00:00:00+00:00
[2024-12-16T03:39:38.966+0000] {processor.py:208} INFO - Processing /opt/airflow/dags/spark_airflow.py took 0.104 seconds
[2024-12-16T03:39:39.379+0000] {processor.py:186} INFO - Started process (PID=1768) to work on /opt/airflow/dags/spark_airflow.py
[2024-12-16T03:39:39.380+0000] {processor.py:914} INFO - Processing file /opt/airflow/dags/spark_airflow.py for tasks to queue
[2024-12-16T03:39:39.381+0000] {logging_mixin.py:190} INFO - [2024-12-16T03:39:39.381+0000] {dagbag.py:588} INFO - Filling up the DagBag from /opt/airflow/dags/spark_airflow.py
[2024-12-16T03:39:39.405+0000] {processor.py:925} INFO - DAG(s) 'first_dag' retrieved from /opt/airflow/dags/spark_airflow.py
[2024-12-16T03:39:39.429+0000] {logging_mixin.py:190} INFO - [2024-12-16T03:39:39.429+0000] {dag.py:3239} INFO - Sync 1 DAGs
[2024-12-16T03:39:39.447+0000] {logging_mixin.py:190} INFO - [2024-12-16T03:39:39.447+0000] {dag.py:4180} INFO - Setting next_dagrun for first_dag to 2024-12-16T00:00:00+00:00, run_after=2024-12-17T00:00:00+00:00
[2024-12-16T03:39:39.464+0000] {processor.py:208} INFO - Processing /opt/airflow/dags/spark_airflow.py took 0.089 seconds
[2024-12-16T03:40:09.193+0000] {processor.py:186} INFO - Started process (PID=1773) to work on /opt/airflow/dags/spark_airflow.py
[2024-12-16T03:40:09.194+0000] {processor.py:914} INFO - Processing file /opt/airflow/dags/spark_airflow.py for tasks to queue
[2024-12-16T03:40:09.196+0000] {logging_mixin.py:190} INFO - [2024-12-16T03:40:09.196+0000] {dagbag.py:588} INFO - Filling up the DagBag from /opt/airflow/dags/spark_airflow.py
[2024-12-16T03:40:09.222+0000] {processor.py:925} INFO - DAG(s) 'first_dag' retrieved from /opt/airflow/dags/spark_airflow.py
[2024-12-16T03:40:09.246+0000] {logging_mixin.py:190} INFO - [2024-12-16T03:40:09.246+0000] {dag.py:3239} INFO - Sync 1 DAGs
[2024-12-16T03:40:09.267+0000] {logging_mixin.py:190} INFO - [2024-12-16T03:40:09.267+0000] {dag.py:4180} INFO - Setting next_dagrun for first_dag to 2024-12-16T00:00:00+00:00, run_after=2024-12-17T00:00:00+00:00
[2024-12-16T03:40:09.290+0000] {processor.py:208} INFO - Processing /opt/airflow/dags/spark_airflow.py took 0.101 seconds
[2024-12-16T03:40:09.683+0000] {processor.py:186} INFO - Started process (PID=1778) to work on /opt/airflow/dags/spark_airflow.py
[2024-12-16T03:40:09.684+0000] {processor.py:914} INFO - Processing file /opt/airflow/dags/spark_airflow.py for tasks to queue
[2024-12-16T03:40:09.685+0000] {logging_mixin.py:190} INFO - [2024-12-16T03:40:09.685+0000] {dagbag.py:588} INFO - Filling up the DagBag from /opt/airflow/dags/spark_airflow.py
[2024-12-16T03:40:09.711+0000] {processor.py:925} INFO - DAG(s) 'first_dag' retrieved from /opt/airflow/dags/spark_airflow.py
[2024-12-16T03:40:09.738+0000] {logging_mixin.py:190} INFO - [2024-12-16T03:40:09.738+0000] {dag.py:3239} INFO - Sync 1 DAGs
[2024-12-16T03:40:09.757+0000] {logging_mixin.py:190} INFO - [2024-12-16T03:40:09.757+0000] {dag.py:4180} INFO - Setting next_dagrun for first_dag to 2024-12-16T00:00:00+00:00, run_after=2024-12-17T00:00:00+00:00
[2024-12-16T03:40:09.784+0000] {processor.py:208} INFO - Processing /opt/airflow/dags/spark_airflow.py took 0.107 seconds
[2024-12-16T03:40:39.499+0000] {processor.py:186} INFO - Started process (PID=1783) to work on /opt/airflow/dags/spark_airflow.py
[2024-12-16T03:40:39.500+0000] {processor.py:914} INFO - Processing file /opt/airflow/dags/spark_airflow.py for tasks to queue
[2024-12-16T03:40:39.502+0000] {logging_mixin.py:190} INFO - [2024-12-16T03:40:39.501+0000] {dagbag.py:588} INFO - Filling up the DagBag from /opt/airflow/dags/spark_airflow.py
[2024-12-16T03:40:39.524+0000] {processor.py:925} INFO - DAG(s) 'first_dag' retrieved from /opt/airflow/dags/spark_airflow.py
[2024-12-16T03:40:39.547+0000] {logging_mixin.py:190} INFO - [2024-12-16T03:40:39.547+0000] {dag.py:3239} INFO - Sync 1 DAGs
[2024-12-16T03:40:39.565+0000] {logging_mixin.py:190} INFO - [2024-12-16T03:40:39.565+0000] {dag.py:4180} INFO - Setting next_dagrun for first_dag to 2024-12-16T00:00:00+00:00, run_after=2024-12-17T00:00:00+00:00
[2024-12-16T03:40:39.587+0000] {processor.py:208} INFO - Processing /opt/airflow/dags/spark_airflow.py took 0.092 seconds
[2024-12-16T03:40:39.951+0000] {processor.py:186} INFO - Started process (PID=1788) to work on /opt/airflow/dags/spark_airflow.py
[2024-12-16T03:40:39.952+0000] {processor.py:914} INFO - Processing file /opt/airflow/dags/spark_airflow.py for tasks to queue
[2024-12-16T03:40:39.953+0000] {logging_mixin.py:190} INFO - [2024-12-16T03:40:39.953+0000] {dagbag.py:588} INFO - Filling up the DagBag from /opt/airflow/dags/spark_airflow.py
[2024-12-16T03:40:39.974+0000] {processor.py:925} INFO - DAG(s) 'first_dag' retrieved from /opt/airflow/dags/spark_airflow.py
[2024-12-16T03:40:39.999+0000] {logging_mixin.py:190} INFO - [2024-12-16T03:40:39.999+0000] {dag.py:3239} INFO - Sync 1 DAGs
[2024-12-16T03:40:40.019+0000] {logging_mixin.py:190} INFO - [2024-12-16T03:40:40.019+0000] {dag.py:4180} INFO - Setting next_dagrun for first_dag to 2024-12-16T00:00:00+00:00, run_after=2024-12-17T00:00:00+00:00
[2024-12-16T03:40:40.044+0000] {processor.py:208} INFO - Processing /opt/airflow/dags/spark_airflow.py took 0.097 seconds
[2024-12-16T03:41:09.819+0000] {processor.py:186} INFO - Started process (PID=1793) to work on /opt/airflow/dags/spark_airflow.py
[2024-12-16T03:41:09.820+0000] {processor.py:914} INFO - Processing file /opt/airflow/dags/spark_airflow.py for tasks to queue
[2024-12-16T03:41:09.821+0000] {logging_mixin.py:190} INFO - [2024-12-16T03:41:09.821+0000] {dagbag.py:588} INFO - Filling up the DagBag from /opt/airflow/dags/spark_airflow.py
[2024-12-16T03:41:09.845+0000] {processor.py:925} INFO - DAG(s) 'first_dag' retrieved from /opt/airflow/dags/spark_airflow.py
[2024-12-16T03:41:09.867+0000] {logging_mixin.py:190} INFO - [2024-12-16T03:41:09.867+0000] {dag.py:3239} INFO - Sync 1 DAGs
[2024-12-16T03:41:09.887+0000] {logging_mixin.py:190} INFO - [2024-12-16T03:41:09.886+0000] {dag.py:4180} INFO - Setting next_dagrun for first_dag to 2024-12-16T00:00:00+00:00, run_after=2024-12-17T00:00:00+00:00
[2024-12-16T03:41:09.910+0000] {processor.py:208} INFO - Processing /opt/airflow/dags/spark_airflow.py took 0.095 seconds
[2024-12-16T03:41:10.261+0000] {processor.py:186} INFO - Started process (PID=1798) to work on /opt/airflow/dags/spark_airflow.py
[2024-12-16T03:41:10.262+0000] {processor.py:914} INFO - Processing file /opt/airflow/dags/spark_airflow.py for tasks to queue
[2024-12-16T03:41:10.264+0000] {logging_mixin.py:190} INFO - [2024-12-16T03:41:10.263+0000] {dagbag.py:588} INFO - Filling up the DagBag from /opt/airflow/dags/spark_airflow.py
[2024-12-16T03:41:10.298+0000] {processor.py:925} INFO - DAG(s) 'first_dag' retrieved from /opt/airflow/dags/spark_airflow.py
[2024-12-16T03:41:10.322+0000] {logging_mixin.py:190} INFO - [2024-12-16T03:41:10.322+0000] {dag.py:3239} INFO - Sync 1 DAGs
[2024-12-16T03:41:10.344+0000] {logging_mixin.py:190} INFO - [2024-12-16T03:41:10.344+0000] {dag.py:4180} INFO - Setting next_dagrun for first_dag to 2024-12-16T00:00:00+00:00, run_after=2024-12-17T00:00:00+00:00
[2024-12-16T03:41:10.366+0000] {processor.py:208} INFO - Processing /opt/airflow/dags/spark_airflow.py took 0.111 seconds
[2024-12-16T03:41:40.095+0000] {processor.py:186} INFO - Started process (PID=1803) to work on /opt/airflow/dags/spark_airflow.py
[2024-12-16T03:41:40.096+0000] {processor.py:914} INFO - Processing file /opt/airflow/dags/spark_airflow.py for tasks to queue
[2024-12-16T03:41:40.098+0000] {logging_mixin.py:190} INFO - [2024-12-16T03:41:40.098+0000] {dagbag.py:588} INFO - Filling up the DagBag from /opt/airflow/dags/spark_airflow.py
[2024-12-16T03:41:40.123+0000] {processor.py:925} INFO - DAG(s) 'first_dag' retrieved from /opt/airflow/dags/spark_airflow.py
[2024-12-16T03:41:40.155+0000] {logging_mixin.py:190} INFO - [2024-12-16T03:41:40.155+0000] {dag.py:3239} INFO - Sync 1 DAGs
[2024-12-16T03:41:40.175+0000] {logging_mixin.py:190} INFO - [2024-12-16T03:41:40.175+0000] {dag.py:4180} INFO - Setting next_dagrun for first_dag to 2024-12-16T00:00:00+00:00, run_after=2024-12-17T00:00:00+00:00
[2024-12-16T03:41:40.197+0000] {processor.py:208} INFO - Processing /opt/airflow/dags/spark_airflow.py took 0.108 seconds
[2024-12-16T03:41:40.540+0000] {processor.py:186} INFO - Started process (PID=1808) to work on /opt/airflow/dags/spark_airflow.py
[2024-12-16T03:41:40.541+0000] {processor.py:914} INFO - Processing file /opt/airflow/dags/spark_airflow.py for tasks to queue
[2024-12-16T03:41:40.543+0000] {logging_mixin.py:190} INFO - [2024-12-16T03:41:40.543+0000] {dagbag.py:588} INFO - Filling up the DagBag from /opt/airflow/dags/spark_airflow.py
[2024-12-16T03:41:40.566+0000] {processor.py:925} INFO - DAG(s) 'first_dag' retrieved from /opt/airflow/dags/spark_airflow.py
[2024-12-16T03:41:40.591+0000] {logging_mixin.py:190} INFO - [2024-12-16T03:41:40.590+0000] {dag.py:3239} INFO - Sync 1 DAGs
[2024-12-16T03:41:40.611+0000] {logging_mixin.py:190} INFO - [2024-12-16T03:41:40.611+0000] {dag.py:4180} INFO - Setting next_dagrun for first_dag to 2024-12-16T00:00:00+00:00, run_after=2024-12-17T00:00:00+00:00
[2024-12-16T03:41:40.635+0000] {processor.py:208} INFO - Processing /opt/airflow/dags/spark_airflow.py took 0.100 seconds
[2024-12-16T03:42:10.459+0000] {processor.py:186} INFO - Started process (PID=1813) to work on /opt/airflow/dags/spark_airflow.py
[2024-12-16T03:42:10.460+0000] {processor.py:914} INFO - Processing file /opt/airflow/dags/spark_airflow.py for tasks to queue
[2024-12-16T03:42:10.462+0000] {logging_mixin.py:190} INFO - [2024-12-16T03:42:10.462+0000] {dagbag.py:588} INFO - Filling up the DagBag from /opt/airflow/dags/spark_airflow.py
[2024-12-16T03:42:10.481+0000] {processor.py:925} INFO - DAG(s) 'first_dag' retrieved from /opt/airflow/dags/spark_airflow.py
[2024-12-16T03:42:10.504+0000] {logging_mixin.py:190} INFO - [2024-12-16T03:42:10.504+0000] {dag.py:3239} INFO - Sync 1 DAGs
[2024-12-16T03:42:10.525+0000] {logging_mixin.py:190} INFO - [2024-12-16T03:42:10.524+0000] {dag.py:4180} INFO - Setting next_dagrun for first_dag to 2024-12-16T00:00:00+00:00, run_after=2024-12-17T00:00:00+00:00
[2024-12-16T03:42:10.549+0000] {processor.py:208} INFO - Processing /opt/airflow/dags/spark_airflow.py took 0.094 seconds
[2024-12-16T03:42:10.876+0000] {processor.py:186} INFO - Started process (PID=1818) to work on /opt/airflow/dags/spark_airflow.py
[2024-12-16T03:42:10.877+0000] {processor.py:914} INFO - Processing file /opt/airflow/dags/spark_airflow.py for tasks to queue
[2024-12-16T03:42:10.878+0000] {logging_mixin.py:190} INFO - [2024-12-16T03:42:10.878+0000] {dagbag.py:588} INFO - Filling up the DagBag from /opt/airflow/dags/spark_airflow.py
[2024-12-16T03:42:10.896+0000] {processor.py:925} INFO - DAG(s) 'first_dag' retrieved from /opt/airflow/dags/spark_airflow.py
[2024-12-16T03:42:10.919+0000] {logging_mixin.py:190} INFO - [2024-12-16T03:42:10.918+0000] {dag.py:3239} INFO - Sync 1 DAGs
[2024-12-16T03:42:10.937+0000] {logging_mixin.py:190} INFO - [2024-12-16T03:42:10.937+0000] {dag.py:4180} INFO - Setting next_dagrun for first_dag to 2024-12-16T00:00:00+00:00, run_after=2024-12-17T00:00:00+00:00
[2024-12-16T03:42:10.959+0000] {processor.py:208} INFO - Processing /opt/airflow/dags/spark_airflow.py took 0.088 seconds
[2024-12-16T03:42:40.705+0000] {processor.py:186} INFO - Started process (PID=1823) to work on /opt/airflow/dags/spark_airflow.py
[2024-12-16T03:42:40.706+0000] {processor.py:914} INFO - Processing file /opt/airflow/dags/spark_airflow.py for tasks to queue
[2024-12-16T03:42:40.708+0000] {logging_mixin.py:190} INFO - [2024-12-16T03:42:40.708+0000] {dagbag.py:588} INFO - Filling up the DagBag from /opt/airflow/dags/spark_airflow.py
[2024-12-16T03:42:40.725+0000] {processor.py:925} INFO - DAG(s) 'first_dag' retrieved from /opt/airflow/dags/spark_airflow.py
[2024-12-16T03:42:40.747+0000] {logging_mixin.py:190} INFO - [2024-12-16T03:42:40.747+0000] {dag.py:3239} INFO - Sync 1 DAGs
[2024-12-16T03:42:40.770+0000] {logging_mixin.py:190} INFO - [2024-12-16T03:42:40.770+0000] {dag.py:4180} INFO - Setting next_dagrun for first_dag to 2024-12-16T00:00:00+00:00, run_after=2024-12-17T00:00:00+00:00
[2024-12-16T03:42:40.798+0000] {processor.py:208} INFO - Processing /opt/airflow/dags/spark_airflow.py took 0.098 seconds
[2024-12-16T03:42:41.145+0000] {processor.py:186} INFO - Started process (PID=1828) to work on /opt/airflow/dags/spark_airflow.py
[2024-12-16T03:42:41.146+0000] {processor.py:914} INFO - Processing file /opt/airflow/dags/spark_airflow.py for tasks to queue
[2024-12-16T03:42:41.148+0000] {logging_mixin.py:190} INFO - [2024-12-16T03:42:41.148+0000] {dagbag.py:588} INFO - Filling up the DagBag from /opt/airflow/dags/spark_airflow.py
[2024-12-16T03:42:41.179+0000] {processor.py:925} INFO - DAG(s) 'first_dag' retrieved from /opt/airflow/dags/spark_airflow.py
[2024-12-16T03:42:41.212+0000] {logging_mixin.py:190} INFO - [2024-12-16T03:42:41.212+0000] {dag.py:3239} INFO - Sync 1 DAGs
[2024-12-16T03:42:41.239+0000] {logging_mixin.py:190} INFO - [2024-12-16T03:42:41.239+0000] {dag.py:4180} INFO - Setting next_dagrun for first_dag to 2024-12-16T00:00:00+00:00, run_after=2024-12-17T00:00:00+00:00
[2024-12-16T03:42:41.263+0000] {processor.py:208} INFO - Processing /opt/airflow/dags/spark_airflow.py took 0.124 seconds
[2024-12-16T03:43:11.060+0000] {processor.py:186} INFO - Started process (PID=1833) to work on /opt/airflow/dags/spark_airflow.py
[2024-12-16T03:43:11.061+0000] {processor.py:914} INFO - Processing file /opt/airflow/dags/spark_airflow.py for tasks to queue
[2024-12-16T03:43:11.063+0000] {logging_mixin.py:190} INFO - [2024-12-16T03:43:11.062+0000] {dagbag.py:588} INFO - Filling up the DagBag from /opt/airflow/dags/spark_airflow.py
[2024-12-16T03:43:11.084+0000] {processor.py:925} INFO - DAG(s) 'first_dag' retrieved from /opt/airflow/dags/spark_airflow.py
[2024-12-16T03:43:11.108+0000] {logging_mixin.py:190} INFO - [2024-12-16T03:43:11.108+0000] {dag.py:3239} INFO - Sync 1 DAGs
[2024-12-16T03:43:11.127+0000] {logging_mixin.py:190} INFO - [2024-12-16T03:43:11.127+0000] {dag.py:4180} INFO - Setting next_dagrun for first_dag to 2024-12-16T00:00:00+00:00, run_after=2024-12-17T00:00:00+00:00
[2024-12-16T03:43:11.148+0000] {processor.py:208} INFO - Processing /opt/airflow/dags/spark_airflow.py took 0.093 seconds
[2024-12-16T03:43:11.474+0000] {processor.py:186} INFO - Started process (PID=1838) to work on /opt/airflow/dags/spark_airflow.py
[2024-12-16T03:43:11.475+0000] {processor.py:914} INFO - Processing file /opt/airflow/dags/spark_airflow.py for tasks to queue
[2024-12-16T03:43:11.476+0000] {logging_mixin.py:190} INFO - [2024-12-16T03:43:11.476+0000] {dagbag.py:588} INFO - Filling up the DagBag from /opt/airflow/dags/spark_airflow.py
[2024-12-16T03:43:11.498+0000] {processor.py:925} INFO - DAG(s) 'first_dag' retrieved from /opt/airflow/dags/spark_airflow.py
[2024-12-16T03:43:11.521+0000] {logging_mixin.py:190} INFO - [2024-12-16T03:43:11.521+0000] {dag.py:3239} INFO - Sync 1 DAGs
[2024-12-16T03:43:11.540+0000] {logging_mixin.py:190} INFO - [2024-12-16T03:43:11.540+0000] {dag.py:4180} INFO - Setting next_dagrun for first_dag to 2024-12-16T00:00:00+00:00, run_after=2024-12-17T00:00:00+00:00
[2024-12-16T03:43:11.562+0000] {processor.py:208} INFO - Processing /opt/airflow/dags/spark_airflow.py took 0.094 seconds
[2024-12-16T03:43:41.314+0000] {processor.py:186} INFO - Started process (PID=1843) to work on /opt/airflow/dags/spark_airflow.py
[2024-12-16T03:43:41.315+0000] {processor.py:914} INFO - Processing file /opt/airflow/dags/spark_airflow.py for tasks to queue
[2024-12-16T03:43:41.316+0000] {logging_mixin.py:190} INFO - [2024-12-16T03:43:41.316+0000] {dagbag.py:588} INFO - Filling up the DagBag from /opt/airflow/dags/spark_airflow.py
[2024-12-16T03:43:41.335+0000] {processor.py:925} INFO - DAG(s) 'first_dag' retrieved from /opt/airflow/dags/spark_airflow.py
[2024-12-16T03:43:41.362+0000] {logging_mixin.py:190} INFO - [2024-12-16T03:43:41.362+0000] {dag.py:3239} INFO - Sync 1 DAGs
[2024-12-16T03:43:41.384+0000] {logging_mixin.py:190} INFO - [2024-12-16T03:43:41.384+0000] {dag.py:4180} INFO - Setting next_dagrun for first_dag to 2024-12-16T00:00:00+00:00, run_after=2024-12-17T00:00:00+00:00
[2024-12-16T03:43:41.412+0000] {processor.py:208} INFO - Processing /opt/airflow/dags/spark_airflow.py took 0.103 seconds
[2024-12-16T03:43:41.744+0000] {processor.py:186} INFO - Started process (PID=1848) to work on /opt/airflow/dags/spark_airflow.py
[2024-12-16T03:43:41.745+0000] {processor.py:914} INFO - Processing file /opt/airflow/dags/spark_airflow.py for tasks to queue
[2024-12-16T03:43:41.747+0000] {logging_mixin.py:190} INFO - [2024-12-16T03:43:41.747+0000] {dagbag.py:588} INFO - Filling up the DagBag from /opt/airflow/dags/spark_airflow.py
[2024-12-16T03:43:41.773+0000] {processor.py:925} INFO - DAG(s) 'first_dag' retrieved from /opt/airflow/dags/spark_airflow.py
[2024-12-16T03:43:41.814+0000] {logging_mixin.py:190} INFO - [2024-12-16T03:43:41.813+0000] {dag.py:3239} INFO - Sync 1 DAGs
[2024-12-16T03:43:41.851+0000] {logging_mixin.py:190} INFO - [2024-12-16T03:43:41.850+0000] {dag.py:4180} INFO - Setting next_dagrun for first_dag to 2024-12-16T00:00:00+00:00, run_after=2024-12-17T00:00:00+00:00
[2024-12-16T03:43:41.873+0000] {processor.py:208} INFO - Processing /opt/airflow/dags/spark_airflow.py took 0.136 seconds
[2024-12-16T03:44:11.691+0000] {processor.py:186} INFO - Started process (PID=1853) to work on /opt/airflow/dags/spark_airflow.py
[2024-12-16T03:44:11.691+0000] {processor.py:914} INFO - Processing file /opt/airflow/dags/spark_airflow.py for tasks to queue
[2024-12-16T03:44:11.693+0000] {logging_mixin.py:190} INFO - [2024-12-16T03:44:11.693+0000] {dagbag.py:588} INFO - Filling up the DagBag from /opt/airflow/dags/spark_airflow.py
[2024-12-16T03:44:11.716+0000] {processor.py:925} INFO - DAG(s) 'first_dag' retrieved from /opt/airflow/dags/spark_airflow.py
[2024-12-16T03:44:11.738+0000] {logging_mixin.py:190} INFO - [2024-12-16T03:44:11.738+0000] {dag.py:3239} INFO - Sync 1 DAGs
[2024-12-16T03:44:11.756+0000] {logging_mixin.py:190} INFO - [2024-12-16T03:44:11.756+0000] {dag.py:4180} INFO - Setting next_dagrun for first_dag to 2024-12-16T00:00:00+00:00, run_after=2024-12-17T00:00:00+00:00
[2024-12-16T03:44:11.772+0000] {processor.py:208} INFO - Processing /opt/airflow/dags/spark_airflow.py took 0.085 seconds
[2024-12-16T03:44:12.062+0000] {processor.py:186} INFO - Started process (PID=1858) to work on /opt/airflow/dags/spark_airflow.py
[2024-12-16T03:44:12.062+0000] {processor.py:914} INFO - Processing file /opt/airflow/dags/spark_airflow.py for tasks to queue
[2024-12-16T03:44:12.064+0000] {logging_mixin.py:190} INFO - [2024-12-16T03:44:12.063+0000] {dagbag.py:588} INFO - Filling up the DagBag from /opt/airflow/dags/spark_airflow.py
[2024-12-16T03:44:12.082+0000] {processor.py:925} INFO - DAG(s) 'first_dag' retrieved from /opt/airflow/dags/spark_airflow.py
[2024-12-16T03:44:12.106+0000] {logging_mixin.py:190} INFO - [2024-12-16T03:44:12.106+0000] {dag.py:3239} INFO - Sync 1 DAGs
[2024-12-16T03:44:12.124+0000] {logging_mixin.py:190} INFO - [2024-12-16T03:44:12.124+0000] {dag.py:4180} INFO - Setting next_dagrun for first_dag to 2024-12-16T00:00:00+00:00, run_after=2024-12-17T00:00:00+00:00
[2024-12-16T03:44:12.147+0000] {processor.py:208} INFO - Processing /opt/airflow/dags/spark_airflow.py took 0.090 seconds
[2024-12-16T03:44:41.969+0000] {processor.py:186} INFO - Started process (PID=1863) to work on /opt/airflow/dags/spark_airflow.py
[2024-12-16T03:44:41.970+0000] {processor.py:914} INFO - Processing file /opt/airflow/dags/spark_airflow.py for tasks to queue
[2024-12-16T03:44:41.971+0000] {logging_mixin.py:190} INFO - [2024-12-16T03:44:41.971+0000] {dagbag.py:588} INFO - Filling up the DagBag from /opt/airflow/dags/spark_airflow.py
[2024-12-16T03:44:41.990+0000] {processor.py:925} INFO - DAG(s) 'first_dag' retrieved from /opt/airflow/dags/spark_airflow.py
[2024-12-16T03:44:42.013+0000] {logging_mixin.py:190} INFO - [2024-12-16T03:44:42.013+0000] {dag.py:3239} INFO - Sync 1 DAGs
[2024-12-16T03:44:42.031+0000] {logging_mixin.py:190} INFO - [2024-12-16T03:44:42.031+0000] {dag.py:4180} INFO - Setting next_dagrun for first_dag to 2024-12-16T00:00:00+00:00, run_after=2024-12-17T00:00:00+00:00
[2024-12-16T03:44:42.049+0000] {processor.py:208} INFO - Processing /opt/airflow/dags/spark_airflow.py took 0.084 seconds
[2024-12-16T03:44:42.459+0000] {processor.py:186} INFO - Started process (PID=1868) to work on /opt/airflow/dags/spark_airflow.py
[2024-12-16T03:44:42.460+0000] {processor.py:914} INFO - Processing file /opt/airflow/dags/spark_airflow.py for tasks to queue
[2024-12-16T03:44:42.461+0000] {logging_mixin.py:190} INFO - [2024-12-16T03:44:42.461+0000] {dagbag.py:588} INFO - Filling up the DagBag from /opt/airflow/dags/spark_airflow.py
[2024-12-16T03:44:42.483+0000] {processor.py:925} INFO - DAG(s) 'first_dag' retrieved from /opt/airflow/dags/spark_airflow.py
[2024-12-16T03:44:42.504+0000] {logging_mixin.py:190} INFO - [2024-12-16T03:44:42.503+0000] {dag.py:3239} INFO - Sync 1 DAGs
[2024-12-16T03:44:42.521+0000] {logging_mixin.py:190} INFO - [2024-12-16T03:44:42.520+0000] {dag.py:4180} INFO - Setting next_dagrun for first_dag to 2024-12-16T00:00:00+00:00, run_after=2024-12-17T00:00:00+00:00
[2024-12-16T03:44:42.543+0000] {processor.py:208} INFO - Processing /opt/airflow/dags/spark_airflow.py took 0.088 seconds
[2024-12-16T03:45:12.263+0000] {processor.py:186} INFO - Started process (PID=1873) to work on /opt/airflow/dags/spark_airflow.py
[2024-12-16T03:45:12.264+0000] {processor.py:914} INFO - Processing file /opt/airflow/dags/spark_airflow.py for tasks to queue
[2024-12-16T03:45:12.266+0000] {logging_mixin.py:190} INFO - [2024-12-16T03:45:12.265+0000] {dagbag.py:588} INFO - Filling up the DagBag from /opt/airflow/dags/spark_airflow.py
[2024-12-16T03:45:12.299+0000] {processor.py:925} INFO - DAG(s) 'first_dag' retrieved from /opt/airflow/dags/spark_airflow.py
[2024-12-16T03:45:12.334+0000] {logging_mixin.py:190} INFO - [2024-12-16T03:45:12.334+0000] {dag.py:3239} INFO - Sync 1 DAGs
[2024-12-16T03:45:12.356+0000] {logging_mixin.py:190} INFO - [2024-12-16T03:45:12.356+0000] {dag.py:4180} INFO - Setting next_dagrun for first_dag to 2024-12-16T00:00:00+00:00, run_after=2024-12-17T00:00:00+00:00
[2024-12-16T03:45:12.386+0000] {processor.py:208} INFO - Processing /opt/airflow/dags/spark_airflow.py took 0.129 seconds
[2024-12-16T03:45:12.765+0000] {processor.py:186} INFO - Started process (PID=1878) to work on /opt/airflow/dags/spark_airflow.py
[2024-12-16T03:45:12.766+0000] {processor.py:914} INFO - Processing file /opt/airflow/dags/spark_airflow.py for tasks to queue
[2024-12-16T03:45:12.767+0000] {logging_mixin.py:190} INFO - [2024-12-16T03:45:12.767+0000] {dagbag.py:588} INFO - Filling up the DagBag from /opt/airflow/dags/spark_airflow.py
[2024-12-16T03:45:12.793+0000] {processor.py:925} INFO - DAG(s) 'first_dag' retrieved from /opt/airflow/dags/spark_airflow.py
[2024-12-16T03:45:12.818+0000] {logging_mixin.py:190} INFO - [2024-12-16T03:45:12.818+0000] {dag.py:3239} INFO - Sync 1 DAGs
[2024-12-16T03:45:12.837+0000] {logging_mixin.py:190} INFO - [2024-12-16T03:45:12.837+0000] {dag.py:4180} INFO - Setting next_dagrun for first_dag to 2024-12-16T00:00:00+00:00, run_after=2024-12-17T00:00:00+00:00
[2024-12-16T03:45:12.859+0000] {processor.py:208} INFO - Processing /opt/airflow/dags/spark_airflow.py took 0.099 seconds
[2024-12-16T03:45:42.517+0000] {processor.py:186} INFO - Started process (PID=1883) to work on /opt/airflow/dags/spark_airflow.py
[2024-12-16T03:45:42.518+0000] {processor.py:914} INFO - Processing file /opt/airflow/dags/spark_airflow.py for tasks to queue
[2024-12-16T03:45:42.519+0000] {logging_mixin.py:190} INFO - [2024-12-16T03:45:42.519+0000] {dagbag.py:588} INFO - Filling up the DagBag from /opt/airflow/dags/spark_airflow.py
[2024-12-16T03:45:42.542+0000] {processor.py:925} INFO - DAG(s) 'first_dag' retrieved from /opt/airflow/dags/spark_airflow.py
[2024-12-16T03:45:42.567+0000] {logging_mixin.py:190} INFO - [2024-12-16T03:45:42.566+0000] {dag.py:3239} INFO - Sync 1 DAGs
[2024-12-16T03:45:42.587+0000] {logging_mixin.py:190} INFO - [2024-12-16T03:45:42.587+0000] {dag.py:4180} INFO - Setting next_dagrun for first_dag to 2024-12-16T00:00:00+00:00, run_after=2024-12-17T00:00:00+00:00
[2024-12-16T03:45:42.605+0000] {processor.py:208} INFO - Processing /opt/airflow/dags/spark_airflow.py took 0.093 seconds
[2024-12-16T03:45:43.050+0000] {processor.py:186} INFO - Started process (PID=1888) to work on /opt/airflow/dags/spark_airflow.py
[2024-12-16T03:45:43.051+0000] {processor.py:914} INFO - Processing file /opt/airflow/dags/spark_airflow.py for tasks to queue
[2024-12-16T03:45:43.052+0000] {logging_mixin.py:190} INFO - [2024-12-16T03:45:43.052+0000] {dagbag.py:588} INFO - Filling up the DagBag from /opt/airflow/dags/spark_airflow.py
[2024-12-16T03:45:43.075+0000] {processor.py:925} INFO - DAG(s) 'first_dag' retrieved from /opt/airflow/dags/spark_airflow.py
[2024-12-16T03:45:43.103+0000] {logging_mixin.py:190} INFO - [2024-12-16T03:45:43.103+0000] {dag.py:3239} INFO - Sync 1 DAGs
[2024-12-16T03:45:43.125+0000] {logging_mixin.py:190} INFO - [2024-12-16T03:45:43.125+0000] {dag.py:4180} INFO - Setting next_dagrun for first_dag to 2024-12-16T00:00:00+00:00, run_after=2024-12-17T00:00:00+00:00
[2024-12-16T03:45:43.144+0000] {processor.py:208} INFO - Processing /opt/airflow/dags/spark_airflow.py took 0.098 seconds
[2024-12-16T03:46:12.757+0000] {processor.py:186} INFO - Started process (PID=1893) to work on /opt/airflow/dags/spark_airflow.py
[2024-12-16T03:46:12.757+0000] {processor.py:914} INFO - Processing file /opt/airflow/dags/spark_airflow.py for tasks to queue
[2024-12-16T03:46:12.758+0000] {logging_mixin.py:190} INFO - [2024-12-16T03:46:12.758+0000] {dagbag.py:588} INFO - Filling up the DagBag from /opt/airflow/dags/spark_airflow.py
[2024-12-16T03:46:12.774+0000] {processor.py:925} INFO - DAG(s) 'first_dag' retrieved from /opt/airflow/dags/spark_airflow.py
[2024-12-16T03:46:12.803+0000] {logging_mixin.py:190} INFO - [2024-12-16T03:46:12.803+0000] {dag.py:3239} INFO - Sync 1 DAGs
[2024-12-16T03:46:12.823+0000] {logging_mixin.py:190} INFO - [2024-12-16T03:46:12.823+0000] {dag.py:4180} INFO - Setting next_dagrun for first_dag to 2024-12-16T00:00:00+00:00, run_after=2024-12-17T00:00:00+00:00
[2024-12-16T03:46:12.839+0000] {processor.py:208} INFO - Processing /opt/airflow/dags/spark_airflow.py took 0.087 seconds
[2024-12-16T03:46:13.375+0000] {processor.py:186} INFO - Started process (PID=1898) to work on /opt/airflow/dags/spark_airflow.py
[2024-12-16T03:46:13.376+0000] {processor.py:914} INFO - Processing file /opt/airflow/dags/spark_airflow.py for tasks to queue
[2024-12-16T03:46:13.377+0000] {logging_mixin.py:190} INFO - [2024-12-16T03:46:13.377+0000] {dagbag.py:588} INFO - Filling up the DagBag from /opt/airflow/dags/spark_airflow.py
[2024-12-16T03:46:13.400+0000] {processor.py:925} INFO - DAG(s) 'first_dag' retrieved from /opt/airflow/dags/spark_airflow.py
[2024-12-16T03:46:13.422+0000] {logging_mixin.py:190} INFO - [2024-12-16T03:46:13.422+0000] {dag.py:3239} INFO - Sync 1 DAGs
[2024-12-16T03:46:13.443+0000] {logging_mixin.py:190} INFO - [2024-12-16T03:46:13.443+0000] {dag.py:4180} INFO - Setting next_dagrun for first_dag to 2024-12-16T00:00:00+00:00, run_after=2024-12-17T00:00:00+00:00
[2024-12-16T03:46:13.460+0000] {processor.py:208} INFO - Processing /opt/airflow/dags/spark_airflow.py took 0.089 seconds
[2024-12-16T03:46:43.120+0000] {processor.py:186} INFO - Started process (PID=1903) to work on /opt/airflow/dags/spark_airflow.py
[2024-12-16T03:46:43.121+0000] {processor.py:914} INFO - Processing file /opt/airflow/dags/spark_airflow.py for tasks to queue
[2024-12-16T03:46:43.122+0000] {logging_mixin.py:190} INFO - [2024-12-16T03:46:43.122+0000] {dagbag.py:588} INFO - Filling up the DagBag from /opt/airflow/dags/spark_airflow.py
[2024-12-16T03:46:43.149+0000] {processor.py:925} INFO - DAG(s) 'first_dag' retrieved from /opt/airflow/dags/spark_airflow.py
[2024-12-16T03:46:43.174+0000] {logging_mixin.py:190} INFO - [2024-12-16T03:46:43.174+0000] {dag.py:3239} INFO - Sync 1 DAGs
[2024-12-16T03:46:43.196+0000] {logging_mixin.py:190} INFO - [2024-12-16T03:46:43.196+0000] {dag.py:4180} INFO - Setting next_dagrun for first_dag to 2024-12-16T00:00:00+00:00, run_after=2024-12-17T00:00:00+00:00
[2024-12-16T03:46:43.224+0000] {processor.py:208} INFO - Processing /opt/airflow/dags/spark_airflow.py took 0.108 seconds
[2024-12-16T03:46:43.683+0000] {processor.py:186} INFO - Started process (PID=1908) to work on /opt/airflow/dags/spark_airflow.py
[2024-12-16T03:46:43.685+0000] {processor.py:914} INFO - Processing file /opt/airflow/dags/spark_airflow.py for tasks to queue
[2024-12-16T03:46:43.686+0000] {logging_mixin.py:190} INFO - [2024-12-16T03:46:43.686+0000] {dagbag.py:588} INFO - Filling up the DagBag from /opt/airflow/dags/spark_airflow.py
[2024-12-16T03:46:43.715+0000] {processor.py:925} INFO - DAG(s) 'first_dag' retrieved from /opt/airflow/dags/spark_airflow.py
[2024-12-16T03:46:43.739+0000] {logging_mixin.py:190} INFO - [2024-12-16T03:46:43.739+0000] {dag.py:3239} INFO - Sync 1 DAGs
[2024-12-16T03:46:43.758+0000] {logging_mixin.py:190} INFO - [2024-12-16T03:46:43.758+0000] {dag.py:4180} INFO - Setting next_dagrun for first_dag to 2024-12-16T00:00:00+00:00, run_after=2024-12-17T00:00:00+00:00
[2024-12-16T03:46:43.781+0000] {processor.py:208} INFO - Processing /opt/airflow/dags/spark_airflow.py took 0.104 seconds
[2024-12-16T03:47:13.325+0000] {processor.py:186} INFO - Started process (PID=1913) to work on /opt/airflow/dags/spark_airflow.py
[2024-12-16T03:47:13.326+0000] {processor.py:914} INFO - Processing file /opt/airflow/dags/spark_airflow.py for tasks to queue
[2024-12-16T03:47:13.327+0000] {logging_mixin.py:190} INFO - [2024-12-16T03:47:13.327+0000] {dagbag.py:588} INFO - Filling up the DagBag from /opt/airflow/dags/spark_airflow.py
[2024-12-16T03:47:13.346+0000] {processor.py:925} INFO - DAG(s) 'first_dag' retrieved from /opt/airflow/dags/spark_airflow.py
[2024-12-16T03:47:13.370+0000] {logging_mixin.py:190} INFO - [2024-12-16T03:47:13.370+0000] {dag.py:3239} INFO - Sync 1 DAGs
[2024-12-16T03:47:13.389+0000] {logging_mixin.py:190} INFO - [2024-12-16T03:47:13.389+0000] {dag.py:4180} INFO - Setting next_dagrun for first_dag to 2024-12-16T00:00:00+00:00, run_after=2024-12-17T00:00:00+00:00
[2024-12-16T03:47:13.412+0000] {processor.py:208} INFO - Processing /opt/airflow/dags/spark_airflow.py took 0.092 seconds
[2024-12-16T03:47:13.984+0000] {processor.py:186} INFO - Started process (PID=1918) to work on /opt/airflow/dags/spark_airflow.py
[2024-12-16T03:47:13.985+0000] {processor.py:914} INFO - Processing file /opt/airflow/dags/spark_airflow.py for tasks to queue
[2024-12-16T03:47:13.986+0000] {logging_mixin.py:190} INFO - [2024-12-16T03:47:13.986+0000] {dagbag.py:588} INFO - Filling up the DagBag from /opt/airflow/dags/spark_airflow.py
[2024-12-16T03:47:14.004+0000] {processor.py:925} INFO - DAG(s) 'first_dag' retrieved from /opt/airflow/dags/spark_airflow.py
[2024-12-16T03:47:14.026+0000] {logging_mixin.py:190} INFO - [2024-12-16T03:47:14.026+0000] {dag.py:3239} INFO - Sync 1 DAGs
[2024-12-16T03:47:14.043+0000] {logging_mixin.py:190} INFO - [2024-12-16T03:47:14.043+0000] {dag.py:4180} INFO - Setting next_dagrun for first_dag to 2024-12-16T00:00:00+00:00, run_after=2024-12-17T00:00:00+00:00
[2024-12-16T03:47:14.065+0000] {processor.py:208} INFO - Processing /opt/airflow/dags/spark_airflow.py took 0.086 seconds
[2024-12-16T03:47:43.544+0000] {processor.py:186} INFO - Started process (PID=1923) to work on /opt/airflow/dags/spark_airflow.py
[2024-12-16T03:47:43.545+0000] {processor.py:914} INFO - Processing file /opt/airflow/dags/spark_airflow.py for tasks to queue
[2024-12-16T03:47:43.546+0000] {logging_mixin.py:190} INFO - [2024-12-16T03:47:43.546+0000] {dagbag.py:588} INFO - Filling up the DagBag from /opt/airflow/dags/spark_airflow.py
[2024-12-16T03:47:43.564+0000] {processor.py:925} INFO - DAG(s) 'first_dag' retrieved from /opt/airflow/dags/spark_airflow.py
[2024-12-16T03:47:43.589+0000] {logging_mixin.py:190} INFO - [2024-12-16T03:47:43.589+0000] {dag.py:3239} INFO - Sync 1 DAGs
[2024-12-16T03:47:43.610+0000] {logging_mixin.py:190} INFO - [2024-12-16T03:47:43.610+0000] {dag.py:4180} INFO - Setting next_dagrun for first_dag to 2024-12-16T00:00:00+00:00, run_after=2024-12-17T00:00:00+00:00
[2024-12-16T03:47:43.625+0000] {processor.py:208} INFO - Processing /opt/airflow/dags/spark_airflow.py took 0.087 seconds
[2024-12-16T03:47:44.309+0000] {processor.py:186} INFO - Started process (PID=1928) to work on /opt/airflow/dags/spark_airflow.py
[2024-12-16T03:47:44.310+0000] {processor.py:914} INFO - Processing file /opt/airflow/dags/spark_airflow.py for tasks to queue
[2024-12-16T03:47:44.311+0000] {logging_mixin.py:190} INFO - [2024-12-16T03:47:44.311+0000] {dagbag.py:588} INFO - Filling up the DagBag from /opt/airflow/dags/spark_airflow.py
[2024-12-16T03:47:44.333+0000] {processor.py:925} INFO - DAG(s) 'first_dag' retrieved from /opt/airflow/dags/spark_airflow.py
[2024-12-16T03:47:44.359+0000] {logging_mixin.py:190} INFO - [2024-12-16T03:47:44.358+0000] {dag.py:3239} INFO - Sync 1 DAGs
[2024-12-16T03:47:44.377+0000] {logging_mixin.py:190} INFO - [2024-12-16T03:47:44.377+0000] {dag.py:4180} INFO - Setting next_dagrun for first_dag to 2024-12-16T00:00:00+00:00, run_after=2024-12-17T00:00:00+00:00
[2024-12-16T03:47:44.398+0000] {processor.py:208} INFO - Processing /opt/airflow/dags/spark_airflow.py took 0.095 seconds
[2024-12-16T03:48:13.800+0000] {processor.py:186} INFO - Started process (PID=1933) to work on /opt/airflow/dags/spark_airflow.py
[2024-12-16T03:48:13.802+0000] {processor.py:914} INFO - Processing file /opt/airflow/dags/spark_airflow.py for tasks to queue
[2024-12-16T03:48:13.805+0000] {logging_mixin.py:190} INFO - [2024-12-16T03:48:13.804+0000] {dagbag.py:588} INFO - Filling up the DagBag from /opt/airflow/dags/spark_airflow.py
[2024-12-16T03:48:13.830+0000] {processor.py:925} INFO - DAG(s) 'first_dag' retrieved from /opt/airflow/dags/spark_airflow.py
[2024-12-16T03:48:13.857+0000] {logging_mixin.py:190} INFO - [2024-12-16T03:48:13.857+0000] {dag.py:3239} INFO - Sync 1 DAGs
[2024-12-16T03:48:13.886+0000] {logging_mixin.py:190} INFO - [2024-12-16T03:48:13.886+0000] {dag.py:4180} INFO - Setting next_dagrun for first_dag to 2024-12-16T00:00:00+00:00, run_after=2024-12-17T00:00:00+00:00
[2024-12-16T03:48:13.903+0000] {processor.py:208} INFO - Processing /opt/airflow/dags/spark_airflow.py took 0.111 seconds
[2024-12-16T03:48:14.576+0000] {processor.py:186} INFO - Started process (PID=1938) to work on /opt/airflow/dags/spark_airflow.py
[2024-12-16T03:48:14.577+0000] {processor.py:914} INFO - Processing file /opt/airflow/dags/spark_airflow.py for tasks to queue
[2024-12-16T03:48:14.579+0000] {logging_mixin.py:190} INFO - [2024-12-16T03:48:14.579+0000] {dagbag.py:588} INFO - Filling up the DagBag from /opt/airflow/dags/spark_airflow.py
[2024-12-16T03:48:14.609+0000] {processor.py:925} INFO - DAG(s) 'first_dag' retrieved from /opt/airflow/dags/spark_airflow.py
[2024-12-16T03:48:14.639+0000] {logging_mixin.py:190} INFO - [2024-12-16T03:48:14.639+0000] {dag.py:3239} INFO - Sync 1 DAGs
[2024-12-16T03:48:14.665+0000] {logging_mixin.py:190} INFO - [2024-12-16T03:48:14.664+0000] {dag.py:4180} INFO - Setting next_dagrun for first_dag to 2024-12-16T00:00:00+00:00, run_after=2024-12-17T00:00:00+00:00
[2024-12-16T03:48:14.687+0000] {processor.py:208} INFO - Processing /opt/airflow/dags/spark_airflow.py took 0.117 seconds
[2024-12-16T03:48:44.109+0000] {processor.py:186} INFO - Started process (PID=1943) to work on /opt/airflow/dags/spark_airflow.py
[2024-12-16T03:48:44.110+0000] {processor.py:914} INFO - Processing file /opt/airflow/dags/spark_airflow.py for tasks to queue
[2024-12-16T03:48:44.112+0000] {logging_mixin.py:190} INFO - [2024-12-16T03:48:44.111+0000] {dagbag.py:588} INFO - Filling up the DagBag from /opt/airflow/dags/spark_airflow.py
[2024-12-16T03:48:44.133+0000] {processor.py:925} INFO - DAG(s) 'first_dag' retrieved from /opt/airflow/dags/spark_airflow.py
[2024-12-16T03:48:44.157+0000] {logging_mixin.py:190} INFO - [2024-12-16T03:48:44.157+0000] {dag.py:3239} INFO - Sync 1 DAGs
[2024-12-16T03:48:44.175+0000] {logging_mixin.py:190} INFO - [2024-12-16T03:48:44.175+0000] {dag.py:4180} INFO - Setting next_dagrun for first_dag to 2024-12-16T00:00:00+00:00, run_after=2024-12-17T00:00:00+00:00
[2024-12-16T03:48:44.198+0000] {processor.py:208} INFO - Processing /opt/airflow/dags/spark_airflow.py took 0.093 seconds
[2024-12-16T03:48:44.879+0000] {processor.py:186} INFO - Started process (PID=1948) to work on /opt/airflow/dags/spark_airflow.py
[2024-12-16T03:48:44.880+0000] {processor.py:914} INFO - Processing file /opt/airflow/dags/spark_airflow.py for tasks to queue
[2024-12-16T03:48:44.881+0000] {logging_mixin.py:190} INFO - [2024-12-16T03:48:44.880+0000] {dagbag.py:588} INFO - Filling up the DagBag from /opt/airflow/dags/spark_airflow.py
[2024-12-16T03:48:44.900+0000] {processor.py:925} INFO - DAG(s) 'first_dag' retrieved from /opt/airflow/dags/spark_airflow.py
[2024-12-16T03:48:44.921+0000] {logging_mixin.py:190} INFO - [2024-12-16T03:48:44.921+0000] {dag.py:3239} INFO - Sync 1 DAGs
[2024-12-16T03:48:44.940+0000] {logging_mixin.py:190} INFO - [2024-12-16T03:48:44.940+0000] {dag.py:4180} INFO - Setting next_dagrun for first_dag to 2024-12-16T00:00:00+00:00, run_after=2024-12-17T00:00:00+00:00
[2024-12-16T03:48:44.956+0000] {processor.py:208} INFO - Processing /opt/airflow/dags/spark_airflow.py took 0.083 seconds
[2024-12-16T03:49:14.371+0000] {processor.py:186} INFO - Started process (PID=1953) to work on /opt/airflow/dags/spark_airflow.py
[2024-12-16T03:49:14.372+0000] {processor.py:914} INFO - Processing file /opt/airflow/dags/spark_airflow.py for tasks to queue
[2024-12-16T03:49:14.373+0000] {logging_mixin.py:190} INFO - [2024-12-16T03:49:14.373+0000] {dagbag.py:588} INFO - Filling up the DagBag from /opt/airflow/dags/spark_airflow.py
[2024-12-16T03:49:14.396+0000] {processor.py:925} INFO - DAG(s) 'first_dag' retrieved from /opt/airflow/dags/spark_airflow.py
[2024-12-16T03:49:14.419+0000] {logging_mixin.py:190} INFO - [2024-12-16T03:49:14.419+0000] {dag.py:3239} INFO - Sync 1 DAGs
[2024-12-16T03:49:14.441+0000] {logging_mixin.py:190} INFO - [2024-12-16T03:49:14.441+0000] {dag.py:4180} INFO - Setting next_dagrun for first_dag to 2024-12-16T00:00:00+00:00, run_after=2024-12-17T00:00:00+00:00
[2024-12-16T03:49:14.465+0000] {processor.py:208} INFO - Processing /opt/airflow/dags/spark_airflow.py took 0.099 seconds
[2024-12-16T03:49:15.211+0000] {processor.py:186} INFO - Started process (PID=1958) to work on /opt/airflow/dags/spark_airflow.py
[2024-12-16T03:49:15.212+0000] {processor.py:914} INFO - Processing file /opt/airflow/dags/spark_airflow.py for tasks to queue
[2024-12-16T03:49:15.213+0000] {logging_mixin.py:190} INFO - [2024-12-16T03:49:15.213+0000] {dagbag.py:588} INFO - Filling up the DagBag from /opt/airflow/dags/spark_airflow.py
[2024-12-16T03:49:15.240+0000] {processor.py:925} INFO - DAG(s) 'first_dag' retrieved from /opt/airflow/dags/spark_airflow.py
[2024-12-16T03:49:15.262+0000] {logging_mixin.py:190} INFO - [2024-12-16T03:49:15.262+0000] {dag.py:3239} INFO - Sync 1 DAGs
[2024-12-16T03:49:15.287+0000] {logging_mixin.py:190} INFO - [2024-12-16T03:49:15.287+0000] {dag.py:4180} INFO - Setting next_dagrun for first_dag to 2024-12-16T00:00:00+00:00, run_after=2024-12-17T00:00:00+00:00
[2024-12-16T03:49:15.318+0000] {processor.py:208} INFO - Processing /opt/airflow/dags/spark_airflow.py took 0.112 seconds
[2024-12-16T03:49:42.596+0000] {processor.py:186} INFO - Started process (PID=1963) to work on /opt/airflow/dags/spark_airflow.py
[2024-12-16T03:49:42.597+0000] {processor.py:914} INFO - Processing file /opt/airflow/dags/spark_airflow.py for tasks to queue
[2024-12-16T03:49:42.598+0000] {logging_mixin.py:190} INFO - [2024-12-16T03:49:42.598+0000] {dagbag.py:588} INFO - Filling up the DagBag from /opt/airflow/dags/spark_airflow.py
[2024-12-16T03:49:42.632+0000] {processor.py:925} INFO - DAG(s) 'first_dag' retrieved from /opt/airflow/dags/spark_airflow.py
[2024-12-16T03:49:42.637+0000] {processor.py:186} INFO - Started process (PID=1966) to work on /opt/airflow/dags/spark_airflow.py
[2024-12-16T03:49:42.638+0000] {processor.py:914} INFO - Processing file /opt/airflow/dags/spark_airflow.py for tasks to queue
[2024-12-16T03:49:42.639+0000] {logging_mixin.py:190} INFO - [2024-12-16T03:49:42.639+0000] {dagbag.py:588} INFO - Filling up the DagBag from /opt/airflow/dags/spark_airflow.py
[2024-12-16T03:49:42.663+0000] {logging_mixin.py:190} INFO - [2024-12-16T03:49:42.663+0000] {dag.py:3239} INFO - Sync 1 DAGs
[2024-12-16T03:49:42.664+0000] {processor.py:925} INFO - DAG(s) 'first_dag' retrieved from /opt/airflow/dags/spark_airflow.py
[2024-12-16T03:49:42.697+0000] {logging_mixin.py:190} INFO - [2024-12-16T03:49:42.696+0000] {dag.py:4180} INFO - Setting next_dagrun for first_dag to 2024-12-16T00:00:00+00:00, run_after=2024-12-17T00:00:00+00:00
[2024-12-16T03:49:42.710+0000] {logging_mixin.py:190} INFO - [2024-12-16T03:49:42.710+0000] {dag.py:3239} INFO - Sync 1 DAGs
[2024-12-16T03:49:42.722+0000] {processor.py:208} INFO - Processing /opt/airflow/dags/spark_airflow.py took 0.132 seconds
[2024-12-16T03:49:42.739+0000] {logging_mixin.py:190} INFO - [2024-12-16T03:49:42.739+0000] {dag.py:4180} INFO - Setting next_dagrun for first_dag to 2024-12-16T00:00:00+00:00, run_after=2024-12-17T00:00:00+00:00
[2024-12-16T03:49:42.756+0000] {processor.py:208} INFO - Processing /opt/airflow/dags/spark_airflow.py took 0.124 seconds
[2024-12-16T03:49:46.761+0000] {processor.py:186} INFO - Started process (PID=1973) to work on /opt/airflow/dags/spark_airflow.py
[2024-12-16T03:49:46.762+0000] {processor.py:914} INFO - Processing file /opt/airflow/dags/spark_airflow.py for tasks to queue
[2024-12-16T03:49:46.763+0000] {logging_mixin.py:190} INFO - [2024-12-16T03:49:46.763+0000] {dagbag.py:588} INFO - Filling up the DagBag from /opt/airflow/dags/spark_airflow.py
[2024-12-16T03:49:46.799+0000] {processor.py:186} INFO - Started process (PID=1976) to work on /opt/airflow/dags/spark_airflow.py
[2024-12-16T03:49:46.800+0000] {processor.py:914} INFO - Processing file /opt/airflow/dags/spark_airflow.py for tasks to queue
[2024-12-16T03:49:46.802+0000] {logging_mixin.py:190} INFO - [2024-12-16T03:49:46.801+0000] {dagbag.py:588} INFO - Filling up the DagBag from /opt/airflow/dags/spark_airflow.py
[2024-12-16T03:49:46.804+0000] {logging_mixin.py:190} INFO - [2024-12-16T03:49:46.799+0000] {dagbag.py:387} ERROR - Failed to import: /opt/airflow/dags/spark_airflow.py
Traceback (most recent call last):
  File "/home/airflow/.local/lib/python3.11/site-packages/airflow/models/dagbag.py", line 383, in parse
    loader.exec_module(new_module)
  File "<frozen importlib._bootstrap_external>", line 940, in exec_module
  File "<frozen importlib._bootstrap>", line 241, in _call_with_frames_removed
  File "/opt/airflow/dags/spark_airflow.py", line 27, in <module>
    end
NameError: name 'end' is not defined
[2024-12-16T03:49:46.805+0000] {processor.py:927} WARNING - No viable dags retrieved from /opt/airflow/dags/spark_airflow.py
[2024-12-16T03:49:46.827+0000] {processor.py:208} INFO - Processing /opt/airflow/dags/spark_airflow.py took 0.070 seconds
[2024-12-16T03:49:46.828+0000] {logging_mixin.py:190} INFO - [2024-12-16T03:49:46.820+0000] {dagbag.py:387} ERROR - Failed to import: /opt/airflow/dags/spark_airflow.py
Traceback (most recent call last):
  File "/home/airflow/.local/lib/python3.11/site-packages/airflow/models/dagbag.py", line 383, in parse
    loader.exec_module(new_module)
  File "<frozen importlib._bootstrap_external>", line 940, in exec_module
  File "<frozen importlib._bootstrap>", line 241, in _call_with_frames_removed
  File "/opt/airflow/dags/spark_airflow.py", line 27, in <module>
    end
NameError: name 'end' is not defined
[2024-12-16T03:49:46.830+0000] {processor.py:927} WARNING - No viable dags retrieved from /opt/airflow/dags/spark_airflow.py
[2024-12-16T03:49:46.852+0000] {processor.py:208} INFO - Processing /opt/airflow/dags/spark_airflow.py took 0.061 seconds
[2024-12-16T03:49:59.932+0000] {processor.py:186} INFO - Started process (PID=1983) to work on /opt/airflow/dags/spark_airflow.py
[2024-12-16T03:49:59.932+0000] {processor.py:186} INFO - Started process (PID=1984) to work on /opt/airflow/dags/spark_airflow.py
[2024-12-16T03:49:59.934+0000] {processor.py:914} INFO - Processing file /opt/airflow/dags/spark_airflow.py for tasks to queue
[2024-12-16T03:49:59.934+0000] {processor.py:914} INFO - Processing file /opt/airflow/dags/spark_airflow.py for tasks to queue
[2024-12-16T03:49:59.935+0000] {logging_mixin.py:190} INFO - [2024-12-16T03:49:59.935+0000] {dagbag.py:588} INFO - Filling up the DagBag from /opt/airflow/dags/spark_airflow.py
[2024-12-16T03:49:59.935+0000] {logging_mixin.py:190} INFO - [2024-12-16T03:49:59.935+0000] {dagbag.py:588} INFO - Filling up the DagBag from /opt/airflow/dags/spark_airflow.py
[2024-12-16T03:49:59.979+0000] {logging_mixin.py:190} INFO - [2024-12-16T03:49:59.971+0000] {dagbag.py:387} ERROR - Failed to import: /opt/airflow/dags/spark_airflow.py
Traceback (most recent call last):
  File "/home/airflow/.local/lib/python3.11/site-packages/airflow/models/dagbag.py", line 383, in parse
    loader.exec_module(new_module)
  File "<frozen importlib._bootstrap_external>", line 940, in exec_module
  File "<frozen importlib._bootstrap>", line 241, in _call_with_frames_removed
  File "/opt/airflow/dags/spark_airflow.py", line 27, in <module>
    start = PythonOperator(
            ^^^^^^^^^^^^^^^
  File "/home/airflow/.local/lib/python3.11/site-packages/airflow/models/baseoperator.py", line 501, in apply_defaults
    result = func(self, **kwargs, default_args=default_args)
             ^^^^^^^^^^^^^^^^^^^^^^^^^^^^^^^^^^^^^^^^^^^^^^^
  File "/home/airflow/.local/lib/python3.11/site-packages/airflow/operators/python.py", line 222, in __init__
    super().__init__(**kwargs)
  File "/home/airflow/.local/lib/python3.11/site-packages/airflow/models/baseoperator.py", line 501, in apply_defaults
    result = func(self, **kwargs, default_args=default_args)
             ^^^^^^^^^^^^^^^^^^^^^^^^^^^^^^^^^^^^^^^^^^^^^^^
  File "/home/airflow/.local/lib/python3.11/site-packages/airflow/models/baseoperator.py", line 967, in __init__
    task_group.add(self)
  File "/home/airflow/.local/lib/python3.11/site-packages/airflow/utils/task_group.py", line 250, in add
    raise DuplicateTaskIdFound(f"{node_type} id '{key}' has already been added to the DAG")
airflow.exceptions.DuplicateTaskIdFound: Task id 'start' has already been added to the DAG
[2024-12-16T03:49:59.979+0000] {logging_mixin.py:190} INFO - [2024-12-16T03:49:59.970+0000] {dagbag.py:387} ERROR - Failed to import: /opt/airflow/dags/spark_airflow.py
Traceback (most recent call last):
  File "/home/airflow/.local/lib/python3.11/site-packages/airflow/models/dagbag.py", line 383, in parse
    loader.exec_module(new_module)
  File "<frozen importlib._bootstrap_external>", line 940, in exec_module
  File "<frozen importlib._bootstrap>", line 241, in _call_with_frames_removed
  File "/opt/airflow/dags/spark_airflow.py", line 27, in <module>
    start = PythonOperator(
            ^^^^^^^^^^^^^^^
  File "/home/airflow/.local/lib/python3.11/site-packages/airflow/models/baseoperator.py", line 501, in apply_defaults
    result = func(self, **kwargs, default_args=default_args)
             ^^^^^^^^^^^^^^^^^^^^^^^^^^^^^^^^^^^^^^^^^^^^^^^
  File "/home/airflow/.local/lib/python3.11/site-packages/airflow/operators/python.py", line 222, in __init__
    super().__init__(**kwargs)
  File "/home/airflow/.local/lib/python3.11/site-packages/airflow/models/baseoperator.py", line 501, in apply_defaults
    result = func(self, **kwargs, default_args=default_args)
             ^^^^^^^^^^^^^^^^^^^^^^^^^^^^^^^^^^^^^^^^^^^^^^^
  File "/home/airflow/.local/lib/python3.11/site-packages/airflow/models/baseoperator.py", line 967, in __init__
    task_group.add(self)
  File "/home/airflow/.local/lib/python3.11/site-packages/airflow/utils/task_group.py", line 250, in add
    raise DuplicateTaskIdFound(f"{node_type} id '{key}' has already been added to the DAG")
airflow.exceptions.DuplicateTaskIdFound: Task id 'start' has already been added to the DAG
[2024-12-16T03:49:59.980+0000] {processor.py:927} WARNING - No viable dags retrieved from /opt/airflow/dags/spark_airflow.py
[2024-12-16T03:49:59.980+0000] {processor.py:927} WARNING - No viable dags retrieved from /opt/airflow/dags/spark_airflow.py
[2024-12-16T03:50:00.006+0000] {processor.py:208} INFO - Processing /opt/airflow/dags/spark_airflow.py took 0.079 seconds
[2024-12-16T03:50:00.009+0000] {processor.py:208} INFO - Processing /opt/airflow/dags/spark_airflow.py took 0.082 seconds
[2024-12-16T03:50:03.003+0000] {processor.py:186} INFO - Started process (PID=1993) to work on /opt/airflow/dags/spark_airflow.py
[2024-12-16T03:50:03.004+0000] {processor.py:914} INFO - Processing file /opt/airflow/dags/spark_airflow.py for tasks to queue
[2024-12-16T03:50:03.005+0000] {logging_mixin.py:190} INFO - [2024-12-16T03:50:03.004+0000] {dagbag.py:588} INFO - Filling up the DagBag from /opt/airflow/dags/spark_airflow.py
[2024-12-16T03:50:03.011+0000] {processor.py:186} INFO - Started process (PID=1996) to work on /opt/airflow/dags/spark_airflow.py
[2024-12-16T03:50:03.012+0000] {processor.py:914} INFO - Processing file /opt/airflow/dags/spark_airflow.py for tasks to queue
[2024-12-16T03:50:03.014+0000] {logging_mixin.py:190} INFO - [2024-12-16T03:50:03.014+0000] {dagbag.py:588} INFO - Filling up the DagBag from /opt/airflow/dags/spark_airflow.py
[2024-12-16T03:50:03.036+0000] {logging_mixin.py:190} INFO - [2024-12-16T03:50:03.029+0000] {dagbag.py:387} ERROR - Failed to import: /opt/airflow/dags/spark_airflow.py
Traceback (most recent call last):
  File "/home/airflow/.local/lib/python3.11/site-packages/airflow/models/dagbag.py", line 383, in parse
    loader.exec_module(new_module)
  File "<frozen importlib._bootstrap_external>", line 940, in exec_module
  File "<frozen importlib._bootstrap>", line 241, in _call_with_frames_removed
  File "/opt/airflow/dags/spark_airflow.py", line 27, in <module>
    end = PythonOperator(
          ^^^^^^^^^^^^^^^
  File "/home/airflow/.local/lib/python3.11/site-packages/airflow/models/baseoperator.py", line 501, in apply_defaults
    result = func(self, **kwargs, default_args=default_args)
             ^^^^^^^^^^^^^^^^^^^^^^^^^^^^^^^^^^^^^^^^^^^^^^^
  File "/home/airflow/.local/lib/python3.11/site-packages/airflow/operators/python.py", line 222, in __init__
    super().__init__(**kwargs)
  File "/home/airflow/.local/lib/python3.11/site-packages/airflow/models/baseoperator.py", line 501, in apply_defaults
    result = func(self, **kwargs, default_args=default_args)
             ^^^^^^^^^^^^^^^^^^^^^^^^^^^^^^^^^^^^^^^^^^^^^^^
  File "/home/airflow/.local/lib/python3.11/site-packages/airflow/models/baseoperator.py", line 967, in __init__
    task_group.add(self)
  File "/home/airflow/.local/lib/python3.11/site-packages/airflow/utils/task_group.py", line 250, in add
    raise DuplicateTaskIdFound(f"{node_type} id '{key}' has already been added to the DAG")
airflow.exceptions.DuplicateTaskIdFound: Task id 'start' has already been added to the DAG
[2024-12-16T03:50:03.037+0000] {processor.py:927} WARNING - No viable dags retrieved from /opt/airflow/dags/spark_airflow.py
[2024-12-16T03:50:03.044+0000] {logging_mixin.py:190} INFO - [2024-12-16T03:50:03.039+0000] {dagbag.py:387} ERROR - Failed to import: /opt/airflow/dags/spark_airflow.py
Traceback (most recent call last):
  File "/home/airflow/.local/lib/python3.11/site-packages/airflow/models/dagbag.py", line 383, in parse
    loader.exec_module(new_module)
  File "<frozen importlib._bootstrap_external>", line 940, in exec_module
  File "<frozen importlib._bootstrap>", line 241, in _call_with_frames_removed
  File "/opt/airflow/dags/spark_airflow.py", line 27, in <module>
    end = PythonOperator(
          ^^^^^^^^^^^^^^^
  File "/home/airflow/.local/lib/python3.11/site-packages/airflow/models/baseoperator.py", line 501, in apply_defaults
    result = func(self, **kwargs, default_args=default_args)
             ^^^^^^^^^^^^^^^^^^^^^^^^^^^^^^^^^^^^^^^^^^^^^^^
  File "/home/airflow/.local/lib/python3.11/site-packages/airflow/operators/python.py", line 222, in __init__
    super().__init__(**kwargs)
  File "/home/airflow/.local/lib/python3.11/site-packages/airflow/models/baseoperator.py", line 501, in apply_defaults
    result = func(self, **kwargs, default_args=default_args)
             ^^^^^^^^^^^^^^^^^^^^^^^^^^^^^^^^^^^^^^^^^^^^^^^
  File "/home/airflow/.local/lib/python3.11/site-packages/airflow/models/baseoperator.py", line 967, in __init__
    task_group.add(self)
  File "/home/airflow/.local/lib/python3.11/site-packages/airflow/utils/task_group.py", line 250, in add
    raise DuplicateTaskIdFound(f"{node_type} id '{key}' has already been added to the DAG")
airflow.exceptions.DuplicateTaskIdFound: Task id 'start' has already been added to the DAG
[2024-12-16T03:50:03.045+0000] {processor.py:927} WARNING - No viable dags retrieved from /opt/airflow/dags/spark_airflow.py
[2024-12-16T03:50:03.064+0000] {processor.py:208} INFO - Processing /opt/airflow/dags/spark_airflow.py took 0.067 seconds
[2024-12-16T03:50:03.067+0000] {processor.py:208} INFO - Processing /opt/airflow/dags/spark_airflow.py took 0.062 seconds
[2024-12-16T03:50:13.195+0000] {processor.py:186} INFO - Started process (PID=2004) to work on /opt/airflow/dags/spark_airflow.py
[2024-12-16T03:50:13.195+0000] {processor.py:186} INFO - Started process (PID=2003) to work on /opt/airflow/dags/spark_airflow.py
[2024-12-16T03:50:13.196+0000] {processor.py:914} INFO - Processing file /opt/airflow/dags/spark_airflow.py for tasks to queue
[2024-12-16T03:50:13.196+0000] {processor.py:914} INFO - Processing file /opt/airflow/dags/spark_airflow.py for tasks to queue
[2024-12-16T03:50:13.198+0000] {logging_mixin.py:190} INFO - [2024-12-16T03:50:13.198+0000] {dagbag.py:588} INFO - Filling up the DagBag from /opt/airflow/dags/spark_airflow.py
[2024-12-16T03:50:13.198+0000] {logging_mixin.py:190} INFO - [2024-12-16T03:50:13.198+0000] {dagbag.py:588} INFO - Filling up the DagBag from /opt/airflow/dags/spark_airflow.py
[2024-12-16T03:50:13.237+0000] {processor.py:925} INFO - DAG(s) 'first_dag' retrieved from /opt/airflow/dags/spark_airflow.py
[2024-12-16T03:50:13.239+0000] {processor.py:925} INFO - DAG(s) 'first_dag' retrieved from /opt/airflow/dags/spark_airflow.py
[2024-12-16T03:50:13.376+0000] {logging_mixin.py:190} INFO - [2024-12-16T03:50:13.376+0000] {dag.py:3239} INFO - Sync 1 DAGs
[2024-12-16T03:50:13.381+0000] {logging_mixin.py:190} INFO - [2024-12-16T03:50:13.381+0000] {dag.py:3239} INFO - Sync 1 DAGs
[2024-12-16T03:50:13.401+0000] {logging_mixin.py:190} INFO - [2024-12-16T03:50:13.401+0000] {dag.py:4180} INFO - Setting next_dagrun for first_dag to 2024-12-16T00:00:00+00:00, run_after=2024-12-17T00:00:00+00:00
[2024-12-16T03:50:13.441+0000] {processor.py:208} INFO - Processing /opt/airflow/dags/spark_airflow.py took 0.251 seconds
[2024-12-16T03:50:13.446+0000] {logging_mixin.py:190} INFO - [2024-12-16T03:50:13.446+0000] {dag.py:4180} INFO - Setting next_dagrun for first_dag to 2024-12-16T00:00:00+00:00, run_after=2024-12-17T00:00:00+00:00
[2024-12-16T03:50:13.468+0000] {processor.py:208} INFO - Processing /opt/airflow/dags/spark_airflow.py took 0.278 seconds
[2024-12-16T03:50:20.554+0000] {processor.py:186} INFO - Started process (PID=2013) to work on /opt/airflow/dags/spark_airflow.py
[2024-12-16T03:50:20.555+0000] {processor.py:914} INFO - Processing file /opt/airflow/dags/spark_airflow.py for tasks to queue
[2024-12-16T03:50:20.557+0000] {logging_mixin.py:190} INFO - [2024-12-16T03:50:20.557+0000] {dagbag.py:588} INFO - Filling up the DagBag from /opt/airflow/dags/spark_airflow.py
[2024-12-16T03:50:20.566+0000] {processor.py:186} INFO - Started process (PID=2016) to work on /opt/airflow/dags/spark_airflow.py
[2024-12-16T03:50:20.567+0000] {processor.py:914} INFO - Processing file /opt/airflow/dags/spark_airflow.py for tasks to queue
[2024-12-16T03:50:20.569+0000] {logging_mixin.py:190} INFO - [2024-12-16T03:50:20.569+0000] {dagbag.py:588} INFO - Filling up the DagBag from /opt/airflow/dags/spark_airflow.py
[2024-12-16T03:50:20.595+0000] {processor.py:925} INFO - DAG(s) 'first_dag' retrieved from /opt/airflow/dags/spark_airflow.py
[2024-12-16T03:50:20.608+0000] {processor.py:925} INFO - DAG(s) 'first_dag' retrieved from /opt/airflow/dags/spark_airflow.py
[2024-12-16T03:50:20.610+0000] {logging_mixin.py:190} INFO - [2024-12-16T03:50:20.610+0000] {dag.py:3239} INFO - Sync 1 DAGs
[2024-12-16T03:50:20.622+0000] {logging_mixin.py:190} INFO - [2024-12-16T03:50:20.622+0000] {dag.py:3239} INFO - Sync 1 DAGs
[2024-12-16T03:50:20.633+0000] {logging_mixin.py:190} INFO - [2024-12-16T03:50:20.633+0000] {dag.py:4180} INFO - Setting next_dagrun for first_dag to 2024-12-16T00:00:00+00:00, run_after=2024-12-17T00:00:00+00:00
[2024-12-16T03:50:20.661+0000] {processor.py:208} INFO - Processing /opt/airflow/dags/spark_airflow.py took 0.113 seconds
[2024-12-16T03:50:20.665+0000] {logging_mixin.py:190} INFO - [2024-12-16T03:50:20.665+0000] {dag.py:4180} INFO - Setting next_dagrun for first_dag to 2024-12-16T00:00:00+00:00, run_after=2024-12-17T00:00:00+00:00
[2024-12-16T03:50:20.685+0000] {processor.py:208} INFO - Processing /opt/airflow/dags/spark_airflow.py took 0.124 seconds
[2024-12-16T03:50:23.610+0000] {processor.py:186} INFO - Started process (PID=2023) to work on /opt/airflow/dags/spark_airflow.py
[2024-12-16T03:50:23.611+0000] {processor.py:186} INFO - Started process (PID=2026) to work on /opt/airflow/dags/spark_airflow.py
[2024-12-16T03:50:23.612+0000] {processor.py:914} INFO - Processing file /opt/airflow/dags/spark_airflow.py for tasks to queue
[2024-12-16T03:50:23.612+0000] {processor.py:914} INFO - Processing file /opt/airflow/dags/spark_airflow.py for tasks to queue
[2024-12-16T03:50:23.614+0000] {logging_mixin.py:190} INFO - [2024-12-16T03:50:23.613+0000] {dagbag.py:588} INFO - Filling up the DagBag from /opt/airflow/dags/spark_airflow.py
[2024-12-16T03:50:23.614+0000] {logging_mixin.py:190} INFO - [2024-12-16T03:50:23.614+0000] {dagbag.py:588} INFO - Filling up the DagBag from /opt/airflow/dags/spark_airflow.py
[2024-12-16T03:50:23.652+0000] {processor.py:925} INFO - DAG(s) 'first_dag' retrieved from /opt/airflow/dags/spark_airflow.py
[2024-12-16T03:50:23.657+0000] {processor.py:925} INFO - DAG(s) 'first_dag' retrieved from /opt/airflow/dags/spark_airflow.py
[2024-12-16T03:50:23.666+0000] {logging_mixin.py:190} INFO - [2024-12-16T03:50:23.666+0000] {dag.py:3239} INFO - Sync 1 DAGs
[2024-12-16T03:50:23.671+0000] {logging_mixin.py:190} INFO - [2024-12-16T03:50:23.670+0000] {dag.py:3239} INFO - Sync 1 DAGs
[2024-12-16T03:50:23.692+0000] {logging_mixin.py:190} INFO - [2024-12-16T03:50:23.692+0000] {dag.py:4180} INFO - Setting next_dagrun for first_dag to 2024-12-16T00:00:00+00:00, run_after=2024-12-17T00:00:00+00:00
[2024-12-16T03:50:23.734+0000] {processor.py:208} INFO - Processing /opt/airflow/dags/spark_airflow.py took 0.131 seconds
[2024-12-16T03:50:23.735+0000] {logging_mixin.py:190} INFO - [2024-12-16T03:50:23.735+0000] {dag.py:4180} INFO - Setting next_dagrun for first_dag to 2024-12-16T00:00:00+00:00, run_after=2024-12-17T00:00:00+00:00
[2024-12-16T03:50:23.761+0000] {processor.py:208} INFO - Processing /opt/airflow/dags/spark_airflow.py took 0.158 seconds
[2024-12-16T03:50:38.873+0000] {processor.py:186} INFO - Started process (PID=2033) to work on /opt/airflow/dags/spark_airflow.py
[2024-12-16T03:50:38.873+0000] {processor.py:186} INFO - Started process (PID=2034) to work on /opt/airflow/dags/spark_airflow.py
[2024-12-16T03:50:38.874+0000] {processor.py:914} INFO - Processing file /opt/airflow/dags/spark_airflow.py for tasks to queue
[2024-12-16T03:50:38.874+0000] {processor.py:914} INFO - Processing file /opt/airflow/dags/spark_airflow.py for tasks to queue
[2024-12-16T03:50:38.875+0000] {logging_mixin.py:190} INFO - [2024-12-16T03:50:38.875+0000] {dagbag.py:588} INFO - Filling up the DagBag from /opt/airflow/dags/spark_airflow.py
[2024-12-16T03:50:38.875+0000] {logging_mixin.py:190} INFO - [2024-12-16T03:50:38.875+0000] {dagbag.py:588} INFO - Filling up the DagBag from /opt/airflow/dags/spark_airflow.py
[2024-12-16T03:50:38.916+0000] {processor.py:925} INFO - DAG(s) 'first_dag' retrieved from /opt/airflow/dags/spark_airflow.py
[2024-12-16T03:50:38.917+0000] {processor.py:925} INFO - DAG(s) 'first_dag' retrieved from /opt/airflow/dags/spark_airflow.py
[2024-12-16T03:50:38.930+0000] {logging_mixin.py:190} INFO - [2024-12-16T03:50:38.930+0000] {dag.py:3239} INFO - Sync 1 DAGs
[2024-12-16T03:50:38.931+0000] {logging_mixin.py:190} INFO - [2024-12-16T03:50:38.931+0000] {dag.py:3239} INFO - Sync 1 DAGs
[2024-12-16T03:50:38.953+0000] {logging_mixin.py:190} INFO - [2024-12-16T03:50:38.953+0000] {dag.py:4180} INFO - Setting next_dagrun for first_dag to 2024-12-16T00:00:00+00:00, run_after=2024-12-17T00:00:00+00:00
[2024-12-16T03:50:38.987+0000] {processor.py:208} INFO - Processing /opt/airflow/dags/spark_airflow.py took 0.120 seconds
[2024-12-16T03:50:38.991+0000] {logging_mixin.py:190} INFO - [2024-12-16T03:50:38.991+0000] {dag.py:4180} INFO - Setting next_dagrun for first_dag to 2024-12-16T00:00:00+00:00, run_after=2024-12-17T00:00:00+00:00
[2024-12-16T03:50:39.011+0000] {processor.py:208} INFO - Processing /opt/airflow/dags/spark_airflow.py took 0.144 seconds
[2024-12-16T03:50:44.969+0000] {processor.py:186} INFO - Started process (PID=2043) to work on /opt/airflow/dags/spark_airflow.py
[2024-12-16T03:50:44.972+0000] {processor.py:914} INFO - Processing file /opt/airflow/dags/spark_airflow.py for tasks to queue
[2024-12-16T03:50:44.972+0000] {processor.py:186} INFO - Started process (PID=2044) to work on /opt/airflow/dags/spark_airflow.py
[2024-12-16T03:50:44.974+0000] {processor.py:914} INFO - Processing file /opt/airflow/dags/spark_airflow.py for tasks to queue
[2024-12-16T03:50:44.974+0000] {logging_mixin.py:190} INFO - [2024-12-16T03:50:44.974+0000] {dagbag.py:588} INFO - Filling up the DagBag from /opt/airflow/dags/spark_airflow.py
[2024-12-16T03:50:44.976+0000] {logging_mixin.py:190} INFO - [2024-12-16T03:50:44.976+0000] {dagbag.py:588} INFO - Filling up the DagBag from /opt/airflow/dags/spark_airflow.py
[2024-12-16T03:50:44.998+0000] {logging_mixin.py:190} INFO - [2024-12-16T03:50:44.996+0000] {dagbag.py:387} ERROR - Failed to import: /opt/airflow/dags/spark_airflow.py
Traceback (most recent call last):
  File "/home/airflow/.local/lib/python3.11/site-packages/airflow/models/dagbag.py", line 383, in parse
    loader.exec_module(new_module)
  File "<frozen importlib._bootstrap_external>", line 936, in exec_module
  File "<frozen importlib._bootstrap_external>", line 1074, in get_code
  File "<frozen importlib._bootstrap_external>", line 1004, in source_to_code
  File "<frozen importlib._bootstrap>", line 241, in _call_with_frames_removed
  File "/opt/airflow/dags/spark_airflow.py", line 33
    start >> 
             ^
SyntaxError: invalid syntax
[2024-12-16T03:50:44.998+0000] {logging_mixin.py:190} INFO - [2024-12-16T03:50:44.996+0000] {dagbag.py:387} ERROR - Failed to import: /opt/airflow/dags/spark_airflow.py
Traceback (most recent call last):
  File "/home/airflow/.local/lib/python3.11/site-packages/airflow/models/dagbag.py", line 383, in parse
    loader.exec_module(new_module)
  File "<frozen importlib._bootstrap_external>", line 936, in exec_module
  File "<frozen importlib._bootstrap_external>", line 1074, in get_code
  File "<frozen importlib._bootstrap_external>", line 1004, in source_to_code
  File "<frozen importlib._bootstrap>", line 241, in _call_with_frames_removed
  File "/opt/airflow/dags/spark_airflow.py", line 33
    start >> 
             ^
SyntaxError: invalid syntax
[2024-12-16T03:50:44.999+0000] {processor.py:927} WARNING - No viable dags retrieved from /opt/airflow/dags/spark_airflow.py
[2024-12-16T03:50:44.999+0000] {processor.py:927} WARNING - No viable dags retrieved from /opt/airflow/dags/spark_airflow.py
[2024-12-16T03:50:45.037+0000] {processor.py:208} INFO - Processing /opt/airflow/dags/spark_airflow.py took 0.076 seconds
[2024-12-16T03:50:45.045+0000] {processor.py:208} INFO - Processing /opt/airflow/dags/spark_airflow.py took 0.084 seconds
[2024-12-16T03:50:50.039+0000] {processor.py:186} INFO - Started process (PID=2053) to work on /opt/airflow/dags/spark_airflow.py
[2024-12-16T03:50:50.040+0000] {processor.py:914} INFO - Processing file /opt/airflow/dags/spark_airflow.py for tasks to queue
[2024-12-16T03:50:50.042+0000] {logging_mixin.py:190} INFO - [2024-12-16T03:50:50.041+0000] {dagbag.py:588} INFO - Filling up the DagBag from /opt/airflow/dags/spark_airflow.py
[2024-12-16T03:50:50.073+0000] {processor.py:925} INFO - DAG(s) 'first_dag' retrieved from /opt/airflow/dags/spark_airflow.py
[2024-12-16T03:50:50.127+0000] {processor.py:186} INFO - Started process (PID=2056) to work on /opt/airflow/dags/spark_airflow.py
[2024-12-16T03:50:50.128+0000] {processor.py:914} INFO - Processing file /opt/airflow/dags/spark_airflow.py for tasks to queue
[2024-12-16T03:50:50.129+0000] {logging_mixin.py:190} INFO - [2024-12-16T03:50:50.129+0000] {dagbag.py:588} INFO - Filling up the DagBag from /opt/airflow/dags/spark_airflow.py
[2024-12-16T03:50:50.162+0000] {processor.py:925} INFO - DAG(s) 'first_dag' retrieved from /opt/airflow/dags/spark_airflow.py
[2024-12-16T03:50:50.192+0000] {logging_mixin.py:190} INFO - [2024-12-16T03:50:50.192+0000] {dag.py:3239} INFO - Sync 1 DAGs
[2024-12-16T03:50:50.214+0000] {logging_mixin.py:190} INFO - [2024-12-16T03:50:50.214+0000] {dag.py:4180} INFO - Setting next_dagrun for first_dag to 2024-12-16T00:00:00+00:00, run_after=2024-12-17T00:00:00+00:00
[2024-12-16T03:50:50.254+0000] {processor.py:208} INFO - Processing /opt/airflow/dags/spark_airflow.py took 0.220 seconds
[2024-12-16T03:50:50.307+0000] {logging_mixin.py:190} INFO - [2024-12-16T03:50:50.307+0000] {dag.py:3239} INFO - Sync 1 DAGs
[2024-12-16T03:50:50.333+0000] {logging_mixin.py:190} INFO - [2024-12-16T03:50:50.333+0000] {dag.py:4180} INFO - Setting next_dagrun for first_dag to 2024-12-16T00:00:00+00:00, run_after=2024-12-17T00:00:00+00:00
[2024-12-16T03:50:50.358+0000] {processor.py:208} INFO - Processing /opt/airflow/dags/spark_airflow.py took 0.237 seconds
[2024-12-16T03:50:56.183+0000] {processor.py:186} INFO - Started process (PID=2063) to work on /opt/airflow/dags/spark_airflow.py
[2024-12-16T03:50:56.184+0000] {processor.py:914} INFO - Processing file /opt/airflow/dags/spark_airflow.py for tasks to queue
[2024-12-16T03:50:56.185+0000] {logging_mixin.py:190} INFO - [2024-12-16T03:50:56.185+0000] {dagbag.py:588} INFO - Filling up the DagBag from /opt/airflow/dags/spark_airflow.py
[2024-12-16T03:50:56.200+0000] {processor.py:186} INFO - Started process (PID=2066) to work on /opt/airflow/dags/spark_airflow.py
[2024-12-16T03:50:56.201+0000] {processor.py:914} INFO - Processing file /opt/airflow/dags/spark_airflow.py for tasks to queue
[2024-12-16T03:50:56.203+0000] {logging_mixin.py:190} INFO - [2024-12-16T03:50:56.202+0000] {dagbag.py:588} INFO - Filling up the DagBag from /opt/airflow/dags/spark_airflow.py
[2024-12-16T03:50:56.233+0000] {processor.py:925} INFO - DAG(s) 'first_dag' retrieved from /opt/airflow/dags/spark_airflow.py
[2024-12-16T03:50:56.244+0000] {processor.py:925} INFO - DAG(s) 'first_dag' retrieved from /opt/airflow/dags/spark_airflow.py
[2024-12-16T03:50:56.248+0000] {logging_mixin.py:190} INFO - [2024-12-16T03:50:56.248+0000] {dag.py:3239} INFO - Sync 1 DAGs
[2024-12-16T03:50:56.258+0000] {logging_mixin.py:190} INFO - [2024-12-16T03:50:56.257+0000] {dag.py:3239} INFO - Sync 1 DAGs
[2024-12-16T03:50:56.277+0000] {logging_mixin.py:190} INFO - [2024-12-16T03:50:56.277+0000] {dag.py:4180} INFO - Setting next_dagrun for first_dag to 2024-12-16T00:00:00+00:00, run_after=2024-12-17T00:00:00+00:00
[2024-12-16T03:50:56.308+0000] {processor.py:208} INFO - Processing /opt/airflow/dags/spark_airflow.py took 0.131 seconds
[2024-12-16T03:50:56.314+0000] {logging_mixin.py:190} INFO - [2024-12-16T03:50:56.314+0000] {dag.py:4180} INFO - Setting next_dagrun for first_dag to 2024-12-16T00:00:00+00:00, run_after=2024-12-17T00:00:00+00:00
[2024-12-16T03:50:56.335+0000] {processor.py:208} INFO - Processing /opt/airflow/dags/spark_airflow.py took 0.145 seconds
[2024-12-16T03:51:26.451+0000] {processor.py:186} INFO - Started process (PID=2077) to work on /opt/airflow/dags/spark_airflow.py
[2024-12-16T03:51:26.452+0000] {processor.py:914} INFO - Processing file /opt/airflow/dags/spark_airflow.py for tasks to queue
[2024-12-16T03:51:26.454+0000] {logging_mixin.py:190} INFO - [2024-12-16T03:51:26.453+0000] {dagbag.py:588} INFO - Filling up the DagBag from /opt/airflow/dags/spark_airflow.py
[2024-12-16T03:51:26.495+0000] {processor.py:925} INFO - DAG(s) 'first_dag' retrieved from /opt/airflow/dags/spark_airflow.py
[2024-12-16T03:51:26.530+0000] {logging_mixin.py:190} INFO - [2024-12-16T03:51:26.530+0000] {dag.py:3239} INFO - Sync 1 DAGs
[2024-12-16T03:51:26.560+0000] {logging_mixin.py:190} INFO - [2024-12-16T03:51:26.560+0000] {dag.py:4180} INFO - Setting next_dagrun for first_dag to 2024-12-16T00:00:00+00:00, run_after=2024-12-17T00:00:00+00:00
[2024-12-16T03:51:26.580+0000] {processor.py:186} INFO - Started process (PID=2080) to work on /opt/airflow/dags/spark_airflow.py
[2024-12-16T03:51:26.582+0000] {processor.py:914} INFO - Processing file /opt/airflow/dags/spark_airflow.py for tasks to queue
[2024-12-16T03:51:26.584+0000] {processor.py:208} INFO - Processing /opt/airflow/dags/spark_airflow.py took 0.139 seconds
[2024-12-16T03:51:26.585+0000] {logging_mixin.py:190} INFO - [2024-12-16T03:51:26.584+0000] {dagbag.py:588} INFO - Filling up the DagBag from /opt/airflow/dags/spark_airflow.py
[2024-12-16T03:51:26.621+0000] {processor.py:925} INFO - DAG(s) 'first_dag' retrieved from /opt/airflow/dags/spark_airflow.py
[2024-12-16T03:51:26.660+0000] {logging_mixin.py:190} INFO - [2024-12-16T03:51:26.660+0000] {dag.py:3239} INFO - Sync 1 DAGs
[2024-12-16T03:51:26.689+0000] {logging_mixin.py:190} INFO - [2024-12-16T03:51:26.689+0000] {dag.py:4180} INFO - Setting next_dagrun for first_dag to 2024-12-16T00:00:00+00:00, run_after=2024-12-17T00:00:00+00:00
[2024-12-16T03:51:26.715+0000] {processor.py:208} INFO - Processing /opt/airflow/dags/spark_airflow.py took 0.141 seconds
[2024-12-16T03:51:56.803+0000] {processor.py:186} INFO - Started process (PID=2100) to work on /opt/airflow/dags/spark_airflow.py
[2024-12-16T03:51:56.804+0000] {processor.py:914} INFO - Processing file /opt/airflow/dags/spark_airflow.py for tasks to queue
[2024-12-16T03:51:56.804+0000] {processor.py:186} INFO - Started process (PID=2099) to work on /opt/airflow/dags/spark_airflow.py
[2024-12-16T03:51:56.805+0000] {processor.py:914} INFO - Processing file /opt/airflow/dags/spark_airflow.py for tasks to queue
[2024-12-16T03:51:56.805+0000] {logging_mixin.py:190} INFO - [2024-12-16T03:51:56.805+0000] {dagbag.py:588} INFO - Filling up the DagBag from /opt/airflow/dags/spark_airflow.py
[2024-12-16T03:51:56.806+0000] {logging_mixin.py:190} INFO - [2024-12-16T03:51:56.806+0000] {dagbag.py:588} INFO - Filling up the DagBag from /opt/airflow/dags/spark_airflow.py
[2024-12-16T03:51:56.828+0000] {processor.py:925} INFO - DAG(s) 'first_dag' retrieved from /opt/airflow/dags/spark_airflow.py
[2024-12-16T03:51:56.829+0000] {processor.py:925} INFO - DAG(s) 'first_dag' retrieved from /opt/airflow/dags/spark_airflow.py
[2024-12-16T03:51:56.856+0000] {logging_mixin.py:190} INFO - [2024-12-16T03:51:56.856+0000] {dag.py:3239} INFO - Sync 1 DAGs
[2024-12-16T03:51:56.857+0000] {logging_mixin.py:190} INFO - [2024-12-16T03:51:56.857+0000] {dag.py:3239} INFO - Sync 1 DAGs
[2024-12-16T03:51:56.877+0000] {logging_mixin.py:190} INFO - [2024-12-16T03:51:56.877+0000] {dag.py:4180} INFO - Setting next_dagrun for first_dag to 2024-12-16T00:00:00+00:00, run_after=2024-12-17T00:00:00+00:00
[2024-12-16T03:51:56.904+0000] {processor.py:208} INFO - Processing /opt/airflow/dags/spark_airflow.py took 0.106 seconds
[2024-12-16T03:51:56.908+0000] {logging_mixin.py:190} INFO - [2024-12-16T03:51:56.908+0000] {dag.py:4180} INFO - Setting next_dagrun for first_dag to 2024-12-16T00:00:00+00:00, run_after=2024-12-17T00:00:00+00:00
[2024-12-16T03:51:56.929+0000] {processor.py:208} INFO - Processing /opt/airflow/dags/spark_airflow.py took 0.131 seconds
[2024-12-16T03:52:27.043+0000] {processor.py:186} INFO - Started process (PID=2110) to work on /opt/airflow/dags/spark_airflow.py
[2024-12-16T03:52:27.043+0000] {processor.py:186} INFO - Started process (PID=2109) to work on /opt/airflow/dags/spark_airflow.py
[2024-12-16T03:52:27.044+0000] {processor.py:914} INFO - Processing file /opt/airflow/dags/spark_airflow.py for tasks to queue
[2024-12-16T03:52:27.044+0000] {processor.py:914} INFO - Processing file /opt/airflow/dags/spark_airflow.py for tasks to queue
[2024-12-16T03:52:27.045+0000] {logging_mixin.py:190} INFO - [2024-12-16T03:52:27.045+0000] {dagbag.py:588} INFO - Filling up the DagBag from /opt/airflow/dags/spark_airflow.py
[2024-12-16T03:52:27.046+0000] {logging_mixin.py:190} INFO - [2024-12-16T03:52:27.045+0000] {dagbag.py:588} INFO - Filling up the DagBag from /opt/airflow/dags/spark_airflow.py
[2024-12-16T03:52:27.069+0000] {processor.py:925} INFO - DAG(s) 'first_dag' retrieved from /opt/airflow/dags/spark_airflow.py
[2024-12-16T03:52:27.069+0000] {processor.py:925} INFO - DAG(s) 'first_dag' retrieved from /opt/airflow/dags/spark_airflow.py
[2024-12-16T03:52:27.097+0000] {logging_mixin.py:190} INFO - [2024-12-16T03:52:27.097+0000] {dag.py:3239} INFO - Sync 1 DAGs
[2024-12-16T03:52:27.098+0000] {logging_mixin.py:190} INFO - [2024-12-16T03:52:27.097+0000] {dag.py:3239} INFO - Sync 1 DAGs
[2024-12-16T03:52:27.119+0000] {logging_mixin.py:190} INFO - [2024-12-16T03:52:27.118+0000] {dag.py:4180} INFO - Setting next_dagrun for first_dag to 2024-12-16T00:00:00+00:00, run_after=2024-12-17T00:00:00+00:00
[2024-12-16T03:52:27.145+0000] {processor.py:208} INFO - Processing /opt/airflow/dags/spark_airflow.py took 0.108 seconds
[2024-12-16T03:52:27.148+0000] {logging_mixin.py:190} INFO - [2024-12-16T03:52:27.148+0000] {dag.py:4180} INFO - Setting next_dagrun for first_dag to 2024-12-16T00:00:00+00:00, run_after=2024-12-17T00:00:00+00:00
[2024-12-16T03:52:27.167+0000] {processor.py:208} INFO - Processing /opt/airflow/dags/spark_airflow.py took 0.130 seconds
[2024-12-16T03:52:57.276+0000] {processor.py:186} INFO - Started process (PID=2120) to work on /opt/airflow/dags/spark_airflow.py
[2024-12-16T03:52:57.276+0000] {processor.py:186} INFO - Started process (PID=2119) to work on /opt/airflow/dags/spark_airflow.py
[2024-12-16T03:52:57.277+0000] {processor.py:914} INFO - Processing file /opt/airflow/dags/spark_airflow.py for tasks to queue
[2024-12-16T03:52:57.277+0000] {processor.py:914} INFO - Processing file /opt/airflow/dags/spark_airflow.py for tasks to queue
[2024-12-16T03:52:57.278+0000] {logging_mixin.py:190} INFO - [2024-12-16T03:52:57.278+0000] {dagbag.py:588} INFO - Filling up the DagBag from /opt/airflow/dags/spark_airflow.py
[2024-12-16T03:52:57.278+0000] {logging_mixin.py:190} INFO - [2024-12-16T03:52:57.278+0000] {dagbag.py:588} INFO - Filling up the DagBag from /opt/airflow/dags/spark_airflow.py
[2024-12-16T03:52:57.298+0000] {processor.py:925} INFO - DAG(s) 'first_dag' retrieved from /opt/airflow/dags/spark_airflow.py
[2024-12-16T03:52:57.299+0000] {processor.py:925} INFO - DAG(s) 'first_dag' retrieved from /opt/airflow/dags/spark_airflow.py
[2024-12-16T03:52:57.325+0000] {logging_mixin.py:190} INFO - [2024-12-16T03:52:57.324+0000] {dag.py:3239} INFO - Sync 1 DAGs
[2024-12-16T03:52:57.325+0000] {logging_mixin.py:190} INFO - [2024-12-16T03:52:57.324+0000] {dag.py:3239} INFO - Sync 1 DAGs
[2024-12-16T03:52:57.347+0000] {logging_mixin.py:190} INFO - [2024-12-16T03:52:57.346+0000] {dag.py:4180} INFO - Setting next_dagrun for first_dag to 2024-12-16T00:00:00+00:00, run_after=2024-12-17T00:00:00+00:00
[2024-12-16T03:52:57.369+0000] {processor.py:208} INFO - Processing /opt/airflow/dags/spark_airflow.py took 0.099 seconds
[2024-12-16T03:52:57.374+0000] {logging_mixin.py:190} INFO - [2024-12-16T03:52:57.374+0000] {dag.py:4180} INFO - Setting next_dagrun for first_dag to 2024-12-16T00:00:00+00:00, run_after=2024-12-17T00:00:00+00:00
[2024-12-16T03:52:57.394+0000] {processor.py:208} INFO - Processing /opt/airflow/dags/spark_airflow.py took 0.124 seconds
[2024-12-16T03:53:27.609+0000] {processor.py:186} INFO - Started process (PID=2130) to work on /opt/airflow/dags/spark_airflow.py
[2024-12-16T03:53:27.611+0000] {processor.py:186} INFO - Started process (PID=2129) to work on /opt/airflow/dags/spark_airflow.py
[2024-12-16T03:53:27.611+0000] {processor.py:914} INFO - Processing file /opt/airflow/dags/spark_airflow.py for tasks to queue
[2024-12-16T03:53:27.612+0000] {processor.py:914} INFO - Processing file /opt/airflow/dags/spark_airflow.py for tasks to queue
[2024-12-16T03:53:27.613+0000] {logging_mixin.py:190} INFO - [2024-12-16T03:53:27.613+0000] {dagbag.py:588} INFO - Filling up the DagBag from /opt/airflow/dags/spark_airflow.py
[2024-12-16T03:53:27.614+0000] {logging_mixin.py:190} INFO - [2024-12-16T03:53:27.614+0000] {dagbag.py:588} INFO - Filling up the DagBag from /opt/airflow/dags/spark_airflow.py
[2024-12-16T03:53:27.641+0000] {processor.py:925} INFO - DAG(s) 'first_dag' retrieved from /opt/airflow/dags/spark_airflow.py
[2024-12-16T03:53:27.643+0000] {processor.py:925} INFO - DAG(s) 'first_dag' retrieved from /opt/airflow/dags/spark_airflow.py
[2024-12-16T03:53:27.676+0000] {logging_mixin.py:190} INFO - [2024-12-16T03:53:27.676+0000] {dag.py:3239} INFO - Sync 1 DAGs
[2024-12-16T03:53:27.677+0000] {logging_mixin.py:190} INFO - [2024-12-16T03:53:27.676+0000] {dag.py:3239} INFO - Sync 1 DAGs
[2024-12-16T03:53:27.704+0000] {logging_mixin.py:190} INFO - [2024-12-16T03:53:27.704+0000] {dag.py:4180} INFO - Setting next_dagrun for first_dag to 2024-12-16T00:00:00+00:00, run_after=2024-12-17T00:00:00+00:00
[2024-12-16T03:53:27.724+0000] {processor.py:208} INFO - Processing /opt/airflow/dags/spark_airflow.py took 0.122 seconds
[2024-12-16T03:53:27.731+0000] {logging_mixin.py:190} INFO - [2024-12-16T03:53:27.731+0000] {dag.py:4180} INFO - Setting next_dagrun for first_dag to 2024-12-16T00:00:00+00:00, run_after=2024-12-17T00:00:00+00:00
[2024-12-16T03:53:27.758+0000] {processor.py:208} INFO - Processing /opt/airflow/dags/spark_airflow.py took 0.155 seconds
[2024-12-16T03:53:57.833+0000] {processor.py:186} INFO - Started process (PID=2140) to work on /opt/airflow/dags/spark_airflow.py
[2024-12-16T03:53:57.834+0000] {processor.py:914} INFO - Processing file /opt/airflow/dags/spark_airflow.py for tasks to queue
[2024-12-16T03:53:57.834+0000] {processor.py:186} INFO - Started process (PID=2139) to work on /opt/airflow/dags/spark_airflow.py
[2024-12-16T03:53:57.835+0000] {processor.py:914} INFO - Processing file /opt/airflow/dags/spark_airflow.py for tasks to queue
[2024-12-16T03:53:57.836+0000] {logging_mixin.py:190} INFO - [2024-12-16T03:53:57.836+0000] {dagbag.py:588} INFO - Filling up the DagBag from /opt/airflow/dags/spark_airflow.py
[2024-12-16T03:53:57.836+0000] {logging_mixin.py:190} INFO - [2024-12-16T03:53:57.836+0000] {dagbag.py:588} INFO - Filling up the DagBag from /opt/airflow/dags/spark_airflow.py
[2024-12-16T03:53:57.861+0000] {processor.py:925} INFO - DAG(s) 'first_dag' retrieved from /opt/airflow/dags/spark_airflow.py
[2024-12-16T03:53:57.862+0000] {processor.py:925} INFO - DAG(s) 'first_dag' retrieved from /opt/airflow/dags/spark_airflow.py
[2024-12-16T03:53:57.890+0000] {logging_mixin.py:190} INFO - [2024-12-16T03:53:57.890+0000] {dag.py:3239} INFO - Sync 1 DAGs
[2024-12-16T03:53:57.890+0000] {logging_mixin.py:190} INFO - [2024-12-16T03:53:57.890+0000] {dag.py:3239} INFO - Sync 1 DAGs
[2024-12-16T03:53:57.916+0000] {logging_mixin.py:190} INFO - [2024-12-16T03:53:57.916+0000] {dag.py:4180} INFO - Setting next_dagrun for first_dag to 2024-12-16T00:00:00+00:00, run_after=2024-12-17T00:00:00+00:00
[2024-12-16T03:53:57.941+0000] {processor.py:208} INFO - Processing /opt/airflow/dags/spark_airflow.py took 0.114 seconds
[2024-12-16T03:53:57.945+0000] {logging_mixin.py:190} INFO - [2024-12-16T03:53:57.945+0000] {dag.py:4180} INFO - Setting next_dagrun for first_dag to 2024-12-16T00:00:00+00:00, run_after=2024-12-17T00:00:00+00:00
[2024-12-16T03:53:57.966+0000] {processor.py:208} INFO - Processing /opt/airflow/dags/spark_airflow.py took 0.139 seconds
[2024-12-16T03:54:28.080+0000] {processor.py:186} INFO - Started process (PID=2165) to work on /opt/airflow/dags/spark_airflow.py
[2024-12-16T03:54:28.081+0000] {processor.py:914} INFO - Processing file /opt/airflow/dags/spark_airflow.py for tasks to queue
[2024-12-16T03:54:28.083+0000] {logging_mixin.py:190} INFO - [2024-12-16T03:54:28.082+0000] {dagbag.py:588} INFO - Filling up the DagBag from /opt/airflow/dags/spark_airflow.py
[2024-12-16T03:54:28.103+0000] {processor.py:925} INFO - DAG(s) 'first_dag' retrieved from /opt/airflow/dags/spark_airflow.py
[2024-12-16T03:54:28.126+0000] {logging_mixin.py:190} INFO - [2024-12-16T03:54:28.126+0000] {dag.py:3239} INFO - Sync 1 DAGs
[2024-12-16T03:54:28.145+0000] {logging_mixin.py:190} INFO - [2024-12-16T03:54:28.145+0000] {dag.py:4180} INFO - Setting next_dagrun for first_dag to 2024-12-16T00:00:00+00:00, run_after=2024-12-17T00:00:00+00:00
[2024-12-16T03:54:28.169+0000] {processor.py:208} INFO - Processing /opt/airflow/dags/spark_airflow.py took 0.093 seconds
[2024-12-16T03:54:28.197+0000] {processor.py:186} INFO - Started process (PID=2170) to work on /opt/airflow/dags/spark_airflow.py
[2024-12-16T03:54:28.198+0000] {processor.py:914} INFO - Processing file /opt/airflow/dags/spark_airflow.py for tasks to queue
[2024-12-16T03:54:28.199+0000] {logging_mixin.py:190} INFO - [2024-12-16T03:54:28.199+0000] {dagbag.py:588} INFO - Filling up the DagBag from /opt/airflow/dags/spark_airflow.py
[2024-12-16T03:54:28.227+0000] {processor.py:925} INFO - DAG(s) 'first_dag' retrieved from /opt/airflow/dags/spark_airflow.py
[2024-12-16T03:54:28.251+0000] {logging_mixin.py:190} INFO - [2024-12-16T03:54:28.251+0000] {dag.py:3239} INFO - Sync 1 DAGs
[2024-12-16T03:54:28.272+0000] {logging_mixin.py:190} INFO - [2024-12-16T03:54:28.272+0000] {dag.py:4180} INFO - Setting next_dagrun for first_dag to 2024-12-16T00:00:00+00:00, run_after=2024-12-17T00:00:00+00:00
[2024-12-16T03:54:28.297+0000] {processor.py:208} INFO - Processing /opt/airflow/dags/spark_airflow.py took 0.105 seconds
[2024-12-16T03:54:58.437+0000] {processor.py:186} INFO - Started process (PID=2176) to work on /opt/airflow/dags/spark_airflow.py
[2024-12-16T03:54:58.438+0000] {processor.py:186} INFO - Started process (PID=2175) to work on /opt/airflow/dags/spark_airflow.py
[2024-12-16T03:54:58.439+0000] {processor.py:914} INFO - Processing file /opt/airflow/dags/spark_airflow.py for tasks to queue
[2024-12-16T03:54:58.439+0000] {processor.py:914} INFO - Processing file /opt/airflow/dags/spark_airflow.py for tasks to queue
[2024-12-16T03:54:58.440+0000] {logging_mixin.py:190} INFO - [2024-12-16T03:54:58.440+0000] {dagbag.py:588} INFO - Filling up the DagBag from /opt/airflow/dags/spark_airflow.py
[2024-12-16T03:54:58.441+0000] {logging_mixin.py:190} INFO - [2024-12-16T03:54:58.441+0000] {dagbag.py:588} INFO - Filling up the DagBag from /opt/airflow/dags/spark_airflow.py
[2024-12-16T03:54:58.474+0000] {processor.py:925} INFO - DAG(s) 'first_dag' retrieved from /opt/airflow/dags/spark_airflow.py
[2024-12-16T03:54:58.477+0000] {processor.py:925} INFO - DAG(s) 'first_dag' retrieved from /opt/airflow/dags/spark_airflow.py
[2024-12-16T03:54:58.507+0000] {logging_mixin.py:190} INFO - [2024-12-16T03:54:58.507+0000] {dag.py:3239} INFO - Sync 1 DAGs
[2024-12-16T03:54:58.516+0000] {logging_mixin.py:190} INFO - [2024-12-16T03:54:58.516+0000] {dag.py:3239} INFO - Sync 1 DAGs
[2024-12-16T03:54:58.537+0000] {logging_mixin.py:190} INFO - [2024-12-16T03:54:58.537+0000] {dag.py:4180} INFO - Setting next_dagrun for first_dag to 2024-12-16T00:00:00+00:00, run_after=2024-12-17T00:00:00+00:00
[2024-12-16T03:54:58.558+0000] {processor.py:208} INFO - Processing /opt/airflow/dags/spark_airflow.py took 0.129 seconds
[2024-12-16T03:54:58.562+0000] {logging_mixin.py:190} INFO - [2024-12-16T03:54:58.561+0000] {dag.py:4180} INFO - Setting next_dagrun for first_dag to 2024-12-16T00:00:00+00:00, run_after=2024-12-17T00:00:00+00:00
[2024-12-16T03:54:58.586+0000] {processor.py:208} INFO - Processing /opt/airflow/dags/spark_airflow.py took 0.157 seconds
[2024-12-16T03:55:28.729+0000] {processor.py:186} INFO - Started process (PID=2185) to work on /opt/airflow/dags/spark_airflow.py
[2024-12-16T03:55:28.730+0000] {processor.py:914} INFO - Processing file /opt/airflow/dags/spark_airflow.py for tasks to queue
[2024-12-16T03:55:28.731+0000] {logging_mixin.py:190} INFO - [2024-12-16T03:55:28.731+0000] {dagbag.py:588} INFO - Filling up the DagBag from /opt/airflow/dags/spark_airflow.py
[2024-12-16T03:55:28.754+0000] {processor.py:925} INFO - DAG(s) 'first_dag' retrieved from /opt/airflow/dags/spark_airflow.py
[2024-12-16T03:55:28.778+0000] {logging_mixin.py:190} INFO - [2024-12-16T03:55:28.777+0000] {dag.py:3239} INFO - Sync 1 DAGs
[2024-12-16T03:55:28.796+0000] {logging_mixin.py:190} INFO - [2024-12-16T03:55:28.796+0000] {dag.py:4180} INFO - Setting next_dagrun for first_dag to 2024-12-16T00:00:00+00:00, run_after=2024-12-17T00:00:00+00:00
[2024-12-16T03:55:28.816+0000] {processor.py:208} INFO - Processing /opt/airflow/dags/spark_airflow.py took 0.092 seconds
[2024-12-16T03:55:28.863+0000] {processor.py:186} INFO - Started process (PID=2190) to work on /opt/airflow/dags/spark_airflow.py
[2024-12-16T03:55:28.864+0000] {processor.py:914} INFO - Processing file /opt/airflow/dags/spark_airflow.py for tasks to queue
[2024-12-16T03:55:28.865+0000] {logging_mixin.py:190} INFO - [2024-12-16T03:55:28.864+0000] {dagbag.py:588} INFO - Filling up the DagBag from /opt/airflow/dags/spark_airflow.py
[2024-12-16T03:55:28.881+0000] {processor.py:925} INFO - DAG(s) 'first_dag' retrieved from /opt/airflow/dags/spark_airflow.py
[2024-12-16T03:55:28.905+0000] {logging_mixin.py:190} INFO - [2024-12-16T03:55:28.905+0000] {dag.py:3239} INFO - Sync 1 DAGs
[2024-12-16T03:55:28.925+0000] {logging_mixin.py:190} INFO - [2024-12-16T03:55:28.925+0000] {dag.py:4180} INFO - Setting next_dagrun for first_dag to 2024-12-16T00:00:00+00:00, run_after=2024-12-17T00:00:00+00:00
[2024-12-16T03:55:28.947+0000] {processor.py:208} INFO - Processing /opt/airflow/dags/spark_airflow.py took 0.089 seconds
[2024-12-16T03:55:58.973+0000] {processor.py:186} INFO - Started process (PID=2195) to work on /opt/airflow/dags/spark_airflow.py
[2024-12-16T03:55:58.974+0000] {processor.py:914} INFO - Processing file /opt/airflow/dags/spark_airflow.py for tasks to queue
[2024-12-16T03:55:58.977+0000] {logging_mixin.py:190} INFO - [2024-12-16T03:55:58.977+0000] {dagbag.py:588} INFO - Filling up the DagBag from /opt/airflow/dags/spark_airflow.py
[2024-12-16T03:55:59.004+0000] {processor.py:925} INFO - DAG(s) 'first_dag' retrieved from /opt/airflow/dags/spark_airflow.py
[2024-12-16T03:55:59.058+0000] {logging_mixin.py:190} INFO - [2024-12-16T03:55:59.058+0000] {dag.py:3239} INFO - Sync 1 DAGs
[2024-12-16T03:55:59.088+0000] {logging_mixin.py:190} INFO - [2024-12-16T03:55:59.088+0000] {dag.py:4180} INFO - Setting next_dagrun for first_dag to 2024-12-16T00:00:00+00:00, run_after=2024-12-17T00:00:00+00:00
[2024-12-16T03:55:59.112+0000] {processor.py:208} INFO - Processing /opt/airflow/dags/spark_airflow.py took 0.145 seconds
[2024-12-16T03:55:59.185+0000] {processor.py:186} INFO - Started process (PID=2200) to work on /opt/airflow/dags/spark_airflow.py
[2024-12-16T03:55:59.186+0000] {processor.py:914} INFO - Processing file /opt/airflow/dags/spark_airflow.py for tasks to queue
[2024-12-16T03:55:59.187+0000] {logging_mixin.py:190} INFO - [2024-12-16T03:55:59.187+0000] {dagbag.py:588} INFO - Filling up the DagBag from /opt/airflow/dags/spark_airflow.py
[2024-12-16T03:55:59.203+0000] {processor.py:925} INFO - DAG(s) 'first_dag' retrieved from /opt/airflow/dags/spark_airflow.py
[2024-12-16T03:55:59.233+0000] {logging_mixin.py:190} INFO - [2024-12-16T03:55:59.233+0000] {dag.py:3239} INFO - Sync 1 DAGs
[2024-12-16T03:55:59.251+0000] {logging_mixin.py:190} INFO - [2024-12-16T03:55:59.251+0000] {dag.py:4180} INFO - Setting next_dagrun for first_dag to 2024-12-16T00:00:00+00:00, run_after=2024-12-17T00:00:00+00:00
[2024-12-16T03:55:59.277+0000] {processor.py:208} INFO - Processing /opt/airflow/dags/spark_airflow.py took 0.097 seconds
[2024-12-16T03:56:29.304+0000] {processor.py:186} INFO - Started process (PID=2205) to work on /opt/airflow/dags/spark_airflow.py
[2024-12-16T03:56:29.305+0000] {processor.py:914} INFO - Processing file /opt/airflow/dags/spark_airflow.py for tasks to queue
[2024-12-16T03:56:29.306+0000] {logging_mixin.py:190} INFO - [2024-12-16T03:56:29.306+0000] {dagbag.py:588} INFO - Filling up the DagBag from /opt/airflow/dags/spark_airflow.py
[2024-12-16T03:56:29.322+0000] {processor.py:925} INFO - DAG(s) 'first_dag' retrieved from /opt/airflow/dags/spark_airflow.py
[2024-12-16T03:56:29.350+0000] {logging_mixin.py:190} INFO - [2024-12-16T03:56:29.350+0000] {dag.py:3239} INFO - Sync 1 DAGs
[2024-12-16T03:56:29.368+0000] {logging_mixin.py:190} INFO - [2024-12-16T03:56:29.368+0000] {dag.py:4180} INFO - Setting next_dagrun for first_dag to 2024-12-16T00:00:00+00:00, run_after=2024-12-17T00:00:00+00:00
[2024-12-16T03:56:29.390+0000] {processor.py:208} INFO - Processing /opt/airflow/dags/spark_airflow.py took 0.091 seconds
[2024-12-16T03:56:29.526+0000] {processor.py:186} INFO - Started process (PID=2210) to work on /opt/airflow/dags/spark_airflow.py
[2024-12-16T03:56:29.527+0000] {processor.py:914} INFO - Processing file /opt/airflow/dags/spark_airflow.py for tasks to queue
[2024-12-16T03:56:29.528+0000] {logging_mixin.py:190} INFO - [2024-12-16T03:56:29.528+0000] {dagbag.py:588} INFO - Filling up the DagBag from /opt/airflow/dags/spark_airflow.py
[2024-12-16T03:56:29.547+0000] {processor.py:925} INFO - DAG(s) 'first_dag' retrieved from /opt/airflow/dags/spark_airflow.py
[2024-12-16T03:56:29.569+0000] {logging_mixin.py:190} INFO - [2024-12-16T03:56:29.569+0000] {dag.py:3239} INFO - Sync 1 DAGs
[2024-12-16T03:56:29.587+0000] {logging_mixin.py:190} INFO - [2024-12-16T03:56:29.587+0000] {dag.py:4180} INFO - Setting next_dagrun for first_dag to 2024-12-16T00:00:00+00:00, run_after=2024-12-17T00:00:00+00:00
[2024-12-16T03:56:29.603+0000] {processor.py:208} INFO - Processing /opt/airflow/dags/spark_airflow.py took 0.082 seconds
[2024-12-16T03:56:59.632+0000] {processor.py:186} INFO - Started process (PID=2215) to work on /opt/airflow/dags/spark_airflow.py
[2024-12-16T03:56:59.633+0000] {processor.py:914} INFO - Processing file /opt/airflow/dags/spark_airflow.py for tasks to queue
[2024-12-16T03:56:59.634+0000] {logging_mixin.py:190} INFO - [2024-12-16T03:56:59.634+0000] {dagbag.py:588} INFO - Filling up the DagBag from /opt/airflow/dags/spark_airflow.py
[2024-12-16T03:56:59.657+0000] {processor.py:925} INFO - DAG(s) 'first_dag' retrieved from /opt/airflow/dags/spark_airflow.py
[2024-12-16T03:56:59.680+0000] {logging_mixin.py:190} INFO - [2024-12-16T03:56:59.680+0000] {dag.py:3239} INFO - Sync 1 DAGs
[2024-12-16T03:56:59.699+0000] {logging_mixin.py:190} INFO - [2024-12-16T03:56:59.699+0000] {dag.py:4180} INFO - Setting next_dagrun for first_dag to 2024-12-16T00:00:00+00:00, run_after=2024-12-17T00:00:00+00:00
[2024-12-16T03:56:59.722+0000] {processor.py:208} INFO - Processing /opt/airflow/dags/spark_airflow.py took 0.095 seconds
[2024-12-16T03:56:59.801+0000] {processor.py:186} INFO - Started process (PID=2220) to work on /opt/airflow/dags/spark_airflow.py
[2024-12-16T03:56:59.802+0000] {processor.py:914} INFO - Processing file /opt/airflow/dags/spark_airflow.py for tasks to queue
[2024-12-16T03:56:59.804+0000] {logging_mixin.py:190} INFO - [2024-12-16T03:56:59.803+0000] {dagbag.py:588} INFO - Filling up the DagBag from /opt/airflow/dags/spark_airflow.py
[2024-12-16T03:56:59.828+0000] {processor.py:925} INFO - DAG(s) 'first_dag' retrieved from /opt/airflow/dags/spark_airflow.py
[2024-12-16T03:56:59.862+0000] {logging_mixin.py:190} INFO - [2024-12-16T03:56:59.862+0000] {dag.py:3239} INFO - Sync 1 DAGs
[2024-12-16T03:56:59.884+0000] {logging_mixin.py:190} INFO - [2024-12-16T03:56:59.883+0000] {dag.py:4180} INFO - Setting next_dagrun for first_dag to 2024-12-16T00:00:00+00:00, run_after=2024-12-17T00:00:00+00:00
[2024-12-16T03:56:59.905+0000] {processor.py:208} INFO - Processing /opt/airflow/dags/spark_airflow.py took 0.110 seconds
[2024-12-16T03:57:29.907+0000] {processor.py:186} INFO - Started process (PID=2225) to work on /opt/airflow/dags/spark_airflow.py
[2024-12-16T03:57:29.909+0000] {processor.py:914} INFO - Processing file /opt/airflow/dags/spark_airflow.py for tasks to queue
[2024-12-16T03:57:29.910+0000] {logging_mixin.py:190} INFO - [2024-12-16T03:57:29.910+0000] {dagbag.py:588} INFO - Filling up the DagBag from /opt/airflow/dags/spark_airflow.py
[2024-12-16T03:57:29.935+0000] {processor.py:925} INFO - DAG(s) 'first_dag' retrieved from /opt/airflow/dags/spark_airflow.py
[2024-12-16T03:57:29.964+0000] {logging_mixin.py:190} INFO - [2024-12-16T03:57:29.964+0000] {dag.py:3239} INFO - Sync 1 DAGs
[2024-12-16T03:57:29.985+0000] {logging_mixin.py:190} INFO - [2024-12-16T03:57:29.985+0000] {dag.py:4180} INFO - Setting next_dagrun for first_dag to 2024-12-16T00:00:00+00:00, run_after=2024-12-17T00:00:00+00:00
[2024-12-16T03:57:30.008+0000] {processor.py:208} INFO - Processing /opt/airflow/dags/spark_airflow.py took 0.105 seconds
[2024-12-16T03:57:30.161+0000] {processor.py:186} INFO - Started process (PID=2230) to work on /opt/airflow/dags/spark_airflow.py
[2024-12-16T03:57:30.162+0000] {processor.py:914} INFO - Processing file /opt/airflow/dags/spark_airflow.py for tasks to queue
[2024-12-16T03:57:30.164+0000] {logging_mixin.py:190} INFO - [2024-12-16T03:57:30.164+0000] {dagbag.py:588} INFO - Filling up the DagBag from /opt/airflow/dags/spark_airflow.py
[2024-12-16T03:57:30.184+0000] {processor.py:925} INFO - DAG(s) 'first_dag' retrieved from /opt/airflow/dags/spark_airflow.py
[2024-12-16T03:57:30.207+0000] {logging_mixin.py:190} INFO - [2024-12-16T03:57:30.207+0000] {dag.py:3239} INFO - Sync 1 DAGs
[2024-12-16T03:57:30.230+0000] {logging_mixin.py:190} INFO - [2024-12-16T03:57:30.229+0000] {dag.py:4180} INFO - Setting next_dagrun for first_dag to 2024-12-16T00:00:00+00:00, run_after=2024-12-17T00:00:00+00:00
[2024-12-16T03:57:30.254+0000] {processor.py:208} INFO - Processing /opt/airflow/dags/spark_airflow.py took 0.098 seconds
[2024-12-16T03:58:00.247+0000] {processor.py:186} INFO - Started process (PID=2235) to work on /opt/airflow/dags/spark_airflow.py
[2024-12-16T03:58:00.248+0000] {processor.py:914} INFO - Processing file /opt/airflow/dags/spark_airflow.py for tasks to queue
[2024-12-16T03:58:00.250+0000] {logging_mixin.py:190} INFO - [2024-12-16T03:58:00.249+0000] {dagbag.py:588} INFO - Filling up the DagBag from /opt/airflow/dags/spark_airflow.py
[2024-12-16T03:58:00.275+0000] {processor.py:925} INFO - DAG(s) 'first_dag' retrieved from /opt/airflow/dags/spark_airflow.py
[2024-12-16T03:58:00.301+0000] {logging_mixin.py:190} INFO - [2024-12-16T03:58:00.300+0000] {dag.py:3239} INFO - Sync 1 DAGs
[2024-12-16T03:58:00.322+0000] {logging_mixin.py:190} INFO - [2024-12-16T03:58:00.322+0000] {dag.py:4180} INFO - Setting next_dagrun for first_dag to 2024-12-16T00:00:00+00:00, run_after=2024-12-17T00:00:00+00:00
[2024-12-16T03:58:00.346+0000] {processor.py:208} INFO - Processing /opt/airflow/dags/spark_airflow.py took 0.105 seconds
[2024-12-16T03:58:00.484+0000] {processor.py:186} INFO - Started process (PID=2240) to work on /opt/airflow/dags/spark_airflow.py
[2024-12-16T03:58:00.485+0000] {processor.py:914} INFO - Processing file /opt/airflow/dags/spark_airflow.py for tasks to queue
[2024-12-16T03:58:00.486+0000] {logging_mixin.py:190} INFO - [2024-12-16T03:58:00.486+0000] {dagbag.py:588} INFO - Filling up the DagBag from /opt/airflow/dags/spark_airflow.py
[2024-12-16T03:58:00.518+0000] {processor.py:925} INFO - DAG(s) 'first_dag' retrieved from /opt/airflow/dags/spark_airflow.py
[2024-12-16T03:58:00.543+0000] {logging_mixin.py:190} INFO - [2024-12-16T03:58:00.543+0000] {dag.py:3239} INFO - Sync 1 DAGs
[2024-12-16T03:58:00.565+0000] {logging_mixin.py:190} INFO - [2024-12-16T03:58:00.564+0000] {dag.py:4180} INFO - Setting next_dagrun for first_dag to 2024-12-16T00:00:00+00:00, run_after=2024-12-17T00:00:00+00:00
[2024-12-16T03:58:00.582+0000] {processor.py:208} INFO - Processing /opt/airflow/dags/spark_airflow.py took 0.104 seconds
[2024-12-16T03:58:30.539+0000] {processor.py:186} INFO - Started process (PID=2245) to work on /opt/airflow/dags/spark_airflow.py
[2024-12-16T03:58:30.541+0000] {processor.py:914} INFO - Processing file /opt/airflow/dags/spark_airflow.py for tasks to queue
[2024-12-16T03:58:30.543+0000] {logging_mixin.py:190} INFO - [2024-12-16T03:58:30.542+0000] {dagbag.py:588} INFO - Filling up the DagBag from /opt/airflow/dags/spark_airflow.py
[2024-12-16T03:58:30.568+0000] {processor.py:925} INFO - DAG(s) 'first_dag' retrieved from /opt/airflow/dags/spark_airflow.py
[2024-12-16T03:58:30.589+0000] {logging_mixin.py:190} INFO - [2024-12-16T03:58:30.589+0000] {dag.py:3239} INFO - Sync 1 DAGs
[2024-12-16T03:58:30.608+0000] {logging_mixin.py:190} INFO - [2024-12-16T03:58:30.608+0000] {dag.py:4180} INFO - Setting next_dagrun for first_dag to 2024-12-16T00:00:00+00:00, run_after=2024-12-17T00:00:00+00:00
[2024-12-16T03:58:30.623+0000] {processor.py:208} INFO - Processing /opt/airflow/dags/spark_airflow.py took 0.090 seconds
[2024-12-16T03:58:30.830+0000] {processor.py:186} INFO - Started process (PID=2250) to work on /opt/airflow/dags/spark_airflow.py
[2024-12-16T03:58:30.831+0000] {processor.py:914} INFO - Processing file /opt/airflow/dags/spark_airflow.py for tasks to queue
[2024-12-16T03:58:30.832+0000] {logging_mixin.py:190} INFO - [2024-12-16T03:58:30.832+0000] {dagbag.py:588} INFO - Filling up the DagBag from /opt/airflow/dags/spark_airflow.py
[2024-12-16T03:58:30.853+0000] {processor.py:925} INFO - DAG(s) 'first_dag' retrieved from /opt/airflow/dags/spark_airflow.py
[2024-12-16T03:58:30.876+0000] {logging_mixin.py:190} INFO - [2024-12-16T03:58:30.876+0000] {dag.py:3239} INFO - Sync 1 DAGs
[2024-12-16T03:58:30.896+0000] {logging_mixin.py:190} INFO - [2024-12-16T03:58:30.896+0000] {dag.py:4180} INFO - Setting next_dagrun for first_dag to 2024-12-16T00:00:00+00:00, run_after=2024-12-17T00:00:00+00:00
[2024-12-16T03:58:30.919+0000] {processor.py:208} INFO - Processing /opt/airflow/dags/spark_airflow.py took 0.093 seconds
[2024-12-16T03:59:00.885+0000] {processor.py:186} INFO - Started process (PID=2255) to work on /opt/airflow/dags/spark_airflow.py
[2024-12-16T03:59:00.886+0000] {processor.py:914} INFO - Processing file /opt/airflow/dags/spark_airflow.py for tasks to queue
[2024-12-16T03:59:00.887+0000] {logging_mixin.py:190} INFO - [2024-12-16T03:59:00.887+0000] {dagbag.py:588} INFO - Filling up the DagBag from /opt/airflow/dags/spark_airflow.py
[2024-12-16T03:59:00.915+0000] {processor.py:925} INFO - DAG(s) 'first_dag' retrieved from /opt/airflow/dags/spark_airflow.py
[2024-12-16T03:59:00.941+0000] {logging_mixin.py:190} INFO - [2024-12-16T03:59:00.941+0000] {dag.py:3239} INFO - Sync 1 DAGs
[2024-12-16T03:59:00.963+0000] {logging_mixin.py:190} INFO - [2024-12-16T03:59:00.963+0000] {dag.py:4180} INFO - Setting next_dagrun for first_dag to 2024-12-16T00:00:00+00:00, run_after=2024-12-17T00:00:00+00:00
[2024-12-16T03:59:00.988+0000] {processor.py:208} INFO - Processing /opt/airflow/dags/spark_airflow.py took 0.108 seconds
[2024-12-16T03:59:01.104+0000] {processor.py:186} INFO - Started process (PID=2260) to work on /opt/airflow/dags/spark_airflow.py
[2024-12-16T03:59:01.105+0000] {processor.py:914} INFO - Processing file /opt/airflow/dags/spark_airflow.py for tasks to queue
[2024-12-16T03:59:01.106+0000] {logging_mixin.py:190} INFO - [2024-12-16T03:59:01.106+0000] {dagbag.py:588} INFO - Filling up the DagBag from /opt/airflow/dags/spark_airflow.py
[2024-12-16T03:59:01.130+0000] {processor.py:925} INFO - DAG(s) 'first_dag' retrieved from /opt/airflow/dags/spark_airflow.py
[2024-12-16T03:59:01.156+0000] {logging_mixin.py:190} INFO - [2024-12-16T03:59:01.156+0000] {dag.py:3239} INFO - Sync 1 DAGs
[2024-12-16T03:59:01.179+0000] {logging_mixin.py:190} INFO - [2024-12-16T03:59:01.179+0000] {dag.py:4180} INFO - Setting next_dagrun for first_dag to 2024-12-16T00:00:00+00:00, run_after=2024-12-17T00:00:00+00:00
[2024-12-16T03:59:01.202+0000] {processor.py:208} INFO - Processing /opt/airflow/dags/spark_airflow.py took 0.103 seconds
[2024-12-16T03:59:31.162+0000] {processor.py:186} INFO - Started process (PID=2265) to work on /opt/airflow/dags/spark_airflow.py
[2024-12-16T03:59:31.163+0000] {processor.py:914} INFO - Processing file /opt/airflow/dags/spark_airflow.py for tasks to queue
[2024-12-16T03:59:31.165+0000] {logging_mixin.py:190} INFO - [2024-12-16T03:59:31.165+0000] {dagbag.py:588} INFO - Filling up the DagBag from /opt/airflow/dags/spark_airflow.py
[2024-12-16T03:59:31.193+0000] {processor.py:925} INFO - DAG(s) 'first_dag' retrieved from /opt/airflow/dags/spark_airflow.py
[2024-12-16T03:59:31.221+0000] {logging_mixin.py:190} INFO - [2024-12-16T03:59:31.221+0000] {dag.py:3239} INFO - Sync 1 DAGs
[2024-12-16T03:59:31.246+0000] {logging_mixin.py:190} INFO - [2024-12-16T03:59:31.246+0000] {dag.py:4180} INFO - Setting next_dagrun for first_dag to 2024-12-16T00:00:00+00:00, run_after=2024-12-17T00:00:00+00:00
[2024-12-16T03:59:31.268+0000] {processor.py:208} INFO - Processing /opt/airflow/dags/spark_airflow.py took 0.113 seconds
[2024-12-16T03:59:31.481+0000] {processor.py:186} INFO - Started process (PID=2270) to work on /opt/airflow/dags/spark_airflow.py
[2024-12-16T03:59:31.482+0000] {processor.py:914} INFO - Processing file /opt/airflow/dags/spark_airflow.py for tasks to queue
[2024-12-16T03:59:31.483+0000] {logging_mixin.py:190} INFO - [2024-12-16T03:59:31.483+0000] {dagbag.py:588} INFO - Filling up the DagBag from /opt/airflow/dags/spark_airflow.py
[2024-12-16T03:59:31.502+0000] {processor.py:925} INFO - DAG(s) 'first_dag' retrieved from /opt/airflow/dags/spark_airflow.py
[2024-12-16T03:59:31.528+0000] {logging_mixin.py:190} INFO - [2024-12-16T03:59:31.527+0000] {dag.py:3239} INFO - Sync 1 DAGs
[2024-12-16T03:59:31.547+0000] {logging_mixin.py:190} INFO - [2024-12-16T03:59:31.546+0000] {dag.py:4180} INFO - Setting next_dagrun for first_dag to 2024-12-16T00:00:00+00:00, run_after=2024-12-17T00:00:00+00:00
[2024-12-16T03:59:31.569+0000] {processor.py:208} INFO - Processing /opt/airflow/dags/spark_airflow.py took 0.099 seconds
[2024-12-16T04:00:01.509+0000] {processor.py:186} INFO - Started process (PID=2275) to work on /opt/airflow/dags/spark_airflow.py
[2024-12-16T04:00:01.510+0000] {processor.py:914} INFO - Processing file /opt/airflow/dags/spark_airflow.py for tasks to queue
[2024-12-16T04:00:01.511+0000] {logging_mixin.py:190} INFO - [2024-12-16T04:00:01.510+0000] {dagbag.py:588} INFO - Filling up the DagBag from /opt/airflow/dags/spark_airflow.py
[2024-12-16T04:00:01.526+0000] {processor.py:925} INFO - DAG(s) 'first_dag' retrieved from /opt/airflow/dags/spark_airflow.py
[2024-12-16T04:00:01.550+0000] {logging_mixin.py:190} INFO - [2024-12-16T04:00:01.550+0000] {dag.py:3239} INFO - Sync 1 DAGs
[2024-12-16T04:00:01.569+0000] {logging_mixin.py:190} INFO - [2024-12-16T04:00:01.568+0000] {dag.py:4180} INFO - Setting next_dagrun for first_dag to 2024-12-16T00:00:00+00:00, run_after=2024-12-17T00:00:00+00:00
[2024-12-16T04:00:01.595+0000] {processor.py:208} INFO - Processing /opt/airflow/dags/spark_airflow.py took 0.091 seconds
[2024-12-16T04:00:01.794+0000] {processor.py:186} INFO - Started process (PID=2280) to work on /opt/airflow/dags/spark_airflow.py
[2024-12-16T04:00:01.794+0000] {processor.py:914} INFO - Processing file /opt/airflow/dags/spark_airflow.py for tasks to queue
[2024-12-16T04:00:01.795+0000] {logging_mixin.py:190} INFO - [2024-12-16T04:00:01.795+0000] {dagbag.py:588} INFO - Filling up the DagBag from /opt/airflow/dags/spark_airflow.py
[2024-12-16T04:00:01.810+0000] {processor.py:925} INFO - DAG(s) 'first_dag' retrieved from /opt/airflow/dags/spark_airflow.py
[2024-12-16T04:00:01.831+0000] {logging_mixin.py:190} INFO - [2024-12-16T04:00:01.831+0000] {dag.py:3239} INFO - Sync 1 DAGs
[2024-12-16T04:00:01.853+0000] {logging_mixin.py:190} INFO - [2024-12-16T04:00:01.852+0000] {dag.py:4180} INFO - Setting next_dagrun for first_dag to 2024-12-16T00:00:00+00:00, run_after=2024-12-17T00:00:00+00:00
[2024-12-16T04:00:01.880+0000] {processor.py:208} INFO - Processing /opt/airflow/dags/spark_airflow.py took 0.090 seconds
[2024-12-16T04:00:31.818+0000] {processor.py:186} INFO - Started process (PID=2285) to work on /opt/airflow/dags/spark_airflow.py
[2024-12-16T04:00:31.819+0000] {processor.py:914} INFO - Processing file /opt/airflow/dags/spark_airflow.py for tasks to queue
[2024-12-16T04:00:31.820+0000] {logging_mixin.py:190} INFO - [2024-12-16T04:00:31.820+0000] {dagbag.py:588} INFO - Filling up the DagBag from /opt/airflow/dags/spark_airflow.py
[2024-12-16T04:00:31.834+0000] {processor.py:925} INFO - DAG(s) 'first_dag' retrieved from /opt/airflow/dags/spark_airflow.py
[2024-12-16T04:00:31.862+0000] {logging_mixin.py:190} INFO - [2024-12-16T04:00:31.862+0000] {dag.py:3239} INFO - Sync 1 DAGs
[2024-12-16T04:00:31.885+0000] {logging_mixin.py:190} INFO - [2024-12-16T04:00:31.885+0000] {dag.py:4180} INFO - Setting next_dagrun for first_dag to 2024-12-16T00:00:00+00:00, run_after=2024-12-17T00:00:00+00:00
[2024-12-16T04:00:31.907+0000] {processor.py:208} INFO - Processing /opt/airflow/dags/spark_airflow.py took 0.093 seconds
[2024-12-16T04:00:32.182+0000] {processor.py:186} INFO - Started process (PID=2290) to work on /opt/airflow/dags/spark_airflow.py
[2024-12-16T04:00:32.183+0000] {processor.py:914} INFO - Processing file /opt/airflow/dags/spark_airflow.py for tasks to queue
[2024-12-16T04:00:32.184+0000] {logging_mixin.py:190} INFO - [2024-12-16T04:00:32.184+0000] {dagbag.py:588} INFO - Filling up the DagBag from /opt/airflow/dags/spark_airflow.py
[2024-12-16T04:00:32.203+0000] {processor.py:925} INFO - DAG(s) 'first_dag' retrieved from /opt/airflow/dags/spark_airflow.py
[2024-12-16T04:00:32.228+0000] {logging_mixin.py:190} INFO - [2024-12-16T04:00:32.227+0000] {dag.py:3239} INFO - Sync 1 DAGs
[2024-12-16T04:00:32.250+0000] {logging_mixin.py:190} INFO - [2024-12-16T04:00:32.250+0000] {dag.py:4180} INFO - Setting next_dagrun for first_dag to 2024-12-16T00:00:00+00:00, run_after=2024-12-17T00:00:00+00:00
[2024-12-16T04:00:32.280+0000] {processor.py:208} INFO - Processing /opt/airflow/dags/spark_airflow.py took 0.102 seconds
[2024-12-16T04:01:02.142+0000] {processor.py:186} INFO - Started process (PID=2295) to work on /opt/airflow/dags/spark_airflow.py
[2024-12-16T04:01:02.143+0000] {processor.py:914} INFO - Processing file /opt/airflow/dags/spark_airflow.py for tasks to queue
[2024-12-16T04:01:02.145+0000] {logging_mixin.py:190} INFO - [2024-12-16T04:01:02.145+0000] {dagbag.py:588} INFO - Filling up the DagBag from /opt/airflow/dags/spark_airflow.py
[2024-12-16T04:01:02.167+0000] {processor.py:925} INFO - DAG(s) 'first_dag' retrieved from /opt/airflow/dags/spark_airflow.py
[2024-12-16T04:01:02.192+0000] {logging_mixin.py:190} INFO - [2024-12-16T04:01:02.192+0000] {dag.py:3239} INFO - Sync 1 DAGs
[2024-12-16T04:01:02.211+0000] {logging_mixin.py:190} INFO - [2024-12-16T04:01:02.211+0000] {dag.py:4180} INFO - Setting next_dagrun for first_dag to 2024-12-16T00:00:00+00:00, run_after=2024-12-17T00:00:00+00:00
[2024-12-16T04:01:02.236+0000] {processor.py:208} INFO - Processing /opt/airflow/dags/spark_airflow.py took 0.100 seconds
[2024-12-16T04:01:02.449+0000] {processor.py:186} INFO - Started process (PID=2300) to work on /opt/airflow/dags/spark_airflow.py
[2024-12-16T04:01:02.450+0000] {processor.py:914} INFO - Processing file /opt/airflow/dags/spark_airflow.py for tasks to queue
[2024-12-16T04:01:02.451+0000] {logging_mixin.py:190} INFO - [2024-12-16T04:01:02.451+0000] {dagbag.py:588} INFO - Filling up the DagBag from /opt/airflow/dags/spark_airflow.py
[2024-12-16T04:01:02.480+0000] {processor.py:925} INFO - DAG(s) 'first_dag' retrieved from /opt/airflow/dags/spark_airflow.py
[2024-12-16T04:01:02.506+0000] {logging_mixin.py:190} INFO - [2024-12-16T04:01:02.505+0000] {dag.py:3239} INFO - Sync 1 DAGs
[2024-12-16T04:01:02.535+0000] {logging_mixin.py:190} INFO - [2024-12-16T04:01:02.535+0000] {dag.py:4180} INFO - Setting next_dagrun for first_dag to 2024-12-16T00:00:00+00:00, run_after=2024-12-17T00:00:00+00:00
[2024-12-16T04:01:02.557+0000] {processor.py:208} INFO - Processing /opt/airflow/dags/spark_airflow.py took 0.113 seconds
[2024-12-16T04:01:32.405+0000] {processor.py:186} INFO - Started process (PID=2305) to work on /opt/airflow/dags/spark_airflow.py
[2024-12-16T04:01:32.406+0000] {processor.py:914} INFO - Processing file /opt/airflow/dags/spark_airflow.py for tasks to queue
[2024-12-16T04:01:32.407+0000] {logging_mixin.py:190} INFO - [2024-12-16T04:01:32.407+0000] {dagbag.py:588} INFO - Filling up the DagBag from /opt/airflow/dags/spark_airflow.py
[2024-12-16T04:01:32.436+0000] {processor.py:925} INFO - DAG(s) 'first_dag' retrieved from /opt/airflow/dags/spark_airflow.py
[2024-12-16T04:01:32.464+0000] {logging_mixin.py:190} INFO - [2024-12-16T04:01:32.464+0000] {dag.py:3239} INFO - Sync 1 DAGs
[2024-12-16T04:01:32.483+0000] {logging_mixin.py:190} INFO - [2024-12-16T04:01:32.482+0000] {dag.py:4180} INFO - Setting next_dagrun for first_dag to 2024-12-16T00:00:00+00:00, run_after=2024-12-17T00:00:00+00:00
[2024-12-16T04:01:32.506+0000] {processor.py:208} INFO - Processing /opt/airflow/dags/spark_airflow.py took 0.107 seconds
[2024-12-16T04:01:32.795+0000] {processor.py:186} INFO - Started process (PID=2310) to work on /opt/airflow/dags/spark_airflow.py
[2024-12-16T04:01:32.796+0000] {processor.py:914} INFO - Processing file /opt/airflow/dags/spark_airflow.py for tasks to queue
[2024-12-16T04:01:32.797+0000] {logging_mixin.py:190} INFO - [2024-12-16T04:01:32.797+0000] {dagbag.py:588} INFO - Filling up the DagBag from /opt/airflow/dags/spark_airflow.py
[2024-12-16T04:01:32.818+0000] {processor.py:925} INFO - DAG(s) 'first_dag' retrieved from /opt/airflow/dags/spark_airflow.py
[2024-12-16T04:01:32.841+0000] {logging_mixin.py:190} INFO - [2024-12-16T04:01:32.841+0000] {dag.py:3239} INFO - Sync 1 DAGs
[2024-12-16T04:01:32.861+0000] {logging_mixin.py:190} INFO - [2024-12-16T04:01:32.861+0000] {dag.py:4180} INFO - Setting next_dagrun for first_dag to 2024-12-16T00:00:00+00:00, run_after=2024-12-17T00:00:00+00:00
[2024-12-16T04:01:32.877+0000] {processor.py:208} INFO - Processing /opt/airflow/dags/spark_airflow.py took 0.087 seconds
[2024-12-16T04:02:02.783+0000] {processor.py:186} INFO - Started process (PID=2315) to work on /opt/airflow/dags/spark_airflow.py
[2024-12-16T04:02:02.784+0000] {processor.py:914} INFO - Processing file /opt/airflow/dags/spark_airflow.py for tasks to queue
[2024-12-16T04:02:02.786+0000] {logging_mixin.py:190} INFO - [2024-12-16T04:02:02.786+0000] {dagbag.py:588} INFO - Filling up the DagBag from /opt/airflow/dags/spark_airflow.py
[2024-12-16T04:02:02.817+0000] {processor.py:925} INFO - DAG(s) 'first_dag' retrieved from /opt/airflow/dags/spark_airflow.py
[2024-12-16T04:02:02.853+0000] {logging_mixin.py:190} INFO - [2024-12-16T04:02:02.853+0000] {dag.py:3239} INFO - Sync 1 DAGs
[2024-12-16T04:02:02.883+0000] {logging_mixin.py:190} INFO - [2024-12-16T04:02:02.883+0000] {dag.py:4180} INFO - Setting next_dagrun for first_dag to 2024-12-16T00:00:00+00:00, run_after=2024-12-17T00:00:00+00:00
[2024-12-16T04:02:02.905+0000] {processor.py:208} INFO - Processing /opt/airflow/dags/spark_airflow.py took 0.129 seconds
[2024-12-16T04:02:03.045+0000] {processor.py:186} INFO - Started process (PID=2320) to work on /opt/airflow/dags/spark_airflow.py
[2024-12-16T04:02:03.047+0000] {processor.py:914} INFO - Processing file /opt/airflow/dags/spark_airflow.py for tasks to queue
[2024-12-16T04:02:03.048+0000] {logging_mixin.py:190} INFO - [2024-12-16T04:02:03.048+0000] {dagbag.py:588} INFO - Filling up the DagBag from /opt/airflow/dags/spark_airflow.py
[2024-12-16T04:02:03.079+0000] {processor.py:925} INFO - DAG(s) 'first_dag' retrieved from /opt/airflow/dags/spark_airflow.py
[2024-12-16T04:02:03.105+0000] {logging_mixin.py:190} INFO - [2024-12-16T04:02:03.105+0000] {dag.py:3239} INFO - Sync 1 DAGs
[2024-12-16T04:02:03.128+0000] {logging_mixin.py:190} INFO - [2024-12-16T04:02:03.128+0000] {dag.py:4180} INFO - Setting next_dagrun for first_dag to 2024-12-16T00:00:00+00:00, run_after=2024-12-17T00:00:00+00:00
[2024-12-16T04:02:03.154+0000] {processor.py:208} INFO - Processing /opt/airflow/dags/spark_airflow.py took 0.114 seconds
[2024-12-16T04:02:33.077+0000] {processor.py:186} INFO - Started process (PID=2325) to work on /opt/airflow/dags/spark_airflow.py
[2024-12-16T04:02:33.078+0000] {processor.py:914} INFO - Processing file /opt/airflow/dags/spark_airflow.py for tasks to queue
[2024-12-16T04:02:33.079+0000] {logging_mixin.py:190} INFO - [2024-12-16T04:02:33.079+0000] {dagbag.py:588} INFO - Filling up the DagBag from /opt/airflow/dags/spark_airflow.py
[2024-12-16T04:02:33.103+0000] {processor.py:925} INFO - DAG(s) 'first_dag' retrieved from /opt/airflow/dags/spark_airflow.py
[2024-12-16T04:02:33.126+0000] {logging_mixin.py:190} INFO - [2024-12-16T04:02:33.126+0000] {dag.py:3239} INFO - Sync 1 DAGs
[2024-12-16T04:02:33.145+0000] {logging_mixin.py:190} INFO - [2024-12-16T04:02:33.145+0000] {dag.py:4180} INFO - Setting next_dagrun for first_dag to 2024-12-16T00:00:00+00:00, run_after=2024-12-17T00:00:00+00:00
[2024-12-16T04:02:33.169+0000] {processor.py:208} INFO - Processing /opt/airflow/dags/spark_airflow.py took 0.097 seconds
[2024-12-16T04:02:33.346+0000] {processor.py:186} INFO - Started process (PID=2330) to work on /opt/airflow/dags/spark_airflow.py
[2024-12-16T04:02:33.347+0000] {processor.py:914} INFO - Processing file /opt/airflow/dags/spark_airflow.py for tasks to queue
[2024-12-16T04:02:33.348+0000] {logging_mixin.py:190} INFO - [2024-12-16T04:02:33.348+0000] {dagbag.py:588} INFO - Filling up the DagBag from /opt/airflow/dags/spark_airflow.py
[2024-12-16T04:02:33.367+0000] {processor.py:925} INFO - DAG(s) 'first_dag' retrieved from /opt/airflow/dags/spark_airflow.py
[2024-12-16T04:02:33.399+0000] {logging_mixin.py:190} INFO - [2024-12-16T04:02:33.399+0000] {dag.py:3239} INFO - Sync 1 DAGs
[2024-12-16T04:02:33.419+0000] {logging_mixin.py:190} INFO - [2024-12-16T04:02:33.419+0000] {dag.py:4180} INFO - Setting next_dagrun for first_dag to 2024-12-16T00:00:00+00:00, run_after=2024-12-17T00:00:00+00:00
[2024-12-16T04:02:33.436+0000] {processor.py:208} INFO - Processing /opt/airflow/dags/spark_airflow.py took 0.095 seconds
[2024-12-16T04:03:03.461+0000] {processor.py:186} INFO - Started process (PID=2335) to work on /opt/airflow/dags/spark_airflow.py
[2024-12-16T04:03:03.462+0000] {processor.py:914} INFO - Processing file /opt/airflow/dags/spark_airflow.py for tasks to queue
[2024-12-16T04:03:03.463+0000] {logging_mixin.py:190} INFO - [2024-12-16T04:03:03.463+0000] {dagbag.py:588} INFO - Filling up the DagBag from /opt/airflow/dags/spark_airflow.py
[2024-12-16T04:03:03.494+0000] {processor.py:925} INFO - DAG(s) 'first_dag' retrieved from /opt/airflow/dags/spark_airflow.py
[2024-12-16T04:03:03.523+0000] {logging_mixin.py:190} INFO - [2024-12-16T04:03:03.522+0000] {dag.py:3239} INFO - Sync 1 DAGs
[2024-12-16T04:03:03.546+0000] {logging_mixin.py:190} INFO - [2024-12-16T04:03:03.546+0000] {dag.py:4180} INFO - Setting next_dagrun for first_dag to 2024-12-16T00:00:00+00:00, run_after=2024-12-17T00:00:00+00:00
[2024-12-16T04:03:03.574+0000] {processor.py:208} INFO - Processing /opt/airflow/dags/spark_airflow.py took 0.118 seconds
[2024-12-16T04:03:03.602+0000] {processor.py:186} INFO - Started process (PID=2340) to work on /opt/airflow/dags/spark_airflow.py
[2024-12-16T04:03:03.603+0000] {processor.py:914} INFO - Processing file /opt/airflow/dags/spark_airflow.py for tasks to queue
[2024-12-16T04:03:03.605+0000] {logging_mixin.py:190} INFO - [2024-12-16T04:03:03.604+0000] {dagbag.py:588} INFO - Filling up the DagBag from /opt/airflow/dags/spark_airflow.py
[2024-12-16T04:03:03.639+0000] {processor.py:925} INFO - DAG(s) 'first_dag' retrieved from /opt/airflow/dags/spark_airflow.py
[2024-12-16T04:03:03.676+0000] {logging_mixin.py:190} INFO - [2024-12-16T04:03:03.676+0000] {dag.py:3239} INFO - Sync 1 DAGs
[2024-12-16T04:03:03.702+0000] {logging_mixin.py:190} INFO - [2024-12-16T04:03:03.702+0000] {dag.py:4180} INFO - Setting next_dagrun for first_dag to 2024-12-16T00:00:00+00:00, run_after=2024-12-17T00:00:00+00:00
[2024-12-16T04:03:03.729+0000] {processor.py:208} INFO - Processing /opt/airflow/dags/spark_airflow.py took 0.134 seconds
[2024-12-16T04:03:33.733+0000] {processor.py:186} INFO - Started process (PID=2345) to work on /opt/airflow/dags/spark_airflow.py
[2024-12-16T04:03:33.734+0000] {processor.py:914} INFO - Processing file /opt/airflow/dags/spark_airflow.py for tasks to queue
[2024-12-16T04:03:33.736+0000] {logging_mixin.py:190} INFO - [2024-12-16T04:03:33.735+0000] {dagbag.py:588} INFO - Filling up the DagBag from /opt/airflow/dags/spark_airflow.py
[2024-12-16T04:03:33.765+0000] {processor.py:925} INFO - DAG(s) 'first_dag' retrieved from /opt/airflow/dags/spark_airflow.py
[2024-12-16T04:03:33.805+0000] {logging_mixin.py:190} INFO - [2024-12-16T04:03:33.805+0000] {dag.py:3239} INFO - Sync 1 DAGs
[2024-12-16T04:03:33.837+0000] {logging_mixin.py:190} INFO - [2024-12-16T04:03:33.837+0000] {dag.py:4180} INFO - Setting next_dagrun for first_dag to 2024-12-16T00:00:00+00:00, run_after=2024-12-17T00:00:00+00:00
[2024-12-16T04:03:33.864+0000] {processor.py:208} INFO - Processing /opt/airflow/dags/spark_airflow.py took 0.140 seconds
[2024-12-16T04:03:34.071+0000] {processor.py:186} INFO - Started process (PID=2350) to work on /opt/airflow/dags/spark_airflow.py
[2024-12-16T04:03:34.073+0000] {processor.py:914} INFO - Processing file /opt/airflow/dags/spark_airflow.py for tasks to queue
[2024-12-16T04:03:34.074+0000] {logging_mixin.py:190} INFO - [2024-12-16T04:03:34.074+0000] {dagbag.py:588} INFO - Filling up the DagBag from /opt/airflow/dags/spark_airflow.py
[2024-12-16T04:03:34.106+0000] {processor.py:925} INFO - DAG(s) 'first_dag' retrieved from /opt/airflow/dags/spark_airflow.py
[2024-12-16T04:03:34.137+0000] {logging_mixin.py:190} INFO - [2024-12-16T04:03:34.137+0000] {dag.py:3239} INFO - Sync 1 DAGs
[2024-12-16T04:03:34.160+0000] {logging_mixin.py:190} INFO - [2024-12-16T04:03:34.160+0000] {dag.py:4180} INFO - Setting next_dagrun for first_dag to 2024-12-16T00:00:00+00:00, run_after=2024-12-17T00:00:00+00:00
[2024-12-16T04:03:34.183+0000] {processor.py:208} INFO - Processing /opt/airflow/dags/spark_airflow.py took 0.119 seconds
[2024-12-16T04:04:04.147+0000] {processor.py:186} INFO - Started process (PID=2355) to work on /opt/airflow/dags/spark_airflow.py
[2024-12-16T04:04:04.148+0000] {processor.py:914} INFO - Processing file /opt/airflow/dags/spark_airflow.py for tasks to queue
[2024-12-16T04:04:04.149+0000] {logging_mixin.py:190} INFO - [2024-12-16T04:04:04.149+0000] {dagbag.py:588} INFO - Filling up the DagBag from /opt/airflow/dags/spark_airflow.py
[2024-12-16T04:04:04.187+0000] {processor.py:925} INFO - DAG(s) 'first_dag' retrieved from /opt/airflow/dags/spark_airflow.py
[2024-12-16T04:04:04.233+0000] {logging_mixin.py:190} INFO - [2024-12-16T04:04:04.233+0000] {dag.py:3239} INFO - Sync 1 DAGs
[2024-12-16T04:04:04.262+0000] {logging_mixin.py:190} INFO - [2024-12-16T04:04:04.262+0000] {dag.py:4180} INFO - Setting next_dagrun for first_dag to 2024-12-16T00:00:00+00:00, run_after=2024-12-17T00:00:00+00:00
[2024-12-16T04:04:04.290+0000] {processor.py:208} INFO - Processing /opt/airflow/dags/spark_airflow.py took 0.148 seconds
[2024-12-16T04:04:04.349+0000] {processor.py:186} INFO - Started process (PID=2360) to work on /opt/airflow/dags/spark_airflow.py
[2024-12-16T04:04:04.351+0000] {processor.py:914} INFO - Processing file /opt/airflow/dags/spark_airflow.py for tasks to queue
[2024-12-16T04:04:04.353+0000] {logging_mixin.py:190} INFO - [2024-12-16T04:04:04.352+0000] {dagbag.py:588} INFO - Filling up the DagBag from /opt/airflow/dags/spark_airflow.py
[2024-12-16T04:04:04.377+0000] {processor.py:925} INFO - DAG(s) 'first_dag' retrieved from /opt/airflow/dags/spark_airflow.py
[2024-12-16T04:04:04.408+0000] {logging_mixin.py:190} INFO - [2024-12-16T04:04:04.408+0000] {dag.py:3239} INFO - Sync 1 DAGs
[2024-12-16T04:04:04.439+0000] {logging_mixin.py:190} INFO - [2024-12-16T04:04:04.439+0000] {dag.py:4180} INFO - Setting next_dagrun for first_dag to 2024-12-16T00:00:00+00:00, run_after=2024-12-17T00:00:00+00:00
[2024-12-16T04:04:04.459+0000] {processor.py:208} INFO - Processing /opt/airflow/dags/spark_airflow.py took 0.115 seconds
[2024-12-16T04:04:34.430+0000] {processor.py:186} INFO - Started process (PID=2365) to work on /opt/airflow/dags/spark_airflow.py
[2024-12-16T04:04:34.431+0000] {processor.py:914} INFO - Processing file /opt/airflow/dags/spark_airflow.py for tasks to queue
[2024-12-16T04:04:34.432+0000] {logging_mixin.py:190} INFO - [2024-12-16T04:04:34.432+0000] {dagbag.py:588} INFO - Filling up the DagBag from /opt/airflow/dags/spark_airflow.py
[2024-12-16T04:04:34.463+0000] {processor.py:925} INFO - DAG(s) 'first_dag' retrieved from /opt/airflow/dags/spark_airflow.py
[2024-12-16T04:04:34.501+0000] {logging_mixin.py:190} INFO - [2024-12-16T04:04:34.501+0000] {dag.py:3239} INFO - Sync 1 DAGs
[2024-12-16T04:04:34.524+0000] {logging_mixin.py:190} INFO - [2024-12-16T04:04:34.524+0000] {dag.py:4180} INFO - Setting next_dagrun for first_dag to 2024-12-16T00:00:00+00:00, run_after=2024-12-17T00:00:00+00:00
[2024-12-16T04:04:34.549+0000] {processor.py:208} INFO - Processing /opt/airflow/dags/spark_airflow.py took 0.123 seconds
[2024-12-16T04:04:34.701+0000] {processor.py:186} INFO - Started process (PID=2370) to work on /opt/airflow/dags/spark_airflow.py
[2024-12-16T04:04:34.702+0000] {processor.py:914} INFO - Processing file /opt/airflow/dags/spark_airflow.py for tasks to queue
[2024-12-16T04:04:34.704+0000] {logging_mixin.py:190} INFO - [2024-12-16T04:04:34.703+0000] {dagbag.py:588} INFO - Filling up the DagBag from /opt/airflow/dags/spark_airflow.py
[2024-12-16T04:04:34.724+0000] {processor.py:925} INFO - DAG(s) 'first_dag' retrieved from /opt/airflow/dags/spark_airflow.py
[2024-12-16T04:04:34.747+0000] {logging_mixin.py:190} INFO - [2024-12-16T04:04:34.747+0000] {dag.py:3239} INFO - Sync 1 DAGs
[2024-12-16T04:04:34.767+0000] {logging_mixin.py:190} INFO - [2024-12-16T04:04:34.767+0000] {dag.py:4180} INFO - Setting next_dagrun for first_dag to 2024-12-16T00:00:00+00:00, run_after=2024-12-17T00:00:00+00:00
[2024-12-16T04:04:34.790+0000] {processor.py:208} INFO - Processing /opt/airflow/dags/spark_airflow.py took 0.094 seconds
[2024-12-16T04:05:04.687+0000] {processor.py:186} INFO - Started process (PID=2375) to work on /opt/airflow/dags/spark_airflow.py
[2024-12-16T04:05:04.689+0000] {processor.py:914} INFO - Processing file /opt/airflow/dags/spark_airflow.py for tasks to queue
[2024-12-16T04:05:04.690+0000] {logging_mixin.py:190} INFO - [2024-12-16T04:05:04.690+0000] {dagbag.py:588} INFO - Filling up the DagBag from /opt/airflow/dags/spark_airflow.py
[2024-12-16T04:05:04.721+0000] {processor.py:925} INFO - DAG(s) 'first_dag' retrieved from /opt/airflow/dags/spark_airflow.py
[2024-12-16T04:05:04.745+0000] {logging_mixin.py:190} INFO - [2024-12-16T04:05:04.744+0000] {dag.py:3239} INFO - Sync 1 DAGs
[2024-12-16T04:05:04.764+0000] {logging_mixin.py:190} INFO - [2024-12-16T04:05:04.764+0000] {dag.py:4180} INFO - Setting next_dagrun for first_dag to 2024-12-16T00:00:00+00:00, run_after=2024-12-17T00:00:00+00:00
[2024-12-16T04:05:04.787+0000] {processor.py:208} INFO - Processing /opt/airflow/dags/spark_airflow.py took 0.105 seconds
[2024-12-16T04:05:05.075+0000] {processor.py:186} INFO - Started process (PID=2380) to work on /opt/airflow/dags/spark_airflow.py
[2024-12-16T04:05:05.076+0000] {processor.py:914} INFO - Processing file /opt/airflow/dags/spark_airflow.py for tasks to queue
[2024-12-16T04:05:05.077+0000] {logging_mixin.py:190} INFO - [2024-12-16T04:05:05.077+0000] {dagbag.py:588} INFO - Filling up the DagBag from /opt/airflow/dags/spark_airflow.py
[2024-12-16T04:05:05.097+0000] {processor.py:925} INFO - DAG(s) 'first_dag' retrieved from /opt/airflow/dags/spark_airflow.py
[2024-12-16T04:05:05.119+0000] {logging_mixin.py:190} INFO - [2024-12-16T04:05:05.119+0000] {dag.py:3239} INFO - Sync 1 DAGs
[2024-12-16T04:05:05.138+0000] {logging_mixin.py:190} INFO - [2024-12-16T04:05:05.138+0000] {dag.py:4180} INFO - Setting next_dagrun for first_dag to 2024-12-16T00:00:00+00:00, run_after=2024-12-17T00:00:00+00:00
[2024-12-16T04:05:05.161+0000] {processor.py:208} INFO - Processing /opt/airflow/dags/spark_airflow.py took 0.090 seconds
[2024-12-16T04:05:34.961+0000] {processor.py:186} INFO - Started process (PID=2385) to work on /opt/airflow/dags/spark_airflow.py
[2024-12-16T04:05:34.962+0000] {processor.py:914} INFO - Processing file /opt/airflow/dags/spark_airflow.py for tasks to queue
[2024-12-16T04:05:34.963+0000] {logging_mixin.py:190} INFO - [2024-12-16T04:05:34.962+0000] {dagbag.py:588} INFO - Filling up the DagBag from /opt/airflow/dags/spark_airflow.py
[2024-12-16T04:05:34.985+0000] {processor.py:925} INFO - DAG(s) 'first_dag' retrieved from /opt/airflow/dags/spark_airflow.py
[2024-12-16T04:05:35.007+0000] {logging_mixin.py:190} INFO - [2024-12-16T04:05:35.007+0000] {dag.py:3239} INFO - Sync 1 DAGs
[2024-12-16T04:05:35.025+0000] {logging_mixin.py:190} INFO - [2024-12-16T04:05:35.025+0000] {dag.py:4180} INFO - Setting next_dagrun for first_dag to 2024-12-16T00:00:00+00:00, run_after=2024-12-17T00:00:00+00:00
[2024-12-16T04:05:35.047+0000] {processor.py:208} INFO - Processing /opt/airflow/dags/spark_airflow.py took 0.091 seconds
[2024-12-16T04:05:35.409+0000] {processor.py:186} INFO - Started process (PID=2390) to work on /opt/airflow/dags/spark_airflow.py
[2024-12-16T04:05:35.410+0000] {processor.py:914} INFO - Processing file /opt/airflow/dags/spark_airflow.py for tasks to queue
[2024-12-16T04:05:35.411+0000] {logging_mixin.py:190} INFO - [2024-12-16T04:05:35.411+0000] {dagbag.py:588} INFO - Filling up the DagBag from /opt/airflow/dags/spark_airflow.py
[2024-12-16T04:05:35.434+0000] {processor.py:925} INFO - DAG(s) 'first_dag' retrieved from /opt/airflow/dags/spark_airflow.py
[2024-12-16T04:05:35.455+0000] {logging_mixin.py:190} INFO - [2024-12-16T04:05:35.455+0000] {dag.py:3239} INFO - Sync 1 DAGs
[2024-12-16T04:05:35.473+0000] {logging_mixin.py:190} INFO - [2024-12-16T04:05:35.473+0000] {dag.py:4180} INFO - Setting next_dagrun for first_dag to 2024-12-16T00:00:00+00:00, run_after=2024-12-17T00:00:00+00:00
[2024-12-16T04:05:35.495+0000] {processor.py:208} INFO - Processing /opt/airflow/dags/spark_airflow.py took 0.091 seconds
[2024-12-16T04:06:05.277+0000] {processor.py:186} INFO - Started process (PID=2395) to work on /opt/airflow/dags/spark_airflow.py
[2024-12-16T04:06:05.279+0000] {processor.py:914} INFO - Processing file /opt/airflow/dags/spark_airflow.py for tasks to queue
[2024-12-16T04:06:05.281+0000] {logging_mixin.py:190} INFO - [2024-12-16T04:06:05.281+0000] {dagbag.py:588} INFO - Filling up the DagBag from /opt/airflow/dags/spark_airflow.py
[2024-12-16T04:06:05.323+0000] {processor.py:925} INFO - DAG(s) 'first_dag' retrieved from /opt/airflow/dags/spark_airflow.py
[2024-12-16T04:06:05.358+0000] {logging_mixin.py:190} INFO - [2024-12-16T04:06:05.357+0000] {dag.py:3239} INFO - Sync 1 DAGs
[2024-12-16T04:06:05.387+0000] {logging_mixin.py:190} INFO - [2024-12-16T04:06:05.387+0000] {dag.py:4180} INFO - Setting next_dagrun for first_dag to 2024-12-16T00:00:00+00:00, run_after=2024-12-17T00:00:00+00:00
[2024-12-16T04:06:05.415+0000] {processor.py:208} INFO - Processing /opt/airflow/dags/spark_airflow.py took 0.147 seconds
[2024-12-16T04:06:05.687+0000] {processor.py:186} INFO - Started process (PID=2400) to work on /opt/airflow/dags/spark_airflow.py
[2024-12-16T04:06:05.688+0000] {processor.py:914} INFO - Processing file /opt/airflow/dags/spark_airflow.py for tasks to queue
[2024-12-16T04:06:05.690+0000] {logging_mixin.py:190} INFO - [2024-12-16T04:06:05.689+0000] {dagbag.py:588} INFO - Filling up the DagBag from /opt/airflow/dags/spark_airflow.py
[2024-12-16T04:06:05.716+0000] {processor.py:925} INFO - DAG(s) 'first_dag' retrieved from /opt/airflow/dags/spark_airflow.py
[2024-12-16T04:06:05.744+0000] {logging_mixin.py:190} INFO - [2024-12-16T04:06:05.743+0000] {dag.py:3239} INFO - Sync 1 DAGs
[2024-12-16T04:06:05.767+0000] {logging_mixin.py:190} INFO - [2024-12-16T04:06:05.767+0000] {dag.py:4180} INFO - Setting next_dagrun for first_dag to 2024-12-16T00:00:00+00:00, run_after=2024-12-17T00:00:00+00:00
[2024-12-16T04:06:05.788+0000] {processor.py:208} INFO - Processing /opt/airflow/dags/spark_airflow.py took 0.106 seconds
[2024-12-16T04:06:35.539+0000] {processor.py:186} INFO - Started process (PID=2405) to work on /opt/airflow/dags/spark_airflow.py
[2024-12-16T04:06:35.540+0000] {processor.py:914} INFO - Processing file /opt/airflow/dags/spark_airflow.py for tasks to queue
[2024-12-16T04:06:35.542+0000] {logging_mixin.py:190} INFO - [2024-12-16T04:06:35.541+0000] {dagbag.py:588} INFO - Filling up the DagBag from /opt/airflow/dags/spark_airflow.py
[2024-12-16T04:06:35.564+0000] {processor.py:925} INFO - DAG(s) 'first_dag' retrieved from /opt/airflow/dags/spark_airflow.py
[2024-12-16T04:06:35.587+0000] {logging_mixin.py:190} INFO - [2024-12-16T04:06:35.587+0000] {dag.py:3239} INFO - Sync 1 DAGs
[2024-12-16T04:06:35.604+0000] {logging_mixin.py:190} INFO - [2024-12-16T04:06:35.604+0000] {dag.py:4180} INFO - Setting next_dagrun for first_dag to 2024-12-16T00:00:00+00:00, run_after=2024-12-17T00:00:00+00:00
[2024-12-16T04:06:35.625+0000] {processor.py:208} INFO - Processing /opt/airflow/dags/spark_airflow.py took 0.090 seconds
[2024-12-16T04:06:36.058+0000] {processor.py:186} INFO - Started process (PID=2410) to work on /opt/airflow/dags/spark_airflow.py
[2024-12-16T04:06:36.058+0000] {processor.py:914} INFO - Processing file /opt/airflow/dags/spark_airflow.py for tasks to queue
[2024-12-16T04:06:36.059+0000] {logging_mixin.py:190} INFO - [2024-12-16T04:06:36.059+0000] {dagbag.py:588} INFO - Filling up the DagBag from /opt/airflow/dags/spark_airflow.py
[2024-12-16T04:06:36.079+0000] {processor.py:925} INFO - DAG(s) 'first_dag' retrieved from /opt/airflow/dags/spark_airflow.py
[2024-12-16T04:06:36.101+0000] {logging_mixin.py:190} INFO - [2024-12-16T04:06:36.101+0000] {dag.py:3239} INFO - Sync 1 DAGs
[2024-12-16T04:06:36.118+0000] {logging_mixin.py:190} INFO - [2024-12-16T04:06:36.118+0000] {dag.py:4180} INFO - Setting next_dagrun for first_dag to 2024-12-16T00:00:00+00:00, run_after=2024-12-17T00:00:00+00:00
[2024-12-16T04:06:36.140+0000] {processor.py:208} INFO - Processing /opt/airflow/dags/spark_airflow.py took 0.086 seconds
[2024-12-16T04:07:05.808+0000] {processor.py:186} INFO - Started process (PID=2415) to work on /opt/airflow/dags/spark_airflow.py
[2024-12-16T04:07:05.809+0000] {processor.py:914} INFO - Processing file /opt/airflow/dags/spark_airflow.py for tasks to queue
[2024-12-16T04:07:05.810+0000] {logging_mixin.py:190} INFO - [2024-12-16T04:07:05.810+0000] {dagbag.py:588} INFO - Filling up the DagBag from /opt/airflow/dags/spark_airflow.py
[2024-12-16T04:07:05.828+0000] {processor.py:925} INFO - DAG(s) 'first_dag' retrieved from /opt/airflow/dags/spark_airflow.py
[2024-12-16T04:07:05.850+0000] {logging_mixin.py:190} INFO - [2024-12-16T04:07:05.850+0000] {dag.py:3239} INFO - Sync 1 DAGs
[2024-12-16T04:07:05.873+0000] {logging_mixin.py:190} INFO - [2024-12-16T04:07:05.873+0000] {dag.py:4180} INFO - Setting next_dagrun for first_dag to 2024-12-16T00:00:00+00:00, run_after=2024-12-17T00:00:00+00:00
[2024-12-16T04:07:05.890+0000] {processor.py:208} INFO - Processing /opt/airflow/dags/spark_airflow.py took 0.087 seconds
[2024-12-16T04:07:06.362+0000] {processor.py:186} INFO - Started process (PID=2420) to work on /opt/airflow/dags/spark_airflow.py
[2024-12-16T04:07:06.363+0000] {processor.py:914} INFO - Processing file /opt/airflow/dags/spark_airflow.py for tasks to queue
[2024-12-16T04:07:06.364+0000] {logging_mixin.py:190} INFO - [2024-12-16T04:07:06.363+0000] {dagbag.py:588} INFO - Filling up the DagBag from /opt/airflow/dags/spark_airflow.py
[2024-12-16T04:07:06.379+0000] {processor.py:925} INFO - DAG(s) 'first_dag' retrieved from /opt/airflow/dags/spark_airflow.py
[2024-12-16T04:07:06.402+0000] {logging_mixin.py:190} INFO - [2024-12-16T04:07:06.402+0000] {dag.py:3239} INFO - Sync 1 DAGs
[2024-12-16T04:07:06.420+0000] {logging_mixin.py:190} INFO - [2024-12-16T04:07:06.420+0000] {dag.py:4180} INFO - Setting next_dagrun for first_dag to 2024-12-16T00:00:00+00:00, run_after=2024-12-17T00:00:00+00:00
[2024-12-16T04:07:06.435+0000] {processor.py:208} INFO - Processing /opt/airflow/dags/spark_airflow.py took 0.078 seconds
[2024-12-16T04:07:36.150+0000] {processor.py:186} INFO - Started process (PID=2425) to work on /opt/airflow/dags/spark_airflow.py
[2024-12-16T04:07:36.152+0000] {processor.py:914} INFO - Processing file /opt/airflow/dags/spark_airflow.py for tasks to queue
[2024-12-16T04:07:36.155+0000] {logging_mixin.py:190} INFO - [2024-12-16T04:07:36.154+0000] {dagbag.py:588} INFO - Filling up the DagBag from /opt/airflow/dags/spark_airflow.py
[2024-12-16T04:07:36.170+0000] {processor.py:925} INFO - DAG(s) 'first_dag' retrieved from /opt/airflow/dags/spark_airflow.py
[2024-12-16T04:07:36.193+0000] {logging_mixin.py:190} INFO - [2024-12-16T04:07:36.193+0000] {dag.py:3239} INFO - Sync 1 DAGs
[2024-12-16T04:07:36.215+0000] {logging_mixin.py:190} INFO - [2024-12-16T04:07:36.214+0000] {dag.py:4180} INFO - Setting next_dagrun for first_dag to 2024-12-16T00:00:00+00:00, run_after=2024-12-17T00:00:00+00:00
[2024-12-16T04:07:36.237+0000] {processor.py:208} INFO - Processing /opt/airflow/dags/spark_airflow.py took 0.091 seconds
[2024-12-16T04:07:36.694+0000] {processor.py:186} INFO - Started process (PID=2430) to work on /opt/airflow/dags/spark_airflow.py
[2024-12-16T04:07:36.695+0000] {processor.py:914} INFO - Processing file /opt/airflow/dags/spark_airflow.py for tasks to queue
[2024-12-16T04:07:36.696+0000] {logging_mixin.py:190} INFO - [2024-12-16T04:07:36.696+0000] {dagbag.py:588} INFO - Filling up the DagBag from /opt/airflow/dags/spark_airflow.py
[2024-12-16T04:07:36.715+0000] {processor.py:925} INFO - DAG(s) 'first_dag' retrieved from /opt/airflow/dags/spark_airflow.py
[2024-12-16T04:07:36.737+0000] {logging_mixin.py:190} INFO - [2024-12-16T04:07:36.737+0000] {dag.py:3239} INFO - Sync 1 DAGs
[2024-12-16T04:07:36.754+0000] {logging_mixin.py:190} INFO - [2024-12-16T04:07:36.754+0000] {dag.py:4180} INFO - Setting next_dagrun for first_dag to 2024-12-16T00:00:00+00:00, run_after=2024-12-17T00:00:00+00:00
[2024-12-16T04:07:36.776+0000] {processor.py:208} INFO - Processing /opt/airflow/dags/spark_airflow.py took 0.087 seconds
[2024-12-16T04:08:06.478+0000] {processor.py:186} INFO - Started process (PID=2435) to work on /opt/airflow/dags/spark_airflow.py
[2024-12-16T04:08:06.479+0000] {processor.py:914} INFO - Processing file /opt/airflow/dags/spark_airflow.py for tasks to queue
[2024-12-16T04:08:06.480+0000] {logging_mixin.py:190} INFO - [2024-12-16T04:08:06.480+0000] {dagbag.py:588} INFO - Filling up the DagBag from /opt/airflow/dags/spark_airflow.py
[2024-12-16T04:08:06.499+0000] {processor.py:925} INFO - DAG(s) 'first_dag' retrieved from /opt/airflow/dags/spark_airflow.py
[2024-12-16T04:08:06.521+0000] {logging_mixin.py:190} INFO - [2024-12-16T04:08:06.521+0000] {dag.py:3239} INFO - Sync 1 DAGs
[2024-12-16T04:08:06.538+0000] {logging_mixin.py:190} INFO - [2024-12-16T04:08:06.538+0000] {dag.py:4180} INFO - Setting next_dagrun for first_dag to 2024-12-16T00:00:00+00:00, run_after=2024-12-17T00:00:00+00:00
[2024-12-16T04:08:06.560+0000] {processor.py:208} INFO - Processing /opt/airflow/dags/spark_airflow.py took 0.087 seconds
[2024-12-16T04:08:07.037+0000] {processor.py:186} INFO - Started process (PID=2440) to work on /opt/airflow/dags/spark_airflow.py
[2024-12-16T04:08:07.038+0000] {processor.py:914} INFO - Processing file /opt/airflow/dags/spark_airflow.py for tasks to queue
[2024-12-16T04:08:07.039+0000] {logging_mixin.py:190} INFO - [2024-12-16T04:08:07.039+0000] {dagbag.py:588} INFO - Filling up the DagBag from /opt/airflow/dags/spark_airflow.py
[2024-12-16T04:08:07.061+0000] {processor.py:925} INFO - DAG(s) 'first_dag' retrieved from /opt/airflow/dags/spark_airflow.py
[2024-12-16T04:08:07.082+0000] {logging_mixin.py:190} INFO - [2024-12-16T04:08:07.082+0000] {dag.py:3239} INFO - Sync 1 DAGs
[2024-12-16T04:08:07.099+0000] {logging_mixin.py:190} INFO - [2024-12-16T04:08:07.099+0000] {dag.py:4180} INFO - Setting next_dagrun for first_dag to 2024-12-16T00:00:00+00:00, run_after=2024-12-17T00:00:00+00:00
[2024-12-16T04:08:07.124+0000] {processor.py:208} INFO - Processing /opt/airflow/dags/spark_airflow.py took 0.091 seconds
[2024-12-16T04:08:36.798+0000] {processor.py:186} INFO - Started process (PID=2445) to work on /opt/airflow/dags/spark_airflow.py
[2024-12-16T04:08:36.799+0000] {processor.py:914} INFO - Processing file /opt/airflow/dags/spark_airflow.py for tasks to queue
[2024-12-16T04:08:36.800+0000] {logging_mixin.py:190} INFO - [2024-12-16T04:08:36.800+0000] {dagbag.py:588} INFO - Filling up the DagBag from /opt/airflow/dags/spark_airflow.py
[2024-12-16T04:08:36.819+0000] {processor.py:925} INFO - DAG(s) 'first_dag' retrieved from /opt/airflow/dags/spark_airflow.py
[2024-12-16T04:08:36.840+0000] {logging_mixin.py:190} INFO - [2024-12-16T04:08:36.840+0000] {dag.py:3239} INFO - Sync 1 DAGs
[2024-12-16T04:08:36.860+0000] {logging_mixin.py:190} INFO - [2024-12-16T04:08:36.859+0000] {dag.py:4180} INFO - Setting next_dagrun for first_dag to 2024-12-16T00:00:00+00:00, run_after=2024-12-17T00:00:00+00:00
[2024-12-16T04:08:36.883+0000] {processor.py:208} INFO - Processing /opt/airflow/dags/spark_airflow.py took 0.090 seconds
[2024-12-16T04:08:37.338+0000] {processor.py:186} INFO - Started process (PID=2450) to work on /opt/airflow/dags/spark_airflow.py
[2024-12-16T04:08:37.339+0000] {processor.py:914} INFO - Processing file /opt/airflow/dags/spark_airflow.py for tasks to queue
[2024-12-16T04:08:37.340+0000] {logging_mixin.py:190} INFO - [2024-12-16T04:08:37.340+0000] {dagbag.py:588} INFO - Filling up the DagBag from /opt/airflow/dags/spark_airflow.py
[2024-12-16T04:08:37.358+0000] {processor.py:925} INFO - DAG(s) 'first_dag' retrieved from /opt/airflow/dags/spark_airflow.py
[2024-12-16T04:08:37.381+0000] {logging_mixin.py:190} INFO - [2024-12-16T04:08:37.381+0000] {dag.py:3239} INFO - Sync 1 DAGs
[2024-12-16T04:08:37.399+0000] {logging_mixin.py:190} INFO - [2024-12-16T04:08:37.399+0000] {dag.py:4180} INFO - Setting next_dagrun for first_dag to 2024-12-16T00:00:00+00:00, run_after=2024-12-17T00:00:00+00:00
[2024-12-16T04:08:37.421+0000] {processor.py:208} INFO - Processing /opt/airflow/dags/spark_airflow.py took 0.088 seconds
[2024-12-16T04:09:07.187+0000] {processor.py:186} INFO - Started process (PID=2455) to work on /opt/airflow/dags/spark_airflow.py
[2024-12-16T04:09:07.188+0000] {processor.py:914} INFO - Processing file /opt/airflow/dags/spark_airflow.py for tasks to queue
[2024-12-16T04:09:07.189+0000] {logging_mixin.py:190} INFO - [2024-12-16T04:09:07.188+0000] {dagbag.py:588} INFO - Filling up the DagBag from /opt/airflow/dags/spark_airflow.py
[2024-12-16T04:09:07.216+0000] {processor.py:925} INFO - DAG(s) 'first_dag' retrieved from /opt/airflow/dags/spark_airflow.py
[2024-12-16T04:09:07.238+0000] {logging_mixin.py:190} INFO - [2024-12-16T04:09:07.237+0000] {dag.py:3239} INFO - Sync 1 DAGs
[2024-12-16T04:09:07.254+0000] {logging_mixin.py:190} INFO - [2024-12-16T04:09:07.254+0000] {dag.py:4180} INFO - Setting next_dagrun for first_dag to 2024-12-16T00:00:00+00:00, run_after=2024-12-17T00:00:00+00:00
[2024-12-16T04:09:07.271+0000] {processor.py:208} INFO - Processing /opt/airflow/dags/spark_airflow.py took 0.088 seconds
[2024-12-16T04:09:07.694+0000] {processor.py:186} INFO - Started process (PID=2460) to work on /opt/airflow/dags/spark_airflow.py
[2024-12-16T04:09:07.695+0000] {processor.py:914} INFO - Processing file /opt/airflow/dags/spark_airflow.py for tasks to queue
[2024-12-16T04:09:07.696+0000] {logging_mixin.py:190} INFO - [2024-12-16T04:09:07.696+0000] {dagbag.py:588} INFO - Filling up the DagBag from /opt/airflow/dags/spark_airflow.py
[2024-12-16T04:09:07.720+0000] {processor.py:925} INFO - DAG(s) 'first_dag' retrieved from /opt/airflow/dags/spark_airflow.py
[2024-12-16T04:09:07.742+0000] {logging_mixin.py:190} INFO - [2024-12-16T04:09:07.742+0000] {dag.py:3239} INFO - Sync 1 DAGs
[2024-12-16T04:09:07.763+0000] {logging_mixin.py:190} INFO - [2024-12-16T04:09:07.763+0000] {dag.py:4180} INFO - Setting next_dagrun for first_dag to 2024-12-16T00:00:00+00:00, run_after=2024-12-17T00:00:00+00:00
[2024-12-16T04:09:07.781+0000] {processor.py:208} INFO - Processing /opt/airflow/dags/spark_airflow.py took 0.091 seconds
[2024-12-16T04:09:37.457+0000] {processor.py:186} INFO - Started process (PID=2465) to work on /opt/airflow/dags/spark_airflow.py
[2024-12-16T04:09:37.458+0000] {processor.py:914} INFO - Processing file /opt/airflow/dags/spark_airflow.py for tasks to queue
[2024-12-16T04:09:37.459+0000] {logging_mixin.py:190} INFO - [2024-12-16T04:09:37.459+0000] {dagbag.py:588} INFO - Filling up the DagBag from /opt/airflow/dags/spark_airflow.py
[2024-12-16T04:09:37.482+0000] {processor.py:925} INFO - DAG(s) 'first_dag' retrieved from /opt/airflow/dags/spark_airflow.py
[2024-12-16T04:09:37.504+0000] {logging_mixin.py:190} INFO - [2024-12-16T04:09:37.504+0000] {dag.py:3239} INFO - Sync 1 DAGs
[2024-12-16T04:09:37.521+0000] {logging_mixin.py:190} INFO - [2024-12-16T04:09:37.521+0000] {dag.py:4180} INFO - Setting next_dagrun for first_dag to 2024-12-16T00:00:00+00:00, run_after=2024-12-17T00:00:00+00:00
[2024-12-16T04:09:37.545+0000] {processor.py:208} INFO - Processing /opt/airflow/dags/spark_airflow.py took 0.093 seconds
[2024-12-16T04:09:38.031+0000] {processor.py:186} INFO - Started process (PID=2470) to work on /opt/airflow/dags/spark_airflow.py
[2024-12-16T04:09:38.032+0000] {processor.py:914} INFO - Processing file /opt/airflow/dags/spark_airflow.py for tasks to queue
[2024-12-16T04:09:38.034+0000] {logging_mixin.py:190} INFO - [2024-12-16T04:09:38.033+0000] {dagbag.py:588} INFO - Filling up the DagBag from /opt/airflow/dags/spark_airflow.py
[2024-12-16T04:09:38.052+0000] {processor.py:925} INFO - DAG(s) 'first_dag' retrieved from /opt/airflow/dags/spark_airflow.py
[2024-12-16T04:09:38.073+0000] {logging_mixin.py:190} INFO - [2024-12-16T04:09:38.073+0000] {dag.py:3239} INFO - Sync 1 DAGs
[2024-12-16T04:09:38.091+0000] {logging_mixin.py:190} INFO - [2024-12-16T04:09:38.090+0000] {dag.py:4180} INFO - Setting next_dagrun for first_dag to 2024-12-16T00:00:00+00:00, run_after=2024-12-17T00:00:00+00:00
[2024-12-16T04:09:38.112+0000] {processor.py:208} INFO - Processing /opt/airflow/dags/spark_airflow.py took 0.085 seconds
[2024-12-16T04:10:07.840+0000] {processor.py:186} INFO - Started process (PID=2475) to work on /opt/airflow/dags/spark_airflow.py
[2024-12-16T04:10:07.841+0000] {processor.py:914} INFO - Processing file /opt/airflow/dags/spark_airflow.py for tasks to queue
[2024-12-16T04:10:07.843+0000] {logging_mixin.py:190} INFO - [2024-12-16T04:10:07.842+0000] {dagbag.py:588} INFO - Filling up the DagBag from /opt/airflow/dags/spark_airflow.py
[2024-12-16T04:10:07.876+0000] {processor.py:925} INFO - DAG(s) 'first_dag' retrieved from /opt/airflow/dags/spark_airflow.py
[2024-12-16T04:10:07.899+0000] {logging_mixin.py:190} INFO - [2024-12-16T04:10:07.899+0000] {dag.py:3239} INFO - Sync 1 DAGs
[2024-12-16T04:10:07.918+0000] {logging_mixin.py:190} INFO - [2024-12-16T04:10:07.917+0000] {dag.py:4180} INFO - Setting next_dagrun for first_dag to 2024-12-16T00:00:00+00:00, run_after=2024-12-17T00:00:00+00:00
[2024-12-16T04:10:07.940+0000] {processor.py:208} INFO - Processing /opt/airflow/dags/spark_airflow.py took 0.105 seconds
[2024-12-16T04:10:08.354+0000] {processor.py:186} INFO - Started process (PID=2480) to work on /opt/airflow/dags/spark_airflow.py
[2024-12-16T04:10:08.355+0000] {processor.py:914} INFO - Processing file /opt/airflow/dags/spark_airflow.py for tasks to queue
[2024-12-16T04:10:08.356+0000] {logging_mixin.py:190} INFO - [2024-12-16T04:10:08.356+0000] {dagbag.py:588} INFO - Filling up the DagBag from /opt/airflow/dags/spark_airflow.py
[2024-12-16T04:10:08.384+0000] {processor.py:925} INFO - DAG(s) 'first_dag' retrieved from /opt/airflow/dags/spark_airflow.py
[2024-12-16T04:10:08.417+0000] {logging_mixin.py:190} INFO - [2024-12-16T04:10:08.417+0000] {dag.py:3239} INFO - Sync 1 DAGs
[2024-12-16T04:10:08.445+0000] {logging_mixin.py:190} INFO - [2024-12-16T04:10:08.445+0000] {dag.py:4180} INFO - Setting next_dagrun for first_dag to 2024-12-16T00:00:00+00:00, run_after=2024-12-17T00:00:00+00:00
[2024-12-16T04:10:08.470+0000] {processor.py:208} INFO - Processing /opt/airflow/dags/spark_airflow.py took 0.121 seconds
[2024-12-16T04:10:38.156+0000] {processor.py:186} INFO - Started process (PID=2485) to work on /opt/airflow/dags/spark_airflow.py
[2024-12-16T04:10:38.156+0000] {processor.py:914} INFO - Processing file /opt/airflow/dags/spark_airflow.py for tasks to queue
[2024-12-16T04:10:38.157+0000] {logging_mixin.py:190} INFO - [2024-12-16T04:10:38.157+0000] {dagbag.py:588} INFO - Filling up the DagBag from /opt/airflow/dags/spark_airflow.py
[2024-12-16T04:10:38.172+0000] {processor.py:925} INFO - DAG(s) 'first_dag' retrieved from /opt/airflow/dags/spark_airflow.py
[2024-12-16T04:10:38.195+0000] {logging_mixin.py:190} INFO - [2024-12-16T04:10:38.195+0000] {dag.py:3239} INFO - Sync 1 DAGs
[2024-12-16T04:10:38.213+0000] {logging_mixin.py:190} INFO - [2024-12-16T04:10:38.213+0000] {dag.py:4180} INFO - Setting next_dagrun for first_dag to 2024-12-16T00:00:00+00:00, run_after=2024-12-17T00:00:00+00:00
[2024-12-16T04:10:38.235+0000] {processor.py:208} INFO - Processing /opt/airflow/dags/spark_airflow.py took 0.084 seconds
[2024-12-16T04:10:38.692+0000] {processor.py:186} INFO - Started process (PID=2490) to work on /opt/airflow/dags/spark_airflow.py
[2024-12-16T04:10:38.693+0000] {processor.py:914} INFO - Processing file /opt/airflow/dags/spark_airflow.py for tasks to queue
[2024-12-16T04:10:38.695+0000] {logging_mixin.py:190} INFO - [2024-12-16T04:10:38.695+0000] {dagbag.py:588} INFO - Filling up the DagBag from /opt/airflow/dags/spark_airflow.py
[2024-12-16T04:10:38.728+0000] {processor.py:925} INFO - DAG(s) 'first_dag' retrieved from /opt/airflow/dags/spark_airflow.py
[2024-12-16T04:10:38.752+0000] {logging_mixin.py:190} INFO - [2024-12-16T04:10:38.752+0000] {dag.py:3239} INFO - Sync 1 DAGs
[2024-12-16T04:10:38.770+0000] {logging_mixin.py:190} INFO - [2024-12-16T04:10:38.770+0000] {dag.py:4180} INFO - Setting next_dagrun for first_dag to 2024-12-16T00:00:00+00:00, run_after=2024-12-17T00:00:00+00:00
[2024-12-16T04:10:38.786+0000] {processor.py:208} INFO - Processing /opt/airflow/dags/spark_airflow.py took 0.100 seconds
[2024-12-16T04:11:08.466+0000] {processor.py:186} INFO - Started process (PID=2495) to work on /opt/airflow/dags/spark_airflow.py
[2024-12-16T04:11:08.467+0000] {processor.py:914} INFO - Processing file /opt/airflow/dags/spark_airflow.py for tasks to queue
[2024-12-16T04:11:08.469+0000] {logging_mixin.py:190} INFO - [2024-12-16T04:11:08.468+0000] {dagbag.py:588} INFO - Filling up the DagBag from /opt/airflow/dags/spark_airflow.py
[2024-12-16T04:11:08.492+0000] {processor.py:925} INFO - DAG(s) 'first_dag' retrieved from /opt/airflow/dags/spark_airflow.py
[2024-12-16T04:11:08.517+0000] {logging_mixin.py:190} INFO - [2024-12-16T04:11:08.517+0000] {dag.py:3239} INFO - Sync 1 DAGs
[2024-12-16T04:11:08.540+0000] {logging_mixin.py:190} INFO - [2024-12-16T04:11:08.540+0000] {dag.py:4180} INFO - Setting next_dagrun for first_dag to 2024-12-16T00:00:00+00:00, run_after=2024-12-17T00:00:00+00:00
[2024-12-16T04:11:08.559+0000] {processor.py:208} INFO - Processing /opt/airflow/dags/spark_airflow.py took 0.098 seconds
[2024-12-16T04:11:08.957+0000] {processor.py:186} INFO - Started process (PID=2500) to work on /opt/airflow/dags/spark_airflow.py
[2024-12-16T04:11:08.958+0000] {processor.py:914} INFO - Processing file /opt/airflow/dags/spark_airflow.py for tasks to queue
[2024-12-16T04:11:08.959+0000] {logging_mixin.py:190} INFO - [2024-12-16T04:11:08.959+0000] {dagbag.py:588} INFO - Filling up the DagBag from /opt/airflow/dags/spark_airflow.py
[2024-12-16T04:11:08.979+0000] {processor.py:925} INFO - DAG(s) 'first_dag' retrieved from /opt/airflow/dags/spark_airflow.py
[2024-12-16T04:11:09.006+0000] {logging_mixin.py:190} INFO - [2024-12-16T04:11:09.005+0000] {dag.py:3239} INFO - Sync 1 DAGs
[2024-12-16T04:11:09.030+0000] {logging_mixin.py:190} INFO - [2024-12-16T04:11:09.029+0000] {dag.py:4180} INFO - Setting next_dagrun for first_dag to 2024-12-16T00:00:00+00:00, run_after=2024-12-17T00:00:00+00:00
[2024-12-16T04:11:09.047+0000] {processor.py:208} INFO - Processing /opt/airflow/dags/spark_airflow.py took 0.096 seconds
[2024-12-16T04:11:38.676+0000] {processor.py:186} INFO - Started process (PID=2505) to work on /opt/airflow/dags/spark_airflow.py
[2024-12-16T04:11:38.677+0000] {processor.py:914} INFO - Processing file /opt/airflow/dags/spark_airflow.py for tasks to queue
[2024-12-16T04:11:38.678+0000] {logging_mixin.py:190} INFO - [2024-12-16T04:11:38.678+0000] {dagbag.py:588} INFO - Filling up the DagBag from /opt/airflow/dags/spark_airflow.py
[2024-12-16T04:11:38.697+0000] {processor.py:925} INFO - DAG(s) 'first_dag' retrieved from /opt/airflow/dags/spark_airflow.py
[2024-12-16T04:11:38.722+0000] {logging_mixin.py:190} INFO - [2024-12-16T04:11:38.722+0000] {dag.py:3239} INFO - Sync 1 DAGs
[2024-12-16T04:11:38.745+0000] {logging_mixin.py:190} INFO - [2024-12-16T04:11:38.745+0000] {dag.py:4180} INFO - Setting next_dagrun for first_dag to 2024-12-16T00:00:00+00:00, run_after=2024-12-17T00:00:00+00:00
[2024-12-16T04:11:38.768+0000] {processor.py:208} INFO - Processing /opt/airflow/dags/spark_airflow.py took 0.097 seconds
[2024-12-16T04:11:39.198+0000] {processor.py:186} INFO - Started process (PID=2510) to work on /opt/airflow/dags/spark_airflow.py
[2024-12-16T04:11:39.199+0000] {processor.py:914} INFO - Processing file /opt/airflow/dags/spark_airflow.py for tasks to queue
[2024-12-16T04:11:39.200+0000] {logging_mixin.py:190} INFO - [2024-12-16T04:11:39.200+0000] {dagbag.py:588} INFO - Filling up the DagBag from /opt/airflow/dags/spark_airflow.py
[2024-12-16T04:11:39.219+0000] {processor.py:925} INFO - DAG(s) 'first_dag' retrieved from /opt/airflow/dags/spark_airflow.py
[2024-12-16T04:11:39.243+0000] {logging_mixin.py:190} INFO - [2024-12-16T04:11:39.243+0000] {dag.py:3239} INFO - Sync 1 DAGs
[2024-12-16T04:11:39.264+0000] {logging_mixin.py:190} INFO - [2024-12-16T04:11:39.264+0000] {dag.py:4180} INFO - Setting next_dagrun for first_dag to 2024-12-16T00:00:00+00:00, run_after=2024-12-17T00:00:00+00:00
[2024-12-16T04:11:39.289+0000] {processor.py:208} INFO - Processing /opt/airflow/dags/spark_airflow.py took 0.095 seconds
[2024-12-16T04:12:09.019+0000] {processor.py:186} INFO - Started process (PID=2515) to work on /opt/airflow/dags/spark_airflow.py
[2024-12-16T04:12:09.020+0000] {processor.py:914} INFO - Processing file /opt/airflow/dags/spark_airflow.py for tasks to queue
[2024-12-16T04:12:09.021+0000] {logging_mixin.py:190} INFO - [2024-12-16T04:12:09.021+0000] {dagbag.py:588} INFO - Filling up the DagBag from /opt/airflow/dags/spark_airflow.py
[2024-12-16T04:12:09.043+0000] {processor.py:925} INFO - DAG(s) 'first_dag' retrieved from /opt/airflow/dags/spark_airflow.py
[2024-12-16T04:12:09.064+0000] {logging_mixin.py:190} INFO - [2024-12-16T04:12:09.063+0000] {dag.py:3239} INFO - Sync 1 DAGs
[2024-12-16T04:12:09.080+0000] {logging_mixin.py:190} INFO - [2024-12-16T04:12:09.080+0000] {dag.py:4180} INFO - Setting next_dagrun for first_dag to 2024-12-16T00:00:00+00:00, run_after=2024-12-17T00:00:00+00:00
[2024-12-16T04:12:09.102+0000] {processor.py:208} INFO - Processing /opt/airflow/dags/spark_airflow.py took 0.087 seconds
[2024-12-16T04:12:09.502+0000] {processor.py:186} INFO - Started process (PID=2520) to work on /opt/airflow/dags/spark_airflow.py
[2024-12-16T04:12:09.503+0000] {processor.py:914} INFO - Processing file /opt/airflow/dags/spark_airflow.py for tasks to queue
[2024-12-16T04:12:09.504+0000] {logging_mixin.py:190} INFO - [2024-12-16T04:12:09.504+0000] {dagbag.py:588} INFO - Filling up the DagBag from /opt/airflow/dags/spark_airflow.py
[2024-12-16T04:12:09.523+0000] {processor.py:925} INFO - DAG(s) 'first_dag' retrieved from /opt/airflow/dags/spark_airflow.py
[2024-12-16T04:12:09.544+0000] {logging_mixin.py:190} INFO - [2024-12-16T04:12:09.544+0000] {dag.py:3239} INFO - Sync 1 DAGs
[2024-12-16T04:12:09.564+0000] {logging_mixin.py:190} INFO - [2024-12-16T04:12:09.564+0000] {dag.py:4180} INFO - Setting next_dagrun for first_dag to 2024-12-16T00:00:00+00:00, run_after=2024-12-17T00:00:00+00:00
[2024-12-16T04:12:09.586+0000] {processor.py:208} INFO - Processing /opt/airflow/dags/spark_airflow.py took 0.088 seconds
[2024-12-16T04:12:39.328+0000] {processor.py:186} INFO - Started process (PID=2525) to work on /opt/airflow/dags/spark_airflow.py
[2024-12-16T04:12:39.328+0000] {processor.py:914} INFO - Processing file /opt/airflow/dags/spark_airflow.py for tasks to queue
[2024-12-16T04:12:39.329+0000] {logging_mixin.py:190} INFO - [2024-12-16T04:12:39.329+0000] {dagbag.py:588} INFO - Filling up the DagBag from /opt/airflow/dags/spark_airflow.py
[2024-12-16T04:12:39.346+0000] {processor.py:925} INFO - DAG(s) 'first_dag' retrieved from /opt/airflow/dags/spark_airflow.py
[2024-12-16T04:12:39.367+0000] {logging_mixin.py:190} INFO - [2024-12-16T04:12:39.367+0000] {dag.py:3239} INFO - Sync 1 DAGs
[2024-12-16T04:12:39.385+0000] {logging_mixin.py:190} INFO - [2024-12-16T04:12:39.385+0000] {dag.py:4180} INFO - Setting next_dagrun for first_dag to 2024-12-16T00:00:00+00:00, run_after=2024-12-17T00:00:00+00:00
[2024-12-16T04:12:39.408+0000] {processor.py:208} INFO - Processing /opt/airflow/dags/spark_airflow.py took 0.086 seconds
[2024-12-16T04:12:39.792+0000] {processor.py:186} INFO - Started process (PID=2530) to work on /opt/airflow/dags/spark_airflow.py
[2024-12-16T04:12:39.793+0000] {processor.py:914} INFO - Processing file /opt/airflow/dags/spark_airflow.py for tasks to queue
[2024-12-16T04:12:39.794+0000] {logging_mixin.py:190} INFO - [2024-12-16T04:12:39.794+0000] {dagbag.py:588} INFO - Filling up the DagBag from /opt/airflow/dags/spark_airflow.py
[2024-12-16T04:12:39.813+0000] {processor.py:925} INFO - DAG(s) 'first_dag' retrieved from /opt/airflow/dags/spark_airflow.py
[2024-12-16T04:12:39.835+0000] {logging_mixin.py:190} INFO - [2024-12-16T04:12:39.834+0000] {dag.py:3239} INFO - Sync 1 DAGs
[2024-12-16T04:12:39.851+0000] {logging_mixin.py:190} INFO - [2024-12-16T04:12:39.851+0000] {dag.py:4180} INFO - Setting next_dagrun for first_dag to 2024-12-16T00:00:00+00:00, run_after=2024-12-17T00:00:00+00:00
[2024-12-16T04:12:39.872+0000] {processor.py:208} INFO - Processing /opt/airflow/dags/spark_airflow.py took 0.085 seconds
[2024-12-16T04:13:09.727+0000] {processor.py:186} INFO - Started process (PID=2535) to work on /opt/airflow/dags/spark_airflow.py
[2024-12-16T04:13:09.728+0000] {processor.py:914} INFO - Processing file /opt/airflow/dags/spark_airflow.py for tasks to queue
[2024-12-16T04:13:09.729+0000] {logging_mixin.py:190} INFO - [2024-12-16T04:13:09.729+0000] {dagbag.py:588} INFO - Filling up the DagBag from /opt/airflow/dags/spark_airflow.py
[2024-12-16T04:13:09.749+0000] {processor.py:925} INFO - DAG(s) 'first_dag' retrieved from /opt/airflow/dags/spark_airflow.py
[2024-12-16T04:13:09.769+0000] {logging_mixin.py:190} INFO - [2024-12-16T04:13:09.769+0000] {dag.py:3239} INFO - Sync 1 DAGs
[2024-12-16T04:13:09.786+0000] {logging_mixin.py:190} INFO - [2024-12-16T04:13:09.786+0000] {dag.py:4180} INFO - Setting next_dagrun for first_dag to 2024-12-16T00:00:00+00:00, run_after=2024-12-17T00:00:00+00:00
[2024-12-16T04:13:09.808+0000] {processor.py:208} INFO - Processing /opt/airflow/dags/spark_airflow.py took 0.084 seconds
[2024-12-16T04:13:10.172+0000] {processor.py:186} INFO - Started process (PID=2540) to work on /opt/airflow/dags/spark_airflow.py
[2024-12-16T04:13:10.173+0000] {processor.py:914} INFO - Processing file /opt/airflow/dags/spark_airflow.py for tasks to queue
[2024-12-16T04:13:10.174+0000] {logging_mixin.py:190} INFO - [2024-12-16T04:13:10.174+0000] {dagbag.py:588} INFO - Filling up the DagBag from /opt/airflow/dags/spark_airflow.py
[2024-12-16T04:13:10.192+0000] {processor.py:925} INFO - DAG(s) 'first_dag' retrieved from /opt/airflow/dags/spark_airflow.py
[2024-12-16T04:13:10.212+0000] {logging_mixin.py:190} INFO - [2024-12-16T04:13:10.212+0000] {dag.py:3239} INFO - Sync 1 DAGs
[2024-12-16T04:13:10.229+0000] {logging_mixin.py:190} INFO - [2024-12-16T04:13:10.229+0000] {dag.py:4180} INFO - Setting next_dagrun for first_dag to 2024-12-16T00:00:00+00:00, run_after=2024-12-17T00:00:00+00:00
[2024-12-16T04:13:10.250+0000] {processor.py:208} INFO - Processing /opt/airflow/dags/spark_airflow.py took 0.083 seconds
[2024-12-16T04:13:40.006+0000] {processor.py:186} INFO - Started process (PID=2545) to work on /opt/airflow/dags/spark_airflow.py
[2024-12-16T04:13:40.006+0000] {processor.py:914} INFO - Processing file /opt/airflow/dags/spark_airflow.py for tasks to queue
[2024-12-16T04:13:40.007+0000] {logging_mixin.py:190} INFO - [2024-12-16T04:13:40.007+0000] {dagbag.py:588} INFO - Filling up the DagBag from /opt/airflow/dags/spark_airflow.py
[2024-12-16T04:13:40.028+0000] {processor.py:925} INFO - DAG(s) 'first_dag' retrieved from /opt/airflow/dags/spark_airflow.py
[2024-12-16T04:13:40.053+0000] {logging_mixin.py:190} INFO - [2024-12-16T04:13:40.052+0000] {dag.py:3239} INFO - Sync 1 DAGs
[2024-12-16T04:13:40.072+0000] {logging_mixin.py:190} INFO - [2024-12-16T04:13:40.071+0000] {dag.py:4180} INFO - Setting next_dagrun for first_dag to 2024-12-16T00:00:00+00:00, run_after=2024-12-17T00:00:00+00:00
[2024-12-16T04:13:40.089+0000] {processor.py:208} INFO - Processing /opt/airflow/dags/spark_airflow.py took 0.088 seconds
[2024-12-16T04:13:40.469+0000] {processor.py:186} INFO - Started process (PID=2550) to work on /opt/airflow/dags/spark_airflow.py
[2024-12-16T04:13:40.470+0000] {processor.py:914} INFO - Processing file /opt/airflow/dags/spark_airflow.py for tasks to queue
[2024-12-16T04:13:40.471+0000] {logging_mixin.py:190} INFO - [2024-12-16T04:13:40.471+0000] {dagbag.py:588} INFO - Filling up the DagBag from /opt/airflow/dags/spark_airflow.py
[2024-12-16T04:13:40.495+0000] {processor.py:925} INFO - DAG(s) 'first_dag' retrieved from /opt/airflow/dags/spark_airflow.py
[2024-12-16T04:13:40.528+0000] {logging_mixin.py:190} INFO - [2024-12-16T04:13:40.528+0000] {dag.py:3239} INFO - Sync 1 DAGs
[2024-12-16T04:13:40.556+0000] {logging_mixin.py:190} INFO - [2024-12-16T04:13:40.556+0000] {dag.py:4180} INFO - Setting next_dagrun for first_dag to 2024-12-16T00:00:00+00:00, run_after=2024-12-17T00:00:00+00:00
[2024-12-16T04:13:40.577+0000] {processor.py:208} INFO - Processing /opt/airflow/dags/spark_airflow.py took 0.112 seconds
[2024-12-16T04:14:10.397+0000] {processor.py:186} INFO - Started process (PID=2555) to work on /opt/airflow/dags/spark_airflow.py
[2024-12-16T04:14:10.398+0000] {processor.py:914} INFO - Processing file /opt/airflow/dags/spark_airflow.py for tasks to queue
[2024-12-16T04:14:10.399+0000] {logging_mixin.py:190} INFO - [2024-12-16T04:14:10.399+0000] {dagbag.py:588} INFO - Filling up the DagBag from /opt/airflow/dags/spark_airflow.py
[2024-12-16T04:14:10.421+0000] {processor.py:925} INFO - DAG(s) 'first_dag' retrieved from /opt/airflow/dags/spark_airflow.py
[2024-12-16T04:14:10.446+0000] {logging_mixin.py:190} INFO - [2024-12-16T04:14:10.446+0000] {dag.py:3239} INFO - Sync 1 DAGs
[2024-12-16T04:14:10.468+0000] {logging_mixin.py:190} INFO - [2024-12-16T04:14:10.468+0000] {dag.py:4180} INFO - Setting next_dagrun for first_dag to 2024-12-16T00:00:00+00:00, run_after=2024-12-17T00:00:00+00:00
[2024-12-16T04:14:10.491+0000] {processor.py:208} INFO - Processing /opt/airflow/dags/spark_airflow.py took 0.099 seconds
[2024-12-16T04:14:10.807+0000] {processor.py:186} INFO - Started process (PID=2560) to work on /opt/airflow/dags/spark_airflow.py
[2024-12-16T04:14:10.808+0000] {processor.py:914} INFO - Processing file /opt/airflow/dags/spark_airflow.py for tasks to queue
[2024-12-16T04:14:10.810+0000] {logging_mixin.py:190} INFO - [2024-12-16T04:14:10.810+0000] {dagbag.py:588} INFO - Filling up the DagBag from /opt/airflow/dags/spark_airflow.py
[2024-12-16T04:14:10.833+0000] {processor.py:925} INFO - DAG(s) 'first_dag' retrieved from /opt/airflow/dags/spark_airflow.py
[2024-12-16T04:14:10.858+0000] {logging_mixin.py:190} INFO - [2024-12-16T04:14:10.858+0000] {dag.py:3239} INFO - Sync 1 DAGs
[2024-12-16T04:14:10.879+0000] {logging_mixin.py:190} INFO - [2024-12-16T04:14:10.878+0000] {dag.py:4180} INFO - Setting next_dagrun for first_dag to 2024-12-16T00:00:00+00:00, run_after=2024-12-17T00:00:00+00:00
[2024-12-16T04:14:10.905+0000] {processor.py:208} INFO - Processing /opt/airflow/dags/spark_airflow.py took 0.103 seconds
[2024-12-16T04:14:40.696+0000] {processor.py:186} INFO - Started process (PID=2565) to work on /opt/airflow/dags/spark_airflow.py
[2024-12-16T04:14:40.697+0000] {processor.py:914} INFO - Processing file /opt/airflow/dags/spark_airflow.py for tasks to queue
[2024-12-16T04:14:40.698+0000] {logging_mixin.py:190} INFO - [2024-12-16T04:14:40.698+0000] {dagbag.py:588} INFO - Filling up the DagBag from /opt/airflow/dags/spark_airflow.py
[2024-12-16T04:14:40.727+0000] {processor.py:925} INFO - DAG(s) 'first_dag' retrieved from /opt/airflow/dags/spark_airflow.py
[2024-12-16T04:14:40.753+0000] {logging_mixin.py:190} INFO - [2024-12-16T04:14:40.753+0000] {dag.py:3239} INFO - Sync 1 DAGs
[2024-12-16T04:14:40.776+0000] {logging_mixin.py:190} INFO - [2024-12-16T04:14:40.775+0000] {dag.py:4180} INFO - Setting next_dagrun for first_dag to 2024-12-16T00:00:00+00:00, run_after=2024-12-17T00:00:00+00:00
[2024-12-16T04:14:40.798+0000] {processor.py:208} INFO - Processing /opt/airflow/dags/spark_airflow.py took 0.107 seconds
[2024-12-16T04:14:41.139+0000] {processor.py:186} INFO - Started process (PID=2570) to work on /opt/airflow/dags/spark_airflow.py
[2024-12-16T04:14:41.139+0000] {processor.py:914} INFO - Processing file /opt/airflow/dags/spark_airflow.py for tasks to queue
[2024-12-16T04:14:41.140+0000] {logging_mixin.py:190} INFO - [2024-12-16T04:14:41.140+0000] {dagbag.py:588} INFO - Filling up the DagBag from /opt/airflow/dags/spark_airflow.py
[2024-12-16T04:14:41.155+0000] {processor.py:925} INFO - DAG(s) 'first_dag' retrieved from /opt/airflow/dags/spark_airflow.py
[2024-12-16T04:14:41.179+0000] {logging_mixin.py:190} INFO - [2024-12-16T04:14:41.178+0000] {dag.py:3239} INFO - Sync 1 DAGs
[2024-12-16T04:14:41.201+0000] {logging_mixin.py:190} INFO - [2024-12-16T04:14:41.201+0000] {dag.py:4180} INFO - Setting next_dagrun for first_dag to 2024-12-16T00:00:00+00:00, run_after=2024-12-17T00:00:00+00:00
[2024-12-16T04:14:41.221+0000] {processor.py:208} INFO - Processing /opt/airflow/dags/spark_airflow.py took 0.087 seconds
[2024-12-16T04:15:10.983+0000] {processor.py:186} INFO - Started process (PID=2575) to work on /opt/airflow/dags/spark_airflow.py
[2024-12-16T04:15:10.984+0000] {processor.py:914} INFO - Processing file /opt/airflow/dags/spark_airflow.py for tasks to queue
[2024-12-16T04:15:10.986+0000] {logging_mixin.py:190} INFO - [2024-12-16T04:15:10.986+0000] {dagbag.py:588} INFO - Filling up the DagBag from /opt/airflow/dags/spark_airflow.py
[2024-12-16T04:15:11.011+0000] {processor.py:925} INFO - DAG(s) 'first_dag' retrieved from /opt/airflow/dags/spark_airflow.py
[2024-12-16T04:15:11.037+0000] {logging_mixin.py:190} INFO - [2024-12-16T04:15:11.036+0000] {dag.py:3239} INFO - Sync 1 DAGs
[2024-12-16T04:15:11.057+0000] {logging_mixin.py:190} INFO - [2024-12-16T04:15:11.056+0000] {dag.py:4180} INFO - Setting next_dagrun for first_dag to 2024-12-16T00:00:00+00:00, run_after=2024-12-17T00:00:00+00:00
[2024-12-16T04:15:11.078+0000] {processor.py:208} INFO - Processing /opt/airflow/dags/spark_airflow.py took 0.100 seconds
[2024-12-16T04:15:11.506+0000] {processor.py:186} INFO - Started process (PID=2580) to work on /opt/airflow/dags/spark_airflow.py
[2024-12-16T04:15:11.507+0000] {processor.py:914} INFO - Processing file /opt/airflow/dags/spark_airflow.py for tasks to queue
[2024-12-16T04:15:11.508+0000] {logging_mixin.py:190} INFO - [2024-12-16T04:15:11.508+0000] {dagbag.py:588} INFO - Filling up the DagBag from /opt/airflow/dags/spark_airflow.py
[2024-12-16T04:15:11.529+0000] {processor.py:925} INFO - DAG(s) 'first_dag' retrieved from /opt/airflow/dags/spark_airflow.py
[2024-12-16T04:15:11.550+0000] {logging_mixin.py:190} INFO - [2024-12-16T04:15:11.550+0000] {dag.py:3239} INFO - Sync 1 DAGs
[2024-12-16T04:15:11.568+0000] {logging_mixin.py:190} INFO - [2024-12-16T04:15:11.568+0000] {dag.py:4180} INFO - Setting next_dagrun for first_dag to 2024-12-16T00:00:00+00:00, run_after=2024-12-17T00:00:00+00:00
[2024-12-16T04:15:11.588+0000] {processor.py:208} INFO - Processing /opt/airflow/dags/spark_airflow.py took 0.086 seconds
[2024-12-16T04:15:41.395+0000] {processor.py:186} INFO - Started process (PID=2585) to work on /opt/airflow/dags/spark_airflow.py
[2024-12-16T04:15:41.396+0000] {processor.py:914} INFO - Processing file /opt/airflow/dags/spark_airflow.py for tasks to queue
[2024-12-16T04:15:41.397+0000] {logging_mixin.py:190} INFO - [2024-12-16T04:15:41.397+0000] {dagbag.py:588} INFO - Filling up the DagBag from /opt/airflow/dags/spark_airflow.py
[2024-12-16T04:15:41.414+0000] {processor.py:925} INFO - DAG(s) 'first_dag' retrieved from /opt/airflow/dags/spark_airflow.py
[2024-12-16T04:15:41.440+0000] {logging_mixin.py:190} INFO - [2024-12-16T04:15:41.439+0000] {dag.py:3239} INFO - Sync 1 DAGs
[2024-12-16T04:15:41.465+0000] {logging_mixin.py:190} INFO - [2024-12-16T04:15:41.465+0000] {dag.py:4180} INFO - Setting next_dagrun for first_dag to 2024-12-16T00:00:00+00:00, run_after=2024-12-17T00:00:00+00:00
[2024-12-16T04:15:41.490+0000] {processor.py:208} INFO - Processing /opt/airflow/dags/spark_airflow.py took 0.099 seconds
[2024-12-16T04:15:41.824+0000] {processor.py:186} INFO - Started process (PID=2590) to work on /opt/airflow/dags/spark_airflow.py
[2024-12-16T04:15:41.825+0000] {processor.py:914} INFO - Processing file /opt/airflow/dags/spark_airflow.py for tasks to queue
[2024-12-16T04:15:41.826+0000] {logging_mixin.py:190} INFO - [2024-12-16T04:15:41.826+0000] {dagbag.py:588} INFO - Filling up the DagBag from /opt/airflow/dags/spark_airflow.py
[2024-12-16T04:15:41.846+0000] {processor.py:925} INFO - DAG(s) 'first_dag' retrieved from /opt/airflow/dags/spark_airflow.py
[2024-12-16T04:15:41.873+0000] {logging_mixin.py:190} INFO - [2024-12-16T04:15:41.873+0000] {dag.py:3239} INFO - Sync 1 DAGs
[2024-12-16T04:15:41.898+0000] {logging_mixin.py:190} INFO - [2024-12-16T04:15:41.898+0000] {dag.py:4180} INFO - Setting next_dagrun for first_dag to 2024-12-16T00:00:00+00:00, run_after=2024-12-17T00:00:00+00:00
[2024-12-16T04:15:41.920+0000] {processor.py:208} INFO - Processing /opt/airflow/dags/spark_airflow.py took 0.103 seconds
[2024-12-16T04:16:11.760+0000] {processor.py:186} INFO - Started process (PID=2595) to work on /opt/airflow/dags/spark_airflow.py
[2024-12-16T04:16:11.761+0000] {processor.py:914} INFO - Processing file /opt/airflow/dags/spark_airflow.py for tasks to queue
[2024-12-16T04:16:11.762+0000] {logging_mixin.py:190} INFO - [2024-12-16T04:16:11.762+0000] {dagbag.py:588} INFO - Filling up the DagBag from /opt/airflow/dags/spark_airflow.py
[2024-12-16T04:16:11.790+0000] {processor.py:925} INFO - DAG(s) 'first_dag' retrieved from /opt/airflow/dags/spark_airflow.py
[2024-12-16T04:16:11.812+0000] {logging_mixin.py:190} INFO - [2024-12-16T04:16:11.812+0000] {dag.py:3239} INFO - Sync 1 DAGs
[2024-12-16T04:16:11.829+0000] {logging_mixin.py:190} INFO - [2024-12-16T04:16:11.829+0000] {dag.py:4180} INFO - Setting next_dagrun for first_dag to 2024-12-16T00:00:00+00:00, run_after=2024-12-17T00:00:00+00:00
[2024-12-16T04:16:11.849+0000] {processor.py:208} INFO - Processing /opt/airflow/dags/spark_airflow.py took 0.093 seconds
[2024-12-16T04:16:12.186+0000] {processor.py:186} INFO - Started process (PID=2600) to work on /opt/airflow/dags/spark_airflow.py
[2024-12-16T04:16:12.187+0000] {processor.py:914} INFO - Processing file /opt/airflow/dags/spark_airflow.py for tasks to queue
[2024-12-16T04:16:12.189+0000] {logging_mixin.py:190} INFO - [2024-12-16T04:16:12.189+0000] {dagbag.py:588} INFO - Filling up the DagBag from /opt/airflow/dags/spark_airflow.py
[2024-12-16T04:16:12.219+0000] {processor.py:925} INFO - DAG(s) 'first_dag' retrieved from /opt/airflow/dags/spark_airflow.py
[2024-12-16T04:16:12.252+0000] {logging_mixin.py:190} INFO - [2024-12-16T04:16:12.252+0000] {dag.py:3239} INFO - Sync 1 DAGs
[2024-12-16T04:16:12.272+0000] {logging_mixin.py:190} INFO - [2024-12-16T04:16:12.272+0000] {dag.py:4180} INFO - Setting next_dagrun for first_dag to 2024-12-16T00:00:00+00:00, run_after=2024-12-17T00:00:00+00:00
[2024-12-16T04:16:12.296+0000] {processor.py:208} INFO - Processing /opt/airflow/dags/spark_airflow.py took 0.118 seconds
[2024-12-16T04:16:42.114+0000] {processor.py:186} INFO - Started process (PID=2605) to work on /opt/airflow/dags/spark_airflow.py
[2024-12-16T04:16:42.116+0000] {processor.py:914} INFO - Processing file /opt/airflow/dags/spark_airflow.py for tasks to queue
[2024-12-16T04:16:42.118+0000] {logging_mixin.py:190} INFO - [2024-12-16T04:16:42.117+0000] {dagbag.py:588} INFO - Filling up the DagBag from /opt/airflow/dags/spark_airflow.py
[2024-12-16T04:16:42.178+0000] {processor.py:925} INFO - DAG(s) 'first_dag' retrieved from /opt/airflow/dags/spark_airflow.py
[2024-12-16T04:16:42.259+0000] {logging_mixin.py:190} INFO - [2024-12-16T04:16:42.259+0000] {dag.py:3239} INFO - Sync 1 DAGs
[2024-12-16T04:16:42.336+0000] {logging_mixin.py:190} INFO - [2024-12-16T04:16:42.327+0000] {dag.py:4180} INFO - Setting next_dagrun for first_dag to 2024-12-16T00:00:00+00:00, run_after=2024-12-17T00:00:00+00:00
[2024-12-16T04:16:42.370+0000] {processor.py:208} INFO - Processing /opt/airflow/dags/spark_airflow.py took 0.268 seconds
[2024-12-16T04:16:42.532+0000] {processor.py:186} INFO - Started process (PID=2610) to work on /opt/airflow/dags/spark_airflow.py
[2024-12-16T04:16:42.533+0000] {processor.py:914} INFO - Processing file /opt/airflow/dags/spark_airflow.py for tasks to queue
[2024-12-16T04:16:42.535+0000] {logging_mixin.py:190} INFO - [2024-12-16T04:16:42.535+0000] {dagbag.py:588} INFO - Filling up the DagBag from /opt/airflow/dags/spark_airflow.py
[2024-12-16T04:16:42.553+0000] {processor.py:925} INFO - DAG(s) 'first_dag' retrieved from /opt/airflow/dags/spark_airflow.py
[2024-12-16T04:16:42.579+0000] {logging_mixin.py:190} INFO - [2024-12-16T04:16:42.579+0000] {dag.py:3239} INFO - Sync 1 DAGs
[2024-12-16T04:16:42.608+0000] {logging_mixin.py:190} INFO - [2024-12-16T04:16:42.608+0000] {dag.py:4180} INFO - Setting next_dagrun for first_dag to 2024-12-16T00:00:00+00:00, run_after=2024-12-17T00:00:00+00:00
[2024-12-16T04:16:42.634+0000] {processor.py:208} INFO - Processing /opt/airflow/dags/spark_airflow.py took 0.107 seconds
[2024-12-16T04:53:49.584+0000] {processor.py:186} INFO - Started process (PID=2615) to work on /opt/airflow/dags/spark_airflow.py
[2024-12-16T04:53:49.585+0000] {processor.py:914} INFO - Processing file /opt/airflow/dags/spark_airflow.py for tasks to queue
[2024-12-16T04:53:49.588+0000] {logging_mixin.py:190} INFO - [2024-12-16T04:53:49.588+0000] {dagbag.py:588} INFO - Filling up the DagBag from /opt/airflow/dags/spark_airflow.py
[2024-12-16T04:53:49.628+0000] {processor.py:925} INFO - DAG(s) 'first_dag' retrieved from /opt/airflow/dags/spark_airflow.py
[2024-12-16T04:53:49.688+0000] {logging_mixin.py:190} INFO - [2024-12-16T04:53:49.688+0000] {dag.py:3239} INFO - Sync 1 DAGs
[2024-12-16T04:53:49.763+0000] {logging_mixin.py:190} INFO - [2024-12-16T04:53:49.763+0000] {dag.py:4180} INFO - Setting next_dagrun for first_dag to 2024-12-16T00:00:00+00:00, run_after=2024-12-17T00:00:00+00:00
[2024-12-16T04:53:49.817+0000] {processor.py:208} INFO - Processing /opt/airflow/dags/spark_airflow.py took 0.250 seconds
[2024-12-16T04:53:50.021+0000] {processor.py:186} INFO - Started process (PID=2620) to work on /opt/airflow/dags/spark_airflow.py
[2024-12-16T04:53:50.023+0000] {processor.py:914} INFO - Processing file /opt/airflow/dags/spark_airflow.py for tasks to queue
[2024-12-16T04:53:50.030+0000] {logging_mixin.py:190} INFO - [2024-12-16T04:53:50.030+0000] {dagbag.py:588} INFO - Filling up the DagBag from /opt/airflow/dags/spark_airflow.py
[2024-12-16T04:53:50.070+0000] {processor.py:925} INFO - DAG(s) 'first_dag' retrieved from /opt/airflow/dags/spark_airflow.py
[2024-12-16T04:53:50.129+0000] {logging_mixin.py:190} INFO - [2024-12-16T04:53:50.129+0000] {dag.py:3239} INFO - Sync 1 DAGs
[2024-12-16T04:53:50.197+0000] {logging_mixin.py:190} INFO - [2024-12-16T04:53:50.196+0000] {dag.py:4180} INFO - Setting next_dagrun for first_dag to 2024-12-16T00:00:00+00:00, run_after=2024-12-17T00:00:00+00:00
[2024-12-16T04:53:50.229+0000] {processor.py:208} INFO - Processing /opt/airflow/dags/spark_airflow.py took 0.216 seconds
[2024-12-16T04:54:19.887+0000] {processor.py:186} INFO - Started process (PID=2627) to work on /opt/airflow/dags/spark_airflow.py
[2024-12-16T04:54:19.888+0000] {processor.py:914} INFO - Processing file /opt/airflow/dags/spark_airflow.py for tasks to queue
[2024-12-16T04:54:19.890+0000] {logging_mixin.py:190} INFO - [2024-12-16T04:54:19.889+0000] {dagbag.py:588} INFO - Filling up the DagBag from /opt/airflow/dags/spark_airflow.py
[2024-12-16T04:54:19.919+0000] {processor.py:925} INFO - DAG(s) 'first_dag' retrieved from /opt/airflow/dags/spark_airflow.py
[2024-12-16T04:54:19.951+0000] {logging_mixin.py:190} INFO - [2024-12-16T04:54:19.951+0000] {dag.py:3239} INFO - Sync 1 DAGs
[2024-12-16T04:54:19.979+0000] {logging_mixin.py:190} INFO - [2024-12-16T04:54:19.979+0000] {dag.py:4180} INFO - Setting next_dagrun for first_dag to 2024-12-16T00:00:00+00:00, run_after=2024-12-17T00:00:00+00:00
[2024-12-16T04:54:20.003+0000] {processor.py:208} INFO - Processing /opt/airflow/dags/spark_airflow.py took 0.124 seconds
[2024-12-16T04:54:20.323+0000] {processor.py:186} INFO - Started process (PID=2632) to work on /opt/airflow/dags/spark_airflow.py
[2024-12-16T04:54:20.324+0000] {processor.py:914} INFO - Processing file /opt/airflow/dags/spark_airflow.py for tasks to queue
[2024-12-16T04:54:20.325+0000] {logging_mixin.py:190} INFO - [2024-12-16T04:54:20.325+0000] {dagbag.py:588} INFO - Filling up the DagBag from /opt/airflow/dags/spark_airflow.py
[2024-12-16T04:54:20.358+0000] {processor.py:925} INFO - DAG(s) 'first_dag' retrieved from /opt/airflow/dags/spark_airflow.py
[2024-12-16T04:54:20.392+0000] {logging_mixin.py:190} INFO - [2024-12-16T04:54:20.391+0000] {dag.py:3239} INFO - Sync 1 DAGs
[2024-12-16T04:54:20.416+0000] {logging_mixin.py:190} INFO - [2024-12-16T04:54:20.416+0000] {dag.py:4180} INFO - Setting next_dagrun for first_dag to 2024-12-16T00:00:00+00:00, run_after=2024-12-17T00:00:00+00:00
[2024-12-16T04:54:20.439+0000] {processor.py:208} INFO - Processing /opt/airflow/dags/spark_airflow.py took 0.123 seconds
[2024-12-16T04:54:50.130+0000] {processor.py:186} INFO - Started process (PID=2637) to work on /opt/airflow/dags/spark_airflow.py
[2024-12-16T04:54:50.131+0000] {processor.py:914} INFO - Processing file /opt/airflow/dags/spark_airflow.py for tasks to queue
[2024-12-16T04:54:50.133+0000] {logging_mixin.py:190} INFO - [2024-12-16T04:54:50.133+0000] {dagbag.py:588} INFO - Filling up the DagBag from /opt/airflow/dags/spark_airflow.py
[2024-12-16T04:54:50.157+0000] {processor.py:925} INFO - DAG(s) 'first_dag' retrieved from /opt/airflow/dags/spark_airflow.py
[2024-12-16T04:54:50.180+0000] {logging_mixin.py:190} INFO - [2024-12-16T04:54:50.180+0000] {dag.py:3239} INFO - Sync 1 DAGs
[2024-12-16T04:54:50.201+0000] {logging_mixin.py:190} INFO - [2024-12-16T04:54:50.201+0000] {dag.py:4180} INFO - Setting next_dagrun for first_dag to 2024-12-16T00:00:00+00:00, run_after=2024-12-17T00:00:00+00:00
[2024-12-16T04:54:50.225+0000] {processor.py:208} INFO - Processing /opt/airflow/dags/spark_airflow.py took 0.099 seconds
[2024-12-16T04:54:50.605+0000] {processor.py:186} INFO - Started process (PID=2642) to work on /opt/airflow/dags/spark_airflow.py
[2024-12-16T04:54:50.607+0000] {processor.py:914} INFO - Processing file /opt/airflow/dags/spark_airflow.py for tasks to queue
[2024-12-16T04:54:50.608+0000] {logging_mixin.py:190} INFO - [2024-12-16T04:54:50.608+0000] {dagbag.py:588} INFO - Filling up the DagBag from /opt/airflow/dags/spark_airflow.py
[2024-12-16T04:54:50.632+0000] {processor.py:925} INFO - DAG(s) 'first_dag' retrieved from /opt/airflow/dags/spark_airflow.py
[2024-12-16T04:54:50.664+0000] {logging_mixin.py:190} INFO - [2024-12-16T04:54:50.664+0000] {dag.py:3239} INFO - Sync 1 DAGs
[2024-12-16T04:54:50.687+0000] {logging_mixin.py:190} INFO - [2024-12-16T04:54:50.687+0000] {dag.py:4180} INFO - Setting next_dagrun for first_dag to 2024-12-16T00:00:00+00:00, run_after=2024-12-17T00:00:00+00:00
[2024-12-16T04:54:50.706+0000] {processor.py:208} INFO - Processing /opt/airflow/dags/spark_airflow.py took 0.106 seconds
[2024-12-16T04:55:20.392+0000] {processor.py:186} INFO - Started process (PID=2647) to work on /opt/airflow/dags/spark_airflow.py
[2024-12-16T04:55:20.393+0000] {processor.py:914} INFO - Processing file /opt/airflow/dags/spark_airflow.py for tasks to queue
[2024-12-16T04:55:20.394+0000] {logging_mixin.py:190} INFO - [2024-12-16T04:55:20.393+0000] {dagbag.py:588} INFO - Filling up the DagBag from /opt/airflow/dags/spark_airflow.py
[2024-12-16T04:55:20.415+0000] {processor.py:925} INFO - DAG(s) 'first_dag' retrieved from /opt/airflow/dags/spark_airflow.py
[2024-12-16T04:55:20.436+0000] {logging_mixin.py:190} INFO - [2024-12-16T04:55:20.436+0000] {dag.py:3239} INFO - Sync 1 DAGs
[2024-12-16T04:55:20.455+0000] {logging_mixin.py:190} INFO - [2024-12-16T04:55:20.455+0000] {dag.py:4180} INFO - Setting next_dagrun for first_dag to 2024-12-16T00:00:00+00:00, run_after=2024-12-17T00:00:00+00:00
[2024-12-16T04:55:20.477+0000] {processor.py:208} INFO - Processing /opt/airflow/dags/spark_airflow.py took 0.089 seconds
[2024-12-16T04:55:20.934+0000] {processor.py:186} INFO - Started process (PID=2652) to work on /opt/airflow/dags/spark_airflow.py
[2024-12-16T04:55:20.935+0000] {processor.py:914} INFO - Processing file /opt/airflow/dags/spark_airflow.py for tasks to queue
[2024-12-16T04:55:20.936+0000] {logging_mixin.py:190} INFO - [2024-12-16T04:55:20.936+0000] {dagbag.py:588} INFO - Filling up the DagBag from /opt/airflow/dags/spark_airflow.py
[2024-12-16T04:55:20.959+0000] {processor.py:925} INFO - DAG(s) 'first_dag' retrieved from /opt/airflow/dags/spark_airflow.py
[2024-12-16T04:55:20.981+0000] {logging_mixin.py:190} INFO - [2024-12-16T04:55:20.981+0000] {dag.py:3239} INFO - Sync 1 DAGs
[2024-12-16T04:55:21.003+0000] {logging_mixin.py:190} INFO - [2024-12-16T04:55:21.002+0000] {dag.py:4180} INFO - Setting next_dagrun for first_dag to 2024-12-16T00:00:00+00:00, run_after=2024-12-17T00:00:00+00:00
[2024-12-16T04:55:21.025+0000] {processor.py:208} INFO - Processing /opt/airflow/dags/spark_airflow.py took 0.096 seconds
[2024-12-16T04:55:50.780+0000] {processor.py:186} INFO - Started process (PID=2657) to work on /opt/airflow/dags/spark_airflow.py
[2024-12-16T04:55:50.781+0000] {processor.py:914} INFO - Processing file /opt/airflow/dags/spark_airflow.py for tasks to queue
[2024-12-16T04:55:50.782+0000] {logging_mixin.py:190} INFO - [2024-12-16T04:55:50.782+0000] {dagbag.py:588} INFO - Filling up the DagBag from /opt/airflow/dags/spark_airflow.py
[2024-12-16T04:55:50.807+0000] {processor.py:925} INFO - DAG(s) 'first_dag' retrieved from /opt/airflow/dags/spark_airflow.py
[2024-12-16T04:55:50.835+0000] {logging_mixin.py:190} INFO - [2024-12-16T04:55:50.835+0000] {dag.py:3239} INFO - Sync 1 DAGs
[2024-12-16T04:55:50.864+0000] {logging_mixin.py:190} INFO - [2024-12-16T04:55:50.864+0000] {dag.py:4180} INFO - Setting next_dagrun for first_dag to 2024-12-16T00:00:00+00:00, run_after=2024-12-17T00:00:00+00:00
[2024-12-16T04:55:50.887+0000] {processor.py:208} INFO - Processing /opt/airflow/dags/spark_airflow.py took 0.111 seconds
[2024-12-16T04:55:51.204+0000] {processor.py:186} INFO - Started process (PID=2662) to work on /opt/airflow/dags/spark_airflow.py
[2024-12-16T04:55:51.205+0000] {processor.py:914} INFO - Processing file /opt/airflow/dags/spark_airflow.py for tasks to queue
[2024-12-16T04:55:51.207+0000] {logging_mixin.py:190} INFO - [2024-12-16T04:55:51.207+0000] {dagbag.py:588} INFO - Filling up the DagBag from /opt/airflow/dags/spark_airflow.py
[2024-12-16T04:55:51.222+0000] {processor.py:925} INFO - DAG(s) 'first_dag' retrieved from /opt/airflow/dags/spark_airflow.py
[2024-12-16T04:55:51.244+0000] {logging_mixin.py:190} INFO - [2024-12-16T04:55:51.244+0000] {dag.py:3239} INFO - Sync 1 DAGs
[2024-12-16T04:55:51.264+0000] {logging_mixin.py:190} INFO - [2024-12-16T04:55:51.264+0000] {dag.py:4180} INFO - Setting next_dagrun for first_dag to 2024-12-16T00:00:00+00:00, run_after=2024-12-17T00:00:00+00:00
[2024-12-16T04:55:51.288+0000] {processor.py:208} INFO - Processing /opt/airflow/dags/spark_airflow.py took 0.089 seconds
[2024-12-16T04:56:21.041+0000] {processor.py:186} INFO - Started process (PID=2667) to work on /opt/airflow/dags/spark_airflow.py
[2024-12-16T04:56:21.042+0000] {processor.py:914} INFO - Processing file /opt/airflow/dags/spark_airflow.py for tasks to queue
[2024-12-16T04:56:21.043+0000] {logging_mixin.py:190} INFO - [2024-12-16T04:56:21.043+0000] {dagbag.py:588} INFO - Filling up the DagBag from /opt/airflow/dags/spark_airflow.py
[2024-12-16T04:56:21.064+0000] {processor.py:925} INFO - DAG(s) 'first_dag' retrieved from /opt/airflow/dags/spark_airflow.py
[2024-12-16T04:56:21.086+0000] {logging_mixin.py:190} INFO - [2024-12-16T04:56:21.086+0000] {dag.py:3239} INFO - Sync 1 DAGs
[2024-12-16T04:56:21.104+0000] {logging_mixin.py:190} INFO - [2024-12-16T04:56:21.104+0000] {dag.py:4180} INFO - Setting next_dagrun for first_dag to 2024-12-16T00:00:00+00:00, run_after=2024-12-17T00:00:00+00:00
[2024-12-16T04:56:21.124+0000] {processor.py:208} INFO - Processing /opt/airflow/dags/spark_airflow.py took 0.088 seconds
[2024-12-16T04:56:21.593+0000] {processor.py:186} INFO - Started process (PID=2672) to work on /opt/airflow/dags/spark_airflow.py
[2024-12-16T04:56:21.594+0000] {processor.py:914} INFO - Processing file /opt/airflow/dags/spark_airflow.py for tasks to queue
[2024-12-16T04:56:21.595+0000] {logging_mixin.py:190} INFO - [2024-12-16T04:56:21.595+0000] {dagbag.py:588} INFO - Filling up the DagBag from /opt/airflow/dags/spark_airflow.py
[2024-12-16T04:56:21.614+0000] {processor.py:925} INFO - DAG(s) 'first_dag' retrieved from /opt/airflow/dags/spark_airflow.py
[2024-12-16T04:56:21.639+0000] {logging_mixin.py:190} INFO - [2024-12-16T04:56:21.639+0000] {dag.py:3239} INFO - Sync 1 DAGs
[2024-12-16T04:56:21.656+0000] {logging_mixin.py:190} INFO - [2024-12-16T04:56:21.656+0000] {dag.py:4180} INFO - Setting next_dagrun for first_dag to 2024-12-16T00:00:00+00:00, run_after=2024-12-17T00:00:00+00:00
[2024-12-16T04:56:21.677+0000] {processor.py:208} INFO - Processing /opt/airflow/dags/spark_airflow.py took 0.089 seconds
[2024-12-16T04:56:51.418+0000] {processor.py:186} INFO - Started process (PID=2677) to work on /opt/airflow/dags/spark_airflow.py
[2024-12-16T04:56:51.419+0000] {processor.py:914} INFO - Processing file /opt/airflow/dags/spark_airflow.py for tasks to queue
[2024-12-16T04:56:51.420+0000] {logging_mixin.py:190} INFO - [2024-12-16T04:56:51.420+0000] {dagbag.py:588} INFO - Filling up the DagBag from /opt/airflow/dags/spark_airflow.py
[2024-12-16T04:56:51.443+0000] {processor.py:925} INFO - DAG(s) 'first_dag' retrieved from /opt/airflow/dags/spark_airflow.py
[2024-12-16T04:56:51.469+0000] {logging_mixin.py:190} INFO - [2024-12-16T04:56:51.468+0000] {dag.py:3239} INFO - Sync 1 DAGs
[2024-12-16T04:56:51.494+0000] {logging_mixin.py:190} INFO - [2024-12-16T04:56:51.494+0000] {dag.py:4180} INFO - Setting next_dagrun for first_dag to 2024-12-16T00:00:00+00:00, run_after=2024-12-17T00:00:00+00:00
[2024-12-16T04:56:51.522+0000] {processor.py:208} INFO - Processing /opt/airflow/dags/spark_airflow.py took 0.109 seconds
[2024-12-16T04:56:51.931+0000] {processor.py:186} INFO - Started process (PID=2682) to work on /opt/airflow/dags/spark_airflow.py
[2024-12-16T04:56:51.932+0000] {processor.py:914} INFO - Processing file /opt/airflow/dags/spark_airflow.py for tasks to queue
[2024-12-16T04:56:51.933+0000] {logging_mixin.py:190} INFO - [2024-12-16T04:56:51.933+0000] {dagbag.py:588} INFO - Filling up the DagBag from /opt/airflow/dags/spark_airflow.py
[2024-12-16T04:56:51.959+0000] {processor.py:925} INFO - DAG(s) 'first_dag' retrieved from /opt/airflow/dags/spark_airflow.py
[2024-12-16T04:56:51.987+0000] {logging_mixin.py:190} INFO - [2024-12-16T04:56:51.987+0000] {dag.py:3239} INFO - Sync 1 DAGs
[2024-12-16T04:56:52.007+0000] {logging_mixin.py:190} INFO - [2024-12-16T04:56:52.006+0000] {dag.py:4180} INFO - Setting next_dagrun for first_dag to 2024-12-16T00:00:00+00:00, run_after=2024-12-17T00:00:00+00:00
[2024-12-16T04:56:52.034+0000] {processor.py:208} INFO - Processing /opt/airflow/dags/spark_airflow.py took 0.108 seconds
[2024-12-16T04:57:21.767+0000] {processor.py:186} INFO - Started process (PID=2687) to work on /opt/airflow/dags/spark_airflow.py
[2024-12-16T04:57:21.768+0000] {processor.py:914} INFO - Processing file /opt/airflow/dags/spark_airflow.py for tasks to queue
[2024-12-16T04:57:21.769+0000] {logging_mixin.py:190} INFO - [2024-12-16T04:57:21.769+0000] {dagbag.py:588} INFO - Filling up the DagBag from /opt/airflow/dags/spark_airflow.py
[2024-12-16T04:57:21.806+0000] {processor.py:925} INFO - DAG(s) 'first_dag' retrieved from /opt/airflow/dags/spark_airflow.py
[2024-12-16T04:57:21.836+0000] {logging_mixin.py:190} INFO - [2024-12-16T04:57:21.836+0000] {dag.py:3239} INFO - Sync 1 DAGs
[2024-12-16T04:57:21.860+0000] {logging_mixin.py:190} INFO - [2024-12-16T04:57:21.859+0000] {dag.py:4180} INFO - Setting next_dagrun for first_dag to 2024-12-16T00:00:00+00:00, run_after=2024-12-17T00:00:00+00:00
[2024-12-16T04:57:21.888+0000] {processor.py:208} INFO - Processing /opt/airflow/dags/spark_airflow.py took 0.127 seconds
[2024-12-16T04:57:22.271+0000] {processor.py:186} INFO - Started process (PID=2692) to work on /opt/airflow/dags/spark_airflow.py
[2024-12-16T04:57:22.274+0000] {processor.py:914} INFO - Processing file /opt/airflow/dags/spark_airflow.py for tasks to queue
[2024-12-16T04:57:22.276+0000] {logging_mixin.py:190} INFO - [2024-12-16T04:57:22.276+0000] {dagbag.py:588} INFO - Filling up the DagBag from /opt/airflow/dags/spark_airflow.py
[2024-12-16T04:57:22.309+0000] {processor.py:925} INFO - DAG(s) 'first_dag' retrieved from /opt/airflow/dags/spark_airflow.py
[2024-12-16T04:57:22.339+0000] {logging_mixin.py:190} INFO - [2024-12-16T04:57:22.339+0000] {dag.py:3239} INFO - Sync 1 DAGs
[2024-12-16T04:57:22.368+0000] {logging_mixin.py:190} INFO - [2024-12-16T04:57:22.368+0000] {dag.py:4180} INFO - Setting next_dagrun for first_dag to 2024-12-16T00:00:00+00:00, run_after=2024-12-17T00:00:00+00:00
[2024-12-16T04:57:22.396+0000] {processor.py:208} INFO - Processing /opt/airflow/dags/spark_airflow.py took 0.131 seconds
[2024-12-16T04:57:52.014+0000] {processor.py:186} INFO - Started process (PID=2697) to work on /opt/airflow/dags/spark_airflow.py
[2024-12-16T04:57:52.015+0000] {processor.py:914} INFO - Processing file /opt/airflow/dags/spark_airflow.py for tasks to queue
[2024-12-16T04:57:52.016+0000] {logging_mixin.py:190} INFO - [2024-12-16T04:57:52.016+0000] {dagbag.py:588} INFO - Filling up the DagBag from /opt/airflow/dags/spark_airflow.py
[2024-12-16T04:57:52.040+0000] {processor.py:925} INFO - DAG(s) 'first_dag' retrieved from /opt/airflow/dags/spark_airflow.py
[2024-12-16T04:57:52.066+0000] {logging_mixin.py:190} INFO - [2024-12-16T04:57:52.066+0000] {dag.py:3239} INFO - Sync 1 DAGs
[2024-12-16T04:57:52.085+0000] {logging_mixin.py:190} INFO - [2024-12-16T04:57:52.085+0000] {dag.py:4180} INFO - Setting next_dagrun for first_dag to 2024-12-16T00:00:00+00:00, run_after=2024-12-17T00:00:00+00:00
[2024-12-16T04:57:52.107+0000] {processor.py:208} INFO - Processing /opt/airflow/dags/spark_airflow.py took 0.098 seconds
[2024-12-16T04:57:52.603+0000] {processor.py:186} INFO - Started process (PID=2702) to work on /opt/airflow/dags/spark_airflow.py
[2024-12-16T04:57:52.604+0000] {processor.py:914} INFO - Processing file /opt/airflow/dags/spark_airflow.py for tasks to queue
[2024-12-16T04:57:52.606+0000] {logging_mixin.py:190} INFO - [2024-12-16T04:57:52.605+0000] {dagbag.py:588} INFO - Filling up the DagBag from /opt/airflow/dags/spark_airflow.py
[2024-12-16T04:57:52.630+0000] {processor.py:925} INFO - DAG(s) 'first_dag' retrieved from /opt/airflow/dags/spark_airflow.py
[2024-12-16T04:57:52.656+0000] {logging_mixin.py:190} INFO - [2024-12-16T04:57:52.656+0000] {dag.py:3239} INFO - Sync 1 DAGs
[2024-12-16T04:57:52.678+0000] {logging_mixin.py:190} INFO - [2024-12-16T04:57:52.677+0000] {dag.py:4180} INFO - Setting next_dagrun for first_dag to 2024-12-16T00:00:00+00:00, run_after=2024-12-17T00:00:00+00:00
[2024-12-16T04:57:52.696+0000] {processor.py:208} INFO - Processing /opt/airflow/dags/spark_airflow.py took 0.097 seconds
[2024-12-16T04:58:22.377+0000] {processor.py:186} INFO - Started process (PID=2707) to work on /opt/airflow/dags/spark_airflow.py
[2024-12-16T04:58:22.378+0000] {processor.py:914} INFO - Processing file /opt/airflow/dags/spark_airflow.py for tasks to queue
[2024-12-16T04:58:22.380+0000] {logging_mixin.py:190} INFO - [2024-12-16T04:58:22.380+0000] {dagbag.py:588} INFO - Filling up the DagBag from /opt/airflow/dags/spark_airflow.py
[2024-12-16T04:58:22.416+0000] {processor.py:925} INFO - DAG(s) 'first_dag' retrieved from /opt/airflow/dags/spark_airflow.py
[2024-12-16T04:58:22.443+0000] {logging_mixin.py:190} INFO - [2024-12-16T04:58:22.443+0000] {dag.py:3239} INFO - Sync 1 DAGs
[2024-12-16T04:58:22.467+0000] {logging_mixin.py:190} INFO - [2024-12-16T04:58:22.467+0000] {dag.py:4180} INFO - Setting next_dagrun for first_dag to 2024-12-16T00:00:00+00:00, run_after=2024-12-17T00:00:00+00:00
[2024-12-16T04:58:22.495+0000] {processor.py:208} INFO - Processing /opt/airflow/dags/spark_airflow.py took 0.124 seconds
[2024-12-16T04:58:23.016+0000] {processor.py:186} INFO - Started process (PID=2712) to work on /opt/airflow/dags/spark_airflow.py
[2024-12-16T04:58:23.017+0000] {processor.py:914} INFO - Processing file /opt/airflow/dags/spark_airflow.py for tasks to queue
[2024-12-16T04:58:23.019+0000] {logging_mixin.py:190} INFO - [2024-12-16T04:58:23.018+0000] {dagbag.py:588} INFO - Filling up the DagBag from /opt/airflow/dags/spark_airflow.py
[2024-12-16T04:58:23.052+0000] {processor.py:925} INFO - DAG(s) 'first_dag' retrieved from /opt/airflow/dags/spark_airflow.py
[2024-12-16T04:58:23.081+0000] {logging_mixin.py:190} INFO - [2024-12-16T04:58:23.080+0000] {dag.py:3239} INFO - Sync 1 DAGs
[2024-12-16T04:58:23.103+0000] {logging_mixin.py:190} INFO - [2024-12-16T04:58:23.103+0000] {dag.py:4180} INFO - Setting next_dagrun for first_dag to 2024-12-16T00:00:00+00:00, run_after=2024-12-17T00:00:00+00:00
[2024-12-16T04:58:23.131+0000] {processor.py:208} INFO - Processing /opt/airflow/dags/spark_airflow.py took 0.121 seconds
[2024-12-16T04:58:52.665+0000] {processor.py:186} INFO - Started process (PID=2717) to work on /opt/airflow/dags/spark_airflow.py
[2024-12-16T04:58:52.666+0000] {processor.py:914} INFO - Processing file /opt/airflow/dags/spark_airflow.py for tasks to queue
[2024-12-16T04:58:52.667+0000] {logging_mixin.py:190} INFO - [2024-12-16T04:58:52.667+0000] {dagbag.py:588} INFO - Filling up the DagBag from /opt/airflow/dags/spark_airflow.py
[2024-12-16T04:58:52.691+0000] {processor.py:925} INFO - DAG(s) 'first_dag' retrieved from /opt/airflow/dags/spark_airflow.py
[2024-12-16T04:58:52.714+0000] {logging_mixin.py:190} INFO - [2024-12-16T04:58:52.714+0000] {dag.py:3239} INFO - Sync 1 DAGs
[2024-12-16T04:58:52.734+0000] {logging_mixin.py:190} INFO - [2024-12-16T04:58:52.734+0000] {dag.py:4180} INFO - Setting next_dagrun for first_dag to 2024-12-16T00:00:00+00:00, run_after=2024-12-17T00:00:00+00:00
[2024-12-16T04:58:52.755+0000] {processor.py:208} INFO - Processing /opt/airflow/dags/spark_airflow.py took 0.095 seconds
[2024-12-16T04:58:53.331+0000] {processor.py:186} INFO - Started process (PID=2722) to work on /opt/airflow/dags/spark_airflow.py
[2024-12-16T04:58:53.333+0000] {processor.py:914} INFO - Processing file /opt/airflow/dags/spark_airflow.py for tasks to queue
[2024-12-16T04:58:53.334+0000] {logging_mixin.py:190} INFO - [2024-12-16T04:58:53.334+0000] {dagbag.py:588} INFO - Filling up the DagBag from /opt/airflow/dags/spark_airflow.py
[2024-12-16T04:58:53.354+0000] {processor.py:925} INFO - DAG(s) 'first_dag' retrieved from /opt/airflow/dags/spark_airflow.py
[2024-12-16T04:58:53.382+0000] {logging_mixin.py:190} INFO - [2024-12-16T04:58:53.381+0000] {dag.py:3239} INFO - Sync 1 DAGs
[2024-12-16T04:58:53.403+0000] {logging_mixin.py:190} INFO - [2024-12-16T04:58:53.403+0000] {dag.py:4180} INFO - Setting next_dagrun for first_dag to 2024-12-16T00:00:00+00:00, run_after=2024-12-17T00:00:00+00:00
[2024-12-16T04:58:53.428+0000] {processor.py:208} INFO - Processing /opt/airflow/dags/spark_airflow.py took 0.101 seconds
[2024-12-16T04:59:23.094+0000] {processor.py:186} INFO - Started process (PID=2727) to work on /opt/airflow/dags/spark_airflow.py
[2024-12-16T04:59:23.095+0000] {processor.py:914} INFO - Processing file /opt/airflow/dags/spark_airflow.py for tasks to queue
[2024-12-16T04:59:23.096+0000] {logging_mixin.py:190} INFO - [2024-12-16T04:59:23.096+0000] {dagbag.py:588} INFO - Filling up the DagBag from /opt/airflow/dags/spark_airflow.py
[2024-12-16T04:59:23.111+0000] {processor.py:925} INFO - DAG(s) 'first_dag' retrieved from /opt/airflow/dags/spark_airflow.py
[2024-12-16T04:59:23.134+0000] {logging_mixin.py:190} INFO - [2024-12-16T04:59:23.134+0000] {dag.py:3239} INFO - Sync 1 DAGs
[2024-12-16T04:59:23.153+0000] {logging_mixin.py:190} INFO - [2024-12-16T04:59:23.153+0000] {dag.py:4180} INFO - Setting next_dagrun for first_dag to 2024-12-16T00:00:00+00:00, run_after=2024-12-17T00:00:00+00:00
[2024-12-16T04:59:23.177+0000] {processor.py:208} INFO - Processing /opt/airflow/dags/spark_airflow.py took 0.088 seconds
[2024-12-16T04:59:23.655+0000] {processor.py:186} INFO - Started process (PID=2732) to work on /opt/airflow/dags/spark_airflow.py
[2024-12-16T04:59:23.656+0000] {processor.py:914} INFO - Processing file /opt/airflow/dags/spark_airflow.py for tasks to queue
[2024-12-16T04:59:23.657+0000] {logging_mixin.py:190} INFO - [2024-12-16T04:59:23.657+0000] {dagbag.py:588} INFO - Filling up the DagBag from /opt/airflow/dags/spark_airflow.py
[2024-12-16T04:59:23.675+0000] {processor.py:925} INFO - DAG(s) 'first_dag' retrieved from /opt/airflow/dags/spark_airflow.py
[2024-12-16T04:59:23.697+0000] {logging_mixin.py:190} INFO - [2024-12-16T04:59:23.696+0000] {dag.py:3239} INFO - Sync 1 DAGs
[2024-12-16T04:59:23.715+0000] {logging_mixin.py:190} INFO - [2024-12-16T04:59:23.714+0000] {dag.py:4180} INFO - Setting next_dagrun for first_dag to 2024-12-16T00:00:00+00:00, run_after=2024-12-17T00:00:00+00:00
[2024-12-16T04:59:23.738+0000] {processor.py:208} INFO - Processing /opt/airflow/dags/spark_airflow.py took 0.089 seconds
[2024-12-16T04:59:53.464+0000] {processor.py:186} INFO - Started process (PID=2737) to work on /opt/airflow/dags/spark_airflow.py
[2024-12-16T04:59:53.465+0000] {processor.py:914} INFO - Processing file /opt/airflow/dags/spark_airflow.py for tasks to queue
[2024-12-16T04:59:53.466+0000] {logging_mixin.py:190} INFO - [2024-12-16T04:59:53.466+0000] {dagbag.py:588} INFO - Filling up the DagBag from /opt/airflow/dags/spark_airflow.py
[2024-12-16T04:59:53.490+0000] {processor.py:925} INFO - DAG(s) 'first_dag' retrieved from /opt/airflow/dags/spark_airflow.py
[2024-12-16T04:59:53.517+0000] {logging_mixin.py:190} INFO - [2024-12-16T04:59:53.516+0000] {dag.py:3239} INFO - Sync 1 DAGs
[2024-12-16T04:59:53.540+0000] {logging_mixin.py:190} INFO - [2024-12-16T04:59:53.540+0000] {dag.py:4180} INFO - Setting next_dagrun for first_dag to 2024-12-16T00:00:00+00:00, run_after=2024-12-17T00:00:00+00:00
[2024-12-16T04:59:53.566+0000] {processor.py:208} INFO - Processing /opt/airflow/dags/spark_airflow.py took 0.108 seconds
[2024-12-16T04:59:53.966+0000] {processor.py:186} INFO - Started process (PID=2742) to work on /opt/airflow/dags/spark_airflow.py
[2024-12-16T04:59:53.967+0000] {processor.py:914} INFO - Processing file /opt/airflow/dags/spark_airflow.py for tasks to queue
[2024-12-16T04:59:53.968+0000] {logging_mixin.py:190} INFO - [2024-12-16T04:59:53.968+0000] {dagbag.py:588} INFO - Filling up the DagBag from /opt/airflow/dags/spark_airflow.py
[2024-12-16T04:59:53.989+0000] {processor.py:925} INFO - DAG(s) 'first_dag' retrieved from /opt/airflow/dags/spark_airflow.py
[2024-12-16T04:59:54.012+0000] {logging_mixin.py:190} INFO - [2024-12-16T04:59:54.011+0000] {dag.py:3239} INFO - Sync 1 DAGs
[2024-12-16T04:59:54.030+0000] {logging_mixin.py:190} INFO - [2024-12-16T04:59:54.030+0000] {dag.py:4180} INFO - Setting next_dagrun for first_dag to 2024-12-16T00:00:00+00:00, run_after=2024-12-17T00:00:00+00:00
[2024-12-16T04:59:54.048+0000] {processor.py:208} INFO - Processing /opt/airflow/dags/spark_airflow.py took 0.087 seconds
[2024-12-16T05:00:23.739+0000] {processor.py:186} INFO - Started process (PID=2747) to work on /opt/airflow/dags/spark_airflow.py
[2024-12-16T05:00:23.742+0000] {processor.py:914} INFO - Processing file /opt/airflow/dags/spark_airflow.py for tasks to queue
[2024-12-16T05:00:23.745+0000] {logging_mixin.py:190} INFO - [2024-12-16T05:00:23.744+0000] {dagbag.py:588} INFO - Filling up the DagBag from /opt/airflow/dags/spark_airflow.py
[2024-12-16T05:00:23.769+0000] {processor.py:925} INFO - DAG(s) 'first_dag' retrieved from /opt/airflow/dags/spark_airflow.py
[2024-12-16T05:00:23.807+0000] {logging_mixin.py:190} INFO - [2024-12-16T05:00:23.807+0000] {dag.py:3239} INFO - Sync 1 DAGs
[2024-12-16T05:00:23.838+0000] {logging_mixin.py:190} INFO - [2024-12-16T05:00:23.838+0000] {dag.py:4180} INFO - Setting next_dagrun for first_dag to 2024-12-16T00:00:00+00:00, run_after=2024-12-17T00:00:00+00:00
[2024-12-16T05:00:23.859+0000] {processor.py:208} INFO - Processing /opt/airflow/dags/spark_airflow.py took 0.128 seconds
[2024-12-16T05:00:24.311+0000] {processor.py:186} INFO - Started process (PID=2752) to work on /opt/airflow/dags/spark_airflow.py
[2024-12-16T05:00:24.312+0000] {processor.py:914} INFO - Processing file /opt/airflow/dags/spark_airflow.py for tasks to queue
[2024-12-16T05:00:24.313+0000] {logging_mixin.py:190} INFO - [2024-12-16T05:00:24.313+0000] {dagbag.py:588} INFO - Filling up the DagBag from /opt/airflow/dags/spark_airflow.py
[2024-12-16T05:00:24.332+0000] {processor.py:925} INFO - DAG(s) 'first_dag' retrieved from /opt/airflow/dags/spark_airflow.py
[2024-12-16T05:00:24.354+0000] {logging_mixin.py:190} INFO - [2024-12-16T05:00:24.353+0000] {dag.py:3239} INFO - Sync 1 DAGs
[2024-12-16T05:00:24.371+0000] {logging_mixin.py:190} INFO - [2024-12-16T05:00:24.371+0000] {dag.py:4180} INFO - Setting next_dagrun for first_dag to 2024-12-16T00:00:00+00:00, run_after=2024-12-17T00:00:00+00:00
[2024-12-16T05:00:24.391+0000] {processor.py:208} INFO - Processing /opt/airflow/dags/spark_airflow.py took 0.084 seconds
[2024-12-16T05:00:54.113+0000] {processor.py:186} INFO - Started process (PID=2757) to work on /opt/airflow/dags/spark_airflow.py
[2024-12-16T05:00:54.115+0000] {processor.py:914} INFO - Processing file /opt/airflow/dags/spark_airflow.py for tasks to queue
[2024-12-16T05:00:54.116+0000] {logging_mixin.py:190} INFO - [2024-12-16T05:00:54.116+0000] {dagbag.py:588} INFO - Filling up the DagBag from /opt/airflow/dags/spark_airflow.py
[2024-12-16T05:00:54.153+0000] {processor.py:925} INFO - DAG(s) 'first_dag' retrieved from /opt/airflow/dags/spark_airflow.py
[2024-12-16T05:00:54.188+0000] {logging_mixin.py:190} INFO - [2024-12-16T05:00:54.188+0000] {dag.py:3239} INFO - Sync 1 DAGs
[2024-12-16T05:00:54.214+0000] {logging_mixin.py:190} INFO - [2024-12-16T05:00:54.214+0000] {dag.py:4180} INFO - Setting next_dagrun for first_dag to 2024-12-16T00:00:00+00:00, run_after=2024-12-17T00:00:00+00:00
[2024-12-16T05:00:54.243+0000] {processor.py:208} INFO - Processing /opt/airflow/dags/spark_airflow.py took 0.137 seconds
[2024-12-16T05:00:54.617+0000] {processor.py:186} INFO - Started process (PID=2762) to work on /opt/airflow/dags/spark_airflow.py
[2024-12-16T05:00:54.618+0000] {processor.py:914} INFO - Processing file /opt/airflow/dags/spark_airflow.py for tasks to queue
[2024-12-16T05:00:54.620+0000] {logging_mixin.py:190} INFO - [2024-12-16T05:00:54.619+0000] {dagbag.py:588} INFO - Filling up the DagBag from /opt/airflow/dags/spark_airflow.py
[2024-12-16T05:00:54.657+0000] {processor.py:925} INFO - DAG(s) 'first_dag' retrieved from /opt/airflow/dags/spark_airflow.py
[2024-12-16T05:00:54.691+0000] {logging_mixin.py:190} INFO - [2024-12-16T05:00:54.690+0000] {dag.py:3239} INFO - Sync 1 DAGs
[2024-12-16T05:00:54.715+0000] {logging_mixin.py:190} INFO - [2024-12-16T05:00:54.715+0000] {dag.py:4180} INFO - Setting next_dagrun for first_dag to 2024-12-16T00:00:00+00:00, run_after=2024-12-17T00:00:00+00:00
[2024-12-16T05:00:54.739+0000] {processor.py:208} INFO - Processing /opt/airflow/dags/spark_airflow.py took 0.130 seconds
[2024-12-16T05:01:24.370+0000] {processor.py:186} INFO - Started process (PID=2767) to work on /opt/airflow/dags/spark_airflow.py
[2024-12-16T05:01:24.371+0000] {processor.py:914} INFO - Processing file /opt/airflow/dags/spark_airflow.py for tasks to queue
[2024-12-16T05:01:24.372+0000] {logging_mixin.py:190} INFO - [2024-12-16T05:01:24.372+0000] {dagbag.py:588} INFO - Filling up the DagBag from /opt/airflow/dags/spark_airflow.py
[2024-12-16T05:01:24.409+0000] {processor.py:925} INFO - DAG(s) 'first_dag' retrieved from /opt/airflow/dags/spark_airflow.py
[2024-12-16T05:01:24.437+0000] {logging_mixin.py:190} INFO - [2024-12-16T05:01:24.437+0000] {dag.py:3239} INFO - Sync 1 DAGs
[2024-12-16T05:01:24.461+0000] {logging_mixin.py:190} INFO - [2024-12-16T05:01:24.461+0000] {dag.py:4180} INFO - Setting next_dagrun for first_dag to 2024-12-16T00:00:00+00:00, run_after=2024-12-17T00:00:00+00:00
[2024-12-16T05:01:24.489+0000] {processor.py:208} INFO - Processing /opt/airflow/dags/spark_airflow.py took 0.125 seconds
[2024-12-16T05:01:24.887+0000] {processor.py:186} INFO - Started process (PID=2772) to work on /opt/airflow/dags/spark_airflow.py
[2024-12-16T05:01:24.888+0000] {processor.py:914} INFO - Processing file /opt/airflow/dags/spark_airflow.py for tasks to queue
[2024-12-16T05:01:24.890+0000] {logging_mixin.py:190} INFO - [2024-12-16T05:01:24.890+0000] {dagbag.py:588} INFO - Filling up the DagBag from /opt/airflow/dags/spark_airflow.py
[2024-12-16T05:01:24.925+0000] {processor.py:925} INFO - DAG(s) 'first_dag' retrieved from /opt/airflow/dags/spark_airflow.py
[2024-12-16T05:01:24.956+0000] {logging_mixin.py:190} INFO - [2024-12-16T05:01:24.956+0000] {dag.py:3239} INFO - Sync 1 DAGs
[2024-12-16T05:01:24.979+0000] {logging_mixin.py:190} INFO - [2024-12-16T05:01:24.979+0000] {dag.py:4180} INFO - Setting next_dagrun for first_dag to 2024-12-16T00:00:00+00:00, run_after=2024-12-17T00:00:00+00:00
[2024-12-16T05:01:25.005+0000] {processor.py:208} INFO - Processing /opt/airflow/dags/spark_airflow.py took 0.125 seconds
[2024-12-16T05:01:54.624+0000] {processor.py:186} INFO - Started process (PID=2777) to work on /opt/airflow/dags/spark_airflow.py
[2024-12-16T05:01:54.625+0000] {processor.py:914} INFO - Processing file /opt/airflow/dags/spark_airflow.py for tasks to queue
[2024-12-16T05:01:54.626+0000] {logging_mixin.py:190} INFO - [2024-12-16T05:01:54.625+0000] {dagbag.py:588} INFO - Filling up the DagBag from /opt/airflow/dags/spark_airflow.py
[2024-12-16T05:01:54.641+0000] {processor.py:925} INFO - DAG(s) 'first_dag' retrieved from /opt/airflow/dags/spark_airflow.py
[2024-12-16T05:01:54.664+0000] {logging_mixin.py:190} INFO - [2024-12-16T05:01:54.664+0000] {dag.py:3239} INFO - Sync 1 DAGs
[2024-12-16T05:01:54.684+0000] {logging_mixin.py:190} INFO - [2024-12-16T05:01:54.683+0000] {dag.py:4180} INFO - Setting next_dagrun for first_dag to 2024-12-16T00:00:00+00:00, run_after=2024-12-17T00:00:00+00:00
[2024-12-16T05:01:54.703+0000] {processor.py:208} INFO - Processing /opt/airflow/dags/spark_airflow.py took 0.084 seconds
[2024-12-16T05:01:55.293+0000] {processor.py:186} INFO - Started process (PID=2782) to work on /opt/airflow/dags/spark_airflow.py
[2024-12-16T05:01:55.294+0000] {processor.py:914} INFO - Processing file /opt/airflow/dags/spark_airflow.py for tasks to queue
[2024-12-16T05:01:55.295+0000] {logging_mixin.py:190} INFO - [2024-12-16T05:01:55.295+0000] {dagbag.py:588} INFO - Filling up the DagBag from /opt/airflow/dags/spark_airflow.py
[2024-12-16T05:01:55.321+0000] {processor.py:925} INFO - DAG(s) 'first_dag' retrieved from /opt/airflow/dags/spark_airflow.py
[2024-12-16T05:01:55.344+0000] {logging_mixin.py:190} INFO - [2024-12-16T05:01:55.344+0000] {dag.py:3239} INFO - Sync 1 DAGs
[2024-12-16T05:01:55.362+0000] {logging_mixin.py:190} INFO - [2024-12-16T05:01:55.362+0000] {dag.py:4180} INFO - Setting next_dagrun for first_dag to 2024-12-16T00:00:00+00:00, run_after=2024-12-17T00:00:00+00:00
[2024-12-16T05:01:55.378+0000] {processor.py:208} INFO - Processing /opt/airflow/dags/spark_airflow.py took 0.090 seconds
[2024-12-16T05:02:24.891+0000] {processor.py:186} INFO - Started process (PID=2787) to work on /opt/airflow/dags/spark_airflow.py
[2024-12-16T05:02:24.892+0000] {processor.py:914} INFO - Processing file /opt/airflow/dags/spark_airflow.py for tasks to queue
[2024-12-16T05:02:24.893+0000] {logging_mixin.py:190} INFO - [2024-12-16T05:02:24.893+0000] {dagbag.py:588} INFO - Filling up the DagBag from /opt/airflow/dags/spark_airflow.py
[2024-12-16T05:02:24.915+0000] {processor.py:925} INFO - DAG(s) 'first_dag' retrieved from /opt/airflow/dags/spark_airflow.py
[2024-12-16T05:02:24.936+0000] {logging_mixin.py:190} INFO - [2024-12-16T05:02:24.936+0000] {dag.py:3239} INFO - Sync 1 DAGs
[2024-12-16T05:02:24.955+0000] {logging_mixin.py:190} INFO - [2024-12-16T05:02:24.954+0000] {dag.py:4180} INFO - Setting next_dagrun for first_dag to 2024-12-16T00:00:00+00:00, run_after=2024-12-17T00:00:00+00:00
[2024-12-16T05:02:24.978+0000] {processor.py:208} INFO - Processing /opt/airflow/dags/spark_airflow.py took 0.092 seconds
[2024-12-16T05:02:25.540+0000] {processor.py:186} INFO - Started process (PID=2792) to work on /opt/airflow/dags/spark_airflow.py
[2024-12-16T05:02:25.541+0000] {processor.py:914} INFO - Processing file /opt/airflow/dags/spark_airflow.py for tasks to queue
[2024-12-16T05:02:25.542+0000] {logging_mixin.py:190} INFO - [2024-12-16T05:02:25.542+0000] {dagbag.py:588} INFO - Filling up the DagBag from /opt/airflow/dags/spark_airflow.py
[2024-12-16T05:02:25.561+0000] {processor.py:925} INFO - DAG(s) 'first_dag' retrieved from /opt/airflow/dags/spark_airflow.py
[2024-12-16T05:02:25.585+0000] {logging_mixin.py:190} INFO - [2024-12-16T05:02:25.585+0000] {dag.py:3239} INFO - Sync 1 DAGs
[2024-12-16T05:02:25.605+0000] {logging_mixin.py:190} INFO - [2024-12-16T05:02:25.605+0000] {dag.py:4180} INFO - Setting next_dagrun for first_dag to 2024-12-16T00:00:00+00:00, run_after=2024-12-17T00:00:00+00:00
[2024-12-16T05:02:25.635+0000] {processor.py:208} INFO - Processing /opt/airflow/dags/spark_airflow.py took 0.100 seconds
[2024-12-16T05:02:55.894+0000] {processor.py:186} INFO - Started process (PID=2798) to work on /opt/airflow/dags/spark_airflow.py
[2024-12-16T05:02:55.897+0000] {processor.py:914} INFO - Processing file /opt/airflow/dags/spark_airflow.py for tasks to queue
[2024-12-16T05:02:55.901+0000] {logging_mixin.py:190} INFO - [2024-12-16T05:02:55.900+0000] {dagbag.py:588} INFO - Filling up the DagBag from /opt/airflow/dags/spark_airflow.py
[2024-12-16T05:02:55.947+0000] {processor.py:925} INFO - DAG(s) 'first_dag' retrieved from /opt/airflow/dags/spark_airflow.py
[2024-12-16T05:12:14.467+0000] {processor.py:186} INFO - Started process (PID=66) to work on /opt/airflow/dags/spark_airflow.py
[2024-12-16T05:12:14.469+0000] {processor.py:914} INFO - Processing file /opt/airflow/dags/spark_airflow.py for tasks to queue
[2024-12-16T05:12:14.472+0000] {logging_mixin.py:190} INFO - [2024-12-16T05:12:14.471+0000] {dagbag.py:588} INFO - Filling up the DagBag from /opt/airflow/dags/spark_airflow.py
[2024-12-16T05:12:14.501+0000] {processor.py:925} INFO - DAG(s) 'first_dag' retrieved from /opt/airflow/dags/spark_airflow.py
[2024-12-16T05:12:14.629+0000] {logging_mixin.py:190} INFO - [2024-12-16T05:12:14.629+0000] {override.py:1911} INFO - Created Permission View: can read on DAG:first_dag
[2024-12-16T05:12:14.641+0000] {logging_mixin.py:190} INFO - [2024-12-16T05:12:14.640+0000] {override.py:1911} INFO - Created Permission View: can edit on DAG:first_dag
[2024-12-16T05:12:14.648+0000] {logging_mixin.py:190} INFO - [2024-12-16T05:12:14.648+0000] {override.py:1911} INFO - Created Permission View: can delete on DAG:first_dag
[2024-12-16T05:12:14.657+0000] {logging_mixin.py:190} INFO - [2024-12-16T05:12:14.657+0000] {override.py:1911} INFO - Created Permission View: can create on DAG Run:first_dag
[2024-12-16T05:12:14.664+0000] {logging_mixin.py:190} INFO - [2024-12-16T05:12:14.664+0000] {override.py:1911} INFO - Created Permission View: can read on DAG Run:first_dag
[2024-12-16T05:12:14.671+0000] {logging_mixin.py:190} INFO - [2024-12-16T05:12:14.671+0000] {override.py:1911} INFO - Created Permission View: can delete on DAG Run:first_dag
[2024-12-16T05:12:14.679+0000] {logging_mixin.py:190} INFO - [2024-12-16T05:12:14.678+0000] {override.py:1911} INFO - Created Permission View: menu access on DAG Run:first_dag
[2024-12-16T05:12:14.680+0000] {logging_mixin.py:190} INFO - [2024-12-16T05:12:14.679+0000] {dag.py:3239} INFO - Sync 1 DAGs
[2024-12-16T05:12:14.691+0000] {logging_mixin.py:190} INFO - [2024-12-16T05:12:14.691+0000] {dag.py:3262} INFO - Creating ORM DAG for first_dag
[2024-12-16T05:12:14.700+0000] {logging_mixin.py:190} INFO - [2024-12-16T05:12:14.699+0000] {dag.py:4180} INFO - Setting next_dagrun for first_dag to 2024-12-15T00:00:00+00:00, run_after=2024-12-16T00:00:00+00:00
[2024-12-16T05:12:14.718+0000] {processor.py:208} INFO - Processing /opt/airflow/dags/spark_airflow.py took 0.259 seconds
[2024-12-16T05:12:45.047+0000] {processor.py:186} INFO - Started process (PID=71) to work on /opt/airflow/dags/spark_airflow.py
[2024-12-16T05:12:45.049+0000] {processor.py:914} INFO - Processing file /opt/airflow/dags/spark_airflow.py for tasks to queue
[2024-12-16T05:12:45.052+0000] {logging_mixin.py:190} INFO - [2024-12-16T05:12:45.051+0000] {dagbag.py:588} INFO - Filling up the DagBag from /opt/airflow/dags/spark_airflow.py
[2024-12-16T05:12:45.080+0000] {processor.py:925} INFO - DAG(s) 'first_dag' retrieved from /opt/airflow/dags/spark_airflow.py
[2024-12-16T05:12:45.113+0000] {logging_mixin.py:190} INFO - [2024-12-16T05:12:45.113+0000] {dag.py:3239} INFO - Sync 1 DAGs
[2024-12-16T05:12:45.143+0000] {logging_mixin.py:190} INFO - [2024-12-16T05:12:45.143+0000] {dag.py:4180} INFO - Setting next_dagrun for first_dag to 2024-12-15T00:00:00+00:00, run_after=2024-12-16T00:00:00+00:00
[2024-12-16T05:12:45.162+0000] {processor.py:208} INFO - Processing /opt/airflow/dags/spark_airflow.py took 0.124 seconds
[2024-12-16T05:13:15.346+0000] {processor.py:186} INFO - Started process (PID=76) to work on /opt/airflow/dags/spark_airflow.py
[2024-12-16T05:13:15.347+0000] {processor.py:914} INFO - Processing file /opt/airflow/dags/spark_airflow.py for tasks to queue
[2024-12-16T05:13:15.349+0000] {logging_mixin.py:190} INFO - [2024-12-16T05:13:15.349+0000] {dagbag.py:588} INFO - Filling up the DagBag from /opt/airflow/dags/spark_airflow.py
[2024-12-16T05:13:15.364+0000] {processor.py:925} INFO - DAG(s) 'first_dag' retrieved from /opt/airflow/dags/spark_airflow.py
[2024-12-16T05:13:15.397+0000] {logging_mixin.py:190} INFO - [2024-12-16T05:13:15.397+0000] {dag.py:3239} INFO - Sync 1 DAGs
[2024-12-16T05:13:15.419+0000] {logging_mixin.py:190} INFO - [2024-12-16T05:13:15.419+0000] {dag.py:4180} INFO - Setting next_dagrun for first_dag to 2024-12-15T00:00:00+00:00, run_after=2024-12-16T00:00:00+00:00
[2024-12-16T05:13:15.447+0000] {processor.py:208} INFO - Processing /opt/airflow/dags/spark_airflow.py took 0.105 seconds
[2024-12-16T05:13:45.774+0000] {processor.py:186} INFO - Started process (PID=81) to work on /opt/airflow/dags/spark_airflow.py
[2024-12-16T05:13:45.775+0000] {processor.py:914} INFO - Processing file /opt/airflow/dags/spark_airflow.py for tasks to queue
[2024-12-16T05:13:45.777+0000] {logging_mixin.py:190} INFO - [2024-12-16T05:13:45.777+0000] {dagbag.py:588} INFO - Filling up the DagBag from /opt/airflow/dags/spark_airflow.py
[2024-12-16T05:13:45.795+0000] {processor.py:925} INFO - DAG(s) 'first_dag' retrieved from /opt/airflow/dags/spark_airflow.py
[2024-12-16T05:13:45.817+0000] {logging_mixin.py:190} INFO - [2024-12-16T05:13:45.817+0000] {dag.py:3239} INFO - Sync 1 DAGs
[2024-12-16T05:13:45.835+0000] {logging_mixin.py:190} INFO - [2024-12-16T05:13:45.834+0000] {dag.py:4180} INFO - Setting next_dagrun for first_dag to 2024-12-15T00:00:00+00:00, run_after=2024-12-16T00:00:00+00:00
[2024-12-16T05:13:45.855+0000] {processor.py:208} INFO - Processing /opt/airflow/dags/spark_airflow.py took 0.084 seconds
[2024-12-16T05:14:16.076+0000] {processor.py:186} INFO - Started process (PID=86) to work on /opt/airflow/dags/spark_airflow.py
[2024-12-16T05:14:16.077+0000] {processor.py:914} INFO - Processing file /opt/airflow/dags/spark_airflow.py for tasks to queue
[2024-12-16T05:14:16.084+0000] {logging_mixin.py:190} INFO - [2024-12-16T05:14:16.083+0000] {dagbag.py:588} INFO - Filling up the DagBag from /opt/airflow/dags/spark_airflow.py
[2024-12-16T05:14:16.142+0000] {processor.py:925} INFO - DAG(s) 'first_dag' retrieved from /opt/airflow/dags/spark_airflow.py
[2024-12-16T05:14:16.221+0000] {logging_mixin.py:190} INFO - [2024-12-16T05:14:16.221+0000] {dag.py:3239} INFO - Sync 1 DAGs
[2024-12-16T05:14:16.275+0000] {logging_mixin.py:190} INFO - [2024-12-16T05:14:16.275+0000] {dag.py:4180} INFO - Setting next_dagrun for first_dag to 2024-12-15T00:00:00+00:00, run_after=2024-12-16T00:00:00+00:00
[2024-12-16T05:14:16.315+0000] {processor.py:208} INFO - Processing /opt/airflow/dags/spark_airflow.py took 0.265 seconds
[2024-12-16T05:14:46.531+0000] {processor.py:186} INFO - Started process (PID=91) to work on /opt/airflow/dags/spark_airflow.py
[2024-12-16T05:14:46.533+0000] {processor.py:914} INFO - Processing file /opt/airflow/dags/spark_airflow.py for tasks to queue
[2024-12-16T05:14:46.543+0000] {logging_mixin.py:190} INFO - [2024-12-16T05:14:46.542+0000] {dagbag.py:588} INFO - Filling up the DagBag from /opt/airflow/dags/spark_airflow.py
[2024-12-16T05:14:46.632+0000] {processor.py:925} INFO - DAG(s) 'first_dag' retrieved from /opt/airflow/dags/spark_airflow.py
[2024-12-16T05:14:46.712+0000] {logging_mixin.py:190} INFO - [2024-12-16T05:14:46.711+0000] {dag.py:3239} INFO - Sync 1 DAGs
[2024-12-16T05:14:46.826+0000] {logging_mixin.py:190} INFO - [2024-12-16T05:14:46.825+0000] {dag.py:4180} INFO - Setting next_dagrun for first_dag to 2024-12-15T00:00:00+00:00, run_after=2024-12-16T00:00:00+00:00
[2024-12-16T05:14:46.867+0000] {processor.py:208} INFO - Processing /opt/airflow/dags/spark_airflow.py took 0.374 seconds
[2024-12-16T05:15:17.496+0000] {processor.py:186} INFO - Started process (PID=96) to work on /opt/airflow/dags/spark_airflow.py
[2024-12-16T05:15:17.499+0000] {processor.py:914} INFO - Processing file /opt/airflow/dags/spark_airflow.py for tasks to queue
[2024-12-16T05:15:17.547+0000] {logging_mixin.py:190} INFO - [2024-12-16T05:15:17.546+0000] {dagbag.py:588} INFO - Filling up the DagBag from /opt/airflow/dags/spark_airflow.py
[2024-12-16T05:15:17.684+0000] {processor.py:925} INFO - DAG(s) 'first_dag' retrieved from /opt/airflow/dags/spark_airflow.py
[2024-12-16T05:15:17.989+0000] {logging_mixin.py:190} INFO - [2024-12-16T05:15:17.989+0000] {dag.py:3239} INFO - Sync 1 DAGs
[2024-12-16T05:15:18.074+0000] {logging_mixin.py:190} INFO - [2024-12-16T05:15:18.074+0000] {dag.py:4180} INFO - Setting next_dagrun for first_dag to 2024-12-15T00:00:00+00:00, run_after=2024-12-16T00:00:00+00:00
[2024-12-16T05:15:18.128+0000] {processor.py:208} INFO - Processing /opt/airflow/dags/spark_airflow.py took 0.646 seconds
[2024-12-16T05:15:48.714+0000] {processor.py:186} INFO - Started process (PID=101) to work on /opt/airflow/dags/spark_airflow.py
[2024-12-16T05:15:48.717+0000] {processor.py:914} INFO - Processing file /opt/airflow/dags/spark_airflow.py for tasks to queue
[2024-12-16T05:15:48.733+0000] {logging_mixin.py:190} INFO - [2024-12-16T05:15:48.731+0000] {dagbag.py:588} INFO - Filling up the DagBag from /opt/airflow/dags/spark_airflow.py
[2024-12-16T05:15:48.818+0000] {processor.py:925} INFO - DAG(s) 'first_dag' retrieved from /opt/airflow/dags/spark_airflow.py
[2024-12-16T05:15:48.908+0000] {logging_mixin.py:190} INFO - [2024-12-16T05:15:48.907+0000] {dag.py:3239} INFO - Sync 1 DAGs
[2024-12-16T05:15:49.058+0000] {logging_mixin.py:190} INFO - [2024-12-16T05:15:49.057+0000] {dag.py:4180} INFO - Setting next_dagrun for first_dag to 2024-12-15T00:00:00+00:00, run_after=2024-12-16T00:00:00+00:00
[2024-12-16T05:15:49.169+0000] {processor.py:208} INFO - Processing /opt/airflow/dags/spark_airflow.py took 0.509 seconds
[2024-12-16T05:16:19.485+0000] {processor.py:186} INFO - Started process (PID=106) to work on /opt/airflow/dags/spark_airflow.py
[2024-12-16T05:16:19.487+0000] {processor.py:914} INFO - Processing file /opt/airflow/dags/spark_airflow.py for tasks to queue
[2024-12-16T05:16:19.491+0000] {logging_mixin.py:190} INFO - [2024-12-16T05:16:19.490+0000] {dagbag.py:588} INFO - Filling up the DagBag from /opt/airflow/dags/spark_airflow.py
[2024-12-16T05:16:19.524+0000] {processor.py:925} INFO - DAG(s) 'first_dag' retrieved from /opt/airflow/dags/spark_airflow.py
[2024-12-16T05:16:19.553+0000] {logging_mixin.py:190} INFO - [2024-12-16T05:16:19.553+0000] {dag.py:3239} INFO - Sync 1 DAGs
[2024-12-16T05:16:19.583+0000] {logging_mixin.py:190} INFO - [2024-12-16T05:16:19.582+0000] {dag.py:4180} INFO - Setting next_dagrun for first_dag to 2024-12-15T00:00:00+00:00, run_after=2024-12-16T00:00:00+00:00
[2024-12-16T05:16:19.608+0000] {processor.py:208} INFO - Processing /opt/airflow/dags/spark_airflow.py took 0.129 seconds
[2024-12-16T05:20:36.132+0000] {processor.py:186} INFO - Started process (PID=67) to work on /opt/airflow/dags/spark_airflow.py
[2024-12-16T05:20:36.140+0000] {processor.py:914} INFO - Processing file /opt/airflow/dags/spark_airflow.py for tasks to queue
[2024-12-16T05:20:36.175+0000] {logging_mixin.py:190} INFO - [2024-12-16T05:20:36.174+0000] {dagbag.py:588} INFO - Filling up the DagBag from /opt/airflow/dags/spark_airflow.py
[2024-12-16T05:20:36.310+0000] {processor.py:925} INFO - DAG(s) 'first_dag' retrieved from /opt/airflow/dags/spark_airflow.py
[2024-12-16T05:20:36.457+0000] {logging_mixin.py:190} INFO - [2024-12-16T05:20:36.456+0000] {dag.py:3239} INFO - Sync 1 DAGs
[2024-12-16T05:20:36.622+0000] {logging_mixin.py:190} INFO - [2024-12-16T05:20:36.621+0000] {dag.py:4180} INFO - Setting next_dagrun for first_dag to 2024-12-15T00:00:00+00:00, run_after=2024-12-16T00:00:00+00:00
[2024-12-16T05:20:36.692+0000] {processor.py:208} INFO - Processing /opt/airflow/dags/spark_airflow.py took 0.624 seconds
[2024-12-16T05:21:09.365+0000] {processor.py:186} INFO - Started process (PID=72) to work on /opt/airflow/dags/spark_airflow.py
[2024-12-16T05:21:09.399+0000] {processor.py:914} INFO - Processing file /opt/airflow/dags/spark_airflow.py for tasks to queue
[2024-12-16T05:21:09.590+0000] {logging_mixin.py:190} INFO - [2024-12-16T05:21:09.579+0000] {dagbag.py:588} INFO - Filling up the DagBag from /opt/airflow/dags/spark_airflow.py
[2024-12-16T05:21:10.724+0000] {processor.py:925} INFO - DAG(s) 'first_dag' retrieved from /opt/airflow/dags/spark_airflow.py
[2024-12-16T05:21:13.647+0000] {logging_mixin.py:190} INFO - [2024-12-16T05:21:13.646+0000] {dag.py:3239} INFO - Sync 1 DAGs
[2024-12-16T05:21:13.997+0000] {logging_mixin.py:190} INFO - [2024-12-16T05:21:13.996+0000] {dag.py:4180} INFO - Setting next_dagrun for first_dag to 2024-12-15T00:00:00+00:00, run_after=2024-12-16T00:00:00+00:00
[2024-12-16T05:21:14.142+0000] {processor.py:208} INFO - Processing /opt/airflow/dags/spark_airflow.py took 4.987 seconds
[2024-12-16T05:21:44.728+0000] {processor.py:186} INFO - Started process (PID=77) to work on /opt/airflow/dags/spark_airflow.py
[2024-12-16T05:21:44.744+0000] {processor.py:914} INFO - Processing file /opt/airflow/dags/spark_airflow.py for tasks to queue
[2024-12-16T05:21:44.802+0000] {logging_mixin.py:190} INFO - [2024-12-16T05:21:44.797+0000] {dagbag.py:588} INFO - Filling up the DagBag from /opt/airflow/dags/spark_airflow.py
[2024-12-16T05:21:44.992+0000] {processor.py:925} INFO - DAG(s) 'first_dag' retrieved from /opt/airflow/dags/spark_airflow.py
[2024-12-16T05:21:45.304+0000] {logging_mixin.py:190} INFO - [2024-12-16T05:21:45.304+0000] {dag.py:3239} INFO - Sync 1 DAGs
[2024-12-16T05:21:45.551+0000] {logging_mixin.py:190} INFO - [2024-12-16T05:21:45.550+0000] {dag.py:4180} INFO - Setting next_dagrun for first_dag to 2024-12-15T00:00:00+00:00, run_after=2024-12-16T00:00:00+00:00
[2024-12-16T05:21:45.659+0000] {processor.py:208} INFO - Processing /opt/airflow/dags/spark_airflow.py took 1.057 seconds
[2024-12-16T05:22:15.915+0000] {processor.py:186} INFO - Started process (PID=96) to work on /opt/airflow/dags/spark_airflow.py
[2024-12-16T05:22:15.916+0000] {processor.py:914} INFO - Processing file /opt/airflow/dags/spark_airflow.py for tasks to queue
[2024-12-16T05:22:15.920+0000] {logging_mixin.py:190} INFO - [2024-12-16T05:22:15.920+0000] {dagbag.py:588} INFO - Filling up the DagBag from /opt/airflow/dags/spark_airflow.py
[2024-12-16T05:22:15.948+0000] {processor.py:925} INFO - DAG(s) 'first_dag' retrieved from /opt/airflow/dags/spark_airflow.py
[2024-12-16T05:22:15.990+0000] {logging_mixin.py:190} INFO - [2024-12-16T05:22:15.990+0000] {dag.py:3239} INFO - Sync 1 DAGs
[2024-12-16T05:22:16.016+0000] {logging_mixin.py:190} INFO - [2024-12-16T05:22:16.015+0000] {dag.py:4180} INFO - Setting next_dagrun for first_dag to 2024-12-16T00:00:00+00:00, run_after=2024-12-17T00:00:00+00:00
[2024-12-16T05:22:16.036+0000] {processor.py:208} INFO - Processing /opt/airflow/dags/spark_airflow.py took 0.137 seconds
[2024-12-16T05:22:46.208+0000] {processor.py:186} INFO - Started process (PID=101) to work on /opt/airflow/dags/spark_airflow.py
[2024-12-16T05:22:46.210+0000] {processor.py:914} INFO - Processing file /opt/airflow/dags/spark_airflow.py for tasks to queue
[2024-12-16T05:22:46.213+0000] {logging_mixin.py:190} INFO - [2024-12-16T05:22:46.213+0000] {dagbag.py:588} INFO - Filling up the DagBag from /opt/airflow/dags/spark_airflow.py
[2024-12-16T05:22:46.243+0000] {processor.py:925} INFO - DAG(s) 'first_dag' retrieved from /opt/airflow/dags/spark_airflow.py
[2024-12-16T05:22:46.450+0000] {logging_mixin.py:190} INFO - [2024-12-16T05:22:46.450+0000] {dag.py:3239} INFO - Sync 1 DAGs
[2024-12-16T05:22:46.522+0000] {logging_mixin.py:190} INFO - [2024-12-16T05:22:46.522+0000] {dag.py:4180} INFO - Setting next_dagrun for first_dag to 2024-12-16T00:00:00+00:00, run_after=2024-12-17T00:00:00+00:00
[2024-12-16T05:22:46.570+0000] {processor.py:208} INFO - Processing /opt/airflow/dags/spark_airflow.py took 0.368 seconds
[2024-12-16T05:23:16.956+0000] {processor.py:186} INFO - Started process (PID=106) to work on /opt/airflow/dags/spark_airflow.py
[2024-12-16T05:23:16.959+0000] {processor.py:914} INFO - Processing file /opt/airflow/dags/spark_airflow.py for tasks to queue
[2024-12-16T05:23:16.969+0000] {logging_mixin.py:190} INFO - [2024-12-16T05:23:16.966+0000] {dagbag.py:588} INFO - Filling up the DagBag from /opt/airflow/dags/spark_airflow.py
[2024-12-16T05:23:17.025+0000] {processor.py:925} INFO - DAG(s) 'first_dag' retrieved from /opt/airflow/dags/spark_airflow.py
[2024-12-16T05:23:17.151+0000] {logging_mixin.py:190} INFO - [2024-12-16T05:23:17.150+0000] {dag.py:3239} INFO - Sync 1 DAGs
[2024-12-16T05:23:17.266+0000] {logging_mixin.py:190} INFO - [2024-12-16T05:23:17.266+0000] {dag.py:4180} INFO - Setting next_dagrun for first_dag to 2024-12-16T00:00:00+00:00, run_after=2024-12-17T00:00:00+00:00
[2024-12-16T05:23:17.363+0000] {processor.py:208} INFO - Processing /opt/airflow/dags/spark_airflow.py took 0.425 seconds
[2024-12-16T05:23:47.721+0000] {processor.py:186} INFO - Started process (PID=111) to work on /opt/airflow/dags/spark_airflow.py
[2024-12-16T05:23:47.725+0000] {processor.py:914} INFO - Processing file /opt/airflow/dags/spark_airflow.py for tasks to queue
[2024-12-16T05:23:47.741+0000] {logging_mixin.py:190} INFO - [2024-12-16T05:23:47.740+0000] {dagbag.py:588} INFO - Filling up the DagBag from /opt/airflow/dags/spark_airflow.py
[2024-12-16T05:23:47.833+0000] {processor.py:925} INFO - DAG(s) 'first_dag' retrieved from /opt/airflow/dags/spark_airflow.py
[2024-12-16T05:23:47.887+0000] {logging_mixin.py:190} INFO - [2024-12-16T05:23:47.887+0000] {dag.py:3239} INFO - Sync 1 DAGs
[2024-12-16T05:23:47.932+0000] {logging_mixin.py:190} INFO - [2024-12-16T05:23:47.932+0000] {dag.py:4180} INFO - Setting next_dagrun for first_dag to 2024-12-16T00:00:00+00:00, run_after=2024-12-17T00:00:00+00:00
[2024-12-16T05:23:47.960+0000] {processor.py:208} INFO - Processing /opt/airflow/dags/spark_airflow.py took 0.262 seconds
[2024-12-16T05:24:18.250+0000] {processor.py:186} INFO - Started process (PID=116) to work on /opt/airflow/dags/spark_airflow.py
[2024-12-16T05:24:18.251+0000] {processor.py:914} INFO - Processing file /opt/airflow/dags/spark_airflow.py for tasks to queue
[2024-12-16T05:24:18.253+0000] {logging_mixin.py:190} INFO - [2024-12-16T05:24:18.253+0000] {dagbag.py:588} INFO - Filling up the DagBag from /opt/airflow/dags/spark_airflow.py
[2024-12-16T05:24:18.271+0000] {processor.py:925} INFO - DAG(s) 'first_dag' retrieved from /opt/airflow/dags/spark_airflow.py
[2024-12-16T05:24:18.299+0000] {logging_mixin.py:190} INFO - [2024-12-16T05:24:18.299+0000] {dag.py:3239} INFO - Sync 1 DAGs
[2024-12-16T05:24:18.317+0000] {logging_mixin.py:190} INFO - [2024-12-16T05:24:18.317+0000] {dag.py:4180} INFO - Setting next_dagrun for first_dag to 2024-12-16T00:00:00+00:00, run_after=2024-12-17T00:00:00+00:00
[2024-12-16T05:24:18.333+0000] {processor.py:208} INFO - Processing /opt/airflow/dags/spark_airflow.py took 0.087 seconds
[2024-12-16T05:24:48.581+0000] {processor.py:186} INFO - Started process (PID=121) to work on /opt/airflow/dags/spark_airflow.py
[2024-12-16T05:24:48.582+0000] {processor.py:914} INFO - Processing file /opt/airflow/dags/spark_airflow.py for tasks to queue
[2024-12-16T05:24:48.584+0000] {logging_mixin.py:190} INFO - [2024-12-16T05:24:48.584+0000] {dagbag.py:588} INFO - Filling up the DagBag from /opt/airflow/dags/spark_airflow.py
[2024-12-16T05:24:48.604+0000] {processor.py:925} INFO - DAG(s) 'first_dag' retrieved from /opt/airflow/dags/spark_airflow.py
[2024-12-16T05:24:48.629+0000] {logging_mixin.py:190} INFO - [2024-12-16T05:24:48.629+0000] {dag.py:3239} INFO - Sync 1 DAGs
[2024-12-16T05:24:48.645+0000] {logging_mixin.py:190} INFO - [2024-12-16T05:24:48.645+0000] {dag.py:4180} INFO - Setting next_dagrun for first_dag to 2024-12-16T00:00:00+00:00, run_after=2024-12-17T00:00:00+00:00
[2024-12-16T05:24:48.662+0000] {processor.py:208} INFO - Processing /opt/airflow/dags/spark_airflow.py took 0.084 seconds
[2024-12-16T05:25:18.875+0000] {processor.py:186} INFO - Started process (PID=126) to work on /opt/airflow/dags/spark_airflow.py
[2024-12-16T05:25:18.876+0000] {processor.py:914} INFO - Processing file /opt/airflow/dags/spark_airflow.py for tasks to queue
[2024-12-16T05:25:18.879+0000] {logging_mixin.py:190} INFO - [2024-12-16T05:25:18.878+0000] {dagbag.py:588} INFO - Filling up the DagBag from /opt/airflow/dags/spark_airflow.py
[2024-12-16T05:25:18.908+0000] {processor.py:925} INFO - DAG(s) 'first_dag' retrieved from /opt/airflow/dags/spark_airflow.py
[2024-12-16T05:25:18.936+0000] {logging_mixin.py:190} INFO - [2024-12-16T05:25:18.936+0000] {dag.py:3239} INFO - Sync 1 DAGs
[2024-12-16T05:25:18.961+0000] {logging_mixin.py:190} INFO - [2024-12-16T05:25:18.961+0000] {dag.py:4180} INFO - Setting next_dagrun for first_dag to 2024-12-16T00:00:00+00:00, run_after=2024-12-17T00:00:00+00:00
[2024-12-16T05:25:18.980+0000] {processor.py:208} INFO - Processing /opt/airflow/dags/spark_airflow.py took 0.110 seconds
[2024-12-16T05:25:49.273+0000] {processor.py:186} INFO - Started process (PID=131) to work on /opt/airflow/dags/spark_airflow.py
[2024-12-16T05:25:49.274+0000] {processor.py:914} INFO - Processing file /opt/airflow/dags/spark_airflow.py for tasks to queue
[2024-12-16T05:25:49.276+0000] {logging_mixin.py:190} INFO - [2024-12-16T05:25:49.276+0000] {dagbag.py:588} INFO - Filling up the DagBag from /opt/airflow/dags/spark_airflow.py
[2024-12-16T05:25:49.296+0000] {processor.py:925} INFO - DAG(s) 'first_dag' retrieved from /opt/airflow/dags/spark_airflow.py
[2024-12-16T05:25:49.319+0000] {logging_mixin.py:190} INFO - [2024-12-16T05:25:49.319+0000] {dag.py:3239} INFO - Sync 1 DAGs
[2024-12-16T05:25:49.339+0000] {logging_mixin.py:190} INFO - [2024-12-16T05:25:49.339+0000] {dag.py:4180} INFO - Setting next_dagrun for first_dag to 2024-12-16T00:00:00+00:00, run_after=2024-12-17T00:00:00+00:00
[2024-12-16T05:25:49.355+0000] {processor.py:208} INFO - Processing /opt/airflow/dags/spark_airflow.py took 0.086 seconds
[2024-12-16T05:26:19.594+0000] {processor.py:186} INFO - Started process (PID=136) to work on /opt/airflow/dags/spark_airflow.py
[2024-12-16T05:26:19.595+0000] {processor.py:914} INFO - Processing file /opt/airflow/dags/spark_airflow.py for tasks to queue
[2024-12-16T05:26:19.601+0000] {logging_mixin.py:190} INFO - [2024-12-16T05:26:19.601+0000] {dagbag.py:588} INFO - Filling up the DagBag from /opt/airflow/dags/spark_airflow.py
[2024-12-16T05:26:19.640+0000] {processor.py:925} INFO - DAG(s) 'first_dag' retrieved from /opt/airflow/dags/spark_airflow.py
[2024-12-16T05:26:19.676+0000] {logging_mixin.py:190} INFO - [2024-12-16T05:26:19.676+0000] {dag.py:3239} INFO - Sync 1 DAGs
[2024-12-16T05:26:19.713+0000] {logging_mixin.py:190} INFO - [2024-12-16T05:26:19.713+0000] {dag.py:4180} INFO - Setting next_dagrun for first_dag to 2024-12-16T00:00:00+00:00, run_after=2024-12-17T00:00:00+00:00
[2024-12-16T05:26:19.742+0000] {processor.py:208} INFO - Processing /opt/airflow/dags/spark_airflow.py took 0.155 seconds
[2024-12-16T05:26:49.927+0000] {processor.py:186} INFO - Started process (PID=141) to work on /opt/airflow/dags/spark_airflow.py
[2024-12-16T05:26:49.928+0000] {processor.py:914} INFO - Processing file /opt/airflow/dags/spark_airflow.py for tasks to queue
[2024-12-16T05:26:49.933+0000] {logging_mixin.py:190} INFO - [2024-12-16T05:26:49.932+0000] {dagbag.py:588} INFO - Filling up the DagBag from /opt/airflow/dags/spark_airflow.py
[2024-12-16T05:26:49.957+0000] {processor.py:925} INFO - DAG(s) 'first_dag' retrieved from /opt/airflow/dags/spark_airflow.py
[2024-12-16T05:26:49.990+0000] {logging_mixin.py:190} INFO - [2024-12-16T05:26:49.989+0000] {dag.py:3239} INFO - Sync 1 DAGs
[2024-12-16T05:26:50.025+0000] {logging_mixin.py:190} INFO - [2024-12-16T05:26:50.025+0000] {dag.py:4180} INFO - Setting next_dagrun for first_dag to 2024-12-16T00:00:00+00:00, run_after=2024-12-17T00:00:00+00:00
[2024-12-16T05:26:50.051+0000] {processor.py:208} INFO - Processing /opt/airflow/dags/spark_airflow.py took 0.130 seconds
[2024-12-16T05:27:20.296+0000] {processor.py:186} INFO - Started process (PID=146) to work on /opt/airflow/dags/spark_airflow.py
[2024-12-16T05:27:20.298+0000] {processor.py:914} INFO - Processing file /opt/airflow/dags/spark_airflow.py for tasks to queue
[2024-12-16T05:27:20.310+0000] {logging_mixin.py:190} INFO - [2024-12-16T05:27:20.310+0000] {dagbag.py:588} INFO - Filling up the DagBag from /opt/airflow/dags/spark_airflow.py
[2024-12-16T05:27:20.349+0000] {processor.py:925} INFO - DAG(s) 'first_dag' retrieved from /opt/airflow/dags/spark_airflow.py
[2024-12-16T05:27:20.415+0000] {logging_mixin.py:190} INFO - [2024-12-16T05:27:20.415+0000] {dag.py:3239} INFO - Sync 1 DAGs
[2024-12-16T05:27:20.457+0000] {logging_mixin.py:190} INFO - [2024-12-16T05:27:20.456+0000] {dag.py:4180} INFO - Setting next_dagrun for first_dag to 2024-12-16T00:00:00+00:00, run_after=2024-12-17T00:00:00+00:00
[2024-12-16T05:27:20.494+0000] {processor.py:208} INFO - Processing /opt/airflow/dags/spark_airflow.py took 0.204 seconds
[2024-12-16T05:27:50.611+0000] {processor.py:186} INFO - Started process (PID=151) to work on /opt/airflow/dags/spark_airflow.py
[2024-12-16T05:27:50.611+0000] {processor.py:914} INFO - Processing file /opt/airflow/dags/spark_airflow.py for tasks to queue
[2024-12-16T05:27:50.613+0000] {logging_mixin.py:190} INFO - [2024-12-16T05:27:50.613+0000] {dagbag.py:588} INFO - Filling up the DagBag from /opt/airflow/dags/spark_airflow.py
[2024-12-16T05:27:50.635+0000] {processor.py:925} INFO - DAG(s) 'first_dag' retrieved from /opt/airflow/dags/spark_airflow.py
[2024-12-16T05:27:50.762+0000] {logging_mixin.py:190} INFO - [2024-12-16T05:27:50.761+0000] {dag.py:3239} INFO - Sync 1 DAGs
[2024-12-16T05:27:50.788+0000] {logging_mixin.py:190} INFO - [2024-12-16T05:27:50.788+0000] {dag.py:4180} INFO - Setting next_dagrun for first_dag to 2024-12-16T00:00:00+00:00, run_after=2024-12-17T00:00:00+00:00
[2024-12-16T05:27:50.805+0000] {processor.py:208} INFO - Processing /opt/airflow/dags/spark_airflow.py took 0.199 seconds
[2024-12-16T05:28:21.088+0000] {processor.py:186} INFO - Started process (PID=156) to work on /opt/airflow/dags/spark_airflow.py
[2024-12-16T05:28:21.090+0000] {processor.py:914} INFO - Processing file /opt/airflow/dags/spark_airflow.py for tasks to queue
[2024-12-16T05:28:21.094+0000] {logging_mixin.py:190} INFO - [2024-12-16T05:28:21.094+0000] {dagbag.py:588} INFO - Filling up the DagBag from /opt/airflow/dags/spark_airflow.py
[2024-12-16T05:28:21.123+0000] {processor.py:925} INFO - DAG(s) 'first_dag' retrieved from /opt/airflow/dags/spark_airflow.py
[2024-12-16T05:28:21.160+0000] {logging_mixin.py:190} INFO - [2024-12-16T05:28:21.160+0000] {dag.py:3239} INFO - Sync 1 DAGs
[2024-12-16T05:28:21.182+0000] {logging_mixin.py:190} INFO - [2024-12-16T05:28:21.182+0000] {dag.py:4180} INFO - Setting next_dagrun for first_dag to 2024-12-16T00:00:00+00:00, run_after=2024-12-17T00:00:00+00:00
[2024-12-16T05:28:21.205+0000] {processor.py:208} INFO - Processing /opt/airflow/dags/spark_airflow.py took 0.122 seconds
[2024-12-16T05:28:51.420+0000] {processor.py:186} INFO - Started process (PID=161) to work on /opt/airflow/dags/spark_airflow.py
[2024-12-16T05:28:51.421+0000] {processor.py:914} INFO - Processing file /opt/airflow/dags/spark_airflow.py for tasks to queue
[2024-12-16T05:28:51.424+0000] {logging_mixin.py:190} INFO - [2024-12-16T05:28:51.423+0000] {dagbag.py:588} INFO - Filling up the DagBag from /opt/airflow/dags/spark_airflow.py
[2024-12-16T05:28:51.455+0000] {processor.py:925} INFO - DAG(s) 'first_dag' retrieved from /opt/airflow/dags/spark_airflow.py
[2024-12-16T05:28:51.483+0000] {logging_mixin.py:190} INFO - [2024-12-16T05:28:51.483+0000] {dag.py:3239} INFO - Sync 1 DAGs
[2024-12-16T05:28:51.503+0000] {logging_mixin.py:190} INFO - [2024-12-16T05:28:51.503+0000] {dag.py:4180} INFO - Setting next_dagrun for first_dag to 2024-12-16T00:00:00+00:00, run_after=2024-12-17T00:00:00+00:00
[2024-12-16T05:28:51.535+0000] {processor.py:208} INFO - Processing /opt/airflow/dags/spark_airflow.py took 0.119 seconds
[2024-12-16T05:29:21.795+0000] {processor.py:186} INFO - Started process (PID=173) to work on /opt/airflow/dags/spark_airflow.py
[2024-12-16T05:29:21.796+0000] {processor.py:914} INFO - Processing file /opt/airflow/dags/spark_airflow.py for tasks to queue
[2024-12-16T05:29:21.799+0000] {logging_mixin.py:190} INFO - [2024-12-16T05:29:21.799+0000] {dagbag.py:588} INFO - Filling up the DagBag from /opt/airflow/dags/spark_airflow.py
[2024-12-16T05:29:21.827+0000] {processor.py:925} INFO - DAG(s) 'first_dag' retrieved from /opt/airflow/dags/spark_airflow.py
[2024-12-16T05:29:21.869+0000] {logging_mixin.py:190} INFO - [2024-12-16T05:29:21.869+0000] {dag.py:3239} INFO - Sync 1 DAGs
[2024-12-16T05:29:21.906+0000] {logging_mixin.py:190} INFO - [2024-12-16T05:29:21.906+0000] {dag.py:4180} INFO - Setting next_dagrun for first_dag to 2024-12-16T00:00:00+00:00, run_after=2024-12-17T00:00:00+00:00
[2024-12-16T05:29:21.930+0000] {processor.py:208} INFO - Processing /opt/airflow/dags/spark_airflow.py took 0.141 seconds
[2024-12-16T05:29:52.090+0000] {processor.py:186} INFO - Started process (PID=178) to work on /opt/airflow/dags/spark_airflow.py
[2024-12-16T05:29:52.091+0000] {processor.py:914} INFO - Processing file /opt/airflow/dags/spark_airflow.py for tasks to queue
[2024-12-16T05:29:52.094+0000] {logging_mixin.py:190} INFO - [2024-12-16T05:29:52.094+0000] {dagbag.py:588} INFO - Filling up the DagBag from /opt/airflow/dags/spark_airflow.py
[2024-12-16T05:29:52.119+0000] {processor.py:925} INFO - DAG(s) 'first_dag' retrieved from /opt/airflow/dags/spark_airflow.py
[2024-12-16T05:29:52.152+0000] {logging_mixin.py:190} INFO - [2024-12-16T05:29:52.152+0000] {dag.py:3239} INFO - Sync 1 DAGs
[2024-12-16T05:29:52.170+0000] {logging_mixin.py:190} INFO - [2024-12-16T05:29:52.170+0000] {dag.py:4180} INFO - Setting next_dagrun for first_dag to 2024-12-16T00:00:00+00:00, run_after=2024-12-17T00:00:00+00:00
[2024-12-16T05:29:52.189+0000] {processor.py:208} INFO - Processing /opt/airflow/dags/spark_airflow.py took 0.104 seconds
[2024-12-16T05:30:22.468+0000] {processor.py:186} INFO - Started process (PID=183) to work on /opt/airflow/dags/spark_airflow.py
[2024-12-16T05:30:22.470+0000] {processor.py:914} INFO - Processing file /opt/airflow/dags/spark_airflow.py for tasks to queue
[2024-12-16T05:30:22.474+0000] {logging_mixin.py:190} INFO - [2024-12-16T05:30:22.473+0000] {dagbag.py:588} INFO - Filling up the DagBag from /opt/airflow/dags/spark_airflow.py
[2024-12-16T05:30:22.497+0000] {processor.py:925} INFO - DAG(s) 'first_dag' retrieved from /opt/airflow/dags/spark_airflow.py
[2024-12-16T05:30:22.553+0000] {logging_mixin.py:190} INFO - [2024-12-16T05:30:22.552+0000] {dag.py:3239} INFO - Sync 1 DAGs
[2024-12-16T05:30:22.601+0000] {logging_mixin.py:190} INFO - [2024-12-16T05:30:22.601+0000] {dag.py:4180} INFO - Setting next_dagrun for first_dag to 2024-12-16T00:00:00+00:00, run_after=2024-12-17T00:00:00+00:00
[2024-12-16T05:30:22.627+0000] {processor.py:208} INFO - Processing /opt/airflow/dags/spark_airflow.py took 0.164 seconds
[2024-12-16T05:30:52.865+0000] {processor.py:186} INFO - Started process (PID=188) to work on /opt/airflow/dags/spark_airflow.py
[2024-12-16T05:30:52.872+0000] {processor.py:914} INFO - Processing file /opt/airflow/dags/spark_airflow.py for tasks to queue
[2024-12-16T05:30:52.876+0000] {logging_mixin.py:190} INFO - [2024-12-16T05:30:52.875+0000] {dagbag.py:588} INFO - Filling up the DagBag from /opt/airflow/dags/spark_airflow.py
[2024-12-16T05:30:52.909+0000] {processor.py:925} INFO - DAG(s) 'first_dag' retrieved from /opt/airflow/dags/spark_airflow.py
[2024-12-16T05:30:52.948+0000] {logging_mixin.py:190} INFO - [2024-12-16T05:30:52.947+0000] {dag.py:3239} INFO - Sync 1 DAGs
[2024-12-16T05:30:52.970+0000] {logging_mixin.py:190} INFO - [2024-12-16T05:30:52.970+0000] {dag.py:4180} INFO - Setting next_dagrun for first_dag to 2024-12-16T00:00:00+00:00, run_after=2024-12-17T00:00:00+00:00
[2024-12-16T05:30:52.999+0000] {processor.py:208} INFO - Processing /opt/airflow/dags/spark_airflow.py took 0.139 seconds
[2024-12-16T05:31:23.188+0000] {processor.py:186} INFO - Started process (PID=193) to work on /opt/airflow/dags/spark_airflow.py
[2024-12-16T05:31:23.189+0000] {processor.py:914} INFO - Processing file /opt/airflow/dags/spark_airflow.py for tasks to queue
[2024-12-16T05:31:23.191+0000] {logging_mixin.py:190} INFO - [2024-12-16T05:31:23.191+0000] {dagbag.py:588} INFO - Filling up the DagBag from /opt/airflow/dags/spark_airflow.py
[2024-12-16T05:31:23.226+0000] {processor.py:925} INFO - DAG(s) 'first_dag' retrieved from /opt/airflow/dags/spark_airflow.py
[2024-12-16T05:31:23.263+0000] {logging_mixin.py:190} INFO - [2024-12-16T05:31:23.263+0000] {dag.py:3239} INFO - Sync 1 DAGs
[2024-12-16T05:31:23.300+0000] {logging_mixin.py:190} INFO - [2024-12-16T05:31:23.300+0000] {dag.py:4180} INFO - Setting next_dagrun for first_dag to 2024-12-16T00:00:00+00:00, run_after=2024-12-17T00:00:00+00:00
[2024-12-16T05:31:23.332+0000] {processor.py:208} INFO - Processing /opt/airflow/dags/spark_airflow.py took 0.149 seconds
[2024-12-16T05:31:53.566+0000] {processor.py:186} INFO - Started process (PID=198) to work on /opt/airflow/dags/spark_airflow.py
[2024-12-16T05:31:53.567+0000] {processor.py:914} INFO - Processing file /opt/airflow/dags/spark_airflow.py for tasks to queue
[2024-12-16T05:31:53.569+0000] {logging_mixin.py:190} INFO - [2024-12-16T05:31:53.569+0000] {dagbag.py:588} INFO - Filling up the DagBag from /opt/airflow/dags/spark_airflow.py
[2024-12-16T05:31:53.603+0000] {processor.py:925} INFO - DAG(s) 'first_dag' retrieved from /opt/airflow/dags/spark_airflow.py
[2024-12-16T05:31:53.650+0000] {logging_mixin.py:190} INFO - [2024-12-16T05:31:53.650+0000] {dag.py:3239} INFO - Sync 1 DAGs
[2024-12-16T05:31:53.674+0000] {logging_mixin.py:190} INFO - [2024-12-16T05:31:53.674+0000] {dag.py:4180} INFO - Setting next_dagrun for first_dag to 2024-12-16T00:00:00+00:00, run_after=2024-12-17T00:00:00+00:00
[2024-12-16T05:31:53.692+0000] {processor.py:208} INFO - Processing /opt/airflow/dags/spark_airflow.py took 0.132 seconds
[2024-12-16T05:32:23.888+0000] {processor.py:186} INFO - Started process (PID=203) to work on /opt/airflow/dags/spark_airflow.py
[2024-12-16T05:32:23.890+0000] {processor.py:914} INFO - Processing file /opt/airflow/dags/spark_airflow.py for tasks to queue
[2024-12-16T05:32:23.894+0000] {logging_mixin.py:190} INFO - [2024-12-16T05:32:23.894+0000] {dagbag.py:588} INFO - Filling up the DagBag from /opt/airflow/dags/spark_airflow.py
[2024-12-16T05:32:23.923+0000] {processor.py:925} INFO - DAG(s) 'first_dag' retrieved from /opt/airflow/dags/spark_airflow.py
[2024-12-16T05:32:23.958+0000] {logging_mixin.py:190} INFO - [2024-12-16T05:32:23.957+0000] {dag.py:3239} INFO - Sync 1 DAGs
[2024-12-16T05:32:23.975+0000] {logging_mixin.py:190} INFO - [2024-12-16T05:32:23.975+0000] {dag.py:4180} INFO - Setting next_dagrun for first_dag to 2024-12-16T00:00:00+00:00, run_after=2024-12-17T00:00:00+00:00
[2024-12-16T05:32:23.993+0000] {processor.py:208} INFO - Processing /opt/airflow/dags/spark_airflow.py took 0.111 seconds
[2024-12-16T05:32:54.288+0000] {processor.py:186} INFO - Started process (PID=208) to work on /opt/airflow/dags/spark_airflow.py
[2024-12-16T05:32:54.289+0000] {processor.py:914} INFO - Processing file /opt/airflow/dags/spark_airflow.py for tasks to queue
[2024-12-16T05:32:54.291+0000] {logging_mixin.py:190} INFO - [2024-12-16T05:32:54.291+0000] {dagbag.py:588} INFO - Filling up the DagBag from /opt/airflow/dags/spark_airflow.py
[2024-12-16T05:32:54.321+0000] {processor.py:925} INFO - DAG(s) 'first_dag' retrieved from /opt/airflow/dags/spark_airflow.py
[2024-12-16T05:32:54.348+0000] {logging_mixin.py:190} INFO - [2024-12-16T05:32:54.348+0000] {dag.py:3239} INFO - Sync 1 DAGs
[2024-12-16T05:32:54.365+0000] {logging_mixin.py:190} INFO - [2024-12-16T05:32:54.365+0000] {dag.py:4180} INFO - Setting next_dagrun for first_dag to 2024-12-16T00:00:00+00:00, run_after=2024-12-17T00:00:00+00:00
[2024-12-16T05:32:54.386+0000] {processor.py:208} INFO - Processing /opt/airflow/dags/spark_airflow.py took 0.102 seconds
[2024-12-16T05:33:24.592+0000] {processor.py:186} INFO - Started process (PID=213) to work on /opt/airflow/dags/spark_airflow.py
[2024-12-16T05:33:24.593+0000] {processor.py:914} INFO - Processing file /opt/airflow/dags/spark_airflow.py for tasks to queue
[2024-12-16T05:33:24.598+0000] {logging_mixin.py:190} INFO - [2024-12-16T05:33:24.598+0000] {dagbag.py:588} INFO - Filling up the DagBag from /opt/airflow/dags/spark_airflow.py
[2024-12-16T05:33:24.622+0000] {processor.py:925} INFO - DAG(s) 'first_dag' retrieved from /opt/airflow/dags/spark_airflow.py
[2024-12-16T05:33:24.666+0000] {logging_mixin.py:190} INFO - [2024-12-16T05:33:24.665+0000] {dag.py:3239} INFO - Sync 1 DAGs
[2024-12-16T05:33:24.695+0000] {logging_mixin.py:190} INFO - [2024-12-16T05:33:24.694+0000] {dag.py:4180} INFO - Setting next_dagrun for first_dag to 2024-12-16T00:00:00+00:00, run_after=2024-12-17T00:00:00+00:00
[2024-12-16T05:33:24.716+0000] {processor.py:208} INFO - Processing /opt/airflow/dags/spark_airflow.py took 0.129 seconds
[2024-12-16T05:33:54.952+0000] {processor.py:186} INFO - Started process (PID=218) to work on /opt/airflow/dags/spark_airflow.py
[2024-12-16T05:33:54.953+0000] {processor.py:914} INFO - Processing file /opt/airflow/dags/spark_airflow.py for tasks to queue
[2024-12-16T05:33:54.956+0000] {logging_mixin.py:190} INFO - [2024-12-16T05:33:54.956+0000] {dagbag.py:588} INFO - Filling up the DagBag from /opt/airflow/dags/spark_airflow.py
[2024-12-16T05:33:54.988+0000] {processor.py:925} INFO - DAG(s) 'first_dag' retrieved from /opt/airflow/dags/spark_airflow.py
[2024-12-16T05:33:55.021+0000] {logging_mixin.py:190} INFO - [2024-12-16T05:33:55.021+0000] {dag.py:3239} INFO - Sync 1 DAGs
[2024-12-16T05:33:55.049+0000] {logging_mixin.py:190} INFO - [2024-12-16T05:33:55.049+0000] {dag.py:4180} INFO - Setting next_dagrun for first_dag to 2024-12-16T00:00:00+00:00, run_after=2024-12-17T00:00:00+00:00
[2024-12-16T05:33:55.069+0000] {processor.py:208} INFO - Processing /opt/airflow/dags/spark_airflow.py took 0.121 seconds
[2024-12-16T05:34:25.296+0000] {processor.py:186} INFO - Started process (PID=223) to work on /opt/airflow/dags/spark_airflow.py
[2024-12-16T05:34:25.297+0000] {processor.py:914} INFO - Processing file /opt/airflow/dags/spark_airflow.py for tasks to queue
[2024-12-16T05:34:25.300+0000] {logging_mixin.py:190} INFO - [2024-12-16T05:34:25.300+0000] {dagbag.py:588} INFO - Filling up the DagBag from /opt/airflow/dags/spark_airflow.py
[2024-12-16T05:34:25.341+0000] {processor.py:925} INFO - DAG(s) 'first_dag' retrieved from /opt/airflow/dags/spark_airflow.py
[2024-12-16T05:34:25.378+0000] {logging_mixin.py:190} INFO - [2024-12-16T05:34:25.378+0000] {dag.py:3239} INFO - Sync 1 DAGs
[2024-12-16T05:34:25.415+0000] {logging_mixin.py:190} INFO - [2024-12-16T05:34:25.415+0000] {dag.py:4180} INFO - Setting next_dagrun for first_dag to 2024-12-16T00:00:00+00:00, run_after=2024-12-17T00:00:00+00:00
[2024-12-16T05:34:25.446+0000] {processor.py:208} INFO - Processing /opt/airflow/dags/spark_airflow.py took 0.159 seconds
[2024-12-16T05:34:55.669+0000] {processor.py:186} INFO - Started process (PID=228) to work on /opt/airflow/dags/spark_airflow.py
[2024-12-16T05:34:55.670+0000] {processor.py:914} INFO - Processing file /opt/airflow/dags/spark_airflow.py for tasks to queue
[2024-12-16T05:34:55.672+0000] {logging_mixin.py:190} INFO - [2024-12-16T05:34:55.672+0000] {dagbag.py:588} INFO - Filling up the DagBag from /opt/airflow/dags/spark_airflow.py
[2024-12-16T05:34:55.702+0000] {processor.py:925} INFO - DAG(s) 'first_dag' retrieved from /opt/airflow/dags/spark_airflow.py
[2024-12-16T05:34:55.734+0000] {logging_mixin.py:190} INFO - [2024-12-16T05:34:55.734+0000] {dag.py:3239} INFO - Sync 1 DAGs
[2024-12-16T05:34:55.759+0000] {logging_mixin.py:190} INFO - [2024-12-16T05:34:55.759+0000] {dag.py:4180} INFO - Setting next_dagrun for first_dag to 2024-12-16T00:00:00+00:00, run_after=2024-12-17T00:00:00+00:00
[2024-12-16T05:34:55.780+0000] {processor.py:208} INFO - Processing /opt/airflow/dags/spark_airflow.py took 0.118 seconds
[2024-12-16T05:35:25.973+0000] {processor.py:186} INFO - Started process (PID=233) to work on /opt/airflow/dags/spark_airflow.py
[2024-12-16T05:35:25.974+0000] {processor.py:914} INFO - Processing file /opt/airflow/dags/spark_airflow.py for tasks to queue
[2024-12-16T05:35:25.977+0000] {logging_mixin.py:190} INFO - [2024-12-16T05:35:25.977+0000] {dagbag.py:588} INFO - Filling up the DagBag from /opt/airflow/dags/spark_airflow.py
[2024-12-16T05:35:26.010+0000] {processor.py:925} INFO - DAG(s) 'first_dag' retrieved from /opt/airflow/dags/spark_airflow.py
[2024-12-16T05:35:26.046+0000] {logging_mixin.py:190} INFO - [2024-12-16T05:35:26.046+0000] {dag.py:3239} INFO - Sync 1 DAGs
[2024-12-16T05:35:26.063+0000] {logging_mixin.py:190} INFO - [2024-12-16T05:35:26.063+0000] {dag.py:4180} INFO - Setting next_dagrun for first_dag to 2024-12-16T00:00:00+00:00, run_after=2024-12-17T00:00:00+00:00
[2024-12-16T05:35:26.081+0000] {processor.py:208} INFO - Processing /opt/airflow/dags/spark_airflow.py took 0.120 seconds
[2024-12-16T05:35:56.371+0000] {processor.py:186} INFO - Started process (PID=238) to work on /opt/airflow/dags/spark_airflow.py
[2024-12-16T05:35:56.372+0000] {processor.py:914} INFO - Processing file /opt/airflow/dags/spark_airflow.py for tasks to queue
[2024-12-16T05:35:56.376+0000] {logging_mixin.py:190} INFO - [2024-12-16T05:35:56.375+0000] {dagbag.py:588} INFO - Filling up the DagBag from /opt/airflow/dags/spark_airflow.py
[2024-12-16T05:35:56.419+0000] {processor.py:925} INFO - DAG(s) 'first_dag' retrieved from /opt/airflow/dags/spark_airflow.py
[2024-12-16T05:35:56.454+0000] {logging_mixin.py:190} INFO - [2024-12-16T05:35:56.454+0000] {dag.py:3239} INFO - Sync 1 DAGs
[2024-12-16T05:35:56.479+0000] {logging_mixin.py:190} INFO - [2024-12-16T05:35:56.478+0000] {dag.py:4180} INFO - Setting next_dagrun for first_dag to 2024-12-16T00:00:00+00:00, run_after=2024-12-17T00:00:00+00:00
[2024-12-16T05:35:56.505+0000] {processor.py:208} INFO - Processing /opt/airflow/dags/spark_airflow.py took 0.141 seconds
[2024-12-16T05:36:26.663+0000] {processor.py:186} INFO - Started process (PID=243) to work on /opt/airflow/dags/spark_airflow.py
[2024-12-16T05:36:26.665+0000] {processor.py:914} INFO - Processing file /opt/airflow/dags/spark_airflow.py for tasks to queue
[2024-12-16T05:36:26.668+0000] {logging_mixin.py:190} INFO - [2024-12-16T05:36:26.668+0000] {dagbag.py:588} INFO - Filling up the DagBag from /opt/airflow/dags/spark_airflow.py
[2024-12-16T05:36:26.703+0000] {processor.py:925} INFO - DAG(s) 'first_dag' retrieved from /opt/airflow/dags/spark_airflow.py
[2024-12-16T05:36:26.739+0000] {logging_mixin.py:190} INFO - [2024-12-16T05:36:26.739+0000] {dag.py:3239} INFO - Sync 1 DAGs
[2024-12-16T05:36:26.759+0000] {logging_mixin.py:190} INFO - [2024-12-16T05:36:26.759+0000] {dag.py:4180} INFO - Setting next_dagrun for first_dag to 2024-12-16T00:00:00+00:00, run_after=2024-12-17T00:00:00+00:00
[2024-12-16T05:36:26.786+0000] {processor.py:208} INFO - Processing /opt/airflow/dags/spark_airflow.py took 0.132 seconds
[2024-12-16T05:36:57.083+0000] {processor.py:186} INFO - Started process (PID=255) to work on /opt/airflow/dags/spark_airflow.py
[2024-12-16T05:36:57.084+0000] {processor.py:914} INFO - Processing file /opt/airflow/dags/spark_airflow.py for tasks to queue
[2024-12-16T05:36:57.087+0000] {logging_mixin.py:190} INFO - [2024-12-16T05:36:57.086+0000] {dagbag.py:588} INFO - Filling up the DagBag from /opt/airflow/dags/spark_airflow.py
[2024-12-16T05:36:57.135+0000] {processor.py:925} INFO - DAG(s) 'first_dag' retrieved from /opt/airflow/dags/spark_airflow.py
[2024-12-16T05:36:57.162+0000] {logging_mixin.py:190} INFO - [2024-12-16T05:36:57.161+0000] {dag.py:3239} INFO - Sync 1 DAGs
[2024-12-16T05:36:57.184+0000] {logging_mixin.py:190} INFO - [2024-12-16T05:36:57.183+0000] {dag.py:4180} INFO - Setting next_dagrun for first_dag to 2024-12-16T00:00:00+00:00, run_after=2024-12-17T00:00:00+00:00
[2024-12-16T05:36:57.210+0000] {processor.py:208} INFO - Processing /opt/airflow/dags/spark_airflow.py took 0.133 seconds
[2024-12-16T05:37:27.392+0000] {processor.py:186} INFO - Started process (PID=260) to work on /opt/airflow/dags/spark_airflow.py
[2024-12-16T05:37:27.393+0000] {processor.py:914} INFO - Processing file /opt/airflow/dags/spark_airflow.py for tasks to queue
[2024-12-16T05:37:27.396+0000] {logging_mixin.py:190} INFO - [2024-12-16T05:37:27.396+0000] {dagbag.py:588} INFO - Filling up the DagBag from /opt/airflow/dags/spark_airflow.py
[2024-12-16T05:37:27.437+0000] {processor.py:925} INFO - DAG(s) 'first_dag' retrieved from /opt/airflow/dags/spark_airflow.py
[2024-12-16T05:37:27.469+0000] {logging_mixin.py:190} INFO - [2024-12-16T05:37:27.469+0000] {dag.py:3239} INFO - Sync 1 DAGs
[2024-12-16T05:37:27.489+0000] {logging_mixin.py:190} INFO - [2024-12-16T05:37:27.489+0000] {dag.py:4180} INFO - Setting next_dagrun for first_dag to 2024-12-16T00:00:00+00:00, run_after=2024-12-17T00:00:00+00:00
[2024-12-16T05:37:27.513+0000] {processor.py:208} INFO - Processing /opt/airflow/dags/spark_airflow.py took 0.129 seconds
[2024-12-16T05:37:57.807+0000] {processor.py:186} INFO - Started process (PID=265) to work on /opt/airflow/dags/spark_airflow.py
[2024-12-16T05:37:57.809+0000] {processor.py:914} INFO - Processing file /opt/airflow/dags/spark_airflow.py for tasks to queue
[2024-12-16T05:37:57.812+0000] {logging_mixin.py:190} INFO - [2024-12-16T05:37:57.812+0000] {dagbag.py:588} INFO - Filling up the DagBag from /opt/airflow/dags/spark_airflow.py
[2024-12-16T05:37:57.857+0000] {processor.py:925} INFO - DAG(s) 'first_dag' retrieved from /opt/airflow/dags/spark_airflow.py
[2024-12-16T05:37:57.892+0000] {logging_mixin.py:190} INFO - [2024-12-16T05:37:57.892+0000] {dag.py:3239} INFO - Sync 1 DAGs
[2024-12-16T05:37:57.917+0000] {logging_mixin.py:190} INFO - [2024-12-16T05:37:57.917+0000] {dag.py:4180} INFO - Setting next_dagrun for first_dag to 2024-12-16T00:00:00+00:00, run_after=2024-12-17T00:00:00+00:00
[2024-12-16T05:37:57.947+0000] {processor.py:208} INFO - Processing /opt/airflow/dags/spark_airflow.py took 0.148 seconds
[2024-12-16T05:38:28.146+0000] {processor.py:186} INFO - Started process (PID=270) to work on /opt/airflow/dags/spark_airflow.py
[2024-12-16T05:38:28.147+0000] {processor.py:914} INFO - Processing file /opt/airflow/dags/spark_airflow.py for tasks to queue
[2024-12-16T05:38:28.150+0000] {logging_mixin.py:190} INFO - [2024-12-16T05:38:28.150+0000] {dagbag.py:588} INFO - Filling up the DagBag from /opt/airflow/dags/spark_airflow.py
[2024-12-16T05:38:28.189+0000] {processor.py:925} INFO - DAG(s) 'first_dag' retrieved from /opt/airflow/dags/spark_airflow.py
[2024-12-16T05:38:28.223+0000] {logging_mixin.py:190} INFO - [2024-12-16T05:38:28.223+0000] {dag.py:3239} INFO - Sync 1 DAGs
[2024-12-16T05:38:28.245+0000] {logging_mixin.py:190} INFO - [2024-12-16T05:38:28.245+0000] {dag.py:4180} INFO - Setting next_dagrun for first_dag to 2024-12-16T00:00:00+00:00, run_after=2024-12-17T00:00:00+00:00
[2024-12-16T05:38:28.264+0000] {processor.py:208} INFO - Processing /opt/airflow/dags/spark_airflow.py took 0.131 seconds
[2024-12-16T05:38:58.546+0000] {processor.py:186} INFO - Started process (PID=275) to work on /opt/airflow/dags/spark_airflow.py
[2024-12-16T05:38:58.547+0000] {processor.py:914} INFO - Processing file /opt/airflow/dags/spark_airflow.py for tasks to queue
[2024-12-16T05:38:58.549+0000] {logging_mixin.py:190} INFO - [2024-12-16T05:38:58.549+0000] {dagbag.py:588} INFO - Filling up the DagBag from /opt/airflow/dags/spark_airflow.py
[2024-12-16T05:38:58.571+0000] {processor.py:925} INFO - DAG(s) 'first_dag' retrieved from /opt/airflow/dags/spark_airflow.py
[2024-12-16T05:38:58.592+0000] {logging_mixin.py:190} INFO - [2024-12-16T05:38:58.592+0000] {dag.py:3239} INFO - Sync 1 DAGs
[2024-12-16T05:38:58.608+0000] {logging_mixin.py:190} INFO - [2024-12-16T05:38:58.608+0000] {dag.py:4180} INFO - Setting next_dagrun for first_dag to 2024-12-16T00:00:00+00:00, run_after=2024-12-17T00:00:00+00:00
[2024-12-16T05:38:58.630+0000] {processor.py:208} INFO - Processing /opt/airflow/dags/spark_airflow.py took 0.089 seconds
[2024-12-16T05:39:28.811+0000] {processor.py:186} INFO - Started process (PID=280) to work on /opt/airflow/dags/spark_airflow.py
[2024-12-16T05:39:28.812+0000] {processor.py:914} INFO - Processing file /opt/airflow/dags/spark_airflow.py for tasks to queue
[2024-12-16T05:39:28.814+0000] {logging_mixin.py:190} INFO - [2024-12-16T05:39:28.814+0000] {dagbag.py:588} INFO - Filling up the DagBag from /opt/airflow/dags/spark_airflow.py
[2024-12-16T05:39:28.842+0000] {processor.py:925} INFO - DAG(s) 'first_dag' retrieved from /opt/airflow/dags/spark_airflow.py
[2024-12-16T05:39:28.864+0000] {logging_mixin.py:190} INFO - [2024-12-16T05:39:28.864+0000] {dag.py:3239} INFO - Sync 1 DAGs
[2024-12-16T05:39:28.881+0000] {logging_mixin.py:190} INFO - [2024-12-16T05:39:28.881+0000] {dag.py:4180} INFO - Setting next_dagrun for first_dag to 2024-12-16T00:00:00+00:00, run_after=2024-12-17T00:00:00+00:00
[2024-12-16T05:39:28.906+0000] {processor.py:208} INFO - Processing /opt/airflow/dags/spark_airflow.py took 0.100 seconds
[2024-12-16T05:39:59.248+0000] {processor.py:186} INFO - Started process (PID=285) to work on /opt/airflow/dags/spark_airflow.py
[2024-12-16T05:39:59.249+0000] {processor.py:914} INFO - Processing file /opt/airflow/dags/spark_airflow.py for tasks to queue
[2024-12-16T05:39:59.251+0000] {logging_mixin.py:190} INFO - [2024-12-16T05:39:59.251+0000] {dagbag.py:588} INFO - Filling up the DagBag from /opt/airflow/dags/spark_airflow.py
[2024-12-16T05:39:59.280+0000] {processor.py:925} INFO - DAG(s) 'first_dag' retrieved from /opt/airflow/dags/spark_airflow.py
[2024-12-16T05:39:59.300+0000] {logging_mixin.py:190} INFO - [2024-12-16T05:39:59.300+0000] {dag.py:3239} INFO - Sync 1 DAGs
[2024-12-16T05:39:59.318+0000] {logging_mixin.py:190} INFO - [2024-12-16T05:39:59.318+0000] {dag.py:4180} INFO - Setting next_dagrun for first_dag to 2024-12-16T00:00:00+00:00, run_after=2024-12-17T00:00:00+00:00
[2024-12-16T05:39:59.341+0000] {processor.py:208} INFO - Processing /opt/airflow/dags/spark_airflow.py took 0.097 seconds
[2024-12-16T05:40:29.594+0000] {processor.py:186} INFO - Started process (PID=290) to work on /opt/airflow/dags/spark_airflow.py
[2024-12-16T05:40:29.595+0000] {processor.py:914} INFO - Processing file /opt/airflow/dags/spark_airflow.py for tasks to queue
[2024-12-16T05:40:29.597+0000] {logging_mixin.py:190} INFO - [2024-12-16T05:40:29.597+0000] {dagbag.py:588} INFO - Filling up the DagBag from /opt/airflow/dags/spark_airflow.py
[2024-12-16T05:40:29.625+0000] {processor.py:925} INFO - DAG(s) 'first_dag' retrieved from /opt/airflow/dags/spark_airflow.py
[2024-12-16T05:40:29.648+0000] {logging_mixin.py:190} INFO - [2024-12-16T05:40:29.648+0000] {dag.py:3239} INFO - Sync 1 DAGs
[2024-12-16T05:40:29.666+0000] {logging_mixin.py:190} INFO - [2024-12-16T05:40:29.666+0000] {dag.py:4180} INFO - Setting next_dagrun for first_dag to 2024-12-16T00:00:00+00:00, run_after=2024-12-17T00:00:00+00:00
[2024-12-16T05:40:29.684+0000] {processor.py:208} INFO - Processing /opt/airflow/dags/spark_airflow.py took 0.095 seconds
[2024-12-16T05:40:59.880+0000] {processor.py:186} INFO - Started process (PID=295) to work on /opt/airflow/dags/spark_airflow.py
[2024-12-16T05:40:59.880+0000] {processor.py:914} INFO - Processing file /opt/airflow/dags/spark_airflow.py for tasks to queue
[2024-12-16T05:40:59.883+0000] {logging_mixin.py:190} INFO - [2024-12-16T05:40:59.883+0000] {dagbag.py:588} INFO - Filling up the DagBag from /opt/airflow/dags/spark_airflow.py
[2024-12-16T05:40:59.903+0000] {processor.py:925} INFO - DAG(s) 'first_dag' retrieved from /opt/airflow/dags/spark_airflow.py
[2024-12-16T05:40:59.924+0000] {logging_mixin.py:190} INFO - [2024-12-16T05:40:59.924+0000] {dag.py:3239} INFO - Sync 1 DAGs
[2024-12-16T05:40:59.940+0000] {logging_mixin.py:190} INFO - [2024-12-16T05:40:59.940+0000] {dag.py:4180} INFO - Setting next_dagrun for first_dag to 2024-12-16T00:00:00+00:00, run_after=2024-12-17T00:00:00+00:00
[2024-12-16T05:40:59.962+0000] {processor.py:208} INFO - Processing /opt/airflow/dags/spark_airflow.py took 0.087 seconds
[2024-12-16T05:41:30.235+0000] {processor.py:186} INFO - Started process (PID=300) to work on /opt/airflow/dags/spark_airflow.py
[2024-12-16T05:41:30.236+0000] {processor.py:914} INFO - Processing file /opt/airflow/dags/spark_airflow.py for tasks to queue
[2024-12-16T05:41:30.239+0000] {logging_mixin.py:190} INFO - [2024-12-16T05:41:30.238+0000] {dagbag.py:588} INFO - Filling up the DagBag from /opt/airflow/dags/spark_airflow.py
[2024-12-16T05:41:30.258+0000] {processor.py:925} INFO - DAG(s) 'first_dag' retrieved from /opt/airflow/dags/spark_airflow.py
[2024-12-16T05:41:30.280+0000] {logging_mixin.py:190} INFO - [2024-12-16T05:41:30.279+0000] {dag.py:3239} INFO - Sync 1 DAGs
[2024-12-16T05:41:30.296+0000] {logging_mixin.py:190} INFO - [2024-12-16T05:41:30.296+0000] {dag.py:4180} INFO - Setting next_dagrun for first_dag to 2024-12-16T00:00:00+00:00, run_after=2024-12-17T00:00:00+00:00
[2024-12-16T05:41:30.318+0000] {processor.py:208} INFO - Processing /opt/airflow/dags/spark_airflow.py took 0.091 seconds
[2024-12-16T05:42:00.544+0000] {processor.py:186} INFO - Started process (PID=305) to work on /opt/airflow/dags/spark_airflow.py
[2024-12-16T05:42:00.544+0000] {processor.py:914} INFO - Processing file /opt/airflow/dags/spark_airflow.py for tasks to queue
[2024-12-16T05:42:00.547+0000] {logging_mixin.py:190} INFO - [2024-12-16T05:42:00.547+0000] {dagbag.py:588} INFO - Filling up the DagBag from /opt/airflow/dags/spark_airflow.py
[2024-12-16T05:42:00.564+0000] {processor.py:925} INFO - DAG(s) 'first_dag' retrieved from /opt/airflow/dags/spark_airflow.py
[2024-12-16T05:42:00.594+0000] {logging_mixin.py:190} INFO - [2024-12-16T05:42:00.594+0000] {dag.py:3239} INFO - Sync 1 DAGs
[2024-12-16T05:42:00.611+0000] {logging_mixin.py:190} INFO - [2024-12-16T05:42:00.611+0000] {dag.py:4180} INFO - Setting next_dagrun for first_dag to 2024-12-16T00:00:00+00:00, run_after=2024-12-17T00:00:00+00:00
[2024-12-16T05:42:00.633+0000] {processor.py:208} INFO - Processing /opt/airflow/dags/spark_airflow.py took 0.095 seconds
[2024-12-16T05:42:30.912+0000] {processor.py:186} INFO - Started process (PID=310) to work on /opt/airflow/dags/spark_airflow.py
[2024-12-16T05:42:30.913+0000] {processor.py:914} INFO - Processing file /opt/airflow/dags/spark_airflow.py for tasks to queue
[2024-12-16T05:42:30.915+0000] {logging_mixin.py:190} INFO - [2024-12-16T05:42:30.915+0000] {dagbag.py:588} INFO - Filling up the DagBag from /opt/airflow/dags/spark_airflow.py
[2024-12-16T05:42:30.939+0000] {processor.py:925} INFO - DAG(s) 'first_dag' retrieved from /opt/airflow/dags/spark_airflow.py
[2024-12-16T05:42:30.960+0000] {logging_mixin.py:190} INFO - [2024-12-16T05:42:30.960+0000] {dag.py:3239} INFO - Sync 1 DAGs
[2024-12-16T05:42:30.977+0000] {logging_mixin.py:190} INFO - [2024-12-16T05:42:30.977+0000] {dag.py:4180} INFO - Setting next_dagrun for first_dag to 2024-12-16T00:00:00+00:00, run_after=2024-12-17T00:00:00+00:00
[2024-12-16T05:42:31.000+0000] {processor.py:208} INFO - Processing /opt/airflow/dags/spark_airflow.py took 0.092 seconds
[2024-12-16T05:43:01.247+0000] {processor.py:186} INFO - Started process (PID=315) to work on /opt/airflow/dags/spark_airflow.py
[2024-12-16T05:43:01.248+0000] {processor.py:914} INFO - Processing file /opt/airflow/dags/spark_airflow.py for tasks to queue
[2024-12-16T05:43:01.251+0000] {logging_mixin.py:190} INFO - [2024-12-16T05:43:01.251+0000] {dagbag.py:588} INFO - Filling up the DagBag from /opt/airflow/dags/spark_airflow.py
[2024-12-16T05:43:01.271+0000] {processor.py:925} INFO - DAG(s) 'first_dag' retrieved from /opt/airflow/dags/spark_airflow.py
[2024-12-16T05:43:01.292+0000] {logging_mixin.py:190} INFO - [2024-12-16T05:43:01.292+0000] {dag.py:3239} INFO - Sync 1 DAGs
[2024-12-16T05:43:01.309+0000] {logging_mixin.py:190} INFO - [2024-12-16T05:43:01.309+0000] {dag.py:4180} INFO - Setting next_dagrun for first_dag to 2024-12-16T00:00:00+00:00, run_after=2024-12-17T00:00:00+00:00
[2024-12-16T05:43:01.331+0000] {processor.py:208} INFO - Processing /opt/airflow/dags/spark_airflow.py took 0.089 seconds
[2024-12-16T05:43:31.613+0000] {processor.py:186} INFO - Started process (PID=320) to work on /opt/airflow/dags/spark_airflow.py
[2024-12-16T05:43:31.614+0000] {processor.py:914} INFO - Processing file /opt/airflow/dags/spark_airflow.py for tasks to queue
[2024-12-16T05:43:31.616+0000] {logging_mixin.py:190} INFO - [2024-12-16T05:43:31.616+0000] {dagbag.py:588} INFO - Filling up the DagBag from /opt/airflow/dags/spark_airflow.py
[2024-12-16T05:43:31.635+0000] {processor.py:925} INFO - DAG(s) 'first_dag' retrieved from /opt/airflow/dags/spark_airflow.py
[2024-12-16T05:43:31.656+0000] {logging_mixin.py:190} INFO - [2024-12-16T05:43:31.656+0000] {dag.py:3239} INFO - Sync 1 DAGs
[2024-12-16T05:43:31.672+0000] {logging_mixin.py:190} INFO - [2024-12-16T05:43:31.672+0000] {dag.py:4180} INFO - Setting next_dagrun for first_dag to 2024-12-16T00:00:00+00:00, run_after=2024-12-17T00:00:00+00:00
[2024-12-16T05:43:31.688+0000] {processor.py:208} INFO - Processing /opt/airflow/dags/spark_airflow.py took 0.079 seconds
[2024-12-16T05:44:01.914+0000] {processor.py:186} INFO - Started process (PID=325) to work on /opt/airflow/dags/spark_airflow.py
[2024-12-16T05:44:01.916+0000] {processor.py:914} INFO - Processing file /opt/airflow/dags/spark_airflow.py for tasks to queue
[2024-12-16T05:44:01.920+0000] {logging_mixin.py:190} INFO - [2024-12-16T05:44:01.920+0000] {dagbag.py:588} INFO - Filling up the DagBag from /opt/airflow/dags/spark_airflow.py
[2024-12-16T05:44:01.946+0000] {processor.py:925} INFO - DAG(s) 'first_dag' retrieved from /opt/airflow/dags/spark_airflow.py
[2024-12-16T05:44:01.968+0000] {logging_mixin.py:190} INFO - [2024-12-16T05:44:01.967+0000] {dag.py:3239} INFO - Sync 1 DAGs
[2024-12-16T05:44:01.988+0000] {logging_mixin.py:190} INFO - [2024-12-16T05:44:01.988+0000] {dag.py:4180} INFO - Setting next_dagrun for first_dag to 2024-12-16T00:00:00+00:00, run_after=2024-12-17T00:00:00+00:00
[2024-12-16T05:44:02.007+0000] {processor.py:208} INFO - Processing /opt/airflow/dags/spark_airflow.py took 0.100 seconds
[2024-12-16T05:44:32.246+0000] {processor.py:186} INFO - Started process (PID=330) to work on /opt/airflow/dags/spark_airflow.py
[2024-12-16T05:44:32.247+0000] {processor.py:914} INFO - Processing file /opt/airflow/dags/spark_airflow.py for tasks to queue
[2024-12-16T05:44:32.250+0000] {logging_mixin.py:190} INFO - [2024-12-16T05:44:32.250+0000] {dagbag.py:588} INFO - Filling up the DagBag from /opt/airflow/dags/spark_airflow.py
[2024-12-16T05:44:32.269+0000] {processor.py:925} INFO - DAG(s) 'first_dag' retrieved from /opt/airflow/dags/spark_airflow.py
[2024-12-16T05:44:32.290+0000] {logging_mixin.py:190} INFO - [2024-12-16T05:44:32.290+0000] {dag.py:3239} INFO - Sync 1 DAGs
[2024-12-16T05:44:32.306+0000] {logging_mixin.py:190} INFO - [2024-12-16T05:44:32.306+0000] {dag.py:4180} INFO - Setting next_dagrun for first_dag to 2024-12-16T00:00:00+00:00, run_after=2024-12-17T00:00:00+00:00
[2024-12-16T05:44:32.325+0000] {processor.py:208} INFO - Processing /opt/airflow/dags/spark_airflow.py took 0.083 seconds
[2024-12-16T05:45:02.617+0000] {processor.py:186} INFO - Started process (PID=335) to work on /opt/airflow/dags/spark_airflow.py
[2024-12-16T05:45:02.619+0000] {processor.py:914} INFO - Processing file /opt/airflow/dags/spark_airflow.py for tasks to queue
[2024-12-16T05:45:02.622+0000] {logging_mixin.py:190} INFO - [2024-12-16T05:45:02.622+0000] {dagbag.py:588} INFO - Filling up the DagBag from /opt/airflow/dags/spark_airflow.py
[2024-12-16T05:45:02.657+0000] {processor.py:925} INFO - DAG(s) 'first_dag' retrieved from /opt/airflow/dags/spark_airflow.py
[2024-12-16T05:45:02.686+0000] {logging_mixin.py:190} INFO - [2024-12-16T05:45:02.686+0000] {dag.py:3239} INFO - Sync 1 DAGs
[2024-12-16T05:45:02.707+0000] {logging_mixin.py:190} INFO - [2024-12-16T05:45:02.707+0000] {dag.py:4180} INFO - Setting next_dagrun for first_dag to 2024-12-16T00:00:00+00:00, run_after=2024-12-17T00:00:00+00:00
[2024-12-16T05:45:02.735+0000] {processor.py:208} INFO - Processing /opt/airflow/dags/spark_airflow.py took 0.125 seconds
[2024-12-16T05:45:32.988+0000] {processor.py:186} INFO - Started process (PID=340) to work on /opt/airflow/dags/spark_airflow.py
[2024-12-16T05:45:32.990+0000] {processor.py:914} INFO - Processing file /opt/airflow/dags/spark_airflow.py for tasks to queue
[2024-12-16T05:45:32.992+0000] {logging_mixin.py:190} INFO - [2024-12-16T05:45:32.992+0000] {dagbag.py:588} INFO - Filling up the DagBag from /opt/airflow/dags/spark_airflow.py
[2024-12-16T05:45:33.027+0000] {processor.py:925} INFO - DAG(s) 'first_dag' retrieved from /opt/airflow/dags/spark_airflow.py
[2024-12-16T05:45:33.059+0000] {logging_mixin.py:190} INFO - [2024-12-16T05:45:33.059+0000] {dag.py:3239} INFO - Sync 1 DAGs
[2024-12-16T05:45:33.085+0000] {logging_mixin.py:190} INFO - [2024-12-16T05:45:33.085+0000] {dag.py:4180} INFO - Setting next_dagrun for first_dag to 2024-12-16T00:00:00+00:00, run_after=2024-12-17T00:00:00+00:00
[2024-12-16T05:45:33.113+0000] {processor.py:208} INFO - Processing /opt/airflow/dags/spark_airflow.py took 0.138 seconds
[2024-12-16T05:46:03.315+0000] {processor.py:186} INFO - Started process (PID=345) to work on /opt/airflow/dags/spark_airflow.py
[2024-12-16T05:46:03.316+0000] {processor.py:914} INFO - Processing file /opt/airflow/dags/spark_airflow.py for tasks to queue
[2024-12-16T05:46:03.318+0000] {logging_mixin.py:190} INFO - [2024-12-16T05:46:03.318+0000] {dagbag.py:588} INFO - Filling up the DagBag from /opt/airflow/dags/spark_airflow.py
[2024-12-16T05:46:03.333+0000] {processor.py:925} INFO - DAG(s) 'first_dag' retrieved from /opt/airflow/dags/spark_airflow.py
[2024-12-16T05:46:03.355+0000] {logging_mixin.py:190} INFO - [2024-12-16T05:46:03.354+0000] {dag.py:3239} INFO - Sync 1 DAGs
[2024-12-16T05:46:03.374+0000] {logging_mixin.py:190} INFO - [2024-12-16T05:46:03.374+0000] {dag.py:4180} INFO - Setting next_dagrun for first_dag to 2024-12-16T00:00:00+00:00, run_after=2024-12-17T00:00:00+00:00
[2024-12-16T05:46:03.395+0000] {processor.py:208} INFO - Processing /opt/airflow/dags/spark_airflow.py took 0.084 seconds
[2024-12-16T05:46:33.662+0000] {processor.py:186} INFO - Started process (PID=350) to work on /opt/airflow/dags/spark_airflow.py
[2024-12-16T05:46:33.663+0000] {processor.py:914} INFO - Processing file /opt/airflow/dags/spark_airflow.py for tasks to queue
[2024-12-16T05:46:33.666+0000] {logging_mixin.py:190} INFO - [2024-12-16T05:46:33.666+0000] {dagbag.py:588} INFO - Filling up the DagBag from /opt/airflow/dags/spark_airflow.py
[2024-12-16T05:46:33.687+0000] {processor.py:925} INFO - DAG(s) 'first_dag' retrieved from /opt/airflow/dags/spark_airflow.py
[2024-12-16T05:46:33.713+0000] {logging_mixin.py:190} INFO - [2024-12-16T05:46:33.713+0000] {dag.py:3239} INFO - Sync 1 DAGs
[2024-12-16T05:46:33.733+0000] {logging_mixin.py:190} INFO - [2024-12-16T05:46:33.733+0000] {dag.py:4180} INFO - Setting next_dagrun for first_dag to 2024-12-16T00:00:00+00:00, run_after=2024-12-17T00:00:00+00:00
[2024-12-16T05:46:33.756+0000] {processor.py:208} INFO - Processing /opt/airflow/dags/spark_airflow.py took 0.098 seconds
[2024-12-16T05:47:03.960+0000] {processor.py:186} INFO - Started process (PID=355) to work on /opt/airflow/dags/spark_airflow.py
[2024-12-16T05:47:03.961+0000] {processor.py:914} INFO - Processing file /opt/airflow/dags/spark_airflow.py for tasks to queue
[2024-12-16T05:47:03.963+0000] {logging_mixin.py:190} INFO - [2024-12-16T05:47:03.963+0000] {dagbag.py:588} INFO - Filling up the DagBag from /opt/airflow/dags/spark_airflow.py
[2024-12-16T05:47:03.987+0000] {processor.py:925} INFO - DAG(s) 'first_dag' retrieved from /opt/airflow/dags/spark_airflow.py
[2024-12-16T05:47:04.011+0000] {logging_mixin.py:190} INFO - [2024-12-16T05:47:04.011+0000] {dag.py:3239} INFO - Sync 1 DAGs
[2024-12-16T05:47:04.032+0000] {logging_mixin.py:190} INFO - [2024-12-16T05:47:04.032+0000] {dag.py:4180} INFO - Setting next_dagrun for first_dag to 2024-12-16T00:00:00+00:00, run_after=2024-12-17T00:00:00+00:00
[2024-12-16T05:47:04.053+0000] {processor.py:208} INFO - Processing /opt/airflow/dags/spark_airflow.py took 0.098 seconds
[2024-12-16T22:53:17.842+0000] {processor.py:186} INFO - Started process (PID=67) to work on /opt/airflow/dags/spark_airflow.py
[2024-12-16T22:53:17.843+0000] {processor.py:914} INFO - Processing file /opt/airflow/dags/spark_airflow.py for tasks to queue
[2024-12-16T22:53:17.845+0000] {logging_mixin.py:190} INFO - [2024-12-16T22:53:17.845+0000] {dagbag.py:588} INFO - Filling up the DagBag from /opt/airflow/dags/spark_airflow.py
[2024-12-16T22:53:17.870+0000] {processor.py:925} INFO - DAG(s) 'first_dag' retrieved from /opt/airflow/dags/spark_airflow.py
[2024-12-16T22:53:17.903+0000] {logging_mixin.py:190} INFO - [2024-12-16T22:53:17.903+0000] {dag.py:3239} INFO - Sync 1 DAGs
[2024-12-16T22:53:17.937+0000] {logging_mixin.py:190} INFO - [2024-12-16T22:53:17.937+0000] {dag.py:4180} INFO - Setting next_dagrun for first_dag to 2024-12-16T00:00:00+00:00, run_after=2024-12-17T00:00:00+00:00
[2024-12-16T22:53:17.961+0000] {processor.py:208} INFO - Processing /opt/airflow/dags/spark_airflow.py took 0.126 seconds
[2024-12-16T22:53:48.116+0000] {processor.py:186} INFO - Started process (PID=79) to work on /opt/airflow/dags/spark_airflow.py
[2024-12-16T22:53:48.117+0000] {processor.py:914} INFO - Processing file /opt/airflow/dags/spark_airflow.py for tasks to queue
[2024-12-16T22:53:48.119+0000] {logging_mixin.py:190} INFO - [2024-12-16T22:53:48.119+0000] {dagbag.py:588} INFO - Filling up the DagBag from /opt/airflow/dags/spark_airflow.py
[2024-12-16T22:53:48.134+0000] {processor.py:925} INFO - DAG(s) 'first_dag' retrieved from /opt/airflow/dags/spark_airflow.py
[2024-12-16T22:53:48.154+0000] {logging_mixin.py:190} INFO - [2024-12-16T22:53:48.154+0000] {dag.py:3239} INFO - Sync 1 DAGs
[2024-12-16T22:53:48.171+0000] {logging_mixin.py:190} INFO - [2024-12-16T22:53:48.171+0000] {dag.py:4180} INFO - Setting next_dagrun for first_dag to 2024-12-16T00:00:00+00:00, run_after=2024-12-17T00:00:00+00:00
[2024-12-16T22:53:48.188+0000] {processor.py:208} INFO - Processing /opt/airflow/dags/spark_airflow.py took 0.077 seconds
[2024-12-16T22:54:18.417+0000] {processor.py:186} INFO - Started process (PID=84) to work on /opt/airflow/dags/spark_airflow.py
[2024-12-16T22:54:18.418+0000] {processor.py:914} INFO - Processing file /opt/airflow/dags/spark_airflow.py for tasks to queue
[2024-12-16T22:54:18.420+0000] {logging_mixin.py:190} INFO - [2024-12-16T22:54:18.420+0000] {dagbag.py:588} INFO - Filling up the DagBag from /opt/airflow/dags/spark_airflow.py
[2024-12-16T22:54:18.436+0000] {processor.py:925} INFO - DAG(s) 'first_dag' retrieved from /opt/airflow/dags/spark_airflow.py
[2024-12-16T22:54:18.457+0000] {logging_mixin.py:190} INFO - [2024-12-16T22:54:18.457+0000] {dag.py:3239} INFO - Sync 1 DAGs
[2024-12-16T22:54:18.474+0000] {logging_mixin.py:190} INFO - [2024-12-16T22:54:18.474+0000] {dag.py:4180} INFO - Setting next_dagrun for first_dag to 2024-12-16T00:00:00+00:00, run_after=2024-12-17T00:00:00+00:00
[2024-12-16T22:54:18.491+0000] {processor.py:208} INFO - Processing /opt/airflow/dags/spark_airflow.py took 0.078 seconds
[2024-12-16T22:54:48.749+0000] {processor.py:186} INFO - Started process (PID=89) to work on /opt/airflow/dags/spark_airflow.py
[2024-12-16T22:54:48.750+0000] {processor.py:914} INFO - Processing file /opt/airflow/dags/spark_airflow.py for tasks to queue
[2024-12-16T22:54:48.752+0000] {logging_mixin.py:190} INFO - [2024-12-16T22:54:48.751+0000] {dagbag.py:588} INFO - Filling up the DagBag from /opt/airflow/dags/spark_airflow.py
[2024-12-16T22:54:48.776+0000] {processor.py:925} INFO - DAG(s) 'first_dag' retrieved from /opt/airflow/dags/spark_airflow.py
[2024-12-16T22:54:48.795+0000] {logging_mixin.py:190} INFO - [2024-12-16T22:54:48.795+0000] {dag.py:3239} INFO - Sync 1 DAGs
[2024-12-16T22:54:48.812+0000] {logging_mixin.py:190} INFO - [2024-12-16T22:54:48.812+0000] {dag.py:4180} INFO - Setting next_dagrun for first_dag to 2024-12-16T00:00:00+00:00, run_after=2024-12-17T00:00:00+00:00
[2024-12-16T22:54:48.835+0000] {processor.py:208} INFO - Processing /opt/airflow/dags/spark_airflow.py took 0.090 seconds
[2024-12-16T22:55:19.016+0000] {processor.py:186} INFO - Started process (PID=94) to work on /opt/airflow/dags/spark_airflow.py
[2024-12-16T22:55:19.017+0000] {processor.py:914} INFO - Processing file /opt/airflow/dags/spark_airflow.py for tasks to queue
[2024-12-16T22:55:19.019+0000] {logging_mixin.py:190} INFO - [2024-12-16T22:55:19.019+0000] {dagbag.py:588} INFO - Filling up the DagBag from /opt/airflow/dags/spark_airflow.py
[2024-12-16T22:55:19.033+0000] {processor.py:925} INFO - DAG(s) 'first_dag' retrieved from /opt/airflow/dags/spark_airflow.py
[2024-12-16T22:55:19.051+0000] {logging_mixin.py:190} INFO - [2024-12-16T22:55:19.051+0000] {dag.py:3239} INFO - Sync 1 DAGs
[2024-12-16T22:55:19.068+0000] {logging_mixin.py:190} INFO - [2024-12-16T22:55:19.068+0000] {dag.py:4180} INFO - Setting next_dagrun for first_dag to 2024-12-16T00:00:00+00:00, run_after=2024-12-17T00:00:00+00:00
[2024-12-16T22:55:19.091+0000] {processor.py:208} INFO - Processing /opt/airflow/dags/spark_airflow.py took 0.079 seconds
[2024-12-16T22:55:49.317+0000] {processor.py:186} INFO - Started process (PID=106) to work on /opt/airflow/dags/spark_airflow.py
[2024-12-16T22:55:49.318+0000] {processor.py:914} INFO - Processing file /opt/airflow/dags/spark_airflow.py for tasks to queue
[2024-12-16T22:55:49.320+0000] {logging_mixin.py:190} INFO - [2024-12-16T22:55:49.320+0000] {dagbag.py:588} INFO - Filling up the DagBag from /opt/airflow/dags/spark_airflow.py
[2024-12-16T22:55:49.334+0000] {processor.py:925} INFO - DAG(s) 'first_dag' retrieved from /opt/airflow/dags/spark_airflow.py
[2024-12-16T22:55:49.353+0000] {logging_mixin.py:190} INFO - [2024-12-16T22:55:49.353+0000] {dag.py:3239} INFO - Sync 1 DAGs
[2024-12-16T22:55:49.371+0000] {logging_mixin.py:190} INFO - [2024-12-16T22:55:49.370+0000] {dag.py:4180} INFO - Setting next_dagrun for first_dag to 2024-12-16T00:00:00+00:00, run_after=2024-12-17T00:00:00+00:00
[2024-12-16T22:55:49.393+0000] {processor.py:208} INFO - Processing /opt/airflow/dags/spark_airflow.py took 0.080 seconds
[2024-12-16T22:56:19.611+0000] {processor.py:186} INFO - Started process (PID=111) to work on /opt/airflow/dags/spark_airflow.py
[2024-12-16T22:56:19.612+0000] {processor.py:914} INFO - Processing file /opt/airflow/dags/spark_airflow.py for tasks to queue
[2024-12-16T22:56:19.614+0000] {logging_mixin.py:190} INFO - [2024-12-16T22:56:19.614+0000] {dagbag.py:588} INFO - Filling up the DagBag from /opt/airflow/dags/spark_airflow.py
[2024-12-16T22:56:19.629+0000] {processor.py:925} INFO - DAG(s) 'first_dag' retrieved from /opt/airflow/dags/spark_airflow.py
[2024-12-16T22:56:19.650+0000] {logging_mixin.py:190} INFO - [2024-12-16T22:56:19.650+0000] {dag.py:3239} INFO - Sync 1 DAGs
[2024-12-16T22:56:19.666+0000] {logging_mixin.py:190} INFO - [2024-12-16T22:56:19.666+0000] {dag.py:4180} INFO - Setting next_dagrun for first_dag to 2024-12-16T00:00:00+00:00, run_after=2024-12-17T00:00:00+00:00
[2024-12-16T22:56:19.689+0000] {processor.py:208} INFO - Processing /opt/airflow/dags/spark_airflow.py took 0.082 seconds
[2024-12-16T22:56:49.931+0000] {processor.py:186} INFO - Started process (PID=116) to work on /opt/airflow/dags/spark_airflow.py
[2024-12-16T22:56:49.932+0000] {processor.py:914} INFO - Processing file /opt/airflow/dags/spark_airflow.py for tasks to queue
[2024-12-16T22:56:49.935+0000] {logging_mixin.py:190} INFO - [2024-12-16T22:56:49.934+0000] {dagbag.py:588} INFO - Filling up the DagBag from /opt/airflow/dags/spark_airflow.py
[2024-12-16T22:56:49.954+0000] {processor.py:925} INFO - DAG(s) 'first_dag' retrieved from /opt/airflow/dags/spark_airflow.py
[2024-12-16T22:56:49.978+0000] {logging_mixin.py:190} INFO - [2024-12-16T22:56:49.978+0000] {dag.py:3239} INFO - Sync 1 DAGs
[2024-12-16T22:56:49.999+0000] {logging_mixin.py:190} INFO - [2024-12-16T22:56:49.999+0000] {dag.py:4180} INFO - Setting next_dagrun for first_dag to 2024-12-16T00:00:00+00:00, run_after=2024-12-17T00:00:00+00:00
[2024-12-16T22:56:50.018+0000] {processor.py:208} INFO - Processing /opt/airflow/dags/spark_airflow.py took 0.092 seconds
[2024-12-16T22:57:20.194+0000] {processor.py:186} INFO - Started process (PID=121) to work on /opt/airflow/dags/spark_airflow.py
[2024-12-16T22:57:20.195+0000] {processor.py:914} INFO - Processing file /opt/airflow/dags/spark_airflow.py for tasks to queue
[2024-12-16T22:57:20.199+0000] {logging_mixin.py:190} INFO - [2024-12-16T22:57:20.199+0000] {dagbag.py:588} INFO - Filling up the DagBag from /opt/airflow/dags/spark_airflow.py
[2024-12-16T22:57:20.218+0000] {processor.py:925} INFO - DAG(s) 'first_dag' retrieved from /opt/airflow/dags/spark_airflow.py
[2024-12-16T22:57:20.250+0000] {logging_mixin.py:190} INFO - [2024-12-16T22:57:20.250+0000] {dag.py:3239} INFO - Sync 1 DAGs
[2024-12-16T22:57:20.274+0000] {logging_mixin.py:190} INFO - [2024-12-16T22:57:20.274+0000] {dag.py:4180} INFO - Setting next_dagrun for first_dag to 2024-12-16T00:00:00+00:00, run_after=2024-12-17T00:00:00+00:00
[2024-12-16T22:57:20.299+0000] {processor.py:208} INFO - Processing /opt/airflow/dags/spark_airflow.py took 0.109 seconds
[2024-12-16T22:57:50.598+0000] {processor.py:186} INFO - Started process (PID=133) to work on /opt/airflow/dags/spark_airflow.py
[2024-12-16T22:57:50.599+0000] {processor.py:914} INFO - Processing file /opt/airflow/dags/spark_airflow.py for tasks to queue
[2024-12-16T22:57:50.601+0000] {logging_mixin.py:190} INFO - [2024-12-16T22:57:50.601+0000] {dagbag.py:588} INFO - Filling up the DagBag from /opt/airflow/dags/spark_airflow.py
[2024-12-16T22:57:50.615+0000] {processor.py:925} INFO - DAG(s) 'first_dag' retrieved from /opt/airflow/dags/spark_airflow.py
[2024-12-16T22:57:50.634+0000] {logging_mixin.py:190} INFO - [2024-12-16T22:57:50.634+0000] {dag.py:3239} INFO - Sync 1 DAGs
[2024-12-16T22:57:50.652+0000] {logging_mixin.py:190} INFO - [2024-12-16T22:57:50.652+0000] {dag.py:4180} INFO - Setting next_dagrun for first_dag to 2024-12-16T00:00:00+00:00, run_after=2024-12-17T00:00:00+00:00
[2024-12-16T22:57:50.675+0000] {processor.py:208} INFO - Processing /opt/airflow/dags/spark_airflow.py took 0.080 seconds
[2024-12-16T22:58:20.933+0000] {processor.py:186} INFO - Started process (PID=138) to work on /opt/airflow/dags/spark_airflow.py
[2024-12-16T22:58:20.934+0000] {processor.py:914} INFO - Processing file /opt/airflow/dags/spark_airflow.py for tasks to queue
[2024-12-16T22:58:20.936+0000] {logging_mixin.py:190} INFO - [2024-12-16T22:58:20.936+0000] {dagbag.py:588} INFO - Filling up the DagBag from /opt/airflow/dags/spark_airflow.py
[2024-12-16T22:58:20.953+0000] {processor.py:925} INFO - DAG(s) 'first_dag' retrieved from /opt/airflow/dags/spark_airflow.py
[2024-12-16T22:58:20.975+0000] {logging_mixin.py:190} INFO - [2024-12-16T22:58:20.974+0000] {dag.py:3239} INFO - Sync 1 DAGs
[2024-12-16T22:58:20.993+0000] {logging_mixin.py:190} INFO - [2024-12-16T22:58:20.993+0000] {dag.py:4180} INFO - Setting next_dagrun for first_dag to 2024-12-16T00:00:00+00:00, run_after=2024-12-17T00:00:00+00:00
[2024-12-16T22:58:21.016+0000] {processor.py:208} INFO - Processing /opt/airflow/dags/spark_airflow.py took 0.088 seconds
[2024-12-16T22:58:51.201+0000] {processor.py:186} INFO - Started process (PID=143) to work on /opt/airflow/dags/spark_airflow.py
[2024-12-16T22:58:51.202+0000] {processor.py:914} INFO - Processing file /opt/airflow/dags/spark_airflow.py for tasks to queue
[2024-12-16T22:58:51.205+0000] {logging_mixin.py:190} INFO - [2024-12-16T22:58:51.205+0000] {dagbag.py:588} INFO - Filling up the DagBag from /opt/airflow/dags/spark_airflow.py
[2024-12-16T22:58:51.224+0000] {processor.py:925} INFO - DAG(s) 'first_dag' retrieved from /opt/airflow/dags/spark_airflow.py
[2024-12-16T22:58:51.255+0000] {logging_mixin.py:190} INFO - [2024-12-16T22:58:51.254+0000] {dag.py:3239} INFO - Sync 1 DAGs
[2024-12-16T22:58:51.275+0000] {logging_mixin.py:190} INFO - [2024-12-16T22:58:51.275+0000] {dag.py:4180} INFO - Setting next_dagrun for first_dag to 2024-12-16T00:00:00+00:00, run_after=2024-12-17T00:00:00+00:00
[2024-12-16T22:58:51.292+0000] {processor.py:208} INFO - Processing /opt/airflow/dags/spark_airflow.py took 0.096 seconds
[2024-12-16T22:59:21.625+0000] {processor.py:186} INFO - Started process (PID=148) to work on /opt/airflow/dags/spark_airflow.py
[2024-12-16T22:59:21.626+0000] {processor.py:914} INFO - Processing file /opt/airflow/dags/spark_airflow.py for tasks to queue
[2024-12-16T22:59:21.628+0000] {logging_mixin.py:190} INFO - [2024-12-16T22:59:21.628+0000] {dagbag.py:588} INFO - Filling up the DagBag from /opt/airflow/dags/spark_airflow.py
[2024-12-16T22:59:21.641+0000] {processor.py:925} INFO - DAG(s) 'first_dag' retrieved from /opt/airflow/dags/spark_airflow.py
[2024-12-16T22:59:21.659+0000] {logging_mixin.py:190} INFO - [2024-12-16T22:59:21.659+0000] {dag.py:3239} INFO - Sync 1 DAGs
[2024-12-16T22:59:21.677+0000] {logging_mixin.py:190} INFO - [2024-12-16T22:59:21.677+0000] {dag.py:4180} INFO - Setting next_dagrun for first_dag to 2024-12-16T00:00:00+00:00, run_after=2024-12-17T00:00:00+00:00
[2024-12-16T22:59:21.694+0000] {processor.py:208} INFO - Processing /opt/airflow/dags/spark_airflow.py took 0.072 seconds
[2024-12-16T22:59:51.927+0000] {processor.py:186} INFO - Started process (PID=153) to work on /opt/airflow/dags/spark_airflow.py
[2024-12-16T22:59:51.927+0000] {processor.py:914} INFO - Processing file /opt/airflow/dags/spark_airflow.py for tasks to queue
[2024-12-16T22:59:51.930+0000] {logging_mixin.py:190} INFO - [2024-12-16T22:59:51.930+0000] {dagbag.py:588} INFO - Filling up the DagBag from /opt/airflow/dags/spark_airflow.py
[2024-12-16T22:59:51.949+0000] {processor.py:925} INFO - DAG(s) 'first_dag' retrieved from /opt/airflow/dags/spark_airflow.py
[2024-12-16T22:59:51.971+0000] {logging_mixin.py:190} INFO - [2024-12-16T22:59:51.971+0000] {dag.py:3239} INFO - Sync 1 DAGs
[2024-12-16T22:59:51.992+0000] {logging_mixin.py:190} INFO - [2024-12-16T22:59:51.992+0000] {dag.py:4180} INFO - Setting next_dagrun for first_dag to 2024-12-16T00:00:00+00:00, run_after=2024-12-17T00:00:00+00:00
[2024-12-16T22:59:52.009+0000] {processor.py:208} INFO - Processing /opt/airflow/dags/spark_airflow.py took 0.087 seconds
[2024-12-16T23:00:22.187+0000] {processor.py:186} INFO - Started process (PID=158) to work on /opt/airflow/dags/spark_airflow.py
[2024-12-16T23:00:22.188+0000] {processor.py:914} INFO - Processing file /opt/airflow/dags/spark_airflow.py for tasks to queue
[2024-12-16T23:00:22.190+0000] {logging_mixin.py:190} INFO - [2024-12-16T23:00:22.190+0000] {dagbag.py:588} INFO - Filling up the DagBag from /opt/airflow/dags/spark_airflow.py
[2024-12-16T23:00:22.204+0000] {processor.py:925} INFO - DAG(s) 'first_dag' retrieved from /opt/airflow/dags/spark_airflow.py
[2024-12-16T23:00:22.232+0000] {logging_mixin.py:190} INFO - [2024-12-16T23:00:22.231+0000] {dag.py:3239} INFO - Sync 1 DAGs
[2024-12-16T23:00:22.248+0000] {logging_mixin.py:190} INFO - [2024-12-16T23:00:22.248+0000] {dag.py:4180} INFO - Setting next_dagrun for first_dag to 2024-12-16T00:00:00+00:00, run_after=2024-12-17T00:00:00+00:00
[2024-12-16T23:00:22.271+0000] {processor.py:208} INFO - Processing /opt/airflow/dags/spark_airflow.py took 0.089 seconds
[2024-12-16T23:00:52.476+0000] {processor.py:186} INFO - Started process (PID=163) to work on /opt/airflow/dags/spark_airflow.py
[2024-12-16T23:00:52.477+0000] {processor.py:914} INFO - Processing file /opt/airflow/dags/spark_airflow.py for tasks to queue
[2024-12-16T23:00:52.481+0000] {logging_mixin.py:190} INFO - [2024-12-16T23:00:52.480+0000] {dagbag.py:588} INFO - Filling up the DagBag from /opt/airflow/dags/spark_airflow.py
[2024-12-16T23:00:52.495+0000] {processor.py:925} INFO - DAG(s) 'first_dag' retrieved from /opt/airflow/dags/spark_airflow.py
[2024-12-16T23:00:52.521+0000] {logging_mixin.py:190} INFO - [2024-12-16T23:00:52.521+0000] {dag.py:3239} INFO - Sync 1 DAGs
[2024-12-16T23:00:52.537+0000] {logging_mixin.py:190} INFO - [2024-12-16T23:00:52.537+0000] {dag.py:4180} INFO - Setting next_dagrun for first_dag to 2024-12-16T00:00:00+00:00, run_after=2024-12-17T00:00:00+00:00
[2024-12-16T23:00:52.561+0000] {processor.py:208} INFO - Processing /opt/airflow/dags/spark_airflow.py took 0.090 seconds
[2024-12-16T23:01:22.815+0000] {processor.py:186} INFO - Started process (PID=168) to work on /opt/airflow/dags/spark_airflow.py
[2024-12-16T23:01:22.816+0000] {processor.py:914} INFO - Processing file /opt/airflow/dags/spark_airflow.py for tasks to queue
[2024-12-16T23:01:22.818+0000] {logging_mixin.py:190} INFO - [2024-12-16T23:01:22.818+0000] {dagbag.py:588} INFO - Filling up the DagBag from /opt/airflow/dags/spark_airflow.py
[2024-12-16T23:01:22.831+0000] {processor.py:925} INFO - DAG(s) 'first_dag' retrieved from /opt/airflow/dags/spark_airflow.py
[2024-12-16T23:01:22.856+0000] {logging_mixin.py:190} INFO - [2024-12-16T23:01:22.855+0000] {dag.py:3239} INFO - Sync 1 DAGs
[2024-12-16T23:01:22.872+0000] {logging_mixin.py:190} INFO - [2024-12-16T23:01:22.872+0000] {dag.py:4180} INFO - Setting next_dagrun for first_dag to 2024-12-16T00:00:00+00:00, run_after=2024-12-17T00:00:00+00:00
[2024-12-16T23:01:22.893+0000] {processor.py:208} INFO - Processing /opt/airflow/dags/spark_airflow.py took 0.083 seconds
[2024-12-16T23:01:53.118+0000] {processor.py:186} INFO - Started process (PID=173) to work on /opt/airflow/dags/spark_airflow.py
[2024-12-16T23:01:53.119+0000] {processor.py:914} INFO - Processing file /opt/airflow/dags/spark_airflow.py for tasks to queue
[2024-12-16T23:01:53.122+0000] {logging_mixin.py:190} INFO - [2024-12-16T23:01:53.122+0000] {dagbag.py:588} INFO - Filling up the DagBag from /opt/airflow/dags/spark_airflow.py
[2024-12-16T23:01:53.149+0000] {processor.py:925} INFO - DAG(s) 'first_dag' retrieved from /opt/airflow/dags/spark_airflow.py
[2024-12-16T23:01:53.185+0000] {logging_mixin.py:190} INFO - [2024-12-16T23:01:53.185+0000] {dag.py:3239} INFO - Sync 1 DAGs
[2024-12-16T23:01:53.211+0000] {logging_mixin.py:190} INFO - [2024-12-16T23:01:53.211+0000] {dag.py:4180} INFO - Setting next_dagrun for first_dag to 2024-12-16T00:00:00+00:00, run_after=2024-12-17T00:00:00+00:00
[2024-12-16T23:01:53.240+0000] {processor.py:208} INFO - Processing /opt/airflow/dags/spark_airflow.py took 0.128 seconds
[2024-12-16T23:02:23.387+0000] {processor.py:186} INFO - Started process (PID=185) to work on /opt/airflow/dags/spark_airflow.py
[2024-12-16T23:02:23.388+0000] {processor.py:914} INFO - Processing file /opt/airflow/dags/spark_airflow.py for tasks to queue
[2024-12-16T23:02:23.390+0000] {logging_mixin.py:190} INFO - [2024-12-16T23:02:23.390+0000] {dagbag.py:588} INFO - Filling up the DagBag from /opt/airflow/dags/spark_airflow.py
[2024-12-16T23:02:23.405+0000] {processor.py:925} INFO - DAG(s) 'first_dag' retrieved from /opt/airflow/dags/spark_airflow.py
[2024-12-16T23:02:23.430+0000] {logging_mixin.py:190} INFO - [2024-12-16T23:02:23.430+0000] {dag.py:3239} INFO - Sync 1 DAGs
[2024-12-16T23:02:23.447+0000] {logging_mixin.py:190} INFO - [2024-12-16T23:02:23.447+0000] {dag.py:4180} INFO - Setting next_dagrun for first_dag to 2024-12-16T00:00:00+00:00, run_after=2024-12-17T00:00:00+00:00
[2024-12-16T23:02:23.470+0000] {processor.py:208} INFO - Processing /opt/airflow/dags/spark_airflow.py took 0.087 seconds
[2024-12-16T23:02:53.757+0000] {processor.py:186} INFO - Started process (PID=197) to work on /opt/airflow/dags/spark_airflow.py
[2024-12-16T23:02:53.758+0000] {processor.py:914} INFO - Processing file /opt/airflow/dags/spark_airflow.py for tasks to queue
[2024-12-16T23:02:53.760+0000] {logging_mixin.py:190} INFO - [2024-12-16T23:02:53.760+0000] {dagbag.py:588} INFO - Filling up the DagBag from /opt/airflow/dags/spark_airflow.py
[2024-12-16T23:02:53.774+0000] {processor.py:925} INFO - DAG(s) 'first_dag' retrieved from /opt/airflow/dags/spark_airflow.py
[2024-12-16T23:02:53.798+0000] {logging_mixin.py:190} INFO - [2024-12-16T23:02:53.798+0000] {dag.py:3239} INFO - Sync 1 DAGs
[2024-12-16T23:02:53.816+0000] {logging_mixin.py:190} INFO - [2024-12-16T23:02:53.816+0000] {dag.py:4180} INFO - Setting next_dagrun for first_dag to 2024-12-16T00:00:00+00:00, run_after=2024-12-17T00:00:00+00:00
[2024-12-16T23:02:53.838+0000] {processor.py:208} INFO - Processing /opt/airflow/dags/spark_airflow.py took 0.084 seconds
[2024-12-16T23:03:24.077+0000] {processor.py:186} INFO - Started process (PID=202) to work on /opt/airflow/dags/spark_airflow.py
[2024-12-16T23:03:24.078+0000] {processor.py:914} INFO - Processing file /opt/airflow/dags/spark_airflow.py for tasks to queue
[2024-12-16T23:03:24.081+0000] {logging_mixin.py:190} INFO - [2024-12-16T23:03:24.081+0000] {dagbag.py:588} INFO - Filling up the DagBag from /opt/airflow/dags/spark_airflow.py
[2024-12-16T23:03:24.098+0000] {processor.py:925} INFO - DAG(s) 'first_dag' retrieved from /opt/airflow/dags/spark_airflow.py
[2024-12-16T23:03:24.124+0000] {logging_mixin.py:190} INFO - [2024-12-16T23:03:24.124+0000] {dag.py:3239} INFO - Sync 1 DAGs
[2024-12-16T23:03:24.143+0000] {logging_mixin.py:190} INFO - [2024-12-16T23:03:24.143+0000] {dag.py:4180} INFO - Setting next_dagrun for first_dag to 2024-12-16T00:00:00+00:00, run_after=2024-12-17T00:00:00+00:00
[2024-12-16T23:03:24.162+0000] {processor.py:208} INFO - Processing /opt/airflow/dags/spark_airflow.py took 0.089 seconds
[2024-12-16T23:03:54.392+0000] {processor.py:186} INFO - Started process (PID=207) to work on /opt/airflow/dags/spark_airflow.py
[2024-12-16T23:03:54.392+0000] {processor.py:914} INFO - Processing file /opt/airflow/dags/spark_airflow.py for tasks to queue
[2024-12-16T23:03:54.394+0000] {logging_mixin.py:190} INFO - [2024-12-16T23:03:54.394+0000] {dagbag.py:588} INFO - Filling up the DagBag from /opt/airflow/dags/spark_airflow.py
[2024-12-16T23:03:54.409+0000] {processor.py:925} INFO - DAG(s) 'first_dag' retrieved from /opt/airflow/dags/spark_airflow.py
[2024-12-16T23:03:54.435+0000] {logging_mixin.py:190} INFO - [2024-12-16T23:03:54.435+0000] {dag.py:3239} INFO - Sync 1 DAGs
[2024-12-16T23:03:54.452+0000] {logging_mixin.py:190} INFO - [2024-12-16T23:03:54.452+0000] {dag.py:4180} INFO - Setting next_dagrun for first_dag to 2024-12-16T00:00:00+00:00, run_after=2024-12-17T00:00:00+00:00
[2024-12-16T23:03:54.473+0000] {processor.py:208} INFO - Processing /opt/airflow/dags/spark_airflow.py took 0.086 seconds
[2024-12-16T23:04:24.693+0000] {processor.py:186} INFO - Started process (PID=219) to work on /opt/airflow/dags/spark_airflow.py
[2024-12-16T23:04:24.694+0000] {processor.py:914} INFO - Processing file /opt/airflow/dags/spark_airflow.py for tasks to queue
[2024-12-16T23:04:24.696+0000] {logging_mixin.py:190} INFO - [2024-12-16T23:04:24.696+0000] {dagbag.py:588} INFO - Filling up the DagBag from /opt/airflow/dags/spark_airflow.py
[2024-12-16T23:04:24.714+0000] {processor.py:925} INFO - DAG(s) 'first_dag' retrieved from /opt/airflow/dags/spark_airflow.py
[2024-12-16T23:04:24.743+0000] {logging_mixin.py:190} INFO - [2024-12-16T23:04:24.742+0000] {dag.py:3239} INFO - Sync 1 DAGs
[2024-12-16T23:04:24.762+0000] {logging_mixin.py:190} INFO - [2024-12-16T23:04:24.762+0000] {dag.py:4180} INFO - Setting next_dagrun for first_dag to 2024-12-16T00:00:00+00:00, run_after=2024-12-17T00:00:00+00:00
[2024-12-16T23:04:24.785+0000] {processor.py:208} INFO - Processing /opt/airflow/dags/spark_airflow.py took 0.096 seconds
[2024-12-16T23:04:55.015+0000] {processor.py:186} INFO - Started process (PID=224) to work on /opt/airflow/dags/spark_airflow.py
[2024-12-16T23:04:55.016+0000] {processor.py:914} INFO - Processing file /opt/airflow/dags/spark_airflow.py for tasks to queue
[2024-12-16T23:04:55.019+0000] {logging_mixin.py:190} INFO - [2024-12-16T23:04:55.018+0000] {dagbag.py:588} INFO - Filling up the DagBag from /opt/airflow/dags/spark_airflow.py
[2024-12-16T23:04:55.036+0000] {processor.py:925} INFO - DAG(s) 'first_dag' retrieved from /opt/airflow/dags/spark_airflow.py
[2024-12-16T23:04:55.061+0000] {logging_mixin.py:190} INFO - [2024-12-16T23:04:55.061+0000] {dag.py:3239} INFO - Sync 1 DAGs
[2024-12-16T23:04:55.079+0000] {logging_mixin.py:190} INFO - [2024-12-16T23:04:55.079+0000] {dag.py:4180} INFO - Setting next_dagrun for first_dag to 2024-12-16T00:00:00+00:00, run_after=2024-12-17T00:00:00+00:00
[2024-12-16T23:04:55.101+0000] {processor.py:208} INFO - Processing /opt/airflow/dags/spark_airflow.py took 0.090 seconds
[2024-12-16T23:05:25.329+0000] {processor.py:186} INFO - Started process (PID=229) to work on /opt/airflow/dags/spark_airflow.py
[2024-12-16T23:05:25.329+0000] {processor.py:914} INFO - Processing file /opt/airflow/dags/spark_airflow.py for tasks to queue
[2024-12-16T23:05:25.332+0000] {logging_mixin.py:190} INFO - [2024-12-16T23:05:25.332+0000] {dagbag.py:588} INFO - Filling up the DagBag from /opt/airflow/dags/spark_airflow.py
[2024-12-16T23:05:25.347+0000] {processor.py:925} INFO - DAG(s) 'first_dag' retrieved from /opt/airflow/dags/spark_airflow.py
[2024-12-16T23:05:25.373+0000] {logging_mixin.py:190} INFO - [2024-12-16T23:05:25.373+0000] {dag.py:3239} INFO - Sync 1 DAGs
[2024-12-16T23:05:25.391+0000] {logging_mixin.py:190} INFO - [2024-12-16T23:05:25.390+0000] {dag.py:4180} INFO - Setting next_dagrun for first_dag to 2024-12-16T00:00:00+00:00, run_after=2024-12-17T00:00:00+00:00
[2024-12-16T23:05:25.412+0000] {processor.py:208} INFO - Processing /opt/airflow/dags/spark_airflow.py took 0.089 seconds
[2024-12-16T23:05:55.686+0000] {processor.py:186} INFO - Started process (PID=234) to work on /opt/airflow/dags/spark_airflow.py
[2024-12-16T23:05:55.686+0000] {processor.py:914} INFO - Processing file /opt/airflow/dags/spark_airflow.py for tasks to queue
[2024-12-16T23:05:55.688+0000] {logging_mixin.py:190} INFO - [2024-12-16T23:05:55.688+0000] {dagbag.py:588} INFO - Filling up the DagBag from /opt/airflow/dags/spark_airflow.py
[2024-12-16T23:05:55.705+0000] {processor.py:925} INFO - DAG(s) 'first_dag' retrieved from /opt/airflow/dags/spark_airflow.py
[2024-12-16T23:05:55.732+0000] {logging_mixin.py:190} INFO - [2024-12-16T23:05:55.732+0000] {dag.py:3239} INFO - Sync 1 DAGs
[2024-12-16T23:05:55.751+0000] {logging_mixin.py:190} INFO - [2024-12-16T23:05:55.751+0000] {dag.py:4180} INFO - Setting next_dagrun for first_dag to 2024-12-16T00:00:00+00:00, run_after=2024-12-17T00:00:00+00:00
[2024-12-16T23:05:55.777+0000] {processor.py:208} INFO - Processing /opt/airflow/dags/spark_airflow.py took 0.096 seconds
[2024-12-16T23:06:26.047+0000] {processor.py:186} INFO - Started process (PID=239) to work on /opt/airflow/dags/spark_airflow.py
[2024-12-16T23:06:26.047+0000] {processor.py:914} INFO - Processing file /opt/airflow/dags/spark_airflow.py for tasks to queue
[2024-12-16T23:06:26.049+0000] {logging_mixin.py:190} INFO - [2024-12-16T23:06:26.049+0000] {dagbag.py:588} INFO - Filling up the DagBag from /opt/airflow/dags/spark_airflow.py
[2024-12-16T23:06:26.066+0000] {processor.py:925} INFO - DAG(s) 'first_dag' retrieved from /opt/airflow/dags/spark_airflow.py
[2024-12-16T23:06:26.103+0000] {logging_mixin.py:190} INFO - [2024-12-16T23:06:26.103+0000] {dag.py:3239} INFO - Sync 1 DAGs
[2024-12-16T23:06:26.123+0000] {logging_mixin.py:190} INFO - [2024-12-16T23:06:26.123+0000] {dag.py:4180} INFO - Setting next_dagrun for first_dag to 2024-12-16T00:00:00+00:00, run_after=2024-12-17T00:00:00+00:00
[2024-12-16T23:06:26.142+0000] {processor.py:208} INFO - Processing /opt/airflow/dags/spark_airflow.py took 0.100 seconds
[2024-12-16T23:06:56.396+0000] {processor.py:186} INFO - Started process (PID=244) to work on /opt/airflow/dags/spark_airflow.py
[2024-12-16T23:06:56.397+0000] {processor.py:914} INFO - Processing file /opt/airflow/dags/spark_airflow.py for tasks to queue
[2024-12-16T23:06:56.399+0000] {logging_mixin.py:190} INFO - [2024-12-16T23:06:56.399+0000] {dagbag.py:588} INFO - Filling up the DagBag from /opt/airflow/dags/spark_airflow.py
[2024-12-16T23:06:56.419+0000] {processor.py:925} INFO - DAG(s) 'first_dag' retrieved from /opt/airflow/dags/spark_airflow.py
[2024-12-16T23:06:56.446+0000] {logging_mixin.py:190} INFO - [2024-12-16T23:06:56.446+0000] {dag.py:3239} INFO - Sync 1 DAGs
[2024-12-16T23:06:56.467+0000] {logging_mixin.py:190} INFO - [2024-12-16T23:06:56.467+0000] {dag.py:4180} INFO - Setting next_dagrun for first_dag to 2024-12-16T00:00:00+00:00, run_after=2024-12-17T00:00:00+00:00
[2024-12-16T23:06:56.490+0000] {processor.py:208} INFO - Processing /opt/airflow/dags/spark_airflow.py took 0.098 seconds
[2024-12-16T23:07:47.850+0000] {processor.py:186} INFO - Started process (PID=67) to work on /opt/airflow/dags/spark_airflow.py
[2024-12-16T23:07:47.851+0000] {processor.py:914} INFO - Processing file /opt/airflow/dags/spark_airflow.py for tasks to queue
[2024-12-16T23:07:47.854+0000] {logging_mixin.py:190} INFO - [2024-12-16T23:07:47.853+0000] {dagbag.py:588} INFO - Filling up the DagBag from /opt/airflow/dags/spark_airflow.py
[2024-12-16T23:07:47.877+0000] {processor.py:925} INFO - DAG(s) 'first_dag' retrieved from /opt/airflow/dags/spark_airflow.py
[2024-12-16T23:07:47.914+0000] {logging_mixin.py:190} INFO - [2024-12-16T23:07:47.914+0000] {dag.py:3239} INFO - Sync 1 DAGs
[2024-12-16T23:07:47.944+0000] {logging_mixin.py:190} INFO - [2024-12-16T23:07:47.944+0000] {dag.py:4180} INFO - Setting next_dagrun for first_dag to 2024-12-16T00:00:00+00:00, run_after=2024-12-17T00:00:00+00:00
[2024-12-16T23:07:47.966+0000] {processor.py:208} INFO - Processing /opt/airflow/dags/spark_airflow.py took 0.123 seconds
[2024-12-16T23:08:18.133+0000] {processor.py:186} INFO - Started process (PID=79) to work on /opt/airflow/dags/spark_airflow.py
[2024-12-16T23:08:18.134+0000] {processor.py:914} INFO - Processing file /opt/airflow/dags/spark_airflow.py for tasks to queue
[2024-12-16T23:08:18.137+0000] {logging_mixin.py:190} INFO - [2024-12-16T23:08:18.137+0000] {dagbag.py:588} INFO - Filling up the DagBag from /opt/airflow/dags/spark_airflow.py
[2024-12-16T23:08:18.165+0000] {processor.py:925} INFO - DAG(s) 'first_dag' retrieved from /opt/airflow/dags/spark_airflow.py
[2024-12-16T23:08:18.192+0000] {logging_mixin.py:190} INFO - [2024-12-16T23:08:18.192+0000] {dag.py:3239} INFO - Sync 1 DAGs
[2024-12-16T23:08:18.213+0000] {logging_mixin.py:190} INFO - [2024-12-16T23:08:18.213+0000] {dag.py:4180} INFO - Setting next_dagrun for first_dag to 2024-12-16T00:00:00+00:00, run_after=2024-12-17T00:00:00+00:00
[2024-12-16T23:08:18.231+0000] {processor.py:208} INFO - Processing /opt/airflow/dags/spark_airflow.py took 0.103 seconds
[2024-12-16T23:08:48.516+0000] {processor.py:186} INFO - Started process (PID=84) to work on /opt/airflow/dags/spark_airflow.py
[2024-12-16T23:08:48.518+0000] {processor.py:914} INFO - Processing file /opt/airflow/dags/spark_airflow.py for tasks to queue
[2024-12-16T23:08:48.520+0000] {logging_mixin.py:190} INFO - [2024-12-16T23:08:48.520+0000] {dagbag.py:588} INFO - Filling up the DagBag from /opt/airflow/dags/spark_airflow.py
[2024-12-16T23:08:48.535+0000] {processor.py:925} INFO - DAG(s) 'first_dag' retrieved from /opt/airflow/dags/spark_airflow.py
[2024-12-16T23:08:48.556+0000] {logging_mixin.py:190} INFO - [2024-12-16T23:08:48.555+0000] {dag.py:3239} INFO - Sync 1 DAGs
[2024-12-16T23:08:48.572+0000] {logging_mixin.py:190} INFO - [2024-12-16T23:08:48.572+0000] {dag.py:4180} INFO - Setting next_dagrun for first_dag to 2024-12-16T00:00:00+00:00, run_after=2024-12-17T00:00:00+00:00
[2024-12-16T23:08:48.595+0000] {processor.py:208} INFO - Processing /opt/airflow/dags/spark_airflow.py took 0.084 seconds
[2024-12-16T23:09:18.782+0000] {processor.py:186} INFO - Started process (PID=89) to work on /opt/airflow/dags/spark_airflow.py
[2024-12-16T23:09:18.783+0000] {processor.py:914} INFO - Processing file /opt/airflow/dags/spark_airflow.py for tasks to queue
[2024-12-16T23:09:18.785+0000] {logging_mixin.py:190} INFO - [2024-12-16T23:09:18.785+0000] {dagbag.py:588} INFO - Filling up the DagBag from /opt/airflow/dags/spark_airflow.py
[2024-12-16T23:09:18.803+0000] {processor.py:925} INFO - DAG(s) 'first_dag' retrieved from /opt/airflow/dags/spark_airflow.py
[2024-12-16T23:09:18.824+0000] {logging_mixin.py:190} INFO - [2024-12-16T23:09:18.824+0000] {dag.py:3239} INFO - Sync 1 DAGs
[2024-12-16T23:09:18.842+0000] {logging_mixin.py:190} INFO - [2024-12-16T23:09:18.841+0000] {dag.py:4180} INFO - Setting next_dagrun for first_dag to 2024-12-16T00:00:00+00:00, run_after=2024-12-17T00:00:00+00:00
[2024-12-16T23:09:18.865+0000] {processor.py:208} INFO - Processing /opt/airflow/dags/spark_airflow.py took 0.088 seconds
[2024-12-16T23:09:49.150+0000] {processor.py:186} INFO - Started process (PID=94) to work on /opt/airflow/dags/spark_airflow.py
[2024-12-16T23:09:49.151+0000] {processor.py:914} INFO - Processing file /opt/airflow/dags/spark_airflow.py for tasks to queue
[2024-12-16T23:09:49.153+0000] {logging_mixin.py:190} INFO - [2024-12-16T23:09:49.153+0000] {dagbag.py:588} INFO - Filling up the DagBag from /opt/airflow/dags/spark_airflow.py
[2024-12-16T23:09:49.166+0000] {processor.py:925} INFO - DAG(s) 'first_dag' retrieved from /opt/airflow/dags/spark_airflow.py
[2024-12-16T23:09:49.187+0000] {logging_mixin.py:190} INFO - [2024-12-16T23:09:49.187+0000] {dag.py:3239} INFO - Sync 1 DAGs
[2024-12-16T23:09:49.204+0000] {logging_mixin.py:190} INFO - [2024-12-16T23:09:49.204+0000] {dag.py:4180} INFO - Setting next_dagrun for first_dag to 2024-12-16T00:00:00+00:00, run_after=2024-12-17T00:00:00+00:00
[2024-12-16T23:09:49.226+0000] {processor.py:208} INFO - Processing /opt/airflow/dags/spark_airflow.py took 0.079 seconds
[2024-12-16T23:10:19.410+0000] {processor.py:186} INFO - Started process (PID=99) to work on /opt/airflow/dags/spark_airflow.py
[2024-12-16T23:10:19.411+0000] {processor.py:914} INFO - Processing file /opt/airflow/dags/spark_airflow.py for tasks to queue
[2024-12-16T23:10:19.413+0000] {logging_mixin.py:190} INFO - [2024-12-16T23:10:19.413+0000] {dagbag.py:588} INFO - Filling up the DagBag from /opt/airflow/dags/spark_airflow.py
[2024-12-16T23:10:19.429+0000] {processor.py:925} INFO - DAG(s) 'first_dag' retrieved from /opt/airflow/dags/spark_airflow.py
[2024-12-16T23:10:19.453+0000] {logging_mixin.py:190} INFO - [2024-12-16T23:10:19.453+0000] {dag.py:3239} INFO - Sync 1 DAGs
[2024-12-16T23:10:19.477+0000] {logging_mixin.py:190} INFO - [2024-12-16T23:10:19.476+0000] {dag.py:4180} INFO - Setting next_dagrun for first_dag to 2024-12-16T00:00:00+00:00, run_after=2024-12-17T00:00:00+00:00
[2024-12-16T23:10:19.495+0000] {processor.py:208} INFO - Processing /opt/airflow/dags/spark_airflow.py took 0.090 seconds
[2024-12-16T23:10:49.714+0000] {processor.py:186} INFO - Started process (PID=104) to work on /opt/airflow/dags/spark_airflow.py
[2024-12-16T23:10:49.715+0000] {processor.py:914} INFO - Processing file /opt/airflow/dags/spark_airflow.py for tasks to queue
[2024-12-16T23:10:49.717+0000] {logging_mixin.py:190} INFO - [2024-12-16T23:10:49.717+0000] {dagbag.py:588} INFO - Filling up the DagBag from /opt/airflow/dags/spark_airflow.py
[2024-12-16T23:10:49.741+0000] {processor.py:925} INFO - DAG(s) 'first_dag' retrieved from /opt/airflow/dags/spark_airflow.py
[2024-12-16T23:10:49.768+0000] {logging_mixin.py:190} INFO - [2024-12-16T23:10:49.768+0000] {dag.py:3239} INFO - Sync 1 DAGs
[2024-12-16T23:10:49.788+0000] {logging_mixin.py:190} INFO - [2024-12-16T23:10:49.788+0000] {dag.py:4180} INFO - Setting next_dagrun for first_dag to 2024-12-16T00:00:00+00:00, run_after=2024-12-17T00:00:00+00:00
[2024-12-16T23:10:49.813+0000] {processor.py:208} INFO - Processing /opt/airflow/dags/spark_airflow.py took 0.104 seconds
[2024-12-16T23:11:19.992+0000] {processor.py:186} INFO - Started process (PID=109) to work on /opt/airflow/dags/spark_airflow.py
[2024-12-16T23:11:19.993+0000] {processor.py:914} INFO - Processing file /opt/airflow/dags/spark_airflow.py for tasks to queue
[2024-12-16T23:11:19.995+0000] {logging_mixin.py:190} INFO - [2024-12-16T23:11:19.995+0000] {dagbag.py:588} INFO - Filling up the DagBag from /opt/airflow/dags/spark_airflow.py
[2024-12-16T23:11:20.015+0000] {processor.py:925} INFO - DAG(s) 'first_dag' retrieved from /opt/airflow/dags/spark_airflow.py
[2024-12-16T23:11:20.038+0000] {logging_mixin.py:190} INFO - [2024-12-16T23:11:20.038+0000] {dag.py:3239} INFO - Sync 1 DAGs
[2024-12-16T23:11:20.061+0000] {logging_mixin.py:190} INFO - [2024-12-16T23:11:20.060+0000] {dag.py:4180} INFO - Setting next_dagrun for first_dag to 2024-12-16T00:00:00+00:00, run_after=2024-12-17T00:00:00+00:00
[2024-12-16T23:11:20.080+0000] {processor.py:208} INFO - Processing /opt/airflow/dags/spark_airflow.py took 0.094 seconds
[2024-12-16T23:11:50.334+0000] {processor.py:186} INFO - Started process (PID=114) to work on /opt/airflow/dags/spark_airflow.py
[2024-12-16T23:11:50.335+0000] {processor.py:914} INFO - Processing file /opt/airflow/dags/spark_airflow.py for tasks to queue
[2024-12-16T23:11:50.337+0000] {logging_mixin.py:190} INFO - [2024-12-16T23:11:50.337+0000] {dagbag.py:588} INFO - Filling up the DagBag from /opt/airflow/dags/spark_airflow.py
[2024-12-16T23:11:50.352+0000] {processor.py:925} INFO - DAG(s) 'first_dag' retrieved from /opt/airflow/dags/spark_airflow.py
[2024-12-16T23:11:50.373+0000] {logging_mixin.py:190} INFO - [2024-12-16T23:11:50.373+0000] {dag.py:3239} INFO - Sync 1 DAGs
[2024-12-16T23:11:50.390+0000] {logging_mixin.py:190} INFO - [2024-12-16T23:11:50.390+0000] {dag.py:4180} INFO - Setting next_dagrun for first_dag to 2024-12-16T00:00:00+00:00, run_after=2024-12-17T00:00:00+00:00
[2024-12-16T23:11:50.406+0000] {processor.py:208} INFO - Processing /opt/airflow/dags/spark_airflow.py took 0.076 seconds
[2024-12-16T23:12:20.638+0000] {processor.py:186} INFO - Started process (PID=119) to work on /opt/airflow/dags/spark_airflow.py
[2024-12-16T23:12:20.639+0000] {processor.py:914} INFO - Processing file /opt/airflow/dags/spark_airflow.py for tasks to queue
[2024-12-16T23:12:20.641+0000] {logging_mixin.py:190} INFO - [2024-12-16T23:12:20.641+0000] {dagbag.py:588} INFO - Filling up the DagBag from /opt/airflow/dags/spark_airflow.py
[2024-12-16T23:12:20.655+0000] {processor.py:925} INFO - DAG(s) 'first_dag' retrieved from /opt/airflow/dags/spark_airflow.py
[2024-12-16T23:12:20.676+0000] {logging_mixin.py:190} INFO - [2024-12-16T23:12:20.676+0000] {dag.py:3239} INFO - Sync 1 DAGs
[2024-12-16T23:12:20.694+0000] {logging_mixin.py:190} INFO - [2024-12-16T23:12:20.693+0000] {dag.py:4180} INFO - Setting next_dagrun for first_dag to 2024-12-16T00:00:00+00:00, run_after=2024-12-17T00:00:00+00:00
[2024-12-16T23:12:20.718+0000] {processor.py:208} INFO - Processing /opt/airflow/dags/spark_airflow.py took 0.085 seconds
[2024-12-16T23:12:51.052+0000] {processor.py:186} INFO - Started process (PID=124) to work on /opt/airflow/dags/spark_airflow.py
[2024-12-16T23:12:51.053+0000] {processor.py:914} INFO - Processing file /opt/airflow/dags/spark_airflow.py for tasks to queue
[2024-12-16T23:12:51.055+0000] {logging_mixin.py:190} INFO - [2024-12-16T23:12:51.054+0000] {dagbag.py:588} INFO - Filling up the DagBag from /opt/airflow/dags/spark_airflow.py
[2024-12-16T23:12:51.068+0000] {processor.py:925} INFO - DAG(s) 'first_dag' retrieved from /opt/airflow/dags/spark_airflow.py
[2024-12-16T23:12:51.088+0000] {logging_mixin.py:190} INFO - [2024-12-16T23:12:51.088+0000] {dag.py:3239} INFO - Sync 1 DAGs
[2024-12-16T23:12:51.104+0000] {logging_mixin.py:190} INFO - [2024-12-16T23:12:51.104+0000] {dag.py:4180} INFO - Setting next_dagrun for first_dag to 2024-12-16T00:00:00+00:00, run_after=2024-12-17T00:00:00+00:00
[2024-12-16T23:12:51.126+0000] {processor.py:208} INFO - Processing /opt/airflow/dags/spark_airflow.py took 0.078 seconds
[2024-12-16T23:13:21.302+0000] {processor.py:186} INFO - Started process (PID=129) to work on /opt/airflow/dags/spark_airflow.py
[2024-12-16T23:13:21.302+0000] {processor.py:914} INFO - Processing file /opt/airflow/dags/spark_airflow.py for tasks to queue
[2024-12-16T23:13:21.305+0000] {logging_mixin.py:190} INFO - [2024-12-16T23:13:21.305+0000] {dagbag.py:588} INFO - Filling up the DagBag from /opt/airflow/dags/spark_airflow.py
[2024-12-16T23:13:21.319+0000] {processor.py:925} INFO - DAG(s) 'first_dag' retrieved from /opt/airflow/dags/spark_airflow.py
[2024-12-16T23:13:21.343+0000] {logging_mixin.py:190} INFO - [2024-12-16T23:13:21.343+0000] {dag.py:3239} INFO - Sync 1 DAGs
[2024-12-16T23:13:21.362+0000] {logging_mixin.py:190} INFO - [2024-12-16T23:13:21.362+0000] {dag.py:4180} INFO - Setting next_dagrun for first_dag to 2024-12-16T00:00:00+00:00, run_after=2024-12-17T00:00:00+00:00
[2024-12-16T23:13:21.385+0000] {processor.py:208} INFO - Processing /opt/airflow/dags/spark_airflow.py took 0.088 seconds
[2024-12-16T23:13:51.607+0000] {processor.py:186} INFO - Started process (PID=134) to work on /opt/airflow/dags/spark_airflow.py
[2024-12-16T23:13:51.608+0000] {processor.py:914} INFO - Processing file /opt/airflow/dags/spark_airflow.py for tasks to queue
[2024-12-16T23:13:51.610+0000] {logging_mixin.py:190} INFO - [2024-12-16T23:13:51.610+0000] {dagbag.py:588} INFO - Filling up the DagBag from /opt/airflow/dags/spark_airflow.py
[2024-12-16T23:13:51.624+0000] {processor.py:925} INFO - DAG(s) 'first_dag' retrieved from /opt/airflow/dags/spark_airflow.py
[2024-12-16T23:13:51.644+0000] {logging_mixin.py:190} INFO - [2024-12-16T23:13:51.644+0000] {dag.py:3239} INFO - Sync 1 DAGs
[2024-12-16T23:13:51.662+0000] {logging_mixin.py:190} INFO - [2024-12-16T23:13:51.661+0000] {dag.py:4180} INFO - Setting next_dagrun for first_dag to 2024-12-16T00:00:00+00:00, run_after=2024-12-17T00:00:00+00:00
[2024-12-16T23:13:51.684+0000] {processor.py:208} INFO - Processing /opt/airflow/dags/spark_airflow.py took 0.081 seconds
[2024-12-16T23:14:21.891+0000] {processor.py:186} INFO - Started process (PID=139) to work on /opt/airflow/dags/spark_airflow.py
[2024-12-16T23:14:21.892+0000] {processor.py:914} INFO - Processing file /opt/airflow/dags/spark_airflow.py for tasks to queue
[2024-12-16T23:14:21.895+0000] {logging_mixin.py:190} INFO - [2024-12-16T23:14:21.894+0000] {dagbag.py:588} INFO - Filling up the DagBag from /opt/airflow/dags/spark_airflow.py
[2024-12-16T23:14:21.910+0000] {processor.py:925} INFO - DAG(s) 'first_dag' retrieved from /opt/airflow/dags/spark_airflow.py
[2024-12-16T23:14:21.930+0000] {logging_mixin.py:190} INFO - [2024-12-16T23:14:21.930+0000] {dag.py:3239} INFO - Sync 1 DAGs
[2024-12-16T23:14:21.948+0000] {logging_mixin.py:190} INFO - [2024-12-16T23:14:21.948+0000] {dag.py:4180} INFO - Setting next_dagrun for first_dag to 2024-12-16T00:00:00+00:00, run_after=2024-12-17T00:00:00+00:00
[2024-12-16T23:14:21.970+0000] {processor.py:208} INFO - Processing /opt/airflow/dags/spark_airflow.py took 0.083 seconds
[2024-12-16T23:14:52.165+0000] {processor.py:186} INFO - Started process (PID=144) to work on /opt/airflow/dags/spark_airflow.py
[2024-12-16T23:14:52.166+0000] {processor.py:914} INFO - Processing file /opt/airflow/dags/spark_airflow.py for tasks to queue
[2024-12-16T23:14:52.168+0000] {logging_mixin.py:190} INFO - [2024-12-16T23:14:52.167+0000] {dagbag.py:588} INFO - Filling up the DagBag from /opt/airflow/dags/spark_airflow.py
[2024-12-16T23:14:52.184+0000] {processor.py:925} INFO - DAG(s) 'first_dag' retrieved from /opt/airflow/dags/spark_airflow.py
[2024-12-16T23:14:52.219+0000] {logging_mixin.py:190} INFO - [2024-12-16T23:14:52.219+0000] {dag.py:3239} INFO - Sync 1 DAGs
[2024-12-16T23:14:52.238+0000] {logging_mixin.py:190} INFO - [2024-12-16T23:14:52.238+0000] {dag.py:4180} INFO - Setting next_dagrun for first_dag to 2024-12-16T00:00:00+00:00, run_after=2024-12-17T00:00:00+00:00
[2024-12-16T23:14:52.254+0000] {processor.py:208} INFO - Processing /opt/airflow/dags/spark_airflow.py took 0.094 seconds
[2024-12-16T23:15:22.465+0000] {processor.py:186} INFO - Started process (PID=149) to work on /opt/airflow/dags/spark_airflow.py
[2024-12-16T23:15:22.466+0000] {processor.py:914} INFO - Processing file /opt/airflow/dags/spark_airflow.py for tasks to queue
[2024-12-16T23:15:22.470+0000] {logging_mixin.py:190} INFO - [2024-12-16T23:15:22.469+0000] {dagbag.py:588} INFO - Filling up the DagBag from /opt/airflow/dags/spark_airflow.py
[2024-12-16T23:15:22.491+0000] {processor.py:925} INFO - DAG(s) 'first_dag' retrieved from /opt/airflow/dags/spark_airflow.py
[2024-12-16T23:15:22.521+0000] {logging_mixin.py:190} INFO - [2024-12-16T23:15:22.521+0000] {dag.py:3239} INFO - Sync 1 DAGs
[2024-12-16T23:15:22.542+0000] {logging_mixin.py:190} INFO - [2024-12-16T23:15:22.542+0000] {dag.py:4180} INFO - Setting next_dagrun for first_dag to 2024-12-16T00:00:00+00:00, run_after=2024-12-17T00:00:00+00:00
[2024-12-16T23:15:22.559+0000] {processor.py:208} INFO - Processing /opt/airflow/dags/spark_airflow.py took 0.099 seconds
[2024-12-16T23:15:52.721+0000] {processor.py:186} INFO - Started process (PID=154) to work on /opt/airflow/dags/spark_airflow.py
[2024-12-16T23:15:52.721+0000] {processor.py:914} INFO - Processing file /opt/airflow/dags/spark_airflow.py for tasks to queue
[2024-12-16T23:15:52.724+0000] {logging_mixin.py:190} INFO - [2024-12-16T23:15:52.724+0000] {dagbag.py:588} INFO - Filling up the DagBag from /opt/airflow/dags/spark_airflow.py
[2024-12-16T23:15:52.740+0000] {processor.py:925} INFO - DAG(s) 'first_dag' retrieved from /opt/airflow/dags/spark_airflow.py
[2024-12-16T23:15:52.766+0000] {logging_mixin.py:190} INFO - [2024-12-16T23:15:52.766+0000] {dag.py:3239} INFO - Sync 1 DAGs
[2024-12-16T23:15:52.786+0000] {logging_mixin.py:190} INFO - [2024-12-16T23:15:52.786+0000] {dag.py:4180} INFO - Setting next_dagrun for first_dag to 2024-12-16T00:00:00+00:00, run_after=2024-12-17T00:00:00+00:00
[2024-12-16T23:15:52.811+0000] {processor.py:208} INFO - Processing /opt/airflow/dags/spark_airflow.py took 0.095 seconds
[2024-12-16T23:16:23.042+0000] {processor.py:186} INFO - Started process (PID=159) to work on /opt/airflow/dags/spark_airflow.py
[2024-12-16T23:16:23.043+0000] {processor.py:914} INFO - Processing file /opt/airflow/dags/spark_airflow.py for tasks to queue
[2024-12-16T23:16:23.046+0000] {logging_mixin.py:190} INFO - [2024-12-16T23:16:23.045+0000] {dagbag.py:588} INFO - Filling up the DagBag from /opt/airflow/dags/spark_airflow.py
[2024-12-16T23:16:23.060+0000] {processor.py:925} INFO - DAG(s) 'first_dag' retrieved from /opt/airflow/dags/spark_airflow.py
[2024-12-16T23:16:23.085+0000] {logging_mixin.py:190} INFO - [2024-12-16T23:16:23.085+0000] {dag.py:3239} INFO - Sync 1 DAGs
[2024-12-16T23:16:23.103+0000] {logging_mixin.py:190} INFO - [2024-12-16T23:16:23.103+0000] {dag.py:4180} INFO - Setting next_dagrun for first_dag to 2024-12-16T00:00:00+00:00, run_after=2024-12-17T00:00:00+00:00
[2024-12-16T23:16:23.125+0000] {processor.py:208} INFO - Processing /opt/airflow/dags/spark_airflow.py took 0.087 seconds
[2024-12-16T23:16:53.315+0000] {processor.py:186} INFO - Started process (PID=164) to work on /opt/airflow/dags/spark_airflow.py
[2024-12-16T23:16:53.316+0000] {processor.py:914} INFO - Processing file /opt/airflow/dags/spark_airflow.py for tasks to queue
[2024-12-16T23:16:53.318+0000] {logging_mixin.py:190} INFO - [2024-12-16T23:16:53.317+0000] {dagbag.py:588} INFO - Filling up the DagBag from /opt/airflow/dags/spark_airflow.py
[2024-12-16T23:16:53.334+0000] {processor.py:925} INFO - DAG(s) 'first_dag' retrieved from /opt/airflow/dags/spark_airflow.py
[2024-12-16T23:16:53.362+0000] {logging_mixin.py:190} INFO - [2024-12-16T23:16:53.362+0000] {dag.py:3239} INFO - Sync 1 DAGs
[2024-12-16T23:16:53.380+0000] {logging_mixin.py:190} INFO - [2024-12-16T23:16:53.380+0000] {dag.py:4180} INFO - Setting next_dagrun for first_dag to 2024-12-16T00:00:00+00:00, run_after=2024-12-17T00:00:00+00:00
[2024-12-16T23:16:53.398+0000] {processor.py:208} INFO - Processing /opt/airflow/dags/spark_airflow.py took 0.087 seconds
[2024-12-16T23:17:23.610+0000] {processor.py:186} INFO - Started process (PID=169) to work on /opt/airflow/dags/spark_airflow.py
[2024-12-16T23:17:23.611+0000] {processor.py:914} INFO - Processing file /opt/airflow/dags/spark_airflow.py for tasks to queue
[2024-12-16T23:17:23.613+0000] {logging_mixin.py:190} INFO - [2024-12-16T23:17:23.613+0000] {dagbag.py:588} INFO - Filling up the DagBag from /opt/airflow/dags/spark_airflow.py
[2024-12-16T23:17:23.629+0000] {processor.py:925} INFO - DAG(s) 'first_dag' retrieved from /opt/airflow/dags/spark_airflow.py
[2024-12-16T23:17:23.655+0000] {logging_mixin.py:190} INFO - [2024-12-16T23:17:23.655+0000] {dag.py:3239} INFO - Sync 1 DAGs
[2024-12-16T23:17:23.672+0000] {logging_mixin.py:190} INFO - [2024-12-16T23:17:23.672+0000] {dag.py:4180} INFO - Setting next_dagrun for first_dag to 2024-12-16T00:00:00+00:00, run_after=2024-12-17T00:00:00+00:00
[2024-12-16T23:17:23.696+0000] {processor.py:208} INFO - Processing /opt/airflow/dags/spark_airflow.py took 0.090 seconds
[2024-12-16T23:17:53.852+0000] {processor.py:186} INFO - Started process (PID=174) to work on /opt/airflow/dags/spark_airflow.py
[2024-12-16T23:17:53.853+0000] {processor.py:914} INFO - Processing file /opt/airflow/dags/spark_airflow.py for tasks to queue
[2024-12-16T23:17:53.856+0000] {logging_mixin.py:190} INFO - [2024-12-16T23:17:53.855+0000] {dagbag.py:588} INFO - Filling up the DagBag from /opt/airflow/dags/spark_airflow.py
[2024-12-16T23:17:53.877+0000] {processor.py:925} INFO - DAG(s) 'first_dag' retrieved from /opt/airflow/dags/spark_airflow.py
[2024-12-16T23:17:53.909+0000] {logging_mixin.py:190} INFO - [2024-12-16T23:17:53.909+0000] {dag.py:3239} INFO - Sync 1 DAGs
[2024-12-16T23:17:53.930+0000] {logging_mixin.py:190} INFO - [2024-12-16T23:17:53.930+0000] {dag.py:4180} INFO - Setting next_dagrun for first_dag to 2024-12-16T00:00:00+00:00, run_after=2024-12-17T00:00:00+00:00
[2024-12-16T23:17:53.950+0000] {processor.py:208} INFO - Processing /opt/airflow/dags/spark_airflow.py took 0.103 seconds
[2024-12-16T23:18:24.137+0000] {processor.py:186} INFO - Started process (PID=179) to work on /opt/airflow/dags/spark_airflow.py
[2024-12-16T23:18:24.137+0000] {processor.py:914} INFO - Processing file /opt/airflow/dags/spark_airflow.py for tasks to queue
[2024-12-16T23:18:24.139+0000] {logging_mixin.py:190} INFO - [2024-12-16T23:18:24.139+0000] {dagbag.py:588} INFO - Filling up the DagBag from /opt/airflow/dags/spark_airflow.py
[2024-12-16T23:18:24.154+0000] {processor.py:925} INFO - DAG(s) 'first_dag' retrieved from /opt/airflow/dags/spark_airflow.py
[2024-12-16T23:18:24.178+0000] {logging_mixin.py:190} INFO - [2024-12-16T23:18:24.178+0000] {dag.py:3239} INFO - Sync 1 DAGs
[2024-12-16T23:18:24.196+0000] {logging_mixin.py:190} INFO - [2024-12-16T23:18:24.196+0000] {dag.py:4180} INFO - Setting next_dagrun for first_dag to 2024-12-16T00:00:00+00:00, run_after=2024-12-17T00:00:00+00:00
[2024-12-16T23:18:24.214+0000] {processor.py:208} INFO - Processing /opt/airflow/dags/spark_airflow.py took 0.081 seconds
[2024-12-16T23:18:54.436+0000] {processor.py:186} INFO - Started process (PID=184) to work on /opt/airflow/dags/spark_airflow.py
[2024-12-16T23:18:54.437+0000] {processor.py:914} INFO - Processing file /opt/airflow/dags/spark_airflow.py for tasks to queue
[2024-12-16T23:18:54.440+0000] {logging_mixin.py:190} INFO - [2024-12-16T23:18:54.440+0000] {dagbag.py:588} INFO - Filling up the DagBag from /opt/airflow/dags/spark_airflow.py
[2024-12-16T23:18:54.455+0000] {processor.py:925} INFO - DAG(s) 'first_dag' retrieved from /opt/airflow/dags/spark_airflow.py
[2024-12-16T23:18:54.479+0000] {logging_mixin.py:190} INFO - [2024-12-16T23:18:54.479+0000] {dag.py:3239} INFO - Sync 1 DAGs
[2024-12-16T23:18:54.497+0000] {logging_mixin.py:190} INFO - [2024-12-16T23:18:54.497+0000] {dag.py:4180} INFO - Setting next_dagrun for first_dag to 2024-12-16T00:00:00+00:00, run_after=2024-12-17T00:00:00+00:00
[2024-12-16T23:18:54.513+0000] {processor.py:208} INFO - Processing /opt/airflow/dags/spark_airflow.py took 0.082 seconds
[2024-12-16T23:19:24.715+0000] {processor.py:186} INFO - Started process (PID=189) to work on /opt/airflow/dags/spark_airflow.py
[2024-12-16T23:19:24.716+0000] {processor.py:914} INFO - Processing file /opt/airflow/dags/spark_airflow.py for tasks to queue
[2024-12-16T23:19:24.718+0000] {logging_mixin.py:190} INFO - [2024-12-16T23:19:24.718+0000] {dagbag.py:588} INFO - Filling up the DagBag from /opt/airflow/dags/spark_airflow.py
[2024-12-16T23:19:24.733+0000] {processor.py:925} INFO - DAG(s) 'first_dag' retrieved from /opt/airflow/dags/spark_airflow.py
[2024-12-16T23:19:24.758+0000] {logging_mixin.py:190} INFO - [2024-12-16T23:19:24.758+0000] {dag.py:3239} INFO - Sync 1 DAGs
[2024-12-16T23:19:24.774+0000] {logging_mixin.py:190} INFO - [2024-12-16T23:19:24.774+0000] {dag.py:4180} INFO - Setting next_dagrun for first_dag to 2024-12-16T00:00:00+00:00, run_after=2024-12-17T00:00:00+00:00
[2024-12-16T23:19:24.835+0000] {processor.py:208} INFO - Processing /opt/airflow/dags/spark_airflow.py took 0.125 seconds
[2024-12-16T23:19:55.068+0000] {processor.py:186} INFO - Started process (PID=194) to work on /opt/airflow/dags/spark_airflow.py
[2024-12-16T23:19:55.069+0000] {processor.py:914} INFO - Processing file /opt/airflow/dags/spark_airflow.py for tasks to queue
[2024-12-16T23:19:55.078+0000] {logging_mixin.py:190} INFO - [2024-12-16T23:19:55.073+0000] {dagbag.py:588} INFO - Filling up the DagBag from /opt/airflow/dags/spark_airflow.py
[2024-12-16T23:19:55.112+0000] {processor.py:925} INFO - DAG(s) 'first_dag' retrieved from /opt/airflow/dags/spark_airflow.py
[2024-12-16T23:19:55.159+0000] {logging_mixin.py:190} INFO - [2024-12-16T23:19:55.159+0000] {dag.py:3239} INFO - Sync 1 DAGs
[2024-12-16T23:19:55.186+0000] {logging_mixin.py:190} INFO - [2024-12-16T23:19:55.186+0000] {dag.py:4180} INFO - Setting next_dagrun for first_dag to 2024-12-16T00:00:00+00:00, run_after=2024-12-17T00:00:00+00:00
[2024-12-16T23:19:55.207+0000] {processor.py:208} INFO - Processing /opt/airflow/dags/spark_airflow.py took 0.146 seconds
[2024-12-16T23:20:25.376+0000] {processor.py:186} INFO - Started process (PID=199) to work on /opt/airflow/dags/spark_airflow.py
[2024-12-16T23:20:25.376+0000] {processor.py:914} INFO - Processing file /opt/airflow/dags/spark_airflow.py for tasks to queue
[2024-12-16T23:20:25.379+0000] {logging_mixin.py:190} INFO - [2024-12-16T23:20:25.378+0000] {dagbag.py:588} INFO - Filling up the DagBag from /opt/airflow/dags/spark_airflow.py
[2024-12-16T23:20:25.397+0000] {processor.py:925} INFO - DAG(s) 'first_dag' retrieved from /opt/airflow/dags/spark_airflow.py
[2024-12-16T23:20:25.424+0000] {logging_mixin.py:190} INFO - [2024-12-16T23:20:25.423+0000] {dag.py:3239} INFO - Sync 1 DAGs
[2024-12-16T23:20:25.442+0000] {logging_mixin.py:190} INFO - [2024-12-16T23:20:25.442+0000] {dag.py:4180} INFO - Setting next_dagrun for first_dag to 2024-12-16T00:00:00+00:00, run_after=2024-12-17T00:00:00+00:00
[2024-12-16T23:20:25.464+0000] {processor.py:208} INFO - Processing /opt/airflow/dags/spark_airflow.py took 0.094 seconds
[2024-12-16T23:20:55.778+0000] {processor.py:186} INFO - Started process (PID=204) to work on /opt/airflow/dags/spark_airflow.py
[2024-12-16T23:20:55.779+0000] {processor.py:914} INFO - Processing file /opt/airflow/dags/spark_airflow.py for tasks to queue
[2024-12-16T23:20:55.781+0000] {logging_mixin.py:190} INFO - [2024-12-16T23:20:55.781+0000] {dagbag.py:588} INFO - Filling up the DagBag from /opt/airflow/dags/spark_airflow.py
[2024-12-16T23:20:55.794+0000] {processor.py:925} INFO - DAG(s) 'first_dag' retrieved from /opt/airflow/dags/spark_airflow.py
[2024-12-16T23:20:55.819+0000] {logging_mixin.py:190} INFO - [2024-12-16T23:20:55.819+0000] {dag.py:3239} INFO - Sync 1 DAGs
[2024-12-16T23:20:55.836+0000] {logging_mixin.py:190} INFO - [2024-12-16T23:20:55.836+0000] {dag.py:4180} INFO - Setting next_dagrun for first_dag to 2024-12-16T00:00:00+00:00, run_after=2024-12-17T00:00:00+00:00
[2024-12-16T23:20:55.854+0000] {processor.py:208} INFO - Processing /opt/airflow/dags/spark_airflow.py took 0.079 seconds
[2024-12-16T23:22:06.350+0000] {processor.py:186} INFO - Started process (PID=67) to work on /opt/airflow/dags/spark_airflow.py
[2024-12-16T23:22:06.353+0000] {processor.py:914} INFO - Processing file /opt/airflow/dags/spark_airflow.py for tasks to queue
[2024-12-16T23:22:06.366+0000] {logging_mixin.py:190} INFO - [2024-12-16T23:22:06.365+0000] {dagbag.py:588} INFO - Filling up the DagBag from /opt/airflow/dags/spark_airflow.py
[2024-12-16T23:22:06.453+0000] {processor.py:925} INFO - DAG(s) 'first_dag' retrieved from /opt/airflow/dags/spark_airflow.py
[2024-12-16T23:22:06.569+0000] {logging_mixin.py:190} INFO - [2024-12-16T23:22:06.569+0000] {dag.py:3239} INFO - Sync 1 DAGs
[2024-12-16T23:22:06.641+0000] {logging_mixin.py:190} INFO - [2024-12-16T23:22:06.640+0000] {dag.py:4180} INFO - Setting next_dagrun for first_dag to 2024-12-16T00:00:00+00:00, run_after=2024-12-17T00:00:00+00:00
[2024-12-16T23:22:06.705+0000] {processor.py:208} INFO - Processing /opt/airflow/dags/spark_airflow.py took 0.364 seconds
[2024-12-16T23:22:36.968+0000] {processor.py:186} INFO - Started process (PID=79) to work on /opt/airflow/dags/spark_airflow.py
[2024-12-16T23:22:36.970+0000] {processor.py:914} INFO - Processing file /opt/airflow/dags/spark_airflow.py for tasks to queue
[2024-12-16T23:22:36.976+0000] {logging_mixin.py:190} INFO - [2024-12-16T23:22:36.976+0000] {dagbag.py:588} INFO - Filling up the DagBag from /opt/airflow/dags/spark_airflow.py
[2024-12-16T23:22:37.098+0000] {processor.py:925} INFO - DAG(s) 'first_dag' retrieved from /opt/airflow/dags/spark_airflow.py
[2024-12-16T23:22:37.229+0000] {logging_mixin.py:190} INFO - [2024-12-16T23:22:37.229+0000] {dag.py:3239} INFO - Sync 1 DAGs
[2024-12-16T23:22:37.357+0000] {logging_mixin.py:190} INFO - [2024-12-16T23:22:37.357+0000] {dag.py:4180} INFO - Setting next_dagrun for first_dag to 2024-12-16T00:00:00+00:00, run_after=2024-12-17T00:00:00+00:00
[2024-12-16T23:22:37.434+0000] {processor.py:208} INFO - Processing /opt/airflow/dags/spark_airflow.py took 0.499 seconds
[2024-12-16T23:23:07.635+0000] {processor.py:186} INFO - Started process (PID=84) to work on /opt/airflow/dags/spark_airflow.py
[2024-12-16T23:23:07.636+0000] {processor.py:914} INFO - Processing file /opt/airflow/dags/spark_airflow.py for tasks to queue
[2024-12-16T23:23:07.641+0000] {logging_mixin.py:190} INFO - [2024-12-16T23:23:07.641+0000] {dagbag.py:588} INFO - Filling up the DagBag from /opt/airflow/dags/spark_airflow.py
[2024-12-16T23:23:07.677+0000] {processor.py:925} INFO - DAG(s) 'first_dag' retrieved from /opt/airflow/dags/spark_airflow.py
[2024-12-16T23:23:07.734+0000] {logging_mixin.py:190} INFO - [2024-12-16T23:23:07.734+0000] {dag.py:3239} INFO - Sync 1 DAGs
[2024-12-16T23:23:07.809+0000] {logging_mixin.py:190} INFO - [2024-12-16T23:23:07.808+0000] {dag.py:4180} INFO - Setting next_dagrun for first_dag to 2024-12-16T00:00:00+00:00, run_after=2024-12-17T00:00:00+00:00
[2024-12-16T23:23:07.842+0000] {processor.py:208} INFO - Processing /opt/airflow/dags/spark_airflow.py took 0.218 seconds
[2024-12-16T23:23:38.336+0000] {processor.py:186} INFO - Started process (PID=89) to work on /opt/airflow/dags/spark_airflow.py
[2024-12-16T23:23:38.349+0000] {processor.py:914} INFO - Processing file /opt/airflow/dags/spark_airflow.py for tasks to queue
[2024-12-16T23:23:38.367+0000] {logging_mixin.py:190} INFO - [2024-12-16T23:23:38.367+0000] {dagbag.py:588} INFO - Filling up the DagBag from /opt/airflow/dags/spark_airflow.py
[2024-12-16T23:23:38.470+0000] {processor.py:925} INFO - DAG(s) 'first_dag' retrieved from /opt/airflow/dags/spark_airflow.py
[2024-12-16T23:23:38.616+0000] {logging_mixin.py:190} INFO - [2024-12-16T23:23:38.615+0000] {dag.py:3239} INFO - Sync 1 DAGs
[2024-12-16T23:23:38.777+0000] {logging_mixin.py:190} INFO - [2024-12-16T23:23:38.777+0000] {dag.py:4180} INFO - Setting next_dagrun for first_dag to 2024-12-16T00:00:00+00:00, run_after=2024-12-17T00:00:00+00:00
[2024-12-16T23:23:38.885+0000] {processor.py:208} INFO - Processing /opt/airflow/dags/spark_airflow.py took 0.572 seconds
[2024-12-16T23:24:09.559+0000] {processor.py:186} INFO - Started process (PID=94) to work on /opt/airflow/dags/spark_airflow.py
[2024-12-16T23:24:09.566+0000] {processor.py:914} INFO - Processing file /opt/airflow/dags/spark_airflow.py for tasks to queue
[2024-12-16T23:24:09.573+0000] {logging_mixin.py:190} INFO - [2024-12-16T23:24:09.572+0000] {dagbag.py:588} INFO - Filling up the DagBag from /opt/airflow/dags/spark_airflow.py
[2024-12-16T23:24:09.635+0000] {processor.py:925} INFO - DAG(s) 'first_dag' retrieved from /opt/airflow/dags/spark_airflow.py
[2024-12-16T23:24:09.773+0000] {logging_mixin.py:190} INFO - [2024-12-16T23:24:09.771+0000] {dag.py:3239} INFO - Sync 1 DAGs
[2024-12-16T23:24:09.863+0000] {logging_mixin.py:190} INFO - [2024-12-16T23:24:09.863+0000] {dag.py:4180} INFO - Setting next_dagrun for first_dag to 2024-12-16T00:00:00+00:00, run_after=2024-12-17T00:00:00+00:00
[2024-12-16T23:24:09.925+0000] {processor.py:208} INFO - Processing /opt/airflow/dags/spark_airflow.py took 0.384 seconds
[2024-12-16T23:24:40.649+0000] {processor.py:186} INFO - Started process (PID=99) to work on /opt/airflow/dags/spark_airflow.py
[2024-12-16T23:24:40.653+0000] {processor.py:914} INFO - Processing file /opt/airflow/dags/spark_airflow.py for tasks to queue
[2024-12-16T23:24:40.779+0000] {logging_mixin.py:190} INFO - [2024-12-16T23:24:40.779+0000] {dagbag.py:588} INFO - Filling up the DagBag from /opt/airflow/dags/spark_airflow.py
[2024-12-16T23:24:40.934+0000] {processor.py:925} INFO - DAG(s) 'first_dag' retrieved from /opt/airflow/dags/spark_airflow.py
[2024-12-16T23:24:41.043+0000] {logging_mixin.py:190} INFO - [2024-12-16T23:24:41.043+0000] {dag.py:3239} INFO - Sync 1 DAGs
[2024-12-16T23:24:41.130+0000] {logging_mixin.py:190} INFO - [2024-12-16T23:24:41.130+0000] {dag.py:4180} INFO - Setting next_dagrun for first_dag to 2024-12-16T00:00:00+00:00, run_after=2024-12-17T00:00:00+00:00
[2024-12-16T23:24:41.233+0000] {processor.py:208} INFO - Processing /opt/airflow/dags/spark_airflow.py took 0.601 seconds
[2024-12-16T23:24:54.475+0000] {processor.py:186} INFO - Started process (PID=104) to work on /opt/airflow/dags/spark_airflow.py
[2024-12-16T23:24:54.494+0000] {processor.py:914} INFO - Processing file /opt/airflow/dags/spark_airflow.py for tasks to queue
[2024-12-16T23:24:54.507+0000] {logging_mixin.py:190} INFO - [2024-12-16T23:24:54.503+0000] {dagbag.py:588} INFO - Filling up the DagBag from /opt/airflow/dags/spark_airflow.py
[2024-12-16T23:24:54.857+0000] {processor.py:925} INFO - DAG(s) 'first_dag' retrieved from /opt/airflow/dags/spark_airflow.py
[2024-12-16T23:24:54.993+0000] {logging_mixin.py:190} INFO - [2024-12-16T23:24:54.993+0000] {dag.py:3239} INFO - Sync 1 DAGs
[2024-12-16T23:24:55.122+0000] {logging_mixin.py:190} INFO - [2024-12-16T23:24:55.121+0000] {dag.py:4180} INFO - Setting next_dagrun for first_dag to 2024-12-16T00:00:00+00:00, run_after=2024-12-17T00:00:00+00:00
[2024-12-16T23:24:55.299+0000] {processor.py:208} INFO - Processing /opt/airflow/dags/spark_airflow.py took 0.863 seconds
[2024-12-16T23:25:26.088+0000] {processor.py:186} INFO - Started process (PID=109) to work on /opt/airflow/dags/spark_airflow.py
[2024-12-16T23:25:26.093+0000] {processor.py:914} INFO - Processing file /opt/airflow/dags/spark_airflow.py for tasks to queue
[2024-12-16T23:25:26.127+0000] {logging_mixin.py:190} INFO - [2024-12-16T23:25:26.124+0000] {dagbag.py:588} INFO - Filling up the DagBag from /opt/airflow/dags/spark_airflow.py
[2024-12-16T23:25:26.344+0000] {processor.py:925} INFO - DAG(s) 'first_dag' retrieved from /opt/airflow/dags/spark_airflow.py
[2024-12-16T23:25:26.526+0000] {logging_mixin.py:190} INFO - [2024-12-16T23:25:26.526+0000] {dag.py:3239} INFO - Sync 1 DAGs
[2024-12-16T23:25:26.672+0000] {logging_mixin.py:190} INFO - [2024-12-16T23:25:26.672+0000] {dag.py:4180} INFO - Setting next_dagrun for first_dag to 2024-12-16T00:00:00+00:00, run_after=2024-12-17T00:00:00+00:00
[2024-12-16T23:25:26.723+0000] {processor.py:208} INFO - Processing /opt/airflow/dags/spark_airflow.py took 0.705 seconds
[2024-12-16T23:25:57.048+0000] {processor.py:186} INFO - Started process (PID=114) to work on /opt/airflow/dags/spark_airflow.py
[2024-12-16T23:25:57.063+0000] {processor.py:914} INFO - Processing file /opt/airflow/dags/spark_airflow.py for tasks to queue
[2024-12-16T23:25:57.104+0000] {logging_mixin.py:190} INFO - [2024-12-16T23:25:57.103+0000] {dagbag.py:588} INFO - Filling up the DagBag from /opt/airflow/dags/spark_airflow.py
[2024-12-16T23:25:57.139+0000] {processor.py:925} INFO - DAG(s) 'first_dag' retrieved from /opt/airflow/dags/spark_airflow.py
[2024-12-16T23:25:57.231+0000] {logging_mixin.py:190} INFO - [2024-12-16T23:25:57.231+0000] {dag.py:3239} INFO - Sync 1 DAGs
[2024-12-16T23:25:57.289+0000] {logging_mixin.py:190} INFO - [2024-12-16T23:25:57.289+0000] {dag.py:4180} INFO - Setting next_dagrun for first_dag to 2024-12-16T00:00:00+00:00, run_after=2024-12-17T00:00:00+00:00
[2024-12-16T23:25:57.324+0000] {processor.py:208} INFO - Processing /opt/airflow/dags/spark_airflow.py took 0.284 seconds
[2024-12-16T23:26:27.559+0000] {processor.py:186} INFO - Started process (PID=119) to work on /opt/airflow/dags/spark_airflow.py
[2024-12-16T23:26:27.561+0000] {processor.py:914} INFO - Processing file /opt/airflow/dags/spark_airflow.py for tasks to queue
[2024-12-16T23:26:27.571+0000] {logging_mixin.py:190} INFO - [2024-12-16T23:26:27.569+0000] {dagbag.py:588} INFO - Filling up the DagBag from /opt/airflow/dags/spark_airflow.py
[2024-12-16T23:26:27.699+0000] {processor.py:925} INFO - DAG(s) 'first_dag' retrieved from /opt/airflow/dags/spark_airflow.py
[2024-12-16T23:26:27.775+0000] {logging_mixin.py:190} INFO - [2024-12-16T23:26:27.775+0000] {dag.py:3239} INFO - Sync 1 DAGs
[2024-12-16T23:26:27.881+0000] {logging_mixin.py:190} INFO - [2024-12-16T23:26:27.880+0000] {dag.py:4180} INFO - Setting next_dagrun for first_dag to 2024-12-16T00:00:00+00:00, run_after=2024-12-17T00:00:00+00:00
[2024-12-16T23:26:27.947+0000] {processor.py:208} INFO - Processing /opt/airflow/dags/spark_airflow.py took 0.404 seconds
[2024-12-16T23:26:58.289+0000] {processor.py:186} INFO - Started process (PID=131) to work on /opt/airflow/dags/spark_airflow.py
[2024-12-16T23:26:58.290+0000] {processor.py:914} INFO - Processing file /opt/airflow/dags/spark_airflow.py for tasks to queue
[2024-12-16T23:26:58.293+0000] {logging_mixin.py:190} INFO - [2024-12-16T23:26:58.293+0000] {dagbag.py:588} INFO - Filling up the DagBag from /opt/airflow/dags/spark_airflow.py
[2024-12-16T23:26:58.313+0000] {processor.py:925} INFO - DAG(s) 'first_dag' retrieved from /opt/airflow/dags/spark_airflow.py
[2024-12-16T23:26:58.339+0000] {logging_mixin.py:190} INFO - [2024-12-16T23:26:58.339+0000] {dag.py:3239} INFO - Sync 1 DAGs
[2024-12-16T23:26:58.358+0000] {logging_mixin.py:190} INFO - [2024-12-16T23:26:58.357+0000] {dag.py:4180} INFO - Setting next_dagrun for first_dag to 2024-12-16T00:00:00+00:00, run_after=2024-12-17T00:00:00+00:00
[2024-12-16T23:26:58.377+0000] {processor.py:208} INFO - Processing /opt/airflow/dags/spark_airflow.py took 0.094 seconds
[2024-12-16T23:27:06.432+0000] {processor.py:186} INFO - Started process (PID=136) to work on /opt/airflow/dags/spark_airflow.py
[2024-12-16T23:27:06.432+0000] {processor.py:914} INFO - Processing file /opt/airflow/dags/spark_airflow.py for tasks to queue
[2024-12-16T23:27:06.435+0000] {logging_mixin.py:190} INFO - [2024-12-16T23:27:06.435+0000] {dagbag.py:588} INFO - Filling up the DagBag from /opt/airflow/dags/spark_airflow.py
[2024-12-16T23:27:06.461+0000] {processor.py:925} INFO - DAG(s) 'first_dag' retrieved from /opt/airflow/dags/spark_airflow.py
[2024-12-16T23:27:06.483+0000] {logging_mixin.py:190} INFO - [2024-12-16T23:27:06.483+0000] {dag.py:3239} INFO - Sync 1 DAGs
[2024-12-16T23:27:06.501+0000] {logging_mixin.py:190} INFO - [2024-12-16T23:27:06.500+0000] {dag.py:4180} INFO - Setting next_dagrun for first_dag to 2024-12-16T00:00:00+00:00, run_after=2024-12-17T00:00:00+00:00
[2024-12-16T23:27:06.533+0000] {processor.py:208} INFO - Processing /opt/airflow/dags/spark_airflow.py took 0.106 seconds
[2024-12-16T23:27:07.498+0000] {processor.py:186} INFO - Started process (PID=141) to work on /opt/airflow/dags/spark_airflow.py
[2024-12-16T23:27:07.499+0000] {processor.py:914} INFO - Processing file /opt/airflow/dags/spark_airflow.py for tasks to queue
[2024-12-16T23:27:07.503+0000] {logging_mixin.py:190} INFO - [2024-12-16T23:27:07.502+0000] {dagbag.py:588} INFO - Filling up the DagBag from /opt/airflow/dags/spark_airflow.py
[2024-12-16T23:27:07.527+0000] {processor.py:925} INFO - DAG(s) 'first_dag' retrieved from /opt/airflow/dags/spark_airflow.py
[2024-12-16T23:27:07.552+0000] {logging_mixin.py:190} INFO - [2024-12-16T23:27:07.552+0000] {dag.py:3239} INFO - Sync 1 DAGs
[2024-12-16T23:27:07.571+0000] {logging_mixin.py:190} INFO - [2024-12-16T23:27:07.571+0000] {dag.py:4180} INFO - Setting next_dagrun for first_dag to 2024-12-16T00:00:00+00:00, run_after=2024-12-17T00:00:00+00:00
[2024-12-16T23:27:07.595+0000] {processor.py:208} INFO - Processing /opt/airflow/dags/spark_airflow.py took 0.102 seconds
[2024-12-16T23:27:37.924+0000] {processor.py:186} INFO - Started process (PID=153) to work on /opt/airflow/dags/spark_airflow.py
[2024-12-16T23:27:37.926+0000] {processor.py:914} INFO - Processing file /opt/airflow/dags/spark_airflow.py for tasks to queue
[2024-12-16T23:27:37.930+0000] {logging_mixin.py:190} INFO - [2024-12-16T23:27:37.930+0000] {dagbag.py:588} INFO - Filling up the DagBag from /opt/airflow/dags/spark_airflow.py
[2024-12-16T23:27:37.958+0000] {processor.py:925} INFO - DAG(s) 'first_dag' retrieved from /opt/airflow/dags/spark_airflow.py
[2024-12-16T23:27:37.999+0000] {logging_mixin.py:190} INFO - [2024-12-16T23:27:37.999+0000] {dag.py:3239} INFO - Sync 1 DAGs
[2024-12-16T23:27:38.029+0000] {logging_mixin.py:190} INFO - [2024-12-16T23:27:38.029+0000] {dag.py:4180} INFO - Setting next_dagrun for first_dag to 2024-12-16T00:00:00+00:00, run_after=2024-12-17T00:00:00+00:00
[2024-12-16T23:27:38.048+0000] {processor.py:208} INFO - Processing /opt/airflow/dags/spark_airflow.py took 0.133 seconds
[2024-12-16T23:28:08.231+0000] {processor.py:186} INFO - Started process (PID=158) to work on /opt/airflow/dags/spark_airflow.py
[2024-12-16T23:28:08.232+0000] {processor.py:914} INFO - Processing file /opt/airflow/dags/spark_airflow.py for tasks to queue
[2024-12-16T23:28:08.235+0000] {logging_mixin.py:190} INFO - [2024-12-16T23:28:08.235+0000] {dagbag.py:588} INFO - Filling up the DagBag from /opt/airflow/dags/spark_airflow.py
[2024-12-16T23:28:08.255+0000] {processor.py:925} INFO - DAG(s) 'first_dag' retrieved from /opt/airflow/dags/spark_airflow.py
[2024-12-16T23:28:08.312+0000] {logging_mixin.py:190} INFO - [2024-12-16T23:28:08.312+0000] {dag.py:3239} INFO - Sync 1 DAGs
[2024-12-16T23:28:08.333+0000] {logging_mixin.py:190} INFO - [2024-12-16T23:28:08.332+0000] {dag.py:4180} INFO - Setting next_dagrun for first_dag to 2024-12-16T00:00:00+00:00, run_after=2024-12-17T00:00:00+00:00
[2024-12-16T23:28:08.352+0000] {processor.py:208} INFO - Processing /opt/airflow/dags/spark_airflow.py took 0.128 seconds
[2024-12-16T23:28:38.616+0000] {processor.py:186} INFO - Started process (PID=171) to work on /opt/airflow/dags/spark_airflow.py
[2024-12-16T23:28:38.616+0000] {processor.py:914} INFO - Processing file /opt/airflow/dags/spark_airflow.py for tasks to queue
[2024-12-16T23:28:38.618+0000] {logging_mixin.py:190} INFO - [2024-12-16T23:28:38.618+0000] {dagbag.py:588} INFO - Filling up the DagBag from /opt/airflow/dags/spark_airflow.py
[2024-12-16T23:28:38.635+0000] {processor.py:925} INFO - DAG(s) 'first_dag' retrieved from /opt/airflow/dags/spark_airflow.py
[2024-12-16T23:28:38.664+0000] {logging_mixin.py:190} INFO - [2024-12-16T23:28:38.664+0000] {dag.py:3239} INFO - Sync 1 DAGs
[2024-12-16T23:28:38.681+0000] {logging_mixin.py:190} INFO - [2024-12-16T23:28:38.680+0000] {dag.py:4180} INFO - Setting next_dagrun for first_dag to 2024-12-16T00:00:00+00:00, run_after=2024-12-17T00:00:00+00:00
[2024-12-16T23:28:38.702+0000] {processor.py:208} INFO - Processing /opt/airflow/dags/spark_airflow.py took 0.090 seconds
[2024-12-16T23:29:08.954+0000] {processor.py:186} INFO - Started process (PID=178) to work on /opt/airflow/dags/spark_airflow.py
[2024-12-16T23:29:08.955+0000] {processor.py:914} INFO - Processing file /opt/airflow/dags/spark_airflow.py for tasks to queue
[2024-12-16T23:29:08.957+0000] {logging_mixin.py:190} INFO - [2024-12-16T23:29:08.957+0000] {dagbag.py:588} INFO - Filling up the DagBag from /opt/airflow/dags/spark_airflow.py
[2024-12-16T23:29:08.973+0000] {processor.py:925} INFO - DAG(s) 'first_dag' retrieved from /opt/airflow/dags/spark_airflow.py
[2024-12-16T23:29:09.002+0000] {logging_mixin.py:190} INFO - [2024-12-16T23:29:09.001+0000] {dag.py:3239} INFO - Sync 1 DAGs
[2024-12-16T23:29:09.021+0000] {logging_mixin.py:190} INFO - [2024-12-16T23:29:09.021+0000] {dag.py:4180} INFO - Setting next_dagrun for first_dag to 2024-12-16T00:00:00+00:00, run_after=2024-12-17T00:00:00+00:00
[2024-12-16T23:29:09.045+0000] {processor.py:208} INFO - Processing /opt/airflow/dags/spark_airflow.py took 0.096 seconds
[2024-12-16T23:29:39.441+0000] {processor.py:186} INFO - Started process (PID=183) to work on /opt/airflow/dags/spark_airflow.py
[2024-12-16T23:29:39.442+0000] {processor.py:914} INFO - Processing file /opt/airflow/dags/spark_airflow.py for tasks to queue
[2024-12-16T23:29:39.445+0000] {logging_mixin.py:190} INFO - [2024-12-16T23:29:39.444+0000] {dagbag.py:588} INFO - Filling up the DagBag from /opt/airflow/dags/spark_airflow.py
[2024-12-16T23:29:39.466+0000] {processor.py:925} INFO - DAG(s) 'first_dag' retrieved from /opt/airflow/dags/spark_airflow.py
[2024-12-16T23:29:39.494+0000] {logging_mixin.py:190} INFO - [2024-12-16T23:29:39.493+0000] {dag.py:3239} INFO - Sync 1 DAGs
[2024-12-16T23:29:39.511+0000] {logging_mixin.py:190} INFO - [2024-12-16T23:29:39.511+0000] {dag.py:4180} INFO - Setting next_dagrun for first_dag to 2024-12-16T00:00:00+00:00, run_after=2024-12-17T00:00:00+00:00
[2024-12-16T23:29:39.528+0000] {processor.py:208} INFO - Processing /opt/airflow/dags/spark_airflow.py took 0.091 seconds
[2024-12-16T23:30:09.773+0000] {processor.py:186} INFO - Started process (PID=188) to work on /opt/airflow/dags/spark_airflow.py
[2024-12-16T23:30:09.774+0000] {processor.py:914} INFO - Processing file /opt/airflow/dags/spark_airflow.py for tasks to queue
[2024-12-16T23:30:09.777+0000] {logging_mixin.py:190} INFO - [2024-12-16T23:30:09.777+0000] {dagbag.py:588} INFO - Filling up the DagBag from /opt/airflow/dags/spark_airflow.py
[2024-12-16T23:30:09.796+0000] {processor.py:925} INFO - DAG(s) 'first_dag' retrieved from /opt/airflow/dags/spark_airflow.py
[2024-12-16T23:30:09.825+0000] {logging_mixin.py:190} INFO - [2024-12-16T23:30:09.825+0000] {dag.py:3239} INFO - Sync 1 DAGs
[2024-12-16T23:30:09.843+0000] {logging_mixin.py:190} INFO - [2024-12-16T23:30:09.843+0000] {dag.py:4180} INFO - Setting next_dagrun for first_dag to 2024-12-16T00:00:00+00:00, run_after=2024-12-17T00:00:00+00:00
[2024-12-16T23:30:09.867+0000] {processor.py:208} INFO - Processing /opt/airflow/dags/spark_airflow.py took 0.099 seconds
[2024-12-16T23:30:40.160+0000] {processor.py:186} INFO - Started process (PID=196) to work on /opt/airflow/dags/spark_airflow.py
[2024-12-16T23:30:40.161+0000] {processor.py:914} INFO - Processing file /opt/airflow/dags/spark_airflow.py for tasks to queue
[2024-12-16T23:30:40.164+0000] {logging_mixin.py:190} INFO - [2024-12-16T23:30:40.164+0000] {dagbag.py:588} INFO - Filling up the DagBag from /opt/airflow/dags/spark_airflow.py
[2024-12-16T23:30:40.185+0000] {processor.py:925} INFO - DAG(s) 'first_dag' retrieved from /opt/airflow/dags/spark_airflow.py
[2024-12-16T23:30:40.220+0000] {logging_mixin.py:190} INFO - [2024-12-16T23:30:40.220+0000] {dag.py:3239} INFO - Sync 1 DAGs
[2024-12-16T23:30:40.247+0000] {logging_mixin.py:190} INFO - [2024-12-16T23:30:40.246+0000] {dag.py:4180} INFO - Setting next_dagrun for first_dag to 2024-12-16T00:00:00+00:00, run_after=2024-12-17T00:00:00+00:00
[2024-12-16T23:30:40.273+0000] {processor.py:208} INFO - Processing /opt/airflow/dags/spark_airflow.py took 0.119 seconds
[2024-12-16T23:31:04.441+0000] {processor.py:186} INFO - Started process (PID=205) to work on /opt/airflow/dags/spark_airflow.py
[2024-12-16T23:31:04.442+0000] {processor.py:914} INFO - Processing file /opt/airflow/dags/spark_airflow.py for tasks to queue
[2024-12-16T23:31:04.446+0000] {logging_mixin.py:190} INFO - [2024-12-16T23:31:04.445+0000] {dagbag.py:588} INFO - Filling up the DagBag from /opt/airflow/dags/spark_airflow.py
[2024-12-16T23:31:04.468+0000] {processor.py:925} INFO - DAG(s) 'first_dag' retrieved from /opt/airflow/dags/spark_airflow.py
[2024-12-16T23:31:04.507+0000] {logging_mixin.py:190} INFO - [2024-12-16T23:31:04.506+0000] {dag.py:3239} INFO - Sync 1 DAGs
[2024-12-16T23:31:04.534+0000] {logging_mixin.py:190} INFO - [2024-12-16T23:31:04.534+0000] {dag.py:4180} INFO - Setting next_dagrun for first_dag to 2024-12-16T00:00:00+00:00, run_after=2024-12-17T00:00:00+00:00
[2024-12-16T23:31:04.562+0000] {processor.py:208} INFO - Processing /opt/airflow/dags/spark_airflow.py took 0.127 seconds
[2024-12-16T23:31:34.801+0000] {processor.py:186} INFO - Started process (PID=217) to work on /opt/airflow/dags/spark_airflow.py
[2024-12-16T23:31:34.802+0000] {processor.py:914} INFO - Processing file /opt/airflow/dags/spark_airflow.py for tasks to queue
[2024-12-16T23:31:34.804+0000] {logging_mixin.py:190} INFO - [2024-12-16T23:31:34.804+0000] {dagbag.py:588} INFO - Filling up the DagBag from /opt/airflow/dags/spark_airflow.py
[2024-12-16T23:31:34.819+0000] {processor.py:925} INFO - DAG(s) 'first_dag' retrieved from /opt/airflow/dags/spark_airflow.py
[2024-12-16T23:31:34.847+0000] {logging_mixin.py:190} INFO - [2024-12-16T23:31:34.846+0000] {dag.py:3239} INFO - Sync 1 DAGs
[2024-12-16T23:31:34.866+0000] {logging_mixin.py:190} INFO - [2024-12-16T23:31:34.866+0000] {dag.py:4180} INFO - Setting next_dagrun for first_dag to 2024-12-16T00:00:00+00:00, run_after=2024-12-17T00:00:00+00:00
[2024-12-16T23:31:34.886+0000] {processor.py:208} INFO - Processing /opt/airflow/dags/spark_airflow.py took 0.090 seconds
[2024-12-16T23:32:05.181+0000] {processor.py:186} INFO - Started process (PID=222) to work on /opt/airflow/dags/spark_airflow.py
[2024-12-16T23:32:05.182+0000] {processor.py:914} INFO - Processing file /opt/airflow/dags/spark_airflow.py for tasks to queue
[2024-12-16T23:32:05.184+0000] {logging_mixin.py:190} INFO - [2024-12-16T23:32:05.184+0000] {dagbag.py:588} INFO - Filling up the DagBag from /opt/airflow/dags/spark_airflow.py
[2024-12-16T23:32:05.203+0000] {processor.py:925} INFO - DAG(s) 'first_dag' retrieved from /opt/airflow/dags/spark_airflow.py
[2024-12-16T23:32:05.233+0000] {logging_mixin.py:190} INFO - [2024-12-16T23:32:05.233+0000] {dag.py:3239} INFO - Sync 1 DAGs
[2024-12-16T23:32:05.252+0000] {logging_mixin.py:190} INFO - [2024-12-16T23:32:05.252+0000] {dag.py:4180} INFO - Setting next_dagrun for first_dag to 2024-12-16T00:00:00+00:00, run_after=2024-12-17T00:00:00+00:00
[2024-12-16T23:32:05.275+0000] {processor.py:208} INFO - Processing /opt/airflow/dags/spark_airflow.py took 0.098 seconds
[2024-12-16T23:32:35.508+0000] {processor.py:186} INFO - Started process (PID=227) to work on /opt/airflow/dags/spark_airflow.py
[2024-12-16T23:32:35.509+0000] {processor.py:914} INFO - Processing file /opt/airflow/dags/spark_airflow.py for tasks to queue
[2024-12-16T23:32:35.511+0000] {logging_mixin.py:190} INFO - [2024-12-16T23:32:35.510+0000] {dagbag.py:588} INFO - Filling up the DagBag from /opt/airflow/dags/spark_airflow.py
[2024-12-16T23:32:35.530+0000] {processor.py:925} INFO - DAG(s) 'first_dag' retrieved from /opt/airflow/dags/spark_airflow.py
[2024-12-16T23:32:35.559+0000] {logging_mixin.py:190} INFO - [2024-12-16T23:32:35.559+0000] {dag.py:3239} INFO - Sync 1 DAGs
[2024-12-16T23:32:35.577+0000] {logging_mixin.py:190} INFO - [2024-12-16T23:32:35.577+0000] {dag.py:4180} INFO - Setting next_dagrun for first_dag to 2024-12-16T00:00:00+00:00, run_after=2024-12-17T00:00:00+00:00
[2024-12-16T23:32:35.594+0000] {processor.py:208} INFO - Processing /opt/airflow/dags/spark_airflow.py took 0.091 seconds
[2024-12-16T23:33:41.409+0000] {processor.py:186} INFO - Started process (PID=67) to work on /opt/airflow/dags/spark_airflow.py
[2024-12-16T23:33:41.410+0000] {processor.py:914} INFO - Processing file /opt/airflow/dags/spark_airflow.py for tasks to queue
[2024-12-16T23:33:41.412+0000] {logging_mixin.py:190} INFO - [2024-12-16T23:33:41.412+0000] {dagbag.py:588} INFO - Filling up the DagBag from /opt/airflow/dags/spark_airflow.py
[2024-12-16T23:33:41.439+0000] {processor.py:925} INFO - DAG(s) 'first_dag' retrieved from /opt/airflow/dags/spark_airflow.py
[2024-12-16T23:33:41.471+0000] {logging_mixin.py:190} INFO - [2024-12-16T23:33:41.471+0000] {dag.py:3239} INFO - Sync 1 DAGs
[2024-12-16T23:33:41.498+0000] {logging_mixin.py:190} INFO - [2024-12-16T23:33:41.498+0000] {dag.py:4180} INFO - Setting next_dagrun for first_dag to 2024-12-16T00:00:00+00:00, run_after=2024-12-17T00:00:00+00:00
[2024-12-16T23:33:41.518+0000] {processor.py:208} INFO - Processing /opt/airflow/dags/spark_airflow.py took 0.114 seconds
[2024-12-16T23:34:11.742+0000] {processor.py:186} INFO - Started process (PID=72) to work on /opt/airflow/dags/spark_airflow.py
[2024-12-16T23:34:11.743+0000] {processor.py:914} INFO - Processing file /opt/airflow/dags/spark_airflow.py for tasks to queue
[2024-12-16T23:34:11.745+0000] {logging_mixin.py:190} INFO - [2024-12-16T23:34:11.745+0000] {dagbag.py:588} INFO - Filling up the DagBag from /opt/airflow/dags/spark_airflow.py
[2024-12-16T23:34:11.776+0000] {processor.py:925} INFO - DAG(s) 'first_dag' retrieved from /opt/airflow/dags/spark_airflow.py
[2024-12-16T23:34:11.798+0000] {logging_mixin.py:190} INFO - [2024-12-16T23:34:11.798+0000] {dag.py:3239} INFO - Sync 1 DAGs
[2024-12-16T23:34:11.815+0000] {logging_mixin.py:190} INFO - [2024-12-16T23:34:11.815+0000] {dag.py:4180} INFO - Setting next_dagrun for first_dag to 2024-12-16T00:00:00+00:00, run_after=2024-12-17T00:00:00+00:00
[2024-12-16T23:34:11.838+0000] {processor.py:208} INFO - Processing /opt/airflow/dags/spark_airflow.py took 0.100 seconds
[2024-12-16T23:34:42.147+0000] {processor.py:186} INFO - Started process (PID=77) to work on /opt/airflow/dags/spark_airflow.py
[2024-12-16T23:34:42.148+0000] {processor.py:914} INFO - Processing file /opt/airflow/dags/spark_airflow.py for tasks to queue
[2024-12-16T23:34:42.150+0000] {logging_mixin.py:190} INFO - [2024-12-16T23:34:42.150+0000] {dagbag.py:588} INFO - Filling up the DagBag from /opt/airflow/dags/spark_airflow.py
[2024-12-16T23:34:42.170+0000] {processor.py:925} INFO - DAG(s) 'first_dag' retrieved from /opt/airflow/dags/spark_airflow.py
[2024-12-16T23:34:42.200+0000] {logging_mixin.py:190} INFO - [2024-12-16T23:34:42.199+0000] {dag.py:3239} INFO - Sync 1 DAGs
[2024-12-16T23:34:42.221+0000] {logging_mixin.py:190} INFO - [2024-12-16T23:34:42.220+0000] {dag.py:4180} INFO - Setting next_dagrun for first_dag to 2024-12-16T00:00:00+00:00, run_after=2024-12-17T00:00:00+00:00
[2024-12-16T23:34:42.238+0000] {processor.py:208} INFO - Processing /opt/airflow/dags/spark_airflow.py took 0.094 seconds
[2024-12-16T23:35:12.493+0000] {processor.py:186} INFO - Started process (PID=82) to work on /opt/airflow/dags/spark_airflow.py
[2024-12-16T23:35:12.494+0000] {processor.py:914} INFO - Processing file /opt/airflow/dags/spark_airflow.py for tasks to queue
[2024-12-16T23:35:12.496+0000] {logging_mixin.py:190} INFO - [2024-12-16T23:35:12.496+0000] {dagbag.py:588} INFO - Filling up the DagBag from /opt/airflow/dags/spark_airflow.py
[2024-12-16T23:35:12.510+0000] {processor.py:925} INFO - DAG(s) 'first_dag' retrieved from /opt/airflow/dags/spark_airflow.py
[2024-12-16T23:35:12.538+0000] {logging_mixin.py:190} INFO - [2024-12-16T23:35:12.538+0000] {dag.py:3239} INFO - Sync 1 DAGs
[2024-12-16T23:35:12.555+0000] {logging_mixin.py:190} INFO - [2024-12-16T23:35:12.555+0000] {dag.py:4180} INFO - Setting next_dagrun for first_dag to 2024-12-16T00:00:00+00:00, run_after=2024-12-17T00:00:00+00:00
[2024-12-16T23:35:12.573+0000] {processor.py:208} INFO - Processing /opt/airflow/dags/spark_airflow.py took 0.084 seconds
[2024-12-16T23:35:42.891+0000] {processor.py:186} INFO - Started process (PID=87) to work on /opt/airflow/dags/spark_airflow.py
[2024-12-16T23:35:42.892+0000] {processor.py:914} INFO - Processing file /opt/airflow/dags/spark_airflow.py for tasks to queue
[2024-12-16T23:35:42.894+0000] {logging_mixin.py:190} INFO - [2024-12-16T23:35:42.894+0000] {dagbag.py:588} INFO - Filling up the DagBag from /opt/airflow/dags/spark_airflow.py
[2024-12-16T23:35:42.908+0000] {processor.py:925} INFO - DAG(s) 'first_dag' retrieved from /opt/airflow/dags/spark_airflow.py
[2024-12-16T23:35:42.927+0000] {logging_mixin.py:190} INFO - [2024-12-16T23:35:42.926+0000] {dag.py:3239} INFO - Sync 1 DAGs
[2024-12-16T23:35:42.943+0000] {logging_mixin.py:190} INFO - [2024-12-16T23:35:42.943+0000] {dag.py:4180} INFO - Setting next_dagrun for first_dag to 2024-12-16T00:00:00+00:00, run_after=2024-12-17T00:00:00+00:00
[2024-12-16T23:35:42.965+0000] {processor.py:208} INFO - Processing /opt/airflow/dags/spark_airflow.py took 0.078 seconds
[2024-12-16T23:36:13.278+0000] {processor.py:186} INFO - Started process (PID=92) to work on /opt/airflow/dags/spark_airflow.py
[2024-12-16T23:36:13.279+0000] {processor.py:914} INFO - Processing file /opt/airflow/dags/spark_airflow.py for tasks to queue
[2024-12-16T23:36:13.281+0000] {logging_mixin.py:190} INFO - [2024-12-16T23:36:13.281+0000] {dagbag.py:588} INFO - Filling up the DagBag from /opt/airflow/dags/spark_airflow.py
[2024-12-16T23:36:13.296+0000] {processor.py:925} INFO - DAG(s) 'first_dag' retrieved from /opt/airflow/dags/spark_airflow.py
[2024-12-16T23:36:13.327+0000] {logging_mixin.py:190} INFO - [2024-12-16T23:36:13.327+0000] {dag.py:3239} INFO - Sync 1 DAGs
[2024-12-16T23:36:13.349+0000] {logging_mixin.py:190} INFO - [2024-12-16T23:36:13.349+0000] {dag.py:4180} INFO - Setting next_dagrun for first_dag to 2024-12-16T00:00:00+00:00, run_after=2024-12-17T00:00:00+00:00
[2024-12-16T23:36:13.367+0000] {processor.py:208} INFO - Processing /opt/airflow/dags/spark_airflow.py took 0.092 seconds
[2024-12-16T23:36:43.610+0000] {processor.py:186} INFO - Started process (PID=97) to work on /opt/airflow/dags/spark_airflow.py
[2024-12-16T23:36:43.611+0000] {processor.py:914} INFO - Processing file /opt/airflow/dags/spark_airflow.py for tasks to queue
[2024-12-16T23:36:43.613+0000] {logging_mixin.py:190} INFO - [2024-12-16T23:36:43.613+0000] {dagbag.py:588} INFO - Filling up the DagBag from /opt/airflow/dags/spark_airflow.py
[2024-12-16T23:36:43.630+0000] {processor.py:925} INFO - DAG(s) 'first_dag' retrieved from /opt/airflow/dags/spark_airflow.py
[2024-12-16T23:36:43.653+0000] {logging_mixin.py:190} INFO - [2024-12-16T23:36:43.653+0000] {dag.py:3239} INFO - Sync 1 DAGs
[2024-12-16T23:36:43.674+0000] {logging_mixin.py:190} INFO - [2024-12-16T23:36:43.674+0000] {dag.py:4180} INFO - Setting next_dagrun for first_dag to 2024-12-16T00:00:00+00:00, run_after=2024-12-17T00:00:00+00:00
[2024-12-16T23:36:43.697+0000] {processor.py:208} INFO - Processing /opt/airflow/dags/spark_airflow.py took 0.091 seconds
[2024-12-16T23:37:13.970+0000] {processor.py:186} INFO - Started process (PID=109) to work on /opt/airflow/dags/spark_airflow.py
[2024-12-16T23:37:13.971+0000] {processor.py:914} INFO - Processing file /opt/airflow/dags/spark_airflow.py for tasks to queue
[2024-12-16T23:37:13.973+0000] {logging_mixin.py:190} INFO - [2024-12-16T23:37:13.973+0000] {dagbag.py:588} INFO - Filling up the DagBag from /opt/airflow/dags/spark_airflow.py
[2024-12-16T23:37:13.987+0000] {processor.py:925} INFO - DAG(s) 'first_dag' retrieved from /opt/airflow/dags/spark_airflow.py
[2024-12-16T23:37:14.005+0000] {logging_mixin.py:190} INFO - [2024-12-16T23:37:14.005+0000] {dag.py:3239} INFO - Sync 1 DAGs
[2024-12-16T23:37:14.021+0000] {logging_mixin.py:190} INFO - [2024-12-16T23:37:14.021+0000] {dag.py:4180} INFO - Setting next_dagrun for first_dag to 2024-12-16T00:00:00+00:00, run_after=2024-12-17T00:00:00+00:00
[2024-12-16T23:37:14.045+0000] {processor.py:208} INFO - Processing /opt/airflow/dags/spark_airflow.py took 0.079 seconds
[2024-12-16T23:37:44.297+0000] {processor.py:186} INFO - Started process (PID=114) to work on /opt/airflow/dags/spark_airflow.py
[2024-12-16T23:37:44.298+0000] {processor.py:914} INFO - Processing file /opt/airflow/dags/spark_airflow.py for tasks to queue
[2024-12-16T23:37:44.300+0000] {logging_mixin.py:190} INFO - [2024-12-16T23:37:44.300+0000] {dagbag.py:588} INFO - Filling up the DagBag from /opt/airflow/dags/spark_airflow.py
[2024-12-16T23:37:44.317+0000] {processor.py:925} INFO - DAG(s) 'first_dag' retrieved from /opt/airflow/dags/spark_airflow.py
[2024-12-16T23:37:44.336+0000] {logging_mixin.py:190} INFO - [2024-12-16T23:37:44.336+0000] {dag.py:3239} INFO - Sync 1 DAGs
[2024-12-16T23:37:44.353+0000] {logging_mixin.py:190} INFO - [2024-12-16T23:37:44.353+0000] {dag.py:4180} INFO - Setting next_dagrun for first_dag to 2024-12-16T00:00:00+00:00, run_after=2024-12-17T00:00:00+00:00
[2024-12-16T23:37:44.377+0000] {processor.py:208} INFO - Processing /opt/airflow/dags/spark_airflow.py took 0.087 seconds
[2024-12-16T23:38:14.604+0000] {processor.py:186} INFO - Started process (PID=122) to work on /opt/airflow/dags/spark_airflow.py
[2024-12-16T23:38:14.605+0000] {processor.py:914} INFO - Processing file /opt/airflow/dags/spark_airflow.py for tasks to queue
[2024-12-16T23:38:14.607+0000] {logging_mixin.py:190} INFO - [2024-12-16T23:38:14.606+0000] {dagbag.py:588} INFO - Filling up the DagBag from /opt/airflow/dags/spark_airflow.py
[2024-12-16T23:38:14.621+0000] {processor.py:925} INFO - DAG(s) 'first_dag' retrieved from /opt/airflow/dags/spark_airflow.py
[2024-12-16T23:38:14.642+0000] {logging_mixin.py:190} INFO - [2024-12-16T23:38:14.642+0000] {dag.py:3239} INFO - Sync 1 DAGs
[2024-12-16T23:38:14.661+0000] {logging_mixin.py:190} INFO - [2024-12-16T23:38:14.661+0000] {dag.py:4180} INFO - Setting next_dagrun for first_dag to 2024-12-16T00:00:00+00:00, run_after=2024-12-17T00:00:00+00:00
[2024-12-16T23:38:14.681+0000] {processor.py:208} INFO - Processing /opt/airflow/dags/spark_airflow.py took 0.082 seconds
[2024-12-16T23:38:44.941+0000] {processor.py:186} INFO - Started process (PID=131) to work on /opt/airflow/dags/spark_airflow.py
[2024-12-16T23:38:44.942+0000] {processor.py:914} INFO - Processing file /opt/airflow/dags/spark_airflow.py for tasks to queue
[2024-12-16T23:38:44.944+0000] {logging_mixin.py:190} INFO - [2024-12-16T23:38:44.943+0000] {dagbag.py:588} INFO - Filling up the DagBag from /opt/airflow/dags/spark_airflow.py
[2024-12-16T23:38:44.957+0000] {processor.py:925} INFO - DAG(s) 'first_dag' retrieved from /opt/airflow/dags/spark_airflow.py
[2024-12-16T23:38:45.042+0000] {logging_mixin.py:190} INFO - [2024-12-16T23:38:45.042+0000] {dag.py:3239} INFO - Sync 1 DAGs
[2024-12-16T23:38:45.052+0000] {logging_mixin.py:190} INFO - [2024-12-16T23:38:45.052+0000] {dag.py:3262} INFO - Creating ORM DAG for first_dag
[2024-12-16T23:38:45.059+0000] {logging_mixin.py:190} INFO - [2024-12-16T23:38:45.059+0000] {dag.py:4180} INFO - Setting next_dagrun for first_dag to 2024-12-15T00:00:00+00:00, run_after=2024-12-16T00:00:00+00:00
[2024-12-16T23:38:45.082+0000] {processor.py:208} INFO - Processing /opt/airflow/dags/spark_airflow.py took 0.145 seconds
[2024-12-16T23:38:46.999+0000] {processor.py:186} INFO - Started process (PID=136) to work on /opt/airflow/dags/spark_airflow.py
[2024-12-16T23:38:47.000+0000] {processor.py:914} INFO - Processing file /opt/airflow/dags/spark_airflow.py for tasks to queue
[2024-12-16T23:38:47.002+0000] {logging_mixin.py:190} INFO - [2024-12-16T23:38:47.002+0000] {dagbag.py:588} INFO - Filling up the DagBag from /opt/airflow/dags/spark_airflow.py
[2024-12-16T23:38:47.023+0000] {processor.py:925} INFO - DAG(s) 'spark_dag' retrieved from /opt/airflow/dags/spark_airflow.py
[2024-12-16T23:38:47.112+0000] {logging_mixin.py:190} INFO - [2024-12-16T23:38:47.111+0000] {override.py:1911} INFO - Created Permission View: can edit on DAG:spark_dag
[2024-12-16T23:38:47.121+0000] {logging_mixin.py:190} INFO - [2024-12-16T23:38:47.121+0000] {override.py:1911} INFO - Created Permission View: can delete on DAG:spark_dag
[2024-12-16T23:38:47.129+0000] {logging_mixin.py:190} INFO - [2024-12-16T23:38:47.128+0000] {override.py:1911} INFO - Created Permission View: can read on DAG:spark_dag
[2024-12-16T23:38:47.137+0000] {logging_mixin.py:190} INFO - [2024-12-16T23:38:47.136+0000] {override.py:1911} INFO - Created Permission View: can create on DAG Run:spark_dag
[2024-12-16T23:38:47.142+0000] {logging_mixin.py:190} INFO - [2024-12-16T23:38:47.142+0000] {override.py:1911} INFO - Created Permission View: can delete on DAG Run:spark_dag
[2024-12-16T23:38:47.148+0000] {logging_mixin.py:190} INFO - [2024-12-16T23:38:47.148+0000] {override.py:1911} INFO - Created Permission View: can read on DAG Run:spark_dag
[2024-12-16T23:38:47.154+0000] {logging_mixin.py:190} INFO - [2024-12-16T23:38:47.154+0000] {override.py:1911} INFO - Created Permission View: menu access on DAG Run:spark_dag
[2024-12-16T23:38:47.154+0000] {logging_mixin.py:190} INFO - [2024-12-16T23:38:47.154+0000] {dag.py:3239} INFO - Sync 1 DAGs
[2024-12-16T23:38:47.165+0000] {logging_mixin.py:190} INFO - [2024-12-16T23:38:47.164+0000] {dag.py:3262} INFO - Creating ORM DAG for spark_dag
[2024-12-16T23:38:47.172+0000] {logging_mixin.py:190} INFO - [2024-12-16T23:38:47.172+0000] {dag.py:4180} INFO - Setting next_dagrun for spark_dag to 2024-12-15T00:00:00+00:00, run_after=2024-12-16T00:00:00+00:00
[2024-12-16T23:38:47.191+0000] {processor.py:208} INFO - Processing /opt/airflow/dags/spark_airflow.py took 0.197 seconds
[2024-12-16T23:38:48.140+0000] {processor.py:186} INFO - Started process (PID=141) to work on /opt/airflow/dags/spark_airflow.py
[2024-12-16T23:38:48.141+0000] {processor.py:914} INFO - Processing file /opt/airflow/dags/spark_airflow.py for tasks to queue
[2024-12-16T23:38:48.143+0000] {logging_mixin.py:190} INFO - [2024-12-16T23:38:48.143+0000] {dagbag.py:588} INFO - Filling up the DagBag from /opt/airflow/dags/spark_airflow.py
[2024-12-16T23:38:48.163+0000] {processor.py:925} INFO - DAG(s) 'spark_dag' retrieved from /opt/airflow/dags/spark_airflow.py
[2024-12-16T23:38:48.174+0000] {logging_mixin.py:190} INFO - [2024-12-16T23:38:48.174+0000] {dag.py:3239} INFO - Sync 1 DAGs
[2024-12-16T23:38:48.190+0000] {logging_mixin.py:190} INFO - [2024-12-16T23:38:48.190+0000] {dag.py:4180} INFO - Setting next_dagrun for spark_dag to 2024-12-15T00:00:00+00:00, run_after=2024-12-16T00:00:00+00:00
[2024-12-16T23:38:48.217+0000] {processor.py:208} INFO - Processing /opt/airflow/dags/spark_airflow.py took 0.081 seconds
[2024-12-16T23:38:49.244+0000] {processor.py:186} INFO - Started process (PID=146) to work on /opt/airflow/dags/spark_airflow.py
[2024-12-16T23:38:49.245+0000] {processor.py:914} INFO - Processing file /opt/airflow/dags/spark_airflow.py for tasks to queue
[2024-12-16T23:38:49.247+0000] {logging_mixin.py:190} INFO - [2024-12-16T23:38:49.247+0000] {dagbag.py:588} INFO - Filling up the DagBag from /opt/airflow/dags/spark_airflow.py
[2024-12-16T23:38:49.259+0000] {processor.py:925} INFO - DAG(s) 'spark_dag' retrieved from /opt/airflow/dags/spark_airflow.py
[2024-12-16T23:38:49.268+0000] {logging_mixin.py:190} INFO - [2024-12-16T23:38:49.268+0000] {dag.py:3239} INFO - Sync 1 DAGs
[2024-12-16T23:38:49.285+0000] {logging_mixin.py:190} INFO - [2024-12-16T23:38:49.285+0000] {dag.py:4180} INFO - Setting next_dagrun for spark_dag to 2024-12-15T00:00:00+00:00, run_after=2024-12-16T00:00:00+00:00
[2024-12-16T23:38:49.312+0000] {processor.py:208} INFO - Processing /opt/airflow/dags/spark_airflow.py took 0.072 seconds
[2024-12-16T23:39:19.567+0000] {processor.py:186} INFO - Started process (PID=151) to work on /opt/airflow/dags/spark_airflow.py
[2024-12-16T23:39:19.568+0000] {processor.py:914} INFO - Processing file /opt/airflow/dags/spark_airflow.py for tasks to queue
[2024-12-16T23:39:19.571+0000] {logging_mixin.py:190} INFO - [2024-12-16T23:39:19.571+0000] {dagbag.py:588} INFO - Filling up the DagBag from /opt/airflow/dags/spark_airflow.py
[2024-12-16T23:39:19.588+0000] {processor.py:925} INFO - DAG(s) 'spark_dag' retrieved from /opt/airflow/dags/spark_airflow.py
[2024-12-16T23:39:19.615+0000] {logging_mixin.py:190} INFO - [2024-12-16T23:39:19.614+0000] {dag.py:3239} INFO - Sync 1 DAGs
[2024-12-16T23:39:19.631+0000] {logging_mixin.py:190} INFO - [2024-12-16T23:39:19.631+0000] {dag.py:4180} INFO - Setting next_dagrun for spark_dag to 2024-12-15T00:00:00+00:00, run_after=2024-12-16T00:00:00+00:00
[2024-12-16T23:39:19.653+0000] {processor.py:208} INFO - Processing /opt/airflow/dags/spark_airflow.py took 0.090 seconds
[2024-12-16T23:39:49.898+0000] {processor.py:186} INFO - Started process (PID=170) to work on /opt/airflow/dags/spark_airflow.py
[2024-12-16T23:39:49.899+0000] {processor.py:914} INFO - Processing file /opt/airflow/dags/spark_airflow.py for tasks to queue
[2024-12-16T23:39:49.901+0000] {logging_mixin.py:190} INFO - [2024-12-16T23:39:49.901+0000] {dagbag.py:588} INFO - Filling up the DagBag from /opt/airflow/dags/spark_airflow.py
[2024-12-16T23:39:49.917+0000] {processor.py:925} INFO - DAG(s) 'spark_dag' retrieved from /opt/airflow/dags/spark_airflow.py
[2024-12-16T23:39:49.943+0000] {logging_mixin.py:190} INFO - [2024-12-16T23:39:49.942+0000] {dag.py:3239} INFO - Sync 1 DAGs
[2024-12-16T23:39:49.959+0000] {logging_mixin.py:190} INFO - [2024-12-16T23:39:49.958+0000] {dag.py:4180} INFO - Setting next_dagrun for spark_dag to 2024-12-16T00:00:00+00:00, run_after=2024-12-17T00:00:00+00:00
[2024-12-16T23:39:49.982+0000] {processor.py:208} INFO - Processing /opt/airflow/dags/spark_airflow.py took 0.089 seconds
[2024-12-16T23:40:20.290+0000] {processor.py:186} INFO - Started process (PID=175) to work on /opt/airflow/dags/spark_airflow.py
[2024-12-16T23:40:20.291+0000] {processor.py:914} INFO - Processing file /opt/airflow/dags/spark_airflow.py for tasks to queue
[2024-12-16T23:40:20.294+0000] {logging_mixin.py:190} INFO - [2024-12-16T23:40:20.294+0000] {dagbag.py:588} INFO - Filling up the DagBag from /opt/airflow/dags/spark_airflow.py
[2024-12-16T23:40:20.324+0000] {processor.py:925} INFO - DAG(s) 'spark_dag' retrieved from /opt/airflow/dags/spark_airflow.py
[2024-12-16T23:40:20.360+0000] {logging_mixin.py:190} INFO - [2024-12-16T23:40:20.360+0000] {dag.py:3239} INFO - Sync 1 DAGs
[2024-12-16T23:40:20.387+0000] {logging_mixin.py:190} INFO - [2024-12-16T23:40:20.387+0000] {dag.py:4180} INFO - Setting next_dagrun for spark_dag to 2024-12-16T00:00:00+00:00, run_after=2024-12-17T00:00:00+00:00
[2024-12-16T23:40:20.409+0000] {processor.py:208} INFO - Processing /opt/airflow/dags/spark_airflow.py took 0.124 seconds
[2024-12-16T23:40:50.572+0000] {processor.py:186} INFO - Started process (PID=180) to work on /opt/airflow/dags/spark_airflow.py
[2024-12-16T23:40:50.573+0000] {processor.py:914} INFO - Processing file /opt/airflow/dags/spark_airflow.py for tasks to queue
[2024-12-16T23:40:50.574+0000] {logging_mixin.py:190} INFO - [2024-12-16T23:40:50.574+0000] {dagbag.py:588} INFO - Filling up the DagBag from /opt/airflow/dags/spark_airflow.py
[2024-12-16T23:40:50.589+0000] {processor.py:925} INFO - DAG(s) 'spark_dag' retrieved from /opt/airflow/dags/spark_airflow.py
[2024-12-16T23:40:50.615+0000] {logging_mixin.py:190} INFO - [2024-12-16T23:40:50.615+0000] {dag.py:3239} INFO - Sync 1 DAGs
[2024-12-16T23:40:50.633+0000] {logging_mixin.py:190} INFO - [2024-12-16T23:40:50.633+0000] {dag.py:4180} INFO - Setting next_dagrun for spark_dag to 2024-12-16T00:00:00+00:00, run_after=2024-12-17T00:00:00+00:00
[2024-12-16T23:40:50.656+0000] {processor.py:208} INFO - Processing /opt/airflow/dags/spark_airflow.py took 0.088 seconds
[2024-12-16T23:41:07.920+0000] {processor.py:186} INFO - Started process (PID=185) to work on /opt/airflow/dags/spark_airflow.py
[2024-12-16T23:41:07.921+0000] {processor.py:914} INFO - Processing file /opt/airflow/dags/spark_airflow.py for tasks to queue
[2024-12-16T23:41:07.922+0000] {logging_mixin.py:190} INFO - [2024-12-16T23:41:07.922+0000] {dagbag.py:588} INFO - Filling up the DagBag from /opt/airflow/dags/spark_airflow.py
[2024-12-16T23:41:07.939+0000] {logging_mixin.py:190} INFO - [2024-12-16T23:41:07.931+0000] {dagbag.py:387} ERROR - Failed to import: /opt/airflow/dags/spark_airflow.py
Traceback (most recent call last):
  File "/home/airflow/.local/lib/python3.11/site-packages/airflow/models/dagbag.py", line 383, in parse
    loader.exec_module(new_module)
  File "<frozen importlib._bootstrap_external>", line 936, in exec_module
  File "<frozen importlib._bootstrap_external>", line 1074, in get_code
  File "<frozen importlib._bootstrap_external>", line 1004, in source_to_code
  File "<frozen importlib._bootstrap>", line 241, in _call_with_frames_removed
  File "/opt/airflow/dags/spark_airflow.py", line 6
    os.environ['SPARK_HOME'] = '/opt/bitnami/spark' os.environ['PATH'] = '/opt/bitnami/spark/bin:/opt/bitnami/spark/sbin:' + os.environ['PATH']
                                                    ^^
SyntaxError: invalid syntax
[2024-12-16T23:41:07.939+0000] {processor.py:927} WARNING - No viable dags retrieved from /opt/airflow/dags/spark_airflow.py
[2024-12-16T23:41:07.955+0000] {processor.py:208} INFO - Processing /opt/airflow/dags/spark_airflow.py took 0.040 seconds
[2024-12-16T23:41:09.955+0000] {processor.py:186} INFO - Started process (PID=190) to work on /opt/airflow/dags/spark_airflow.py
[2024-12-16T23:41:09.956+0000] {processor.py:914} INFO - Processing file /opt/airflow/dags/spark_airflow.py for tasks to queue
[2024-12-16T23:41:09.957+0000] {logging_mixin.py:190} INFO - [2024-12-16T23:41:09.956+0000] {dagbag.py:588} INFO - Filling up the DagBag from /opt/airflow/dags/spark_airflow.py
[2024-12-16T23:41:09.974+0000] {logging_mixin.py:190} INFO - [2024-12-16T23:41:09.971+0000] {dagbag.py:387} ERROR - Failed to import: /opt/airflow/dags/spark_airflow.py
Traceback (most recent call last):
  File "/home/airflow/.local/lib/python3.11/site-packages/airflow/models/dagbag.py", line 383, in parse
    loader.exec_module(new_module)
  File "<frozen importlib._bootstrap_external>", line 940, in exec_module
  File "<frozen importlib._bootstrap>", line 241, in _call_with_frames_removed
  File "/opt/airflow/dags/spark_airflow.py", line 6, in <module>
    os.environ['SPARK_HOME'] = '/opt/bitnami/spark'
    ^^
NameError: name 'os' is not defined
[2024-12-16T23:41:09.975+0000] {processor.py:927} WARNING - No viable dags retrieved from /opt/airflow/dags/spark_airflow.py
[2024-12-16T23:41:09.997+0000] {processor.py:208} INFO - Processing /opt/airflow/dags/spark_airflow.py took 0.047 seconds
[2024-12-16T23:41:13.033+0000] {processor.py:186} INFO - Started process (PID=195) to work on /opt/airflow/dags/spark_airflow.py
[2024-12-16T23:41:13.034+0000] {processor.py:914} INFO - Processing file /opt/airflow/dags/spark_airflow.py for tasks to queue
[2024-12-16T23:41:13.034+0000] {logging_mixin.py:190} INFO - [2024-12-16T23:41:13.034+0000] {dagbag.py:588} INFO - Filling up the DagBag from /opt/airflow/dags/spark_airflow.py
[2024-12-16T23:41:13.057+0000] {logging_mixin.py:190} INFO - [2024-12-16T23:41:13.052+0000] {dagbag.py:387} ERROR - Failed to import: /opt/airflow/dags/spark_airflow.py
Traceback (most recent call last):
  File "/home/airflow/.local/lib/python3.11/site-packages/airflow/models/dagbag.py", line 383, in parse
    loader.exec_module(new_module)
  File "<frozen importlib._bootstrap_external>", line 940, in exec_module
  File "<frozen importlib._bootstrap>", line 241, in _call_with_frames_removed
  File "/opt/airflow/dags/spark_airflow.py", line 5, in <module>
    impo
NameError: name 'impo' is not defined
[2024-12-16T23:41:13.059+0000] {processor.py:927} WARNING - No viable dags retrieved from /opt/airflow/dags/spark_airflow.py
[2024-12-16T23:41:13.082+0000] {processor.py:208} INFO - Processing /opt/airflow/dags/spark_airflow.py took 0.053 seconds
[2024-12-16T23:41:16.087+0000] {processor.py:186} INFO - Started process (PID=200) to work on /opt/airflow/dags/spark_airflow.py
[2024-12-16T23:41:16.088+0000] {processor.py:914} INFO - Processing file /opt/airflow/dags/spark_airflow.py for tasks to queue
[2024-12-16T23:41:16.089+0000] {logging_mixin.py:190} INFO - [2024-12-16T23:41:16.088+0000] {dagbag.py:588} INFO - Filling up the DagBag from /opt/airflow/dags/spark_airflow.py
[2024-12-16T23:41:16.112+0000] {processor.py:925} INFO - DAG(s) 'spark_dag' retrieved from /opt/airflow/dags/spark_airflow.py
[2024-12-16T23:41:16.139+0000] {logging_mixin.py:190} INFO - [2024-12-16T23:41:16.139+0000] {dag.py:3239} INFO - Sync 1 DAGs
[2024-12-16T23:41:16.159+0000] {logging_mixin.py:190} INFO - [2024-12-16T23:41:16.159+0000] {dag.py:4180} INFO - Setting next_dagrun for spark_dag to 2024-12-16T00:00:00+00:00, run_after=2024-12-17T00:00:00+00:00
[2024-12-16T23:41:16.188+0000] {processor.py:208} INFO - Processing /opt/airflow/dags/spark_airflow.py took 0.106 seconds
[2024-12-16T23:41:19.174+0000] {processor.py:186} INFO - Started process (PID=205) to work on /opt/airflow/dags/spark_airflow.py
[2024-12-16T23:41:19.175+0000] {processor.py:914} INFO - Processing file /opt/airflow/dags/spark_airflow.py for tasks to queue
[2024-12-16T23:41:19.176+0000] {logging_mixin.py:190} INFO - [2024-12-16T23:41:19.176+0000] {dagbag.py:588} INFO - Filling up the DagBag from /opt/airflow/dags/spark_airflow.py
[2024-12-16T23:41:19.204+0000] {processor.py:925} INFO - DAG(s) 'spark_dag' retrieved from /opt/airflow/dags/spark_airflow.py
[2024-12-16T23:41:19.236+0000] {logging_mixin.py:190} INFO - [2024-12-16T23:41:19.235+0000] {dag.py:3239} INFO - Sync 1 DAGs
[2024-12-16T23:41:19.255+0000] {logging_mixin.py:190} INFO - [2024-12-16T23:41:19.255+0000] {dag.py:4180} INFO - Setting next_dagrun for spark_dag to 2024-12-16T00:00:00+00:00, run_after=2024-12-17T00:00:00+00:00
[2024-12-16T23:41:19.290+0000] {processor.py:208} INFO - Processing /opt/airflow/dags/spark_airflow.py took 0.121 seconds
[2024-12-16T23:41:49.521+0000] {processor.py:186} INFO - Started process (PID=217) to work on /opt/airflow/dags/spark_airflow.py
[2024-12-16T23:41:49.522+0000] {processor.py:914} INFO - Processing file /opt/airflow/dags/spark_airflow.py for tasks to queue
[2024-12-16T23:41:49.523+0000] {logging_mixin.py:190} INFO - [2024-12-16T23:41:49.523+0000] {dagbag.py:588} INFO - Filling up the DagBag from /opt/airflow/dags/spark_airflow.py
[2024-12-16T23:41:49.538+0000] {processor.py:925} INFO - DAG(s) 'spark_dag' retrieved from /opt/airflow/dags/spark_airflow.py
[2024-12-16T23:41:49.564+0000] {logging_mixin.py:190} INFO - [2024-12-16T23:41:49.564+0000] {dag.py:3239} INFO - Sync 1 DAGs
[2024-12-16T23:41:49.584+0000] {logging_mixin.py:190} INFO - [2024-12-16T23:41:49.584+0000] {dag.py:4180} INFO - Setting next_dagrun for spark_dag to 2024-12-16T00:00:00+00:00, run_after=2024-12-17T00:00:00+00:00
[2024-12-16T23:41:49.607+0000] {processor.py:208} INFO - Processing /opt/airflow/dags/spark_airflow.py took 0.092 seconds
[2024-12-16T23:42:19.817+0000] {processor.py:186} INFO - Started process (PID=222) to work on /opt/airflow/dags/spark_airflow.py
[2024-12-16T23:42:19.817+0000] {processor.py:914} INFO - Processing file /opt/airflow/dags/spark_airflow.py for tasks to queue
[2024-12-16T23:42:19.819+0000] {logging_mixin.py:190} INFO - [2024-12-16T23:42:19.819+0000] {dagbag.py:588} INFO - Filling up the DagBag from /opt/airflow/dags/spark_airflow.py
[2024-12-16T23:42:19.833+0000] {processor.py:925} INFO - DAG(s) 'spark_dag' retrieved from /opt/airflow/dags/spark_airflow.py
[2024-12-16T23:42:19.861+0000] {logging_mixin.py:190} INFO - [2024-12-16T23:42:19.860+0000] {dag.py:3239} INFO - Sync 1 DAGs
[2024-12-16T23:42:19.878+0000] {logging_mixin.py:190} INFO - [2024-12-16T23:42:19.878+0000] {dag.py:4180} INFO - Setting next_dagrun for spark_dag to 2024-12-16T00:00:00+00:00, run_after=2024-12-17T00:00:00+00:00
[2024-12-16T23:42:19.901+0000] {processor.py:208} INFO - Processing /opt/airflow/dags/spark_airflow.py took 0.090 seconds
[2024-12-16T23:42:50.234+0000] {processor.py:186} INFO - Started process (PID=227) to work on /opt/airflow/dags/spark_airflow.py
[2024-12-16T23:42:50.234+0000] {processor.py:914} INFO - Processing file /opt/airflow/dags/spark_airflow.py for tasks to queue
[2024-12-16T23:42:50.235+0000] {logging_mixin.py:190} INFO - [2024-12-16T23:42:50.235+0000] {dagbag.py:588} INFO - Filling up the DagBag from /opt/airflow/dags/spark_airflow.py
[2024-12-16T23:42:50.249+0000] {processor.py:925} INFO - DAG(s) 'spark_dag' retrieved from /opt/airflow/dags/spark_airflow.py
[2024-12-16T23:42:50.273+0000] {logging_mixin.py:190} INFO - [2024-12-16T23:42:50.273+0000] {dag.py:3239} INFO - Sync 1 DAGs
[2024-12-16T23:42:50.289+0000] {logging_mixin.py:190} INFO - [2024-12-16T23:42:50.289+0000] {dag.py:4180} INFO - Setting next_dagrun for spark_dag to 2024-12-16T00:00:00+00:00, run_after=2024-12-17T00:00:00+00:00
[2024-12-16T23:42:50.314+0000] {processor.py:208} INFO - Processing /opt/airflow/dags/spark_airflow.py took 0.084 seconds
[2024-12-16T23:43:20.566+0000] {processor.py:186} INFO - Started process (PID=232) to work on /opt/airflow/dags/spark_airflow.py
[2024-12-16T23:43:20.567+0000] {processor.py:914} INFO - Processing file /opt/airflow/dags/spark_airflow.py for tasks to queue
[2024-12-16T23:43:20.568+0000] {logging_mixin.py:190} INFO - [2024-12-16T23:43:20.567+0000] {dagbag.py:588} INFO - Filling up the DagBag from /opt/airflow/dags/spark_airflow.py
[2024-12-16T23:43:20.585+0000] {processor.py:925} INFO - DAG(s) 'spark_dag' retrieved from /opt/airflow/dags/spark_airflow.py
[2024-12-16T23:43:20.613+0000] {logging_mixin.py:190} INFO - [2024-12-16T23:43:20.612+0000] {dag.py:3239} INFO - Sync 1 DAGs
[2024-12-16T23:43:20.633+0000] {logging_mixin.py:190} INFO - [2024-12-16T23:43:20.633+0000] {dag.py:4180} INFO - Setting next_dagrun for spark_dag to 2024-12-16T00:00:00+00:00, run_after=2024-12-17T00:00:00+00:00
[2024-12-16T23:43:20.657+0000] {processor.py:208} INFO - Processing /opt/airflow/dags/spark_airflow.py took 0.095 seconds
[2024-12-16T23:43:50.942+0000] {processor.py:186} INFO - Started process (PID=237) to work on /opt/airflow/dags/spark_airflow.py
[2024-12-16T23:43:50.943+0000] {processor.py:914} INFO - Processing file /opt/airflow/dags/spark_airflow.py for tasks to queue
[2024-12-16T23:43:50.944+0000] {logging_mixin.py:190} INFO - [2024-12-16T23:43:50.944+0000] {dagbag.py:588} INFO - Filling up the DagBag from /opt/airflow/dags/spark_airflow.py
[2024-12-16T23:43:50.961+0000] {processor.py:925} INFO - DAG(s) 'spark_dag' retrieved from /opt/airflow/dags/spark_airflow.py
[2024-12-16T23:43:50.992+0000] {logging_mixin.py:190} INFO - [2024-12-16T23:43:50.992+0000] {dag.py:3239} INFO - Sync 1 DAGs
[2024-12-16T23:43:51.015+0000] {logging_mixin.py:190} INFO - [2024-12-16T23:43:51.014+0000] {dag.py:4180} INFO - Setting next_dagrun for spark_dag to 2024-12-16T00:00:00+00:00, run_after=2024-12-17T00:00:00+00:00
[2024-12-16T23:43:51.053+0000] {processor.py:208} INFO - Processing /opt/airflow/dags/spark_airflow.py took 0.119 seconds
[2024-12-16T23:44:21.316+0000] {processor.py:186} INFO - Started process (PID=242) to work on /opt/airflow/dags/spark_airflow.py
[2024-12-16T23:44:21.317+0000] {processor.py:914} INFO - Processing file /opt/airflow/dags/spark_airflow.py for tasks to queue
[2024-12-16T23:44:21.317+0000] {logging_mixin.py:190} INFO - [2024-12-16T23:44:21.317+0000] {dagbag.py:588} INFO - Filling up the DagBag from /opt/airflow/dags/spark_airflow.py
[2024-12-16T23:44:21.332+0000] {processor.py:925} INFO - DAG(s) 'spark_dag' retrieved from /opt/airflow/dags/spark_airflow.py
[2024-12-16T23:44:21.359+0000] {logging_mixin.py:190} INFO - [2024-12-16T23:44:21.359+0000] {dag.py:3239} INFO - Sync 1 DAGs
[2024-12-16T23:44:21.378+0000] {logging_mixin.py:190} INFO - [2024-12-16T23:44:21.378+0000] {dag.py:4180} INFO - Setting next_dagrun for spark_dag to 2024-12-16T00:00:00+00:00, run_after=2024-12-17T00:00:00+00:00
[2024-12-16T23:44:21.403+0000] {processor.py:208} INFO - Processing /opt/airflow/dags/spark_airflow.py took 0.092 seconds
[2024-12-16T23:44:51.717+0000] {processor.py:186} INFO - Started process (PID=247) to work on /opt/airflow/dags/spark_airflow.py
[2024-12-16T23:44:51.718+0000] {processor.py:914} INFO - Processing file /opt/airflow/dags/spark_airflow.py for tasks to queue
[2024-12-16T23:44:51.719+0000] {logging_mixin.py:190} INFO - [2024-12-16T23:44:51.718+0000] {dagbag.py:588} INFO - Filling up the DagBag from /opt/airflow/dags/spark_airflow.py
[2024-12-16T23:44:51.736+0000] {processor.py:925} INFO - DAG(s) 'spark_dag' retrieved from /opt/airflow/dags/spark_airflow.py
[2024-12-16T23:44:51.757+0000] {logging_mixin.py:190} INFO - [2024-12-16T23:44:51.757+0000] {dag.py:3239} INFO - Sync 1 DAGs
[2024-12-16T23:44:51.773+0000] {logging_mixin.py:190} INFO - [2024-12-16T23:44:51.773+0000] {dag.py:4180} INFO - Setting next_dagrun for spark_dag to 2024-12-16T00:00:00+00:00, run_after=2024-12-17T00:00:00+00:00
[2024-12-16T23:44:51.797+0000] {processor.py:208} INFO - Processing /opt/airflow/dags/spark_airflow.py took 0.084 seconds
[2024-12-16T23:45:22.037+0000] {processor.py:186} INFO - Started process (PID=252) to work on /opt/airflow/dags/spark_airflow.py
[2024-12-16T23:45:22.038+0000] {processor.py:914} INFO - Processing file /opt/airflow/dags/spark_airflow.py for tasks to queue
[2024-12-16T23:45:22.039+0000] {logging_mixin.py:190} INFO - [2024-12-16T23:45:22.039+0000] {dagbag.py:588} INFO - Filling up the DagBag from /opt/airflow/dags/spark_airflow.py
[2024-12-16T23:45:22.061+0000] {processor.py:925} INFO - DAG(s) 'spark_dag' retrieved from /opt/airflow/dags/spark_airflow.py
[2024-12-16T23:45:22.082+0000] {logging_mixin.py:190} INFO - [2024-12-16T23:45:22.082+0000] {dag.py:3239} INFO - Sync 1 DAGs
[2024-12-16T23:45:22.103+0000] {logging_mixin.py:190} INFO - [2024-12-16T23:45:22.102+0000] {dag.py:4180} INFO - Setting next_dagrun for spark_dag to 2024-12-16T00:00:00+00:00, run_after=2024-12-17T00:00:00+00:00
[2024-12-16T23:45:22.125+0000] {processor.py:208} INFO - Processing /opt/airflow/dags/spark_airflow.py took 0.092 seconds
[2024-12-16T23:45:52.328+0000] {processor.py:186} INFO - Started process (PID=257) to work on /opt/airflow/dags/spark_airflow.py
[2024-12-16T23:45:52.329+0000] {processor.py:914} INFO - Processing file /opt/airflow/dags/spark_airflow.py for tasks to queue
[2024-12-16T23:45:52.330+0000] {logging_mixin.py:190} INFO - [2024-12-16T23:45:52.330+0000] {dagbag.py:588} INFO - Filling up the DagBag from /opt/airflow/dags/spark_airflow.py
[2024-12-16T23:45:52.349+0000] {processor.py:925} INFO - DAG(s) 'spark_dag' retrieved from /opt/airflow/dags/spark_airflow.py
[2024-12-16T23:45:52.371+0000] {logging_mixin.py:190} INFO - [2024-12-16T23:45:52.371+0000] {dag.py:3239} INFO - Sync 1 DAGs
[2024-12-16T23:45:52.388+0000] {logging_mixin.py:190} INFO - [2024-12-16T23:45:52.388+0000] {dag.py:4180} INFO - Setting next_dagrun for spark_dag to 2024-12-16T00:00:00+00:00, run_after=2024-12-17T00:00:00+00:00
[2024-12-16T23:45:52.411+0000] {processor.py:208} INFO - Processing /opt/airflow/dags/spark_airflow.py took 0.088 seconds
[2024-12-16T23:46:22.659+0000] {processor.py:186} INFO - Started process (PID=262) to work on /opt/airflow/dags/spark_airflow.py
[2024-12-16T23:46:22.659+0000] {processor.py:914} INFO - Processing file /opt/airflow/dags/spark_airflow.py for tasks to queue
[2024-12-16T23:46:22.660+0000] {logging_mixin.py:190} INFO - [2024-12-16T23:46:22.660+0000] {dagbag.py:588} INFO - Filling up the DagBag from /opt/airflow/dags/spark_airflow.py
[2024-12-16T23:46:22.680+0000] {processor.py:925} INFO - DAG(s) 'spark_dag' retrieved from /opt/airflow/dags/spark_airflow.py
[2024-12-16T23:46:22.700+0000] {logging_mixin.py:190} INFO - [2024-12-16T23:46:22.700+0000] {dag.py:3239} INFO - Sync 1 DAGs
[2024-12-16T23:46:22.718+0000] {logging_mixin.py:190} INFO - [2024-12-16T23:46:22.718+0000] {dag.py:4180} INFO - Setting next_dagrun for spark_dag to 2024-12-16T00:00:00+00:00, run_after=2024-12-17T00:00:00+00:00
[2024-12-16T23:46:22.741+0000] {processor.py:208} INFO - Processing /opt/airflow/dags/spark_airflow.py took 0.087 seconds
[2024-12-16T23:46:53.081+0000] {processor.py:186} INFO - Started process (PID=267) to work on /opt/airflow/dags/spark_airflow.py
[2024-12-16T23:46:53.081+0000] {processor.py:914} INFO - Processing file /opt/airflow/dags/spark_airflow.py for tasks to queue
[2024-12-16T23:46:53.082+0000] {logging_mixin.py:190} INFO - [2024-12-16T23:46:53.082+0000] {dagbag.py:588} INFO - Filling up the DagBag from /opt/airflow/dags/spark_airflow.py
[2024-12-16T23:46:53.101+0000] {processor.py:925} INFO - DAG(s) 'spark_dag' retrieved from /opt/airflow/dags/spark_airflow.py
[2024-12-16T23:46:53.120+0000] {logging_mixin.py:190} INFO - [2024-12-16T23:46:53.120+0000] {dag.py:3239} INFO - Sync 1 DAGs
[2024-12-16T23:46:53.137+0000] {logging_mixin.py:190} INFO - [2024-12-16T23:46:53.137+0000] {dag.py:4180} INFO - Setting next_dagrun for spark_dag to 2024-12-16T00:00:00+00:00, run_after=2024-12-17T00:00:00+00:00
[2024-12-16T23:46:53.159+0000] {processor.py:208} INFO - Processing /opt/airflow/dags/spark_airflow.py took 0.082 seconds
[2024-12-16T23:47:23.489+0000] {processor.py:186} INFO - Started process (PID=272) to work on /opt/airflow/dags/spark_airflow.py
[2024-12-16T23:47:23.490+0000] {processor.py:914} INFO - Processing file /opt/airflow/dags/spark_airflow.py for tasks to queue
[2024-12-16T23:47:23.493+0000] {logging_mixin.py:190} INFO - [2024-12-16T23:47:23.492+0000] {dagbag.py:588} INFO - Filling up the DagBag from /opt/airflow/dags/spark_airflow.py
[2024-12-16T23:47:23.530+0000] {processor.py:925} INFO - DAG(s) 'spark_dag' retrieved from /opt/airflow/dags/spark_airflow.py
[2024-12-16T23:47:23.556+0000] {logging_mixin.py:190} INFO - [2024-12-16T23:47:23.555+0000] {dag.py:3239} INFO - Sync 1 DAGs
[2024-12-16T23:47:23.578+0000] {logging_mixin.py:190} INFO - [2024-12-16T23:47:23.578+0000] {dag.py:4180} INFO - Setting next_dagrun for spark_dag to 2024-12-16T00:00:00+00:00, run_after=2024-12-17T00:00:00+00:00
[2024-12-16T23:47:23.593+0000] {processor.py:208} INFO - Processing /opt/airflow/dags/spark_airflow.py took 0.113 seconds
[2024-12-16T23:47:53.744+0000] {processor.py:186} INFO - Started process (PID=277) to work on /opt/airflow/dags/spark_airflow.py
[2024-12-16T23:47:53.745+0000] {processor.py:914} INFO - Processing file /opt/airflow/dags/spark_airflow.py for tasks to queue
[2024-12-16T23:47:53.746+0000] {logging_mixin.py:190} INFO - [2024-12-16T23:47:53.745+0000] {dagbag.py:588} INFO - Filling up the DagBag from /opt/airflow/dags/spark_airflow.py
[2024-12-16T23:47:53.767+0000] {processor.py:925} INFO - DAG(s) 'spark_dag' retrieved from /opt/airflow/dags/spark_airflow.py
[2024-12-16T23:47:53.789+0000] {logging_mixin.py:190} INFO - [2024-12-16T23:47:53.789+0000] {dag.py:3239} INFO - Sync 1 DAGs
[2024-12-16T23:47:53.807+0000] {logging_mixin.py:190} INFO - [2024-12-16T23:47:53.807+0000] {dag.py:4180} INFO - Setting next_dagrun for spark_dag to 2024-12-16T00:00:00+00:00, run_after=2024-12-17T00:00:00+00:00
[2024-12-16T23:47:53.829+0000] {processor.py:208} INFO - Processing /opt/airflow/dags/spark_airflow.py took 0.090 seconds
[2024-12-16T23:48:09.975+0000] {processor.py:186} INFO - Started process (PID=282) to work on /opt/airflow/dags/spark_airflow.py
[2024-12-16T23:48:09.976+0000] {processor.py:914} INFO - Processing file /opt/airflow/dags/spark_airflow.py for tasks to queue
[2024-12-16T23:48:09.977+0000] {logging_mixin.py:190} INFO - [2024-12-16T23:48:09.977+0000] {dagbag.py:588} INFO - Filling up the DagBag from /opt/airflow/dags/spark_airflow.py
[2024-12-16T23:48:09.987+0000] {logging_mixin.py:190} INFO - [2024-12-16T23:48:09.986+0000] {dagbag.py:387} ERROR - Failed to import: /opt/airflow/dags/spark_airflow.py
Traceback (most recent call last):
  File "/home/airflow/.local/lib/python3.11/site-packages/airflow/models/dagbag.py", line 383, in parse
    loader.exec_module(new_module)
  File "<frozen importlib._bootstrap_external>", line 936, in exec_module
  File "<frozen importlib._bootstrap_external>", line 1074, in get_code
  File "<frozen importlib._bootstrap_external>", line 1004, in source_to_code
  File "<frozen importlib._bootstrap>", line 241, in _call_with_frames_removed
  File "/opt/airflow/dags/spark_airflow.py", line 27
    )
    ^
SyntaxError: closing parenthesis ')' does not match opening parenthesis '{' on line 25
[2024-12-16T23:48:09.988+0000] {processor.py:927} WARNING - No viable dags retrieved from /opt/airflow/dags/spark_airflow.py
[2024-12-16T23:48:10.011+0000] {processor.py:208} INFO - Processing /opt/airflow/dags/spark_airflow.py took 0.040 seconds
[2024-12-16T23:48:13.027+0000] {processor.py:186} INFO - Started process (PID=287) to work on /opt/airflow/dags/spark_airflow.py
[2024-12-16T23:48:13.028+0000] {processor.py:914} INFO - Processing file /opt/airflow/dags/spark_airflow.py for tasks to queue
[2024-12-16T23:48:13.029+0000] {logging_mixin.py:190} INFO - [2024-12-16T23:48:13.029+0000] {dagbag.py:588} INFO - Filling up the DagBag from /opt/airflow/dags/spark_airflow.py
[2024-12-16T23:48:13.043+0000] {logging_mixin.py:190} INFO - [2024-12-16T23:48:13.042+0000] {dagbag.py:387} ERROR - Failed to import: /opt/airflow/dags/spark_airflow.py
Traceback (most recent call last):
  File "/home/airflow/.local/lib/python3.11/site-packages/airflow/models/dagbag.py", line 383, in parse
    loader.exec_module(new_module)
  File "<frozen importlib._bootstrap_external>", line 936, in exec_module
  File "<frozen importlib._bootstrap_external>", line 1074, in get_code
  File "<frozen importlib._bootstrap_external>", line 1004, in source_to_code
  File "<frozen importlib._bootstrap>", line 241, in _call_with_frames_removed
  File "/opt/airflow/dags/spark_airflow.py", line 27
    )
    ^
SyntaxError: closing parenthesis ')' does not match opening parenthesis '{' on line 25
[2024-12-16T23:48:13.044+0000] {processor.py:927} WARNING - No viable dags retrieved from /opt/airflow/dags/spark_airflow.py
[2024-12-16T23:48:13.071+0000] {processor.py:208} INFO - Processing /opt/airflow/dags/spark_airflow.py took 0.050 seconds
[2024-12-16T23:48:15.128+0000] {processor.py:186} INFO - Started process (PID=292) to work on /opt/airflow/dags/spark_airflow.py
[2024-12-16T23:48:15.129+0000] {processor.py:914} INFO - Processing file /opt/airflow/dags/spark_airflow.py for tasks to queue
[2024-12-16T23:48:15.131+0000] {logging_mixin.py:190} INFO - [2024-12-16T23:48:15.130+0000] {dagbag.py:588} INFO - Filling up the DagBag from /opt/airflow/dags/spark_airflow.py
[2024-12-16T23:48:15.145+0000] {logging_mixin.py:190} INFO - [2024-12-16T23:48:15.144+0000] {dagbag.py:387} ERROR - Failed to import: /opt/airflow/dags/spark_airflow.py
Traceback (most recent call last):
  File "/home/airflow/.local/lib/python3.11/site-packages/airflow/models/dagbag.py", line 383, in parse
    loader.exec_module(new_module)
  File "<frozen importlib._bootstrap_external>", line 936, in exec_module
  File "<frozen importlib._bootstrap_external>", line 1074, in get_code
  File "<frozen importlib._bootstrap_external>", line 1004, in source_to_code
  File "<frozen importlib._bootstrap>", line 241, in _call_with_frames_removed
  File "/opt/airflow/dags/spark_airflow.py", line 28
    )
    ^
SyntaxError: closing parenthesis ')' does not match opening parenthesis '{' on line 26
[2024-12-16T23:48:15.145+0000] {processor.py:927} WARNING - No viable dags retrieved from /opt/airflow/dags/spark_airflow.py
[2024-12-16T23:48:15.160+0000] {processor.py:208} INFO - Processing /opt/airflow/dags/spark_airflow.py took 0.036 seconds
[2024-12-16T23:48:18.212+0000] {processor.py:186} INFO - Started process (PID=297) to work on /opt/airflow/dags/spark_airflow.py
[2024-12-16T23:48:18.213+0000] {processor.py:914} INFO - Processing file /opt/airflow/dags/spark_airflow.py for tasks to queue
[2024-12-16T23:48:18.214+0000] {logging_mixin.py:190} INFO - [2024-12-16T23:48:18.214+0000] {dagbag.py:588} INFO - Filling up the DagBag from /opt/airflow/dags/spark_airflow.py
[2024-12-16T23:48:18.236+0000] {logging_mixin.py:190} INFO - [2024-12-16T23:48:18.235+0000] {dagbag.py:387} ERROR - Failed to import: /opt/airflow/dags/spark_airflow.py
Traceback (most recent call last):
  File "/home/airflow/.local/lib/python3.11/site-packages/airflow/models/dagbag.py", line 383, in parse
    loader.exec_module(new_module)
  File "<frozen importlib._bootstrap_external>", line 936, in exec_module
  File "<frozen importlib._bootstrap_external>", line 1074, in get_code
  File "<frozen importlib._bootstrap_external>", line 1004, in source_to_code
  File "<frozen importlib._bootstrap>", line 241, in _call_with_frames_removed
  File "/opt/airflow/dags/spark_airflow.py", line 29
    )
    ^
SyntaxError: closing parenthesis ')' does not match opening parenthesis '{' on line 27
[2024-12-16T23:48:18.237+0000] {processor.py:927} WARNING - No viable dags retrieved from /opt/airflow/dags/spark_airflow.py
[2024-12-16T23:48:18.263+0000] {processor.py:208} INFO - Processing /opt/airflow/dags/spark_airflow.py took 0.055 seconds
[2024-12-16T23:48:22.291+0000] {processor.py:186} INFO - Started process (PID=302) to work on /opt/airflow/dags/spark_airflow.py
[2024-12-16T23:48:22.292+0000] {processor.py:914} INFO - Processing file /opt/airflow/dags/spark_airflow.py for tasks to queue
[2024-12-16T23:48:22.293+0000] {logging_mixin.py:190} INFO - [2024-12-16T23:48:22.293+0000] {dagbag.py:588} INFO - Filling up the DagBag from /opt/airflow/dags/spark_airflow.py
[2024-12-16T23:48:22.302+0000] {logging_mixin.py:190} INFO - [2024-12-16T23:48:22.301+0000] {dagbag.py:387} ERROR - Failed to import: /opt/airflow/dags/spark_airflow.py
Traceback (most recent call last):
  File "/home/airflow/.local/lib/python3.11/site-packages/airflow/models/dagbag.py", line 383, in parse
    loader.exec_module(new_module)
  File "<frozen importlib._bootstrap_external>", line 936, in exec_module
  File "<frozen importlib._bootstrap_external>", line 1074, in get_code
  File "<frozen importlib._bootstrap_external>", line 1004, in source_to_code
  File "<frozen importlib._bootstrap>", line 241, in _call_with_frames_removed
  File "/opt/airflow/dags/spark_airflow.py", line 30
    )
    ^
SyntaxError: closing parenthesis ')' does not match opening parenthesis '{' on line 28
[2024-12-16T23:48:22.303+0000] {processor.py:927} WARNING - No viable dags retrieved from /opt/airflow/dags/spark_airflow.py
[2024-12-16T23:48:22.323+0000] {processor.py:208} INFO - Processing /opt/airflow/dags/spark_airflow.py took 0.036 seconds
[2024-12-16T23:48:24.359+0000] {processor.py:186} INFO - Started process (PID=307) to work on /opt/airflow/dags/spark_airflow.py
[2024-12-16T23:48:24.360+0000] {processor.py:914} INFO - Processing file /opt/airflow/dags/spark_airflow.py for tasks to queue
[2024-12-16T23:48:24.361+0000] {logging_mixin.py:190} INFO - [2024-12-16T23:48:24.361+0000] {dagbag.py:588} INFO - Filling up the DagBag from /opt/airflow/dags/spark_airflow.py
[2024-12-16T23:48:24.374+0000] {logging_mixin.py:190} INFO - [2024-12-16T23:48:24.373+0000] {dagbag.py:387} ERROR - Failed to import: /opt/airflow/dags/spark_airflow.py
Traceback (most recent call last):
  File "/home/airflow/.local/lib/python3.11/site-packages/airflow/models/dagbag.py", line 383, in parse
    loader.exec_module(new_module)
  File "<frozen importlib._bootstrap_external>", line 936, in exec_module
  File "<frozen importlib._bootstrap_external>", line 1074, in get_code
  File "<frozen importlib._bootstrap_external>", line 1004, in source_to_code
  File "<frozen importlib._bootstrap>", line 241, in _call_with_frames_removed
  File "/opt/airflow/dags/spark_airflow.py", line 31
    )
    ^
SyntaxError: closing parenthesis ')' does not match opening parenthesis '{' on line 29
[2024-12-16T23:48:24.374+0000] {processor.py:927} WARNING - No viable dags retrieved from /opt/airflow/dags/spark_airflow.py
[2024-12-16T23:48:24.391+0000] {processor.py:208} INFO - Processing /opt/airflow/dags/spark_airflow.py took 0.036 seconds
[2024-12-16T23:48:37.487+0000] {processor.py:186} INFO - Started process (PID=312) to work on /opt/airflow/dags/spark_airflow.py
[2024-12-16T23:48:37.488+0000] {processor.py:914} INFO - Processing file /opt/airflow/dags/spark_airflow.py for tasks to queue
[2024-12-16T23:48:37.489+0000] {logging_mixin.py:190} INFO - [2024-12-16T23:48:37.489+0000] {dagbag.py:588} INFO - Filling up the DagBag from /opt/airflow/dags/spark_airflow.py
[2024-12-16T23:48:37.517+0000] {logging_mixin.py:190} INFO - [2024-12-16T23:48:37.512+0000] {dagbag.py:387} ERROR - Failed to import: /opt/airflow/dags/spark_airflow.py
Traceback (most recent call last):
  File "/home/airflow/.local/lib/python3.11/site-packages/airflow/models/dagbag.py", line 383, in parse
    loader.exec_module(new_module)
  File "<frozen importlib._bootstrap_external>", line 940, in exec_module
  File "<frozen importlib._bootstrap>", line 241, in _call_with_frames_removed
  File "/opt/airflow/dags/spark_airflow.py", line 23, in <module>
    python_job = SparkSubmitOperator(
                 ^^^^^^^^^^^^^^^^^^^^
  File "/home/airflow/.local/lib/python3.11/site-packages/airflow/models/baseoperator.py", line 501, in apply_defaults
    result = func(self, **kwargs, default_args=default_args)
             ^^^^^^^^^^^^^^^^^^^^^^^^^^^^^^^^^^^^^^^^^^^^^^^
  File "/home/airflow/.local/lib/python3.11/site-packages/airflow/providers/apache/spark/operators/spark_submit.py", line 139, in __init__
    super().__init__(**kwargs)
  File "/home/airflow/.local/lib/python3.11/site-packages/airflow/models/baseoperator.py", line 501, in apply_defaults
    result = func(self, **kwargs, default_args=default_args)
             ^^^^^^^^^^^^^^^^^^^^^^^^^^^^^^^^^^^^^^^^^^^^^^^
  File "/home/airflow/.local/lib/python3.11/site-packages/airflow/models/baseoperator.py", line 949, in __init__
    raise AirflowException(
airflow.exceptions.AirflowException: Invalid arguments were passed to SparkSubmitOperator (task_id: python_job). Invalid arguments were:
**kwargs: {'master': 'spark://spark-master:7077'}
[2024-12-16T23:48:37.518+0000] {processor.py:927} WARNING - No viable dags retrieved from /opt/airflow/dags/spark_airflow.py
[2024-12-16T23:48:37.535+0000] {processor.py:208} INFO - Processing /opt/airflow/dags/spark_airflow.py took 0.053 seconds
[2024-12-16T23:48:38.534+0000] {processor.py:186} INFO - Started process (PID=317) to work on /opt/airflow/dags/spark_airflow.py
[2024-12-16T23:48:38.535+0000] {processor.py:914} INFO - Processing file /opt/airflow/dags/spark_airflow.py for tasks to queue
[2024-12-16T23:48:38.536+0000] {logging_mixin.py:190} INFO - [2024-12-16T23:48:38.536+0000] {dagbag.py:588} INFO - Filling up the DagBag from /opt/airflow/dags/spark_airflow.py
[2024-12-16T23:48:38.548+0000] {logging_mixin.py:190} INFO - [2024-12-16T23:48:38.545+0000] {dagbag.py:387} ERROR - Failed to import: /opt/airflow/dags/spark_airflow.py
Traceback (most recent call last):
  File "/home/airflow/.local/lib/python3.11/site-packages/airflow/models/dagbag.py", line 383, in parse
    loader.exec_module(new_module)
  File "<frozen importlib._bootstrap_external>", line 940, in exec_module
  File "<frozen importlib._bootstrap>", line 241, in _call_with_frames_removed
  File "/opt/airflow/dags/spark_airflow.py", line 23, in <module>
    python_job = SparkSubmitOperator(
                 ^^^^^^^^^^^^^^^^^^^^
  File "/home/airflow/.local/lib/python3.11/site-packages/airflow/models/baseoperator.py", line 501, in apply_defaults
    result = func(self, **kwargs, default_args=default_args)
             ^^^^^^^^^^^^^^^^^^^^^^^^^^^^^^^^^^^^^^^^^^^^^^^
  File "/home/airflow/.local/lib/python3.11/site-packages/airflow/providers/apache/spark/operators/spark_submit.py", line 139, in __init__
    super().__init__(**kwargs)
  File "/home/airflow/.local/lib/python3.11/site-packages/airflow/models/baseoperator.py", line 501, in apply_defaults
    result = func(self, **kwargs, default_args=default_args)
             ^^^^^^^^^^^^^^^^^^^^^^^^^^^^^^^^^^^^^^^^^^^^^^^
  File "/home/airflow/.local/lib/python3.11/site-packages/airflow/models/baseoperator.py", line 949, in __init__
    raise AirflowException(
airflow.exceptions.AirflowException: Invalid arguments were passed to SparkSubmitOperator (task_id: python_job). Invalid arguments were:
**kwargs: {'master': 'spark://spark-master:7077'}
[2024-12-16T23:48:38.548+0000] {processor.py:927} WARNING - No viable dags retrieved from /opt/airflow/dags/spark_airflow.py
[2024-12-16T23:48:38.570+0000] {processor.py:208} INFO - Processing /opt/airflow/dags/spark_airflow.py took 0.040 seconds
[2024-12-16T23:49:21.317+0000] {processor.py:186} INFO - Started process (PID=67) to work on /opt/airflow/dags/spark_airflow.py
[2024-12-16T23:49:21.318+0000] {processor.py:914} INFO - Processing file /opt/airflow/dags/spark_airflow.py for tasks to queue
[2024-12-16T23:49:21.320+0000] {logging_mixin.py:190} INFO - [2024-12-16T23:49:21.319+0000] {dagbag.py:588} INFO - Filling up the DagBag from /opt/airflow/dags/spark_airflow.py
[2024-12-16T23:49:21.339+0000] {logging_mixin.py:190} INFO - [2024-12-16T23:49:21.335+0000] {dagbag.py:387} ERROR - Failed to import: /opt/airflow/dags/spark_airflow.py
Traceback (most recent call last):
  File "/home/airflow/.local/lib/python3.11/site-packages/airflow/models/dagbag.py", line 383, in parse
    loader.exec_module(new_module)
  File "<frozen importlib._bootstrap_external>", line 940, in exec_module
  File "<frozen importlib._bootstrap>", line 241, in _call_with_frames_removed
  File "/opt/airflow/dags/spark_airflow.py", line 23, in <module>
    python_job = SparkSubmitOperator(
                 ^^^^^^^^^^^^^^^^^^^^
  File "/home/airflow/.local/lib/python3.11/site-packages/airflow/models/baseoperator.py", line 501, in apply_defaults
    result = func(self, **kwargs, default_args=default_args)
             ^^^^^^^^^^^^^^^^^^^^^^^^^^^^^^^^^^^^^^^^^^^^^^^
  File "/home/airflow/.local/lib/python3.11/site-packages/airflow/providers/apache/spark/operators/spark_submit.py", line 139, in __init__
    super().__init__(**kwargs)
  File "/home/airflow/.local/lib/python3.11/site-packages/airflow/models/baseoperator.py", line 501, in apply_defaults
    result = func(self, **kwargs, default_args=default_args)
             ^^^^^^^^^^^^^^^^^^^^^^^^^^^^^^^^^^^^^^^^^^^^^^^
  File "/home/airflow/.local/lib/python3.11/site-packages/airflow/models/baseoperator.py", line 949, in __init__
    raise AirflowException(
airflow.exceptions.AirflowException: Invalid arguments were passed to SparkSubmitOperator (task_id: python_job). Invalid arguments were:
**kwargs: {'master': 'spark://spark-master:7077'}
[2024-12-16T23:49:21.340+0000] {processor.py:927} WARNING - No viable dags retrieved from /opt/airflow/dags/spark_airflow.py
[2024-12-16T23:49:21.358+0000] {processor.py:208} INFO - Processing /opt/airflow/dags/spark_airflow.py took 0.046 seconds
[2024-12-16T23:49:51.608+0000] {processor.py:186} INFO - Started process (PID=72) to work on /opt/airflow/dags/spark_airflow.py
[2024-12-16T23:49:51.609+0000] {processor.py:914} INFO - Processing file /opt/airflow/dags/spark_airflow.py for tasks to queue
[2024-12-16T23:49:51.611+0000] {logging_mixin.py:190} INFO - [2024-12-16T23:49:51.611+0000] {dagbag.py:588} INFO - Filling up the DagBag from /opt/airflow/dags/spark_airflow.py
[2024-12-16T23:49:51.625+0000] {logging_mixin.py:190} INFO - [2024-12-16T23:49:51.622+0000] {dagbag.py:387} ERROR - Failed to import: /opt/airflow/dags/spark_airflow.py
Traceback (most recent call last):
  File "/home/airflow/.local/lib/python3.11/site-packages/airflow/models/dagbag.py", line 383, in parse
    loader.exec_module(new_module)
  File "<frozen importlib._bootstrap_external>", line 940, in exec_module
  File "<frozen importlib._bootstrap>", line 241, in _call_with_frames_removed
  File "/opt/airflow/dags/spark_airflow.py", line 23, in <module>
    python_job = SparkSubmitOperator(
                 ^^^^^^^^^^^^^^^^^^^^
  File "/home/airflow/.local/lib/python3.11/site-packages/airflow/models/baseoperator.py", line 501, in apply_defaults
    result = func(self, **kwargs, default_args=default_args)
             ^^^^^^^^^^^^^^^^^^^^^^^^^^^^^^^^^^^^^^^^^^^^^^^
  File "/home/airflow/.local/lib/python3.11/site-packages/airflow/providers/apache/spark/operators/spark_submit.py", line 139, in __init__
    super().__init__(**kwargs)
  File "/home/airflow/.local/lib/python3.11/site-packages/airflow/models/baseoperator.py", line 501, in apply_defaults
    result = func(self, **kwargs, default_args=default_args)
             ^^^^^^^^^^^^^^^^^^^^^^^^^^^^^^^^^^^^^^^^^^^^^^^
  File "/home/airflow/.local/lib/python3.11/site-packages/airflow/models/baseoperator.py", line 949, in __init__
    raise AirflowException(
airflow.exceptions.AirflowException: Invalid arguments were passed to SparkSubmitOperator (task_id: python_job). Invalid arguments were:
**kwargs: {'master': 'spark://spark-master:7077'}
[2024-12-16T23:49:51.626+0000] {processor.py:927} WARNING - No viable dags retrieved from /opt/airflow/dags/spark_airflow.py
[2024-12-16T23:49:51.642+0000] {processor.py:208} INFO - Processing /opt/airflow/dags/spark_airflow.py took 0.038 seconds
[2024-12-16T23:50:21.960+0000] {processor.py:186} INFO - Started process (PID=77) to work on /opt/airflow/dags/spark_airflow.py
[2024-12-16T23:50:21.961+0000] {processor.py:914} INFO - Processing file /opt/airflow/dags/spark_airflow.py for tasks to queue
[2024-12-16T23:50:21.962+0000] {logging_mixin.py:190} INFO - [2024-12-16T23:50:21.962+0000] {dagbag.py:588} INFO - Filling up the DagBag from /opt/airflow/dags/spark_airflow.py
[2024-12-16T23:50:21.976+0000] {logging_mixin.py:190} INFO - [2024-12-16T23:50:21.973+0000] {dagbag.py:387} ERROR - Failed to import: /opt/airflow/dags/spark_airflow.py
Traceback (most recent call last):
  File "/home/airflow/.local/lib/python3.11/site-packages/airflow/models/dagbag.py", line 383, in parse
    loader.exec_module(new_module)
  File "<frozen importlib._bootstrap_external>", line 940, in exec_module
  File "<frozen importlib._bootstrap>", line 241, in _call_with_frames_removed
  File "/opt/airflow/dags/spark_airflow.py", line 23, in <module>
    python_job = SparkSubmitOperator(
                 ^^^^^^^^^^^^^^^^^^^^
  File "/home/airflow/.local/lib/python3.11/site-packages/airflow/models/baseoperator.py", line 501, in apply_defaults
    result = func(self, **kwargs, default_args=default_args)
             ^^^^^^^^^^^^^^^^^^^^^^^^^^^^^^^^^^^^^^^^^^^^^^^
  File "/home/airflow/.local/lib/python3.11/site-packages/airflow/providers/apache/spark/operators/spark_submit.py", line 139, in __init__
    super().__init__(**kwargs)
  File "/home/airflow/.local/lib/python3.11/site-packages/airflow/models/baseoperator.py", line 501, in apply_defaults
    result = func(self, **kwargs, default_args=default_args)
             ^^^^^^^^^^^^^^^^^^^^^^^^^^^^^^^^^^^^^^^^^^^^^^^
  File "/home/airflow/.local/lib/python3.11/site-packages/airflow/models/baseoperator.py", line 949, in __init__
    raise AirflowException(
airflow.exceptions.AirflowException: Invalid arguments were passed to SparkSubmitOperator (task_id: python_job). Invalid arguments were:
**kwargs: {'master': 'spark://spark-master:7077'}
[2024-12-16T23:50:21.978+0000] {processor.py:927} WARNING - No viable dags retrieved from /opt/airflow/dags/spark_airflow.py
[2024-12-16T23:50:21.993+0000] {processor.py:208} INFO - Processing /opt/airflow/dags/spark_airflow.py took 0.038 seconds
[2024-12-16T23:50:39.135+0000] {processor.py:186} INFO - Started process (PID=82) to work on /opt/airflow/dags/spark_airflow.py
[2024-12-16T23:50:39.135+0000] {processor.py:914} INFO - Processing file /opt/airflow/dags/spark_airflow.py for tasks to queue
[2024-12-16T23:50:39.136+0000] {logging_mixin.py:190} INFO - [2024-12-16T23:50:39.136+0000] {dagbag.py:588} INFO - Filling up the DagBag from /opt/airflow/dags/spark_airflow.py
[2024-12-16T23:50:39.145+0000] {logging_mixin.py:190} INFO - [2024-12-16T23:50:39.144+0000] {dagbag.py:387} ERROR - Failed to import: /opt/airflow/dags/spark_airflow.py
Traceback (most recent call last):
  File "/home/airflow/.local/lib/python3.11/site-packages/airflow/models/dagbag.py", line 383, in parse
    loader.exec_module(new_module)
  File "<frozen importlib._bootstrap_external>", line 936, in exec_module
  File "<frozen importlib._bootstrap_external>", line 1074, in get_code
  File "<frozen importlib._bootstrap_external>", line 1004, in source_to_code
  File "<frozen importlib._bootstrap>", line 241, in _call_with_frames_removed
  File "/opt/airflow/dags/spark_airflow.py", line 26
    )
    ^
SyntaxError: closing parenthesis ')' does not match opening parenthesis '{' on line 24
[2024-12-16T23:50:39.146+0000] {processor.py:927} WARNING - No viable dags retrieved from /opt/airflow/dags/spark_airflow.py
[2024-12-16T23:50:39.166+0000] {processor.py:208} INFO - Processing /opt/airflow/dags/spark_airflow.py took 0.035 seconds
[2024-12-16T23:50:45.223+0000] {processor.py:186} INFO - Started process (PID=87) to work on /opt/airflow/dags/spark_airflow.py
[2024-12-16T23:50:45.223+0000] {processor.py:914} INFO - Processing file /opt/airflow/dags/spark_airflow.py for tasks to queue
[2024-12-16T23:50:45.225+0000] {logging_mixin.py:190} INFO - [2024-12-16T23:50:45.224+0000] {dagbag.py:588} INFO - Filling up the DagBag from /opt/airflow/dags/spark_airflow.py
[2024-12-16T23:50:45.239+0000] {logging_mixin.py:190} INFO - [2024-12-16T23:50:45.238+0000] {dagbag.py:387} ERROR - Failed to import: /opt/airflow/dags/spark_airflow.py
Traceback (most recent call last):
  File "/home/airflow/.local/lib/python3.11/site-packages/airflow/models/dagbag.py", line 383, in parse
    loader.exec_module(new_module)
  File "<frozen importlib._bootstrap_external>", line 936, in exec_module
  File "<frozen importlib._bootstrap_external>", line 1074, in get_code
  File "<frozen importlib._bootstrap_external>", line 1004, in source_to_code
  File "<frozen importlib._bootstrap>", line 241, in _call_with_frames_removed
  File "/opt/airflow/dags/spark_airflow.py", line 26
    )
    ^
SyntaxError: closing parenthesis ')' does not match opening parenthesis '{' on line 24
[2024-12-16T23:50:45.240+0000] {processor.py:927} WARNING - No viable dags retrieved from /opt/airflow/dags/spark_airflow.py
[2024-12-16T23:50:45.261+0000] {processor.py:208} INFO - Processing /opt/airflow/dags/spark_airflow.py took 0.043 seconds
[2024-12-16T23:50:47.265+0000] {processor.py:186} INFO - Started process (PID=92) to work on /opt/airflow/dags/spark_airflow.py
[2024-12-16T23:50:47.266+0000] {processor.py:914} INFO - Processing file /opt/airflow/dags/spark_airflow.py for tasks to queue
[2024-12-16T23:50:47.267+0000] {logging_mixin.py:190} INFO - [2024-12-16T23:50:47.267+0000] {dagbag.py:588} INFO - Filling up the DagBag from /opt/airflow/dags/spark_airflow.py
[2024-12-16T23:50:47.277+0000] {logging_mixin.py:190} INFO - [2024-12-16T23:50:47.276+0000] {dagbag.py:387} ERROR - Failed to import: /opt/airflow/dags/spark_airflow.py
Traceback (most recent call last):
  File "/home/airflow/.local/lib/python3.11/site-packages/airflow/models/dagbag.py", line 383, in parse
    loader.exec_module(new_module)
  File "<frozen importlib._bootstrap_external>", line 936, in exec_module
  File "<frozen importlib._bootstrap_external>", line 1074, in get_code
  File "<frozen importlib._bootstrap_external>", line 1004, in source_to_code
  File "<frozen importlib._bootstrap>", line 241, in _call_with_frames_removed
  File "/opt/airflow/dags/spark_airflow.py", line 27
    )
    ^
SyntaxError: closing parenthesis ')' does not match opening parenthesis '{' on line 25
[2024-12-16T23:50:47.277+0000] {processor.py:927} WARNING - No viable dags retrieved from /opt/airflow/dags/spark_airflow.py
[2024-12-16T23:50:47.299+0000] {processor.py:208} INFO - Processing /opt/airflow/dags/spark_airflow.py took 0.038 seconds
[2024-12-16T23:50:49.327+0000] {processor.py:186} INFO - Started process (PID=97) to work on /opt/airflow/dags/spark_airflow.py
[2024-12-16T23:50:49.328+0000] {processor.py:914} INFO - Processing file /opt/airflow/dags/spark_airflow.py for tasks to queue
[2024-12-16T23:50:49.329+0000] {logging_mixin.py:190} INFO - [2024-12-16T23:50:49.328+0000] {dagbag.py:588} INFO - Filling up the DagBag from /opt/airflow/dags/spark_airflow.py
[2024-12-16T23:50:49.342+0000] {logging_mixin.py:190} INFO - [2024-12-16T23:50:49.341+0000] {dagbag.py:387} ERROR - Failed to import: /opt/airflow/dags/spark_airflow.py
Traceback (most recent call last):
  File "/home/airflow/.local/lib/python3.11/site-packages/airflow/models/dagbag.py", line 383, in parse
    loader.exec_module(new_module)
  File "<frozen importlib._bootstrap_external>", line 936, in exec_module
  File "<frozen importlib._bootstrap_external>", line 1074, in get_code
  File "<frozen importlib._bootstrap_external>", line 1004, in source_to_code
  File "<frozen importlib._bootstrap>", line 241, in _call_with_frames_removed
  File "/opt/airflow/dags/spark_airflow.py", line 28
    )
    ^
SyntaxError: closing parenthesis ')' does not match opening parenthesis '{' on line 26
[2024-12-16T23:50:49.343+0000] {processor.py:927} WARNING - No viable dags retrieved from /opt/airflow/dags/spark_airflow.py
[2024-12-16T23:50:49.364+0000] {processor.py:208} INFO - Processing /opt/airflow/dags/spark_airflow.py took 0.042 seconds
[2024-12-16T23:50:51.409+0000] {processor.py:186} INFO - Started process (PID=102) to work on /opt/airflow/dags/spark_airflow.py
[2024-12-16T23:50:51.410+0000] {processor.py:914} INFO - Processing file /opt/airflow/dags/spark_airflow.py for tasks to queue
[2024-12-16T23:50:51.411+0000] {logging_mixin.py:190} INFO - [2024-12-16T23:50:51.411+0000] {dagbag.py:588} INFO - Filling up the DagBag from /opt/airflow/dags/spark_airflow.py
[2024-12-16T23:50:51.427+0000] {logging_mixin.py:190} INFO - [2024-12-16T23:50:51.426+0000] {dagbag.py:387} ERROR - Failed to import: /opt/airflow/dags/spark_airflow.py
Traceback (most recent call last):
  File "/home/airflow/.local/lib/python3.11/site-packages/airflow/models/dagbag.py", line 383, in parse
    loader.exec_module(new_module)
  File "<frozen importlib._bootstrap_external>", line 936, in exec_module
  File "<frozen importlib._bootstrap_external>", line 1074, in get_code
  File "<frozen importlib._bootstrap_external>", line 1004, in source_to_code
  File "<frozen importlib._bootstrap>", line 241, in _call_with_frames_removed
  File "/opt/airflow/dags/spark_airflow.py", line 29
    )
    ^
SyntaxError: closing parenthesis ')' does not match opening parenthesis '{' on line 27
[2024-12-16T23:50:51.427+0000] {processor.py:927} WARNING - No viable dags retrieved from /opt/airflow/dags/spark_airflow.py
[2024-12-16T23:50:51.444+0000] {processor.py:208} INFO - Processing /opt/airflow/dags/spark_airflow.py took 0.041 seconds
[2024-12-16T23:50:54.485+0000] {processor.py:186} INFO - Started process (PID=107) to work on /opt/airflow/dags/spark_airflow.py
[2024-12-16T23:50:54.486+0000] {processor.py:914} INFO - Processing file /opt/airflow/dags/spark_airflow.py for tasks to queue
[2024-12-16T23:50:54.487+0000] {logging_mixin.py:190} INFO - [2024-12-16T23:50:54.487+0000] {dagbag.py:588} INFO - Filling up the DagBag from /opt/airflow/dags/spark_airflow.py
[2024-12-16T23:50:54.497+0000] {logging_mixin.py:190} INFO - [2024-12-16T23:50:54.496+0000] {dagbag.py:387} ERROR - Failed to import: /opt/airflow/dags/spark_airflow.py
Traceback (most recent call last):
  File "/home/airflow/.local/lib/python3.11/site-packages/airflow/models/dagbag.py", line 383, in parse
    loader.exec_module(new_module)
  File "<frozen importlib._bootstrap_external>", line 936, in exec_module
  File "<frozen importlib._bootstrap_external>", line 1074, in get_code
  File "<frozen importlib._bootstrap_external>", line 1004, in source_to_code
  File "<frozen importlib._bootstrap>", line 241, in _call_with_frames_removed
  File "/opt/airflow/dags/spark_airflow.py", line 27
    conf={ 'spark.master': 'spark://spark-master:7077', 'spark.submit.deployMode': 'client'}
         
SyntaxError: invalid syntax. Perhaps you forgot a comma?
[2024-12-16T23:50:54.497+0000] {processor.py:927} WARNING - No viable dags retrieved from /opt/airflow/dags/spark_airflow.py
[2024-12-16T23:50:54.515+0000] {processor.py:208} INFO - Processing /opt/airflow/dags/spark_airflow.py took 0.034 seconds
[2024-12-16T23:50:56.527+0000] {processor.py:186} INFO - Started process (PID=112) to work on /opt/airflow/dags/spark_airflow.py
[2024-12-16T23:50:56.528+0000] {processor.py:914} INFO - Processing file /opt/airflow/dags/spark_airflow.py for tasks to queue
[2024-12-16T23:50:56.529+0000] {logging_mixin.py:190} INFO - [2024-12-16T23:50:56.529+0000] {dagbag.py:588} INFO - Filling up the DagBag from /opt/airflow/dags/spark_airflow.py
[2024-12-16T23:50:56.553+0000] {processor.py:925} INFO - DAG(s) 'spark_dag' retrieved from /opt/airflow/dags/spark_airflow.py
[2024-12-16T23:50:56.645+0000] {logging_mixin.py:190} INFO - [2024-12-16T23:50:56.645+0000] {dag.py:3239} INFO - Sync 1 DAGs
[2024-12-16T23:50:56.662+0000] {logging_mixin.py:190} INFO - [2024-12-16T23:50:56.662+0000] {dag.py:4180} INFO - Setting next_dagrun for spark_dag to 2024-12-16T00:00:00+00:00, run_after=2024-12-17T00:00:00+00:00
[2024-12-16T23:50:56.694+0000] {processor.py:208} INFO - Processing /opt/airflow/dags/spark_airflow.py took 0.170 seconds
[2024-12-16T23:51:08.699+0000] {processor.py:186} INFO - Started process (PID=117) to work on /opt/airflow/dags/spark_airflow.py
[2024-12-16T23:51:08.700+0000] {processor.py:914} INFO - Processing file /opt/airflow/dags/spark_airflow.py for tasks to queue
[2024-12-16T23:51:08.701+0000] {logging_mixin.py:190} INFO - [2024-12-16T23:51:08.701+0000] {dagbag.py:588} INFO - Filling up the DagBag from /opt/airflow/dags/spark_airflow.py
[2024-12-16T23:51:08.732+0000] {processor.py:925} INFO - DAG(s) 'spark_dag' retrieved from /opt/airflow/dags/spark_airflow.py
[2024-12-16T23:51:08.744+0000] {logging_mixin.py:190} INFO - [2024-12-16T23:51:08.744+0000] {dag.py:3239} INFO - Sync 1 DAGs
[2024-12-16T23:51:08.764+0000] {logging_mixin.py:190} INFO - [2024-12-16T23:51:08.764+0000] {dag.py:4180} INFO - Setting next_dagrun for spark_dag to 2024-12-16T00:00:00+00:00, run_after=2024-12-17T00:00:00+00:00
[2024-12-16T23:51:08.791+0000] {processor.py:208} INFO - Processing /opt/airflow/dags/spark_airflow.py took 0.097 seconds
[2024-12-16T23:51:23.876+0000] {processor.py:186} INFO - Started process (PID=122) to work on /opt/airflow/dags/spark_airflow.py
[2024-12-16T23:51:23.877+0000] {processor.py:914} INFO - Processing file /opt/airflow/dags/spark_airflow.py for tasks to queue
[2024-12-16T23:51:23.878+0000] {logging_mixin.py:190} INFO - [2024-12-16T23:51:23.877+0000] {dagbag.py:588} INFO - Filling up the DagBag from /opt/airflow/dags/spark_airflow.py
[2024-12-16T23:51:23.903+0000] {processor.py:925} INFO - DAG(s) 'spark_dag' retrieved from /opt/airflow/dags/spark_airflow.py
[2024-12-16T23:51:23.915+0000] {logging_mixin.py:190} INFO - [2024-12-16T23:51:23.915+0000] {dag.py:3239} INFO - Sync 1 DAGs
[2024-12-16T23:51:23.934+0000] {logging_mixin.py:190} INFO - [2024-12-16T23:51:23.934+0000] {dag.py:4180} INFO - Setting next_dagrun for spark_dag to 2024-12-16T00:00:00+00:00, run_after=2024-12-17T00:00:00+00:00
[2024-12-16T23:51:23.965+0000] {processor.py:208} INFO - Processing /opt/airflow/dags/spark_airflow.py took 0.095 seconds
[2024-12-16T23:51:28.012+0000] {processor.py:186} INFO - Started process (PID=127) to work on /opt/airflow/dags/spark_airflow.py
[2024-12-16T23:51:28.013+0000] {processor.py:914} INFO - Processing file /opt/airflow/dags/spark_airflow.py for tasks to queue
[2024-12-16T23:51:28.015+0000] {logging_mixin.py:190} INFO - [2024-12-16T23:51:28.014+0000] {dagbag.py:588} INFO - Filling up the DagBag from /opt/airflow/dags/spark_airflow.py
[2024-12-16T23:51:28.045+0000] {processor.py:925} INFO - DAG(s) 'spark_dag' retrieved from /opt/airflow/dags/spark_airflow.py
[2024-12-16T23:51:28.065+0000] {logging_mixin.py:190} INFO - [2024-12-16T23:51:28.064+0000] {dag.py:3239} INFO - Sync 1 DAGs
[2024-12-16T23:51:28.082+0000] {logging_mixin.py:190} INFO - [2024-12-16T23:51:28.082+0000] {dag.py:4180} INFO - Setting next_dagrun for spark_dag to 2024-12-16T00:00:00+00:00, run_after=2024-12-17T00:00:00+00:00
[2024-12-16T23:51:28.103+0000] {processor.py:208} INFO - Processing /opt/airflow/dags/spark_airflow.py took 0.096 seconds
[2024-12-16T23:51:31.078+0000] {processor.py:186} INFO - Started process (PID=132) to work on /opt/airflow/dags/spark_airflow.py
[2024-12-16T23:51:31.079+0000] {processor.py:914} INFO - Processing file /opt/airflow/dags/spark_airflow.py for tasks to queue
[2024-12-16T23:51:31.080+0000] {logging_mixin.py:190} INFO - [2024-12-16T23:51:31.080+0000] {dagbag.py:588} INFO - Filling up the DagBag from /opt/airflow/dags/spark_airflow.py
[2024-12-16T23:51:31.104+0000] {processor.py:925} INFO - DAG(s) 'spark_dag' retrieved from /opt/airflow/dags/spark_airflow.py
[2024-12-16T23:51:31.124+0000] {logging_mixin.py:190} INFO - [2024-12-16T23:51:31.124+0000] {dag.py:3239} INFO - Sync 1 DAGs
[2024-12-16T23:51:31.141+0000] {logging_mixin.py:190} INFO - [2024-12-16T23:51:31.141+0000] {dag.py:4180} INFO - Setting next_dagrun for spark_dag to 2024-12-16T00:00:00+00:00, run_after=2024-12-17T00:00:00+00:00
[2024-12-16T23:51:31.169+0000] {processor.py:208} INFO - Processing /opt/airflow/dags/spark_airflow.py took 0.096 seconds
[2024-12-16T23:51:34.216+0000] {processor.py:186} INFO - Started process (PID=137) to work on /opt/airflow/dags/spark_airflow.py
[2024-12-16T23:51:34.217+0000] {processor.py:914} INFO - Processing file /opt/airflow/dags/spark_airflow.py for tasks to queue
[2024-12-16T23:51:34.218+0000] {logging_mixin.py:190} INFO - [2024-12-16T23:51:34.218+0000] {dagbag.py:588} INFO - Filling up the DagBag from /opt/airflow/dags/spark_airflow.py
[2024-12-16T23:51:34.244+0000] {processor.py:925} INFO - DAG(s) 'spark_dag' retrieved from /opt/airflow/dags/spark_airflow.py
[2024-12-16T23:51:34.269+0000] {logging_mixin.py:190} INFO - [2024-12-16T23:51:34.269+0000] {dag.py:3239} INFO - Sync 1 DAGs
[2024-12-16T23:51:34.287+0000] {logging_mixin.py:190} INFO - [2024-12-16T23:51:34.287+0000] {dag.py:4180} INFO - Setting next_dagrun for spark_dag to 2024-12-16T00:00:00+00:00, run_after=2024-12-17T00:00:00+00:00
[2024-12-16T23:51:34.316+0000] {processor.py:208} INFO - Processing /opt/airflow/dags/spark_airflow.py took 0.104 seconds
[2024-12-16T23:52:00.498+0000] {processor.py:186} INFO - Started process (PID=142) to work on /opt/airflow/dags/spark_airflow.py
[2024-12-16T23:52:00.499+0000] {processor.py:914} INFO - Processing file /opt/airflow/dags/spark_airflow.py for tasks to queue
[2024-12-16T23:52:00.500+0000] {logging_mixin.py:190} INFO - [2024-12-16T23:52:00.500+0000] {dagbag.py:588} INFO - Filling up the DagBag from /opt/airflow/dags/spark_airflow.py
[2024-12-16T23:52:00.534+0000] {processor.py:925} INFO - DAG(s) 'spark_dag' retrieved from /opt/airflow/dags/spark_airflow.py
[2024-12-16T23:52:00.570+0000] {logging_mixin.py:190} INFO - [2024-12-16T23:52:00.570+0000] {dag.py:3239} INFO - Sync 1 DAGs
[2024-12-16T23:52:00.593+0000] {logging_mixin.py:190} INFO - [2024-12-16T23:52:00.592+0000] {dag.py:4180} INFO - Setting next_dagrun for spark_dag to 2024-12-16T00:00:00+00:00, run_after=2024-12-17T00:00:00+00:00
[2024-12-16T23:52:00.624+0000] {processor.py:208} INFO - Processing /opt/airflow/dags/spark_airflow.py took 0.132 seconds
[2024-12-16T23:52:01.609+0000] {processor.py:186} INFO - Started process (PID=147) to work on /opt/airflow/dags/spark_airflow.py
[2024-12-16T23:52:01.610+0000] {processor.py:914} INFO - Processing file /opt/airflow/dags/spark_airflow.py for tasks to queue
[2024-12-16T23:52:01.611+0000] {logging_mixin.py:190} INFO - [2024-12-16T23:52:01.611+0000] {dagbag.py:588} INFO - Filling up the DagBag from /opt/airflow/dags/spark_airflow.py
[2024-12-16T23:52:01.636+0000] {processor.py:925} INFO - DAG(s) 'spark_dag' retrieved from /opt/airflow/dags/spark_airflow.py
[2024-12-16T23:52:01.662+0000] {logging_mixin.py:190} INFO - [2024-12-16T23:52:01.662+0000] {dag.py:3239} INFO - Sync 1 DAGs
[2024-12-16T23:52:01.680+0000] {logging_mixin.py:190} INFO - [2024-12-16T23:52:01.680+0000] {dag.py:4180} INFO - Setting next_dagrun for spark_dag to 2024-12-16T00:00:00+00:00, run_after=2024-12-17T00:00:00+00:00
[2024-12-16T23:52:01.703+0000] {processor.py:208} INFO - Processing /opt/airflow/dags/spark_airflow.py took 0.098 seconds
[2024-12-16T23:52:06.721+0000] {processor.py:186} INFO - Started process (PID=152) to work on /opt/airflow/dags/spark_airflow.py
[2024-12-16T23:52:06.722+0000] {processor.py:914} INFO - Processing file /opt/airflow/dags/spark_airflow.py for tasks to queue
[2024-12-16T23:52:06.723+0000] {logging_mixin.py:190} INFO - [2024-12-16T23:52:06.722+0000] {dagbag.py:588} INFO - Filling up the DagBag from /opt/airflow/dags/spark_airflow.py
[2024-12-16T23:52:06.747+0000] {processor.py:925} INFO - DAG(s) 'spark_dag' retrieved from /opt/airflow/dags/spark_airflow.py
[2024-12-16T23:52:06.777+0000] {logging_mixin.py:190} INFO - [2024-12-16T23:52:06.777+0000] {dag.py:3239} INFO - Sync 1 DAGs
[2024-12-16T23:52:06.795+0000] {logging_mixin.py:190} INFO - [2024-12-16T23:52:06.794+0000] {dag.py:4180} INFO - Setting next_dagrun for spark_dag to 2024-12-16T00:00:00+00:00, run_after=2024-12-17T00:00:00+00:00
[2024-12-16T23:52:06.824+0000] {processor.py:208} INFO - Processing /opt/airflow/dags/spark_airflow.py took 0.108 seconds
[2024-12-16T23:52:37.096+0000] {processor.py:186} INFO - Started process (PID=164) to work on /opt/airflow/dags/spark_airflow.py
[2024-12-16T23:52:37.097+0000] {processor.py:914} INFO - Processing file /opt/airflow/dags/spark_airflow.py for tasks to queue
[2024-12-16T23:52:37.098+0000] {logging_mixin.py:190} INFO - [2024-12-16T23:52:37.098+0000] {dagbag.py:588} INFO - Filling up the DagBag from /opt/airflow/dags/spark_airflow.py
[2024-12-16T23:52:37.111+0000] {processor.py:925} INFO - DAG(s) 'spark_dag' retrieved from /opt/airflow/dags/spark_airflow.py
[2024-12-16T23:52:37.137+0000] {logging_mixin.py:190} INFO - [2024-12-16T23:52:37.137+0000] {dag.py:3239} INFO - Sync 1 DAGs
[2024-12-16T23:52:37.153+0000] {logging_mixin.py:190} INFO - [2024-12-16T23:52:37.153+0000] {dag.py:4180} INFO - Setting next_dagrun for spark_dag to 2024-12-16T00:00:00+00:00, run_after=2024-12-17T00:00:00+00:00
[2024-12-16T23:52:37.170+0000] {processor.py:208} INFO - Processing /opt/airflow/dags/spark_airflow.py took 0.079 seconds
[2024-12-16T23:53:07.421+0000] {processor.py:186} INFO - Started process (PID=169) to work on /opt/airflow/dags/spark_airflow.py
[2024-12-16T23:53:07.422+0000] {processor.py:914} INFO - Processing file /opt/airflow/dags/spark_airflow.py for tasks to queue
[2024-12-16T23:53:07.423+0000] {logging_mixin.py:190} INFO - [2024-12-16T23:53:07.423+0000] {dagbag.py:588} INFO - Filling up the DagBag from /opt/airflow/dags/spark_airflow.py
[2024-12-16T23:53:07.437+0000] {processor.py:925} INFO - DAG(s) 'spark_dag' retrieved from /opt/airflow/dags/spark_airflow.py
[2024-12-16T23:53:07.464+0000] {logging_mixin.py:190} INFO - [2024-12-16T23:53:07.464+0000] {dag.py:3239} INFO - Sync 1 DAGs
[2024-12-16T23:53:07.481+0000] {logging_mixin.py:190} INFO - [2024-12-16T23:53:07.481+0000] {dag.py:4180} INFO - Setting next_dagrun for spark_dag to 2024-12-16T00:00:00+00:00, run_after=2024-12-17T00:00:00+00:00
[2024-12-16T23:53:07.498+0000] {processor.py:208} INFO - Processing /opt/airflow/dags/spark_airflow.py took 0.080 seconds
[2024-12-16T23:53:37.747+0000] {processor.py:186} INFO - Started process (PID=174) to work on /opt/airflow/dags/spark_airflow.py
[2024-12-16T23:53:37.748+0000] {processor.py:914} INFO - Processing file /opt/airflow/dags/spark_airflow.py for tasks to queue
[2024-12-16T23:53:37.750+0000] {logging_mixin.py:190} INFO - [2024-12-16T23:53:37.749+0000] {dagbag.py:588} INFO - Filling up the DagBag from /opt/airflow/dags/spark_airflow.py
[2024-12-16T23:53:37.765+0000] {processor.py:925} INFO - DAG(s) 'spark_dag' retrieved from /opt/airflow/dags/spark_airflow.py
[2024-12-16T23:53:37.793+0000] {logging_mixin.py:190} INFO - [2024-12-16T23:53:37.793+0000] {dag.py:3239} INFO - Sync 1 DAGs
[2024-12-16T23:53:37.811+0000] {logging_mixin.py:190} INFO - [2024-12-16T23:53:37.811+0000] {dag.py:4180} INFO - Setting next_dagrun for spark_dag to 2024-12-16T00:00:00+00:00, run_after=2024-12-17T00:00:00+00:00
[2024-12-16T23:53:37.833+0000] {processor.py:208} INFO - Processing /opt/airflow/dags/spark_airflow.py took 0.092 seconds
[2024-12-16T23:54:08.038+0000] {processor.py:186} INFO - Started process (PID=179) to work on /opt/airflow/dags/spark_airflow.py
[2024-12-16T23:54:08.039+0000] {processor.py:914} INFO - Processing file /opt/airflow/dags/spark_airflow.py for tasks to queue
[2024-12-16T23:54:08.040+0000] {logging_mixin.py:190} INFO - [2024-12-16T23:54:08.040+0000] {dagbag.py:588} INFO - Filling up the DagBag from /opt/airflow/dags/spark_airflow.py
[2024-12-16T23:54:08.057+0000] {processor.py:925} INFO - DAG(s) 'spark_dag' retrieved from /opt/airflow/dags/spark_airflow.py
[2024-12-16T23:54:08.089+0000] {logging_mixin.py:190} INFO - [2024-12-16T23:54:08.089+0000] {dag.py:3239} INFO - Sync 1 DAGs
[2024-12-16T23:54:08.117+0000] {logging_mixin.py:190} INFO - [2024-12-16T23:54:08.116+0000] {dag.py:4180} INFO - Setting next_dagrun for spark_dag to 2024-12-16T00:00:00+00:00, run_after=2024-12-17T00:00:00+00:00
[2024-12-16T23:54:08.145+0000] {processor.py:208} INFO - Processing /opt/airflow/dags/spark_airflow.py took 0.113 seconds
[2024-12-16T23:54:38.387+0000] {processor.py:186} INFO - Started process (PID=184) to work on /opt/airflow/dags/spark_airflow.py
[2024-12-16T23:54:38.388+0000] {processor.py:914} INFO - Processing file /opt/airflow/dags/spark_airflow.py for tasks to queue
[2024-12-16T23:54:38.389+0000] {logging_mixin.py:190} INFO - [2024-12-16T23:54:38.389+0000] {dagbag.py:588} INFO - Filling up the DagBag from /opt/airflow/dags/spark_airflow.py
[2024-12-16T23:54:38.405+0000] {processor.py:925} INFO - DAG(s) 'spark_dag' retrieved from /opt/airflow/dags/spark_airflow.py
[2024-12-16T23:54:38.431+0000] {logging_mixin.py:190} INFO - [2024-12-16T23:54:38.431+0000] {dag.py:3239} INFO - Sync 1 DAGs
[2024-12-16T23:54:38.452+0000] {logging_mixin.py:190} INFO - [2024-12-16T23:54:38.452+0000] {dag.py:4180} INFO - Setting next_dagrun for spark_dag to 2024-12-16T00:00:00+00:00, run_after=2024-12-17T00:00:00+00:00
[2024-12-16T23:54:38.477+0000] {processor.py:208} INFO - Processing /opt/airflow/dags/spark_airflow.py took 0.096 seconds
[2024-12-16T23:55:08.756+0000] {processor.py:186} INFO - Started process (PID=189) to work on /opt/airflow/dags/spark_airflow.py
[2024-12-16T23:55:08.757+0000] {processor.py:914} INFO - Processing file /opt/airflow/dags/spark_airflow.py for tasks to queue
[2024-12-16T23:55:08.758+0000] {logging_mixin.py:190} INFO - [2024-12-16T23:55:08.758+0000] {dagbag.py:588} INFO - Filling up the DagBag from /opt/airflow/dags/spark_airflow.py
[2024-12-16T23:55:08.786+0000] {processor.py:925} INFO - DAG(s) 'spark_dag' retrieved from /opt/airflow/dags/spark_airflow.py
[2024-12-16T23:55:08.818+0000] {logging_mixin.py:190} INFO - [2024-12-16T23:55:08.818+0000] {dag.py:3239} INFO - Sync 1 DAGs
[2024-12-16T23:55:08.840+0000] {logging_mixin.py:190} INFO - [2024-12-16T23:55:08.840+0000] {dag.py:4180} INFO - Setting next_dagrun for spark_dag to 2024-12-16T00:00:00+00:00, run_after=2024-12-17T00:00:00+00:00
[2024-12-16T23:55:08.863+0000] {processor.py:208} INFO - Processing /opt/airflow/dags/spark_airflow.py took 0.111 seconds
[2024-12-16T23:55:39.051+0000] {processor.py:186} INFO - Started process (PID=194) to work on /opt/airflow/dags/spark_airflow.py
[2024-12-16T23:55:39.052+0000] {processor.py:914} INFO - Processing file /opt/airflow/dags/spark_airflow.py for tasks to queue
[2024-12-16T23:55:39.053+0000] {logging_mixin.py:190} INFO - [2024-12-16T23:55:39.053+0000] {dagbag.py:588} INFO - Filling up the DagBag from /opt/airflow/dags/spark_airflow.py
[2024-12-16T23:55:39.068+0000] {processor.py:925} INFO - DAG(s) 'spark_dag' retrieved from /opt/airflow/dags/spark_airflow.py
[2024-12-16T23:55:39.094+0000] {logging_mixin.py:190} INFO - [2024-12-16T23:55:39.094+0000] {dag.py:3239} INFO - Sync 1 DAGs
[2024-12-16T23:55:39.113+0000] {logging_mixin.py:190} INFO - [2024-12-16T23:55:39.112+0000] {dag.py:4180} INFO - Setting next_dagrun for spark_dag to 2024-12-16T00:00:00+00:00, run_after=2024-12-17T00:00:00+00:00
[2024-12-16T23:55:39.135+0000] {processor.py:208} INFO - Processing /opt/airflow/dags/spark_airflow.py took 0.088 seconds
[2024-12-16T23:56:09.442+0000] {processor.py:186} INFO - Started process (PID=199) to work on /opt/airflow/dags/spark_airflow.py
[2024-12-16T23:56:09.444+0000] {processor.py:914} INFO - Processing file /opt/airflow/dags/spark_airflow.py for tasks to queue
[2024-12-16T23:56:09.445+0000] {logging_mixin.py:190} INFO - [2024-12-16T23:56:09.445+0000] {dagbag.py:588} INFO - Filling up the DagBag from /opt/airflow/dags/spark_airflow.py
[2024-12-16T23:56:09.468+0000] {processor.py:925} INFO - DAG(s) 'spark_dag' retrieved from /opt/airflow/dags/spark_airflow.py
[2024-12-16T23:56:09.498+0000] {logging_mixin.py:190} INFO - [2024-12-16T23:56:09.498+0000] {dag.py:3239} INFO - Sync 1 DAGs
[2024-12-16T23:56:09.517+0000] {logging_mixin.py:190} INFO - [2024-12-16T23:56:09.516+0000] {dag.py:4180} INFO - Setting next_dagrun for spark_dag to 2024-12-16T00:00:00+00:00, run_after=2024-12-17T00:00:00+00:00
[2024-12-16T23:56:09.534+0000] {processor.py:208} INFO - Processing /opt/airflow/dags/spark_airflow.py took 0.096 seconds
[2024-12-16T23:56:39.871+0000] {processor.py:186} INFO - Started process (PID=204) to work on /opt/airflow/dags/spark_airflow.py
[2024-12-16T23:56:39.872+0000] {processor.py:914} INFO - Processing file /opt/airflow/dags/spark_airflow.py for tasks to queue
[2024-12-16T23:56:39.873+0000] {logging_mixin.py:190} INFO - [2024-12-16T23:56:39.873+0000] {dagbag.py:588} INFO - Filling up the DagBag from /opt/airflow/dags/spark_airflow.py
[2024-12-16T23:56:39.892+0000] {processor.py:925} INFO - DAG(s) 'spark_dag' retrieved from /opt/airflow/dags/spark_airflow.py
[2024-12-16T23:56:39.919+0000] {logging_mixin.py:190} INFO - [2024-12-16T23:56:39.919+0000] {dag.py:3239} INFO - Sync 1 DAGs
[2024-12-16T23:56:39.938+0000] {logging_mixin.py:190} INFO - [2024-12-16T23:56:39.938+0000] {dag.py:4180} INFO - Setting next_dagrun for spark_dag to 2024-12-16T00:00:00+00:00, run_after=2024-12-17T00:00:00+00:00
[2024-12-16T23:56:39.961+0000] {processor.py:208} INFO - Processing /opt/airflow/dags/spark_airflow.py took 0.094 seconds
[2024-12-16T23:57:10.183+0000] {processor.py:186} INFO - Started process (PID=209) to work on /opt/airflow/dags/spark_airflow.py
[2024-12-16T23:57:10.183+0000] {processor.py:914} INFO - Processing file /opt/airflow/dags/spark_airflow.py for tasks to queue
[2024-12-16T23:57:10.184+0000] {logging_mixin.py:190} INFO - [2024-12-16T23:57:10.184+0000] {dagbag.py:588} INFO - Filling up the DagBag from /opt/airflow/dags/spark_airflow.py
[2024-12-16T23:57:10.201+0000] {processor.py:925} INFO - DAG(s) 'spark_dag' retrieved from /opt/airflow/dags/spark_airflow.py
[2024-12-16T23:57:10.241+0000] {logging_mixin.py:190} INFO - [2024-12-16T23:57:10.241+0000] {dag.py:3239} INFO - Sync 1 DAGs
[2024-12-16T23:57:10.268+0000] {logging_mixin.py:190} INFO - [2024-12-16T23:57:10.268+0000] {dag.py:4180} INFO - Setting next_dagrun for spark_dag to 2024-12-16T00:00:00+00:00, run_after=2024-12-17T00:00:00+00:00
[2024-12-16T23:57:10.289+0000] {processor.py:208} INFO - Processing /opt/airflow/dags/spark_airflow.py took 0.111 seconds
[2024-12-16T23:57:40.550+0000] {processor.py:186} INFO - Started process (PID=214) to work on /opt/airflow/dags/spark_airflow.py
[2024-12-16T23:57:40.551+0000] {processor.py:914} INFO - Processing file /opt/airflow/dags/spark_airflow.py for tasks to queue
[2024-12-16T23:57:40.552+0000] {logging_mixin.py:190} INFO - [2024-12-16T23:57:40.552+0000] {dagbag.py:588} INFO - Filling up the DagBag from /opt/airflow/dags/spark_airflow.py
[2024-12-16T23:57:40.567+0000] {processor.py:925} INFO - DAG(s) 'spark_dag' retrieved from /opt/airflow/dags/spark_airflow.py
[2024-12-16T23:57:40.597+0000] {logging_mixin.py:190} INFO - [2024-12-16T23:57:40.597+0000] {dag.py:3239} INFO - Sync 1 DAGs
[2024-12-16T23:57:40.615+0000] {logging_mixin.py:190} INFO - [2024-12-16T23:57:40.614+0000] {dag.py:4180} INFO - Setting next_dagrun for spark_dag to 2024-12-16T00:00:00+00:00, run_after=2024-12-17T00:00:00+00:00
[2024-12-16T23:57:40.632+0000] {processor.py:208} INFO - Processing /opt/airflow/dags/spark_airflow.py took 0.086 seconds
[2024-12-16T23:58:10.873+0000] {processor.py:186} INFO - Started process (PID=219) to work on /opt/airflow/dags/spark_airflow.py
[2024-12-16T23:58:10.874+0000] {processor.py:914} INFO - Processing file /opt/airflow/dags/spark_airflow.py for tasks to queue
[2024-12-16T23:58:10.875+0000] {logging_mixin.py:190} INFO - [2024-12-16T23:58:10.875+0000] {dagbag.py:588} INFO - Filling up the DagBag from /opt/airflow/dags/spark_airflow.py
[2024-12-16T23:58:10.889+0000] {processor.py:925} INFO - DAG(s) 'spark_dag' retrieved from /opt/airflow/dags/spark_airflow.py
[2024-12-16T23:58:10.914+0000] {logging_mixin.py:190} INFO - [2024-12-16T23:58:10.913+0000] {dag.py:3239} INFO - Sync 1 DAGs
[2024-12-16T23:58:10.931+0000] {logging_mixin.py:190} INFO - [2024-12-16T23:58:10.931+0000] {dag.py:4180} INFO - Setting next_dagrun for spark_dag to 2024-12-16T00:00:00+00:00, run_after=2024-12-17T00:00:00+00:00
[2024-12-16T23:58:10.954+0000] {processor.py:208} INFO - Processing /opt/airflow/dags/spark_airflow.py took 0.086 seconds
[2024-12-16T23:58:41.143+0000] {processor.py:186} INFO - Started process (PID=224) to work on /opt/airflow/dags/spark_airflow.py
[2024-12-16T23:58:41.144+0000] {processor.py:914} INFO - Processing file /opt/airflow/dags/spark_airflow.py for tasks to queue
[2024-12-16T23:58:41.145+0000] {logging_mixin.py:190} INFO - [2024-12-16T23:58:41.145+0000] {dagbag.py:588} INFO - Filling up the DagBag from /opt/airflow/dags/spark_airflow.py
[2024-12-16T23:58:41.166+0000] {processor.py:925} INFO - DAG(s) 'spark_dag' retrieved from /opt/airflow/dags/spark_airflow.py
[2024-12-16T23:58:41.187+0000] {logging_mixin.py:190} INFO - [2024-12-16T23:58:41.187+0000] {dag.py:3239} INFO - Sync 1 DAGs
[2024-12-16T23:58:41.205+0000] {logging_mixin.py:190} INFO - [2024-12-16T23:58:41.205+0000] {dag.py:4180} INFO - Setting next_dagrun for spark_dag to 2024-12-16T00:00:00+00:00, run_after=2024-12-17T00:00:00+00:00
[2024-12-16T23:58:41.228+0000] {processor.py:208} INFO - Processing /opt/airflow/dags/spark_airflow.py took 0.089 seconds
[2024-12-16T23:59:11.506+0000] {processor.py:186} INFO - Started process (PID=229) to work on /opt/airflow/dags/spark_airflow.py
[2024-12-16T23:59:11.506+0000] {processor.py:914} INFO - Processing file /opt/airflow/dags/spark_airflow.py for tasks to queue
[2024-12-16T23:59:11.508+0000] {logging_mixin.py:190} INFO - [2024-12-16T23:59:11.508+0000] {dagbag.py:588} INFO - Filling up the DagBag from /opt/airflow/dags/spark_airflow.py
[2024-12-16T23:59:11.534+0000] {processor.py:925} INFO - DAG(s) 'spark_dag' retrieved from /opt/airflow/dags/spark_airflow.py
[2024-12-16T23:59:11.556+0000] {logging_mixin.py:190} INFO - [2024-12-16T23:59:11.556+0000] {dag.py:3239} INFO - Sync 1 DAGs
[2024-12-16T23:59:11.574+0000] {logging_mixin.py:190} INFO - [2024-12-16T23:59:11.574+0000] {dag.py:4180} INFO - Setting next_dagrun for spark_dag to 2024-12-16T00:00:00+00:00, run_after=2024-12-17T00:00:00+00:00
[2024-12-16T23:59:11.592+0000] {processor.py:208} INFO - Processing /opt/airflow/dags/spark_airflow.py took 0.091 seconds
[2024-12-16T23:59:41.805+0000] {processor.py:186} INFO - Started process (PID=234) to work on /opt/airflow/dags/spark_airflow.py
[2024-12-16T23:59:41.805+0000] {processor.py:914} INFO - Processing file /opt/airflow/dags/spark_airflow.py for tasks to queue
[2024-12-16T23:59:41.806+0000] {logging_mixin.py:190} INFO - [2024-12-16T23:59:41.806+0000] {dagbag.py:588} INFO - Filling up the DagBag from /opt/airflow/dags/spark_airflow.py
[2024-12-16T23:59:41.826+0000] {processor.py:925} INFO - DAG(s) 'spark_dag' retrieved from /opt/airflow/dags/spark_airflow.py
[2024-12-16T23:59:41.848+0000] {logging_mixin.py:190} INFO - [2024-12-16T23:59:41.848+0000] {dag.py:3239} INFO - Sync 1 DAGs
[2024-12-16T23:59:41.867+0000] {logging_mixin.py:190} INFO - [2024-12-16T23:59:41.866+0000] {dag.py:4180} INFO - Setting next_dagrun for spark_dag to 2024-12-16T00:00:00+00:00, run_after=2024-12-17T00:00:00+00:00
[2024-12-16T23:59:41.890+0000] {processor.py:208} INFO - Processing /opt/airflow/dags/spark_airflow.py took 0.092 seconds
