[2024-12-17T00:00:12.125+0000] {processor.py:186} INFO - Started process (PID=246) to work on /opt/airflow/dags/spark_airflow.py
[2024-12-17T00:00:12.127+0000] {processor.py:914} INFO - Processing file /opt/airflow/dags/spark_airflow.py for tasks to queue
[2024-12-17T00:00:12.128+0000] {logging_mixin.py:190} INFO - [2024-12-17T00:00:12.128+0000] {dagbag.py:588} INFO - Filling up the DagBag from /opt/airflow/dags/spark_airflow.py
[2024-12-17T00:00:12.160+0000] {processor.py:925} INFO - DAG(s) 'spark_dag' retrieved from /opt/airflow/dags/spark_airflow.py
[2024-12-17T00:00:12.268+0000] {logging_mixin.py:190} INFO - [2024-12-17T00:00:12.268+0000] {dag.py:3239} INFO - Sync 1 DAGs
[2024-12-17T00:00:12.288+0000] {logging_mixin.py:190} INFO - [2024-12-17T00:00:12.287+0000] {dag.py:4180} INFO - Setting next_dagrun for spark_dag to 2024-12-17T00:00:00+00:00, run_after=2024-12-18T00:00:00+00:00
[2024-12-17T00:00:12.360+0000] {processor.py:208} INFO - Processing /opt/airflow/dags/spark_airflow.py took 0.241 seconds
[2024-12-17T00:00:42.633+0000] {processor.py:186} INFO - Started process (PID=251) to work on /opt/airflow/dags/spark_airflow.py
[2024-12-17T00:00:42.634+0000] {processor.py:914} INFO - Processing file /opt/airflow/dags/spark_airflow.py for tasks to queue
[2024-12-17T00:00:42.635+0000] {logging_mixin.py:190} INFO - [2024-12-17T00:00:42.635+0000] {dagbag.py:588} INFO - Filling up the DagBag from /opt/airflow/dags/spark_airflow.py
[2024-12-17T00:00:42.655+0000] {processor.py:925} INFO - DAG(s) 'spark_dag' retrieved from /opt/airflow/dags/spark_airflow.py
[2024-12-17T00:00:42.678+0000] {logging_mixin.py:190} INFO - [2024-12-17T00:00:42.678+0000] {dag.py:3239} INFO - Sync 1 DAGs
[2024-12-17T00:00:42.700+0000] {logging_mixin.py:190} INFO - [2024-12-17T00:00:42.699+0000] {dag.py:4180} INFO - Setting next_dagrun for spark_dag to 2024-12-17T00:00:00+00:00, run_after=2024-12-18T00:00:00+00:00
[2024-12-17T00:00:42.718+0000] {processor.py:208} INFO - Processing /opt/airflow/dags/spark_airflow.py took 0.090 seconds
[2024-12-17T00:01:12.908+0000] {processor.py:186} INFO - Started process (PID=256) to work on /opt/airflow/dags/spark_airflow.py
[2024-12-17T00:01:12.909+0000] {processor.py:914} INFO - Processing file /opt/airflow/dags/spark_airflow.py for tasks to queue
[2024-12-17T00:01:12.910+0000] {logging_mixin.py:190} INFO - [2024-12-17T00:01:12.910+0000] {dagbag.py:588} INFO - Filling up the DagBag from /opt/airflow/dags/spark_airflow.py
[2024-12-17T00:01:12.934+0000] {processor.py:925} INFO - DAG(s) 'spark_dag' retrieved from /opt/airflow/dags/spark_airflow.py
[2024-12-17T00:01:12.958+0000] {logging_mixin.py:190} INFO - [2024-12-17T00:01:12.958+0000] {dag.py:3239} INFO - Sync 1 DAGs
[2024-12-17T00:01:12.978+0000] {logging_mixin.py:190} INFO - [2024-12-17T00:01:12.978+0000] {dag.py:4180} INFO - Setting next_dagrun for spark_dag to 2024-12-17T00:00:00+00:00, run_after=2024-12-18T00:00:00+00:00
[2024-12-17T00:01:13.001+0000] {processor.py:208} INFO - Processing /opt/airflow/dags/spark_airflow.py took 0.098 seconds
[2024-12-17T00:01:43.241+0000] {processor.py:186} INFO - Started process (PID=261) to work on /opt/airflow/dags/spark_airflow.py
[2024-12-17T00:01:43.242+0000] {processor.py:914} INFO - Processing file /opt/airflow/dags/spark_airflow.py for tasks to queue
[2024-12-17T00:01:43.243+0000] {logging_mixin.py:190} INFO - [2024-12-17T00:01:43.243+0000] {dagbag.py:588} INFO - Filling up the DagBag from /opt/airflow/dags/spark_airflow.py
[2024-12-17T00:01:43.264+0000] {processor.py:925} INFO - DAG(s) 'spark_dag' retrieved from /opt/airflow/dags/spark_airflow.py
[2024-12-17T00:01:43.287+0000] {logging_mixin.py:190} INFO - [2024-12-17T00:01:43.286+0000] {dag.py:3239} INFO - Sync 1 DAGs
[2024-12-17T00:01:43.306+0000] {logging_mixin.py:190} INFO - [2024-12-17T00:01:43.306+0000] {dag.py:4180} INFO - Setting next_dagrun for spark_dag to 2024-12-17T00:00:00+00:00, run_after=2024-12-18T00:00:00+00:00
[2024-12-17T00:01:43.328+0000] {processor.py:208} INFO - Processing /opt/airflow/dags/spark_airflow.py took 0.091 seconds
[2024-12-17T00:02:13.580+0000] {processor.py:186} INFO - Started process (PID=266) to work on /opt/airflow/dags/spark_airflow.py
[2024-12-17T00:02:13.581+0000] {processor.py:914} INFO - Processing file /opt/airflow/dags/spark_airflow.py for tasks to queue
[2024-12-17T00:02:13.582+0000] {logging_mixin.py:190} INFO - [2024-12-17T00:02:13.582+0000] {dagbag.py:588} INFO - Filling up the DagBag from /opt/airflow/dags/spark_airflow.py
[2024-12-17T00:02:13.614+0000] {processor.py:925} INFO - DAG(s) 'spark_dag' retrieved from /opt/airflow/dags/spark_airflow.py
[2024-12-17T00:02:13.635+0000] {logging_mixin.py:190} INFO - [2024-12-17T00:02:13.634+0000] {dag.py:3239} INFO - Sync 1 DAGs
[2024-12-17T00:02:13.651+0000] {logging_mixin.py:190} INFO - [2024-12-17T00:02:13.651+0000] {dag.py:4180} INFO - Setting next_dagrun for spark_dag to 2024-12-17T00:00:00+00:00, run_after=2024-12-18T00:00:00+00:00
[2024-12-17T00:02:13.669+0000] {processor.py:208} INFO - Processing /opt/airflow/dags/spark_airflow.py took 0.094 seconds
[2024-12-17T00:02:43.896+0000] {processor.py:186} INFO - Started process (PID=271) to work on /opt/airflow/dags/spark_airflow.py
[2024-12-17T00:02:43.897+0000] {processor.py:914} INFO - Processing file /opt/airflow/dags/spark_airflow.py for tasks to queue
[2024-12-17T00:02:43.898+0000] {logging_mixin.py:190} INFO - [2024-12-17T00:02:43.898+0000] {dagbag.py:588} INFO - Filling up the DagBag from /opt/airflow/dags/spark_airflow.py
[2024-12-17T00:02:43.917+0000] {processor.py:925} INFO - DAG(s) 'spark_dag' retrieved from /opt/airflow/dags/spark_airflow.py
[2024-12-17T00:02:43.938+0000] {logging_mixin.py:190} INFO - [2024-12-17T00:02:43.938+0000] {dag.py:3239} INFO - Sync 1 DAGs
[2024-12-17T00:02:43.955+0000] {logging_mixin.py:190} INFO - [2024-12-17T00:02:43.955+0000] {dag.py:4180} INFO - Setting next_dagrun for spark_dag to 2024-12-17T00:00:00+00:00, run_after=2024-12-18T00:00:00+00:00
[2024-12-17T00:02:43.977+0000] {processor.py:208} INFO - Processing /opt/airflow/dags/spark_airflow.py took 0.086 seconds
[2024-12-17T00:03:14.282+0000] {processor.py:186} INFO - Started process (PID=276) to work on /opt/airflow/dags/spark_airflow.py
[2024-12-17T00:03:14.283+0000] {processor.py:914} INFO - Processing file /opt/airflow/dags/spark_airflow.py for tasks to queue
[2024-12-17T00:03:14.284+0000] {logging_mixin.py:190} INFO - [2024-12-17T00:03:14.284+0000] {dagbag.py:588} INFO - Filling up the DagBag from /opt/airflow/dags/spark_airflow.py
[2024-12-17T00:03:14.306+0000] {processor.py:925} INFO - DAG(s) 'spark_dag' retrieved from /opt/airflow/dags/spark_airflow.py
[2024-12-17T00:03:14.325+0000] {logging_mixin.py:190} INFO - [2024-12-17T00:03:14.325+0000] {dag.py:3239} INFO - Sync 1 DAGs
[2024-12-17T00:03:14.344+0000] {logging_mixin.py:190} INFO - [2024-12-17T00:03:14.344+0000] {dag.py:4180} INFO - Setting next_dagrun for spark_dag to 2024-12-17T00:00:00+00:00, run_after=2024-12-18T00:00:00+00:00
[2024-12-17T00:03:14.366+0000] {processor.py:208} INFO - Processing /opt/airflow/dags/spark_airflow.py took 0.090 seconds
[2024-12-17T00:03:44.637+0000] {processor.py:186} INFO - Started process (PID=281) to work on /opt/airflow/dags/spark_airflow.py
[2024-12-17T00:03:44.638+0000] {processor.py:914} INFO - Processing file /opt/airflow/dags/spark_airflow.py for tasks to queue
[2024-12-17T00:03:44.639+0000] {logging_mixin.py:190} INFO - [2024-12-17T00:03:44.639+0000] {dagbag.py:588} INFO - Filling up the DagBag from /opt/airflow/dags/spark_airflow.py
[2024-12-17T00:03:44.658+0000] {processor.py:925} INFO - DAG(s) 'spark_dag' retrieved from /opt/airflow/dags/spark_airflow.py
[2024-12-17T00:03:44.677+0000] {logging_mixin.py:190} INFO - [2024-12-17T00:03:44.677+0000] {dag.py:3239} INFO - Sync 1 DAGs
[2024-12-17T00:03:44.694+0000] {logging_mixin.py:190} INFO - [2024-12-17T00:03:44.693+0000] {dag.py:4180} INFO - Setting next_dagrun for spark_dag to 2024-12-17T00:00:00+00:00, run_after=2024-12-18T00:00:00+00:00
[2024-12-17T00:03:44.717+0000] {processor.py:208} INFO - Processing /opt/airflow/dags/spark_airflow.py took 0.084 seconds
[2024-12-17T00:03:59.831+0000] {processor.py:186} INFO - Started process (PID=286) to work on /opt/airflow/dags/spark_airflow.py
[2024-12-17T00:03:59.832+0000] {processor.py:914} INFO - Processing file /opt/airflow/dags/spark_airflow.py for tasks to queue
[2024-12-17T00:03:59.833+0000] {logging_mixin.py:190} INFO - [2024-12-17T00:03:59.833+0000] {dagbag.py:588} INFO - Filling up the DagBag from /opt/airflow/dags/spark_airflow.py
[2024-12-17T00:03:59.861+0000] {processor.py:925} INFO - DAG(s) 'spark_dag' retrieved from /opt/airflow/dags/spark_airflow.py
[2024-12-17T00:03:59.950+0000] {logging_mixin.py:190} INFO - [2024-12-17T00:03:59.950+0000] {dag.py:3239} INFO - Sync 1 DAGs
[2024-12-17T00:03:59.970+0000] {logging_mixin.py:190} INFO - [2024-12-17T00:03:59.970+0000] {dag.py:4180} INFO - Setting next_dagrun for spark_dag to 2024-12-17T00:00:00+00:00, run_after=2024-12-18T00:00:00+00:00
[2024-12-17T00:03:59.997+0000] {processor.py:208} INFO - Processing /opt/airflow/dags/spark_airflow.py took 0.170 seconds
[2024-12-17T00:04:00.908+0000] {processor.py:186} INFO - Started process (PID=291) to work on /opt/airflow/dags/spark_airflow.py
[2024-12-17T00:04:00.909+0000] {processor.py:914} INFO - Processing file /opt/airflow/dags/spark_airflow.py for tasks to queue
[2024-12-17T00:04:00.910+0000] {logging_mixin.py:190} INFO - [2024-12-17T00:04:00.910+0000] {dagbag.py:588} INFO - Filling up the DagBag from /opt/airflow/dags/spark_airflow.py
[2024-12-17T00:04:00.933+0000] {processor.py:925} INFO - DAG(s) 'spark_dag' retrieved from /opt/airflow/dags/spark_airflow.py
[2024-12-17T00:04:00.944+0000] {logging_mixin.py:190} INFO - [2024-12-17T00:04:00.944+0000] {dag.py:3239} INFO - Sync 1 DAGs
[2024-12-17T00:04:00.964+0000] {logging_mixin.py:190} INFO - [2024-12-17T00:04:00.964+0000] {dag.py:4180} INFO - Setting next_dagrun for spark_dag to 2024-12-17T00:00:00+00:00, run_after=2024-12-18T00:00:00+00:00
[2024-12-17T00:04:00.987+0000] {processor.py:208} INFO - Processing /opt/airflow/dags/spark_airflow.py took 0.084 seconds
[2024-12-17T00:04:02.941+0000] {processor.py:186} INFO - Started process (PID=296) to work on /opt/airflow/dags/spark_airflow.py
[2024-12-17T00:04:02.942+0000] {processor.py:914} INFO - Processing file /opt/airflow/dags/spark_airflow.py for tasks to queue
[2024-12-17T00:04:02.943+0000] {logging_mixin.py:190} INFO - [2024-12-17T00:04:02.943+0000] {dagbag.py:588} INFO - Filling up the DagBag from /opt/airflow/dags/spark_airflow.py
[2024-12-17T00:04:02.964+0000] {processor.py:925} INFO - DAG(s) 'spark_dag' retrieved from /opt/airflow/dags/spark_airflow.py
[2024-12-17T00:04:02.975+0000] {logging_mixin.py:190} INFO - [2024-12-17T00:04:02.974+0000] {dag.py:3239} INFO - Sync 1 DAGs
[2024-12-17T00:04:02.997+0000] {logging_mixin.py:190} INFO - [2024-12-17T00:04:02.997+0000] {dag.py:4180} INFO - Setting next_dagrun for spark_dag to 2024-12-17T00:00:00+00:00, run_after=2024-12-18T00:00:00+00:00
[2024-12-17T00:04:03.016+0000] {processor.py:208} INFO - Processing /opt/airflow/dags/spark_airflow.py took 0.079 seconds
[2024-12-17T00:04:33.380+0000] {processor.py:186} INFO - Started process (PID=308) to work on /opt/airflow/dags/spark_airflow.py
[2024-12-17T00:04:33.380+0000] {processor.py:914} INFO - Processing file /opt/airflow/dags/spark_airflow.py for tasks to queue
[2024-12-17T00:04:33.382+0000] {logging_mixin.py:190} INFO - [2024-12-17T00:04:33.381+0000] {dagbag.py:588} INFO - Filling up the DagBag from /opt/airflow/dags/spark_airflow.py
[2024-12-17T00:04:33.397+0000] {processor.py:925} INFO - DAG(s) 'spark_dag' retrieved from /opt/airflow/dags/spark_airflow.py
[2024-12-17T00:04:33.416+0000] {logging_mixin.py:190} INFO - [2024-12-17T00:04:33.416+0000] {dag.py:3239} INFO - Sync 1 DAGs
[2024-12-17T00:04:33.432+0000] {logging_mixin.py:190} INFO - [2024-12-17T00:04:33.432+0000] {dag.py:4180} INFO - Setting next_dagrun for spark_dag to 2024-12-17T00:00:00+00:00, run_after=2024-12-18T00:00:00+00:00
[2024-12-17T00:04:33.454+0000] {processor.py:208} INFO - Processing /opt/airflow/dags/spark_airflow.py took 0.079 seconds
[2024-12-17T00:05:03.666+0000] {processor.py:186} INFO - Started process (PID=313) to work on /opt/airflow/dags/spark_airflow.py
[2024-12-17T00:05:03.666+0000] {processor.py:914} INFO - Processing file /opt/airflow/dags/spark_airflow.py for tasks to queue
[2024-12-17T00:05:03.667+0000] {logging_mixin.py:190} INFO - [2024-12-17T00:05:03.667+0000] {dagbag.py:588} INFO - Filling up the DagBag from /opt/airflow/dags/spark_airflow.py
[2024-12-17T00:05:03.684+0000] {processor.py:925} INFO - DAG(s) 'spark_dag' retrieved from /opt/airflow/dags/spark_airflow.py
[2024-12-17T00:05:03.713+0000] {logging_mixin.py:190} INFO - [2024-12-17T00:05:03.713+0000] {dag.py:3239} INFO - Sync 1 DAGs
[2024-12-17T00:05:03.735+0000] {logging_mixin.py:190} INFO - [2024-12-17T00:05:03.734+0000] {dag.py:4180} INFO - Setting next_dagrun for spark_dag to 2024-12-17T00:00:00+00:00, run_after=2024-12-18T00:00:00+00:00
[2024-12-17T00:05:03.750+0000] {processor.py:208} INFO - Processing /opt/airflow/dags/spark_airflow.py took 0.089 seconds
[2024-12-17T00:05:34.085+0000] {processor.py:186} INFO - Started process (PID=318) to work on /opt/airflow/dags/spark_airflow.py
[2024-12-17T00:05:34.088+0000] {processor.py:914} INFO - Processing file /opt/airflow/dags/spark_airflow.py for tasks to queue
[2024-12-17T00:05:34.089+0000] {logging_mixin.py:190} INFO - [2024-12-17T00:05:34.089+0000] {dagbag.py:588} INFO - Filling up the DagBag from /opt/airflow/dags/spark_airflow.py
[2024-12-17T00:05:34.119+0000] {processor.py:925} INFO - DAG(s) 'spark_dag' retrieved from /opt/airflow/dags/spark_airflow.py
[2024-12-17T00:05:34.183+0000] {logging_mixin.py:190} INFO - [2024-12-17T00:05:34.183+0000] {dag.py:3239} INFO - Sync 1 DAGs
[2024-12-17T00:05:34.221+0000] {logging_mixin.py:190} INFO - [2024-12-17T00:05:34.220+0000] {dag.py:4180} INFO - Setting next_dagrun for spark_dag to 2024-12-17T00:00:00+00:00, run_after=2024-12-18T00:00:00+00:00
[2024-12-17T00:05:34.247+0000] {processor.py:208} INFO - Processing /opt/airflow/dags/spark_airflow.py took 0.172 seconds
[2024-12-17T00:06:04.577+0000] {processor.py:186} INFO - Started process (PID=67) to work on /opt/airflow/dags/spark_airflow.py
[2024-12-17T00:06:04.578+0000] {processor.py:914} INFO - Processing file /opt/airflow/dags/spark_airflow.py for tasks to queue
[2024-12-17T00:06:04.580+0000] {logging_mixin.py:190} INFO - [2024-12-17T00:06:04.580+0000] {dagbag.py:588} INFO - Filling up the DagBag from /opt/airflow/dags/spark_airflow.py
[2024-12-17T00:06:04.597+0000] {processor.py:925} INFO - DAG(s) 'spark_dag' retrieved from /opt/airflow/dags/spark_airflow.py
[2024-12-17T00:06:04.626+0000] {logging_mixin.py:190} INFO - [2024-12-17T00:06:04.626+0000] {dag.py:3239} INFO - Sync 1 DAGs
[2024-12-17T00:06:04.648+0000] {logging_mixin.py:190} INFO - [2024-12-17T00:06:04.648+0000] {dag.py:4180} INFO - Setting next_dagrun for spark_dag to 2024-12-17T00:00:00+00:00, run_after=2024-12-18T00:00:00+00:00
[2024-12-17T00:06:04.673+0000] {processor.py:208} INFO - Processing /opt/airflow/dags/spark_airflow.py took 0.101 seconds
[2024-12-17T00:06:34.912+0000] {processor.py:186} INFO - Started process (PID=72) to work on /opt/airflow/dags/spark_airflow.py
[2024-12-17T00:06:34.913+0000] {processor.py:914} INFO - Processing file /opt/airflow/dags/spark_airflow.py for tasks to queue
[2024-12-17T00:06:34.915+0000] {logging_mixin.py:190} INFO - [2024-12-17T00:06:34.915+0000] {dagbag.py:588} INFO - Filling up the DagBag from /opt/airflow/dags/spark_airflow.py
[2024-12-17T00:06:34.933+0000] {processor.py:925} INFO - DAG(s) 'spark_dag' retrieved from /opt/airflow/dags/spark_airflow.py
[2024-12-17T00:06:34.956+0000] {logging_mixin.py:190} INFO - [2024-12-17T00:06:34.956+0000] {dag.py:3239} INFO - Sync 1 DAGs
[2024-12-17T00:06:34.973+0000] {logging_mixin.py:190} INFO - [2024-12-17T00:06:34.973+0000] {dag.py:4180} INFO - Setting next_dagrun for spark_dag to 2024-12-17T00:00:00+00:00, run_after=2024-12-18T00:00:00+00:00
[2024-12-17T00:06:34.996+0000] {processor.py:208} INFO - Processing /opt/airflow/dags/spark_airflow.py took 0.091 seconds
[2024-12-17T00:07:05.344+0000] {processor.py:186} INFO - Started process (PID=77) to work on /opt/airflow/dags/spark_airflow.py
[2024-12-17T00:07:05.345+0000] {processor.py:914} INFO - Processing file /opt/airflow/dags/spark_airflow.py for tasks to queue
[2024-12-17T00:07:05.346+0000] {logging_mixin.py:190} INFO - [2024-12-17T00:07:05.346+0000] {dagbag.py:588} INFO - Filling up the DagBag from /opt/airflow/dags/spark_airflow.py
[2024-12-17T00:07:05.360+0000] {processor.py:925} INFO - DAG(s) 'spark_dag' retrieved from /opt/airflow/dags/spark_airflow.py
[2024-12-17T00:07:05.380+0000] {logging_mixin.py:190} INFO - [2024-12-17T00:07:05.380+0000] {dag.py:3239} INFO - Sync 1 DAGs
[2024-12-17T00:07:05.397+0000] {logging_mixin.py:190} INFO - [2024-12-17T00:07:05.397+0000] {dag.py:4180} INFO - Setting next_dagrun for spark_dag to 2024-12-17T00:00:00+00:00, run_after=2024-12-18T00:00:00+00:00
[2024-12-17T00:07:05.420+0000] {processor.py:208} INFO - Processing /opt/airflow/dags/spark_airflow.py took 0.080 seconds
[2024-12-17T00:07:35.700+0000] {processor.py:186} INFO - Started process (PID=82) to work on /opt/airflow/dags/spark_airflow.py
[2024-12-17T00:07:35.701+0000] {processor.py:914} INFO - Processing file /opt/airflow/dags/spark_airflow.py for tasks to queue
[2024-12-17T00:07:35.703+0000] {logging_mixin.py:190} INFO - [2024-12-17T00:07:35.703+0000] {dagbag.py:588} INFO - Filling up the DagBag from /opt/airflow/dags/spark_airflow.py
[2024-12-17T00:07:35.718+0000] {processor.py:925} INFO - DAG(s) 'spark_dag' retrieved from /opt/airflow/dags/spark_airflow.py
[2024-12-17T00:07:35.738+0000] {logging_mixin.py:190} INFO - [2024-12-17T00:07:35.738+0000] {dag.py:3239} INFO - Sync 1 DAGs
[2024-12-17T00:07:35.755+0000] {logging_mixin.py:190} INFO - [2024-12-17T00:07:35.755+0000] {dag.py:4180} INFO - Setting next_dagrun for spark_dag to 2024-12-17T00:00:00+00:00, run_after=2024-12-18T00:00:00+00:00
[2024-12-17T00:07:35.779+0000] {processor.py:208} INFO - Processing /opt/airflow/dags/spark_airflow.py took 0.083 seconds
[2024-12-17T00:08:06.124+0000] {processor.py:186} INFO - Started process (PID=87) to work on /opt/airflow/dags/spark_airflow.py
[2024-12-17T00:08:06.125+0000] {processor.py:914} INFO - Processing file /opt/airflow/dags/spark_airflow.py for tasks to queue
[2024-12-17T00:08:06.127+0000] {logging_mixin.py:190} INFO - [2024-12-17T00:08:06.126+0000] {dagbag.py:588} INFO - Filling up the DagBag from /opt/airflow/dags/spark_airflow.py
[2024-12-17T00:08:06.142+0000] {processor.py:925} INFO - DAG(s) 'spark_dag' retrieved from /opt/airflow/dags/spark_airflow.py
[2024-12-17T00:08:06.162+0000] {logging_mixin.py:190} INFO - [2024-12-17T00:08:06.162+0000] {dag.py:3239} INFO - Sync 1 DAGs
[2024-12-17T00:08:06.179+0000] {logging_mixin.py:190} INFO - [2024-12-17T00:08:06.178+0000] {dag.py:4180} INFO - Setting next_dagrun for spark_dag to 2024-12-17T00:00:00+00:00, run_after=2024-12-18T00:00:00+00:00
[2024-12-17T00:08:06.202+0000] {processor.py:208} INFO - Processing /opt/airflow/dags/spark_airflow.py took 0.084 seconds
[2024-12-17T00:08:36.489+0000] {processor.py:186} INFO - Started process (PID=92) to work on /opt/airflow/dags/spark_airflow.py
[2024-12-17T00:08:36.490+0000] {processor.py:914} INFO - Processing file /opt/airflow/dags/spark_airflow.py for tasks to queue
[2024-12-17T00:08:36.492+0000] {logging_mixin.py:190} INFO - [2024-12-17T00:08:36.492+0000] {dagbag.py:588} INFO - Filling up the DagBag from /opt/airflow/dags/spark_airflow.py
[2024-12-17T00:08:36.505+0000] {processor.py:925} INFO - DAG(s) 'spark_dag' retrieved from /opt/airflow/dags/spark_airflow.py
[2024-12-17T00:08:36.524+0000] {logging_mixin.py:190} INFO - [2024-12-17T00:08:36.524+0000] {dag.py:3239} INFO - Sync 1 DAGs
[2024-12-17T00:08:36.540+0000] {logging_mixin.py:190} INFO - [2024-12-17T00:08:36.540+0000] {dag.py:4180} INFO - Setting next_dagrun for spark_dag to 2024-12-17T00:00:00+00:00, run_after=2024-12-18T00:00:00+00:00
[2024-12-17T00:08:36.562+0000] {processor.py:208} INFO - Processing /opt/airflow/dags/spark_airflow.py took 0.077 seconds
[2024-12-17T00:09:06.858+0000] {processor.py:186} INFO - Started process (PID=97) to work on /opt/airflow/dags/spark_airflow.py
[2024-12-17T00:09:06.859+0000] {processor.py:914} INFO - Processing file /opt/airflow/dags/spark_airflow.py for tasks to queue
[2024-12-17T00:09:06.861+0000] {logging_mixin.py:190} INFO - [2024-12-17T00:09:06.861+0000] {dagbag.py:588} INFO - Filling up the DagBag from /opt/airflow/dags/spark_airflow.py
[2024-12-17T00:09:06.875+0000] {processor.py:925} INFO - DAG(s) 'spark_dag' retrieved from /opt/airflow/dags/spark_airflow.py
[2024-12-17T00:09:06.895+0000] {logging_mixin.py:190} INFO - [2024-12-17T00:09:06.895+0000] {dag.py:3239} INFO - Sync 1 DAGs
[2024-12-17T00:09:06.912+0000] {logging_mixin.py:190} INFO - [2024-12-17T00:09:06.912+0000] {dag.py:4180} INFO - Setting next_dagrun for spark_dag to 2024-12-17T00:00:00+00:00, run_after=2024-12-18T00:00:00+00:00
[2024-12-17T00:09:06.929+0000] {processor.py:208} INFO - Processing /opt/airflow/dags/spark_airflow.py took 0.075 seconds
[2024-12-17T00:09:37.153+0000] {processor.py:186} INFO - Started process (PID=102) to work on /opt/airflow/dags/spark_airflow.py
[2024-12-17T00:09:37.154+0000] {processor.py:914} INFO - Processing file /opt/airflow/dags/spark_airflow.py for tasks to queue
[2024-12-17T00:09:37.156+0000] {logging_mixin.py:190} INFO - [2024-12-17T00:09:37.156+0000] {dagbag.py:588} INFO - Filling up the DagBag from /opt/airflow/dags/spark_airflow.py
[2024-12-17T00:09:37.171+0000] {processor.py:925} INFO - DAG(s) 'spark_dag' retrieved from /opt/airflow/dags/spark_airflow.py
[2024-12-17T00:09:37.191+0000] {logging_mixin.py:190} INFO - [2024-12-17T00:09:37.191+0000] {dag.py:3239} INFO - Sync 1 DAGs
[2024-12-17T00:09:37.208+0000] {logging_mixin.py:190} INFO - [2024-12-17T00:09:37.208+0000] {dag.py:4180} INFO - Setting next_dagrun for spark_dag to 2024-12-17T00:00:00+00:00, run_after=2024-12-18T00:00:00+00:00
[2024-12-17T00:09:37.231+0000] {processor.py:208} INFO - Processing /opt/airflow/dags/spark_airflow.py took 0.083 seconds
[2024-12-17T00:10:07.431+0000] {processor.py:186} INFO - Started process (PID=107) to work on /opt/airflow/dags/spark_airflow.py
[2024-12-17T00:10:07.432+0000] {processor.py:914} INFO - Processing file /opt/airflow/dags/spark_airflow.py for tasks to queue
[2024-12-17T00:10:07.434+0000] {logging_mixin.py:190} INFO - [2024-12-17T00:10:07.434+0000] {dagbag.py:588} INFO - Filling up the DagBag from /opt/airflow/dags/spark_airflow.py
[2024-12-17T00:10:07.455+0000] {processor.py:925} INFO - DAG(s) 'spark_dag' retrieved from /opt/airflow/dags/spark_airflow.py
[2024-12-17T00:10:07.481+0000] {logging_mixin.py:190} INFO - [2024-12-17T00:10:07.480+0000] {dag.py:3239} INFO - Sync 1 DAGs
[2024-12-17T00:10:07.503+0000] {logging_mixin.py:190} INFO - [2024-12-17T00:10:07.502+0000] {dag.py:4180} INFO - Setting next_dagrun for spark_dag to 2024-12-17T00:00:00+00:00, run_after=2024-12-18T00:00:00+00:00
[2024-12-17T00:10:07.525+0000] {processor.py:208} INFO - Processing /opt/airflow/dags/spark_airflow.py took 0.099 seconds
[2024-12-17T00:10:37.672+0000] {processor.py:186} INFO - Started process (PID=112) to work on /opt/airflow/dags/spark_airflow.py
[2024-12-17T00:10:37.673+0000] {processor.py:914} INFO - Processing file /opt/airflow/dags/spark_airflow.py for tasks to queue
[2024-12-17T00:10:37.675+0000] {logging_mixin.py:190} INFO - [2024-12-17T00:10:37.675+0000] {dagbag.py:588} INFO - Filling up the DagBag from /opt/airflow/dags/spark_airflow.py
[2024-12-17T00:10:37.706+0000] {processor.py:925} INFO - DAG(s) 'spark_dag' retrieved from /opt/airflow/dags/spark_airflow.py
[2024-12-17T00:10:37.729+0000] {logging_mixin.py:190} INFO - [2024-12-17T00:10:37.729+0000] {dag.py:3239} INFO - Sync 1 DAGs
[2024-12-17T00:10:37.749+0000] {logging_mixin.py:190} INFO - [2024-12-17T00:10:37.748+0000] {dag.py:4180} INFO - Setting next_dagrun for spark_dag to 2024-12-17T00:00:00+00:00, run_after=2024-12-18T00:00:00+00:00
[2024-12-17T00:10:37.766+0000] {processor.py:208} INFO - Processing /opt/airflow/dags/spark_airflow.py took 0.101 seconds
[2024-12-17T00:11:08.103+0000] {processor.py:186} INFO - Started process (PID=117) to work on /opt/airflow/dags/spark_airflow.py
[2024-12-17T00:11:08.103+0000] {processor.py:914} INFO - Processing file /opt/airflow/dags/spark_airflow.py for tasks to queue
[2024-12-17T00:11:08.105+0000] {logging_mixin.py:190} INFO - [2024-12-17T00:11:08.105+0000] {dagbag.py:588} INFO - Filling up the DagBag from /opt/airflow/dags/spark_airflow.py
[2024-12-17T00:11:08.119+0000] {processor.py:925} INFO - DAG(s) 'spark_dag' retrieved from /opt/airflow/dags/spark_airflow.py
[2024-12-17T00:11:08.138+0000] {logging_mixin.py:190} INFO - [2024-12-17T00:11:08.138+0000] {dag.py:3239} INFO - Sync 1 DAGs
[2024-12-17T00:11:08.154+0000] {logging_mixin.py:190} INFO - [2024-12-17T00:11:08.154+0000] {dag.py:4180} INFO - Setting next_dagrun for spark_dag to 2024-12-17T00:00:00+00:00, run_after=2024-12-18T00:00:00+00:00
[2024-12-17T00:11:08.176+0000] {processor.py:208} INFO - Processing /opt/airflow/dags/spark_airflow.py took 0.078 seconds
[2024-12-17T00:11:38.492+0000] {processor.py:186} INFO - Started process (PID=122) to work on /opt/airflow/dags/spark_airflow.py
[2024-12-17T00:11:38.493+0000] {processor.py:914} INFO - Processing file /opt/airflow/dags/spark_airflow.py for tasks to queue
[2024-12-17T00:11:38.495+0000] {logging_mixin.py:190} INFO - [2024-12-17T00:11:38.495+0000] {dagbag.py:588} INFO - Filling up the DagBag from /opt/airflow/dags/spark_airflow.py
[2024-12-17T00:11:38.512+0000] {processor.py:925} INFO - DAG(s) 'spark_dag' retrieved from /opt/airflow/dags/spark_airflow.py
[2024-12-17T00:11:38.533+0000] {logging_mixin.py:190} INFO - [2024-12-17T00:11:38.533+0000] {dag.py:3239} INFO - Sync 1 DAGs
[2024-12-17T00:11:38.550+0000] {logging_mixin.py:190} INFO - [2024-12-17T00:11:38.550+0000] {dag.py:4180} INFO - Setting next_dagrun for spark_dag to 2024-12-17T00:00:00+00:00, run_after=2024-12-18T00:00:00+00:00
[2024-12-17T00:11:38.572+0000] {processor.py:208} INFO - Processing /opt/airflow/dags/spark_airflow.py took 0.084 seconds
[2024-12-17T00:12:08.893+0000] {processor.py:186} INFO - Started process (PID=127) to work on /opt/airflow/dags/spark_airflow.py
[2024-12-17T00:12:08.893+0000] {processor.py:914} INFO - Processing file /opt/airflow/dags/spark_airflow.py for tasks to queue
[2024-12-17T00:12:08.896+0000] {logging_mixin.py:190} INFO - [2024-12-17T00:12:08.895+0000] {dagbag.py:588} INFO - Filling up the DagBag from /opt/airflow/dags/spark_airflow.py
[2024-12-17T00:12:08.910+0000] {processor.py:925} INFO - DAG(s) 'spark_dag' retrieved from /opt/airflow/dags/spark_airflow.py
[2024-12-17T00:12:08.931+0000] {logging_mixin.py:190} INFO - [2024-12-17T00:12:08.931+0000] {dag.py:3239} INFO - Sync 1 DAGs
[2024-12-17T00:12:08.947+0000] {logging_mixin.py:190} INFO - [2024-12-17T00:12:08.947+0000] {dag.py:4180} INFO - Setting next_dagrun for spark_dag to 2024-12-17T00:00:00+00:00, run_after=2024-12-18T00:00:00+00:00
[2024-12-17T00:12:08.970+0000] {processor.py:208} INFO - Processing /opt/airflow/dags/spark_airflow.py took 0.081 seconds
[2024-12-17T00:12:39.235+0000] {processor.py:186} INFO - Started process (PID=132) to work on /opt/airflow/dags/spark_airflow.py
[2024-12-17T00:12:39.236+0000] {processor.py:914} INFO - Processing file /opt/airflow/dags/spark_airflow.py for tasks to queue
[2024-12-17T00:12:39.239+0000] {logging_mixin.py:190} INFO - [2024-12-17T00:12:39.239+0000] {dagbag.py:588} INFO - Filling up the DagBag from /opt/airflow/dags/spark_airflow.py
[2024-12-17T00:12:39.255+0000] {processor.py:925} INFO - DAG(s) 'spark_dag' retrieved from /opt/airflow/dags/spark_airflow.py
[2024-12-17T00:12:39.283+0000] {logging_mixin.py:190} INFO - [2024-12-17T00:12:39.283+0000] {dag.py:3239} INFO - Sync 1 DAGs
[2024-12-17T00:12:39.300+0000] {logging_mixin.py:190} INFO - [2024-12-17T00:12:39.299+0000] {dag.py:4180} INFO - Setting next_dagrun for spark_dag to 2024-12-17T00:00:00+00:00, run_after=2024-12-18T00:00:00+00:00
[2024-12-17T00:12:39.322+0000] {processor.py:208} INFO - Processing /opt/airflow/dags/spark_airflow.py took 0.093 seconds
[2024-12-17T00:13:09.663+0000] {processor.py:186} INFO - Started process (PID=137) to work on /opt/airflow/dags/spark_airflow.py
[2024-12-17T00:13:09.664+0000] {processor.py:914} INFO - Processing file /opt/airflow/dags/spark_airflow.py for tasks to queue
[2024-12-17T00:13:09.667+0000] {logging_mixin.py:190} INFO - [2024-12-17T00:13:09.667+0000] {dagbag.py:588} INFO - Filling up the DagBag from /opt/airflow/dags/spark_airflow.py
[2024-12-17T00:13:09.683+0000] {processor.py:925} INFO - DAG(s) 'spark_dag' retrieved from /opt/airflow/dags/spark_airflow.py
[2024-12-17T00:13:09.708+0000] {logging_mixin.py:190} INFO - [2024-12-17T00:13:09.708+0000] {dag.py:3239} INFO - Sync 1 DAGs
[2024-12-17T00:13:09.726+0000] {logging_mixin.py:190} INFO - [2024-12-17T00:13:09.726+0000] {dag.py:4180} INFO - Setting next_dagrun for spark_dag to 2024-12-17T00:00:00+00:00, run_after=2024-12-18T00:00:00+00:00
[2024-12-17T00:13:09.746+0000] {processor.py:208} INFO - Processing /opt/airflow/dags/spark_airflow.py took 0.087 seconds
[2024-12-17T00:13:40.030+0000] {processor.py:186} INFO - Started process (PID=142) to work on /opt/airflow/dags/spark_airflow.py
[2024-12-17T00:13:40.031+0000] {processor.py:914} INFO - Processing file /opt/airflow/dags/spark_airflow.py for tasks to queue
[2024-12-17T00:13:40.033+0000] {logging_mixin.py:190} INFO - [2024-12-17T00:13:40.033+0000] {dagbag.py:588} INFO - Filling up the DagBag from /opt/airflow/dags/spark_airflow.py
[2024-12-17T00:13:40.047+0000] {processor.py:925} INFO - DAG(s) 'spark_dag' retrieved from /opt/airflow/dags/spark_airflow.py
[2024-12-17T00:13:40.072+0000] {logging_mixin.py:190} INFO - [2024-12-17T00:13:40.072+0000] {dag.py:3239} INFO - Sync 1 DAGs
[2024-12-17T00:13:40.089+0000] {logging_mixin.py:190} INFO - [2024-12-17T00:13:40.089+0000] {dag.py:4180} INFO - Setting next_dagrun for spark_dag to 2024-12-17T00:00:00+00:00, run_after=2024-12-18T00:00:00+00:00
[2024-12-17T00:13:40.111+0000] {processor.py:208} INFO - Processing /opt/airflow/dags/spark_airflow.py took 0.086 seconds
[2024-12-17T00:14:10.406+0000] {processor.py:186} INFO - Started process (PID=147) to work on /opt/airflow/dags/spark_airflow.py
[2024-12-17T00:14:10.407+0000] {processor.py:914} INFO - Processing file /opt/airflow/dags/spark_airflow.py for tasks to queue
[2024-12-17T00:14:10.409+0000] {logging_mixin.py:190} INFO - [2024-12-17T00:14:10.409+0000] {dagbag.py:588} INFO - Filling up the DagBag from /opt/airflow/dags/spark_airflow.py
[2024-12-17T00:14:10.422+0000] {processor.py:925} INFO - DAG(s) 'spark_dag' retrieved from /opt/airflow/dags/spark_airflow.py
[2024-12-17T00:14:10.448+0000] {logging_mixin.py:190} INFO - [2024-12-17T00:14:10.448+0000] {dag.py:3239} INFO - Sync 1 DAGs
[2024-12-17T00:14:10.466+0000] {logging_mixin.py:190} INFO - [2024-12-17T00:14:10.465+0000] {dag.py:4180} INFO - Setting next_dagrun for spark_dag to 2024-12-17T00:00:00+00:00, run_after=2024-12-18T00:00:00+00:00
[2024-12-17T00:14:10.483+0000] {processor.py:208} INFO - Processing /opt/airflow/dags/spark_airflow.py took 0.081 seconds
[2024-12-17T00:14:40.697+0000] {processor.py:186} INFO - Started process (PID=152) to work on /opt/airflow/dags/spark_airflow.py
[2024-12-17T00:14:40.698+0000] {processor.py:914} INFO - Processing file /opt/airflow/dags/spark_airflow.py for tasks to queue
[2024-12-17T00:14:40.700+0000] {logging_mixin.py:190} INFO - [2024-12-17T00:14:40.700+0000] {dagbag.py:588} INFO - Filling up the DagBag from /opt/airflow/dags/spark_airflow.py
[2024-12-17T00:14:40.714+0000] {processor.py:925} INFO - DAG(s) 'spark_dag' retrieved from /opt/airflow/dags/spark_airflow.py
[2024-12-17T00:14:40.740+0000] {logging_mixin.py:190} INFO - [2024-12-17T00:14:40.740+0000] {dag.py:3239} INFO - Sync 1 DAGs
[2024-12-17T00:14:40.757+0000] {logging_mixin.py:190} INFO - [2024-12-17T00:14:40.757+0000] {dag.py:4180} INFO - Setting next_dagrun for spark_dag to 2024-12-17T00:00:00+00:00, run_after=2024-12-18T00:00:00+00:00
[2024-12-17T00:14:40.780+0000] {processor.py:208} INFO - Processing /opt/airflow/dags/spark_airflow.py took 0.087 seconds
[2024-12-17T00:15:11.067+0000] {processor.py:186} INFO - Started process (PID=157) to work on /opt/airflow/dags/spark_airflow.py
[2024-12-17T00:15:11.069+0000] {processor.py:914} INFO - Processing file /opt/airflow/dags/spark_airflow.py for tasks to queue
[2024-12-17T00:15:11.072+0000] {logging_mixin.py:190} INFO - [2024-12-17T00:15:11.072+0000] {dagbag.py:588} INFO - Filling up the DagBag from /opt/airflow/dags/spark_airflow.py
[2024-12-17T00:15:11.094+0000] {processor.py:925} INFO - DAG(s) 'spark_dag' retrieved from /opt/airflow/dags/spark_airflow.py
[2024-12-17T00:15:11.135+0000] {logging_mixin.py:190} INFO - [2024-12-17T00:15:11.135+0000] {dag.py:3239} INFO - Sync 1 DAGs
[2024-12-17T00:15:11.164+0000] {logging_mixin.py:190} INFO - [2024-12-17T00:15:11.164+0000] {dag.py:4180} INFO - Setting next_dagrun for spark_dag to 2024-12-17T00:00:00+00:00, run_after=2024-12-18T00:00:00+00:00
[2024-12-17T00:15:11.185+0000] {processor.py:208} INFO - Processing /opt/airflow/dags/spark_airflow.py took 0.123 seconds
[2024-12-17T00:15:41.404+0000] {processor.py:186} INFO - Started process (PID=162) to work on /opt/airflow/dags/spark_airflow.py
[2024-12-17T00:15:41.405+0000] {processor.py:914} INFO - Processing file /opt/airflow/dags/spark_airflow.py for tasks to queue
[2024-12-17T00:15:41.407+0000] {logging_mixin.py:190} INFO - [2024-12-17T00:15:41.407+0000] {dagbag.py:588} INFO - Filling up the DagBag from /opt/airflow/dags/spark_airflow.py
[2024-12-17T00:15:41.423+0000] {processor.py:925} INFO - DAG(s) 'spark_dag' retrieved from /opt/airflow/dags/spark_airflow.py
[2024-12-17T00:15:41.449+0000] {logging_mixin.py:190} INFO - [2024-12-17T00:15:41.449+0000] {dag.py:3239} INFO - Sync 1 DAGs
[2024-12-17T00:15:41.465+0000] {logging_mixin.py:190} INFO - [2024-12-17T00:15:41.465+0000] {dag.py:4180} INFO - Setting next_dagrun for spark_dag to 2024-12-17T00:00:00+00:00, run_after=2024-12-18T00:00:00+00:00
[2024-12-17T00:15:41.488+0000] {processor.py:208} INFO - Processing /opt/airflow/dags/spark_airflow.py took 0.088 seconds
[2024-12-17T00:16:11.881+0000] {processor.py:186} INFO - Started process (PID=167) to work on /opt/airflow/dags/spark_airflow.py
[2024-12-17T00:16:11.882+0000] {processor.py:914} INFO - Processing file /opt/airflow/dags/spark_airflow.py for tasks to queue
[2024-12-17T00:16:11.884+0000] {logging_mixin.py:190} INFO - [2024-12-17T00:16:11.884+0000] {dagbag.py:588} INFO - Filling up the DagBag from /opt/airflow/dags/spark_airflow.py
[2024-12-17T00:16:11.901+0000] {processor.py:925} INFO - DAG(s) 'spark_dag' retrieved from /opt/airflow/dags/spark_airflow.py
[2024-12-17T00:16:11.934+0000] {logging_mixin.py:190} INFO - [2024-12-17T00:16:11.933+0000] {dag.py:3239} INFO - Sync 1 DAGs
[2024-12-17T00:16:11.961+0000] {logging_mixin.py:190} INFO - [2024-12-17T00:16:11.961+0000] {dag.py:4180} INFO - Setting next_dagrun for spark_dag to 2024-12-17T00:00:00+00:00, run_after=2024-12-18T00:00:00+00:00
[2024-12-17T00:16:11.981+0000] {processor.py:208} INFO - Processing /opt/airflow/dags/spark_airflow.py took 0.104 seconds
[2024-12-17T00:16:42.207+0000] {processor.py:186} INFO - Started process (PID=172) to work on /opt/airflow/dags/spark_airflow.py
[2024-12-17T00:16:42.208+0000] {processor.py:914} INFO - Processing file /opt/airflow/dags/spark_airflow.py for tasks to queue
[2024-12-17T00:16:42.211+0000] {logging_mixin.py:190} INFO - [2024-12-17T00:16:42.210+0000] {dagbag.py:588} INFO - Filling up the DagBag from /opt/airflow/dags/spark_airflow.py
[2024-12-17T00:16:42.229+0000] {processor.py:925} INFO - DAG(s) 'spark_dag' retrieved from /opt/airflow/dags/spark_airflow.py
[2024-12-17T00:16:42.260+0000] {logging_mixin.py:190} INFO - [2024-12-17T00:16:42.260+0000] {dag.py:3239} INFO - Sync 1 DAGs
[2024-12-17T00:16:42.276+0000] {logging_mixin.py:190} INFO - [2024-12-17T00:16:42.276+0000] {dag.py:4180} INFO - Setting next_dagrun for spark_dag to 2024-12-17T00:00:00+00:00, run_after=2024-12-18T00:00:00+00:00
[2024-12-17T00:16:42.299+0000] {processor.py:208} INFO - Processing /opt/airflow/dags/spark_airflow.py took 0.098 seconds
[2024-12-17T00:17:12.574+0000] {processor.py:186} INFO - Started process (PID=177) to work on /opt/airflow/dags/spark_airflow.py
[2024-12-17T00:17:12.575+0000] {processor.py:914} INFO - Processing file /opt/airflow/dags/spark_airflow.py for tasks to queue
[2024-12-17T00:17:12.578+0000] {logging_mixin.py:190} INFO - [2024-12-17T00:17:12.578+0000] {dagbag.py:588} INFO - Filling up the DagBag from /opt/airflow/dags/spark_airflow.py
[2024-12-17T00:17:12.595+0000] {processor.py:925} INFO - DAG(s) 'spark_dag' retrieved from /opt/airflow/dags/spark_airflow.py
[2024-12-17T00:17:12.621+0000] {logging_mixin.py:190} INFO - [2024-12-17T00:17:12.621+0000] {dag.py:3239} INFO - Sync 1 DAGs
[2024-12-17T00:17:12.638+0000] {logging_mixin.py:190} INFO - [2024-12-17T00:17:12.637+0000] {dag.py:4180} INFO - Setting next_dagrun for spark_dag to 2024-12-17T00:00:00+00:00, run_after=2024-12-18T00:00:00+00:00
[2024-12-17T00:17:12.655+0000] {processor.py:208} INFO - Processing /opt/airflow/dags/spark_airflow.py took 0.085 seconds
[2024-12-17T00:17:42.827+0000] {processor.py:186} INFO - Started process (PID=182) to work on /opt/airflow/dags/spark_airflow.py
[2024-12-17T00:17:42.828+0000] {processor.py:914} INFO - Processing file /opt/airflow/dags/spark_airflow.py for tasks to queue
[2024-12-17T00:17:42.832+0000] {logging_mixin.py:190} INFO - [2024-12-17T00:17:42.832+0000] {dagbag.py:588} INFO - Filling up the DagBag from /opt/airflow/dags/spark_airflow.py
[2024-12-17T00:17:42.858+0000] {processor.py:925} INFO - DAG(s) 'spark_dag' retrieved from /opt/airflow/dags/spark_airflow.py
[2024-12-17T00:17:42.891+0000] {logging_mixin.py:190} INFO - [2024-12-17T00:17:42.891+0000] {dag.py:3239} INFO - Sync 1 DAGs
[2024-12-17T00:17:42.913+0000] {logging_mixin.py:190} INFO - [2024-12-17T00:17:42.913+0000] {dag.py:4180} INFO - Setting next_dagrun for spark_dag to 2024-12-17T00:00:00+00:00, run_after=2024-12-18T00:00:00+00:00
[2024-12-17T00:17:42.937+0000] {processor.py:208} INFO - Processing /opt/airflow/dags/spark_airflow.py took 0.114 seconds
[2024-12-17T00:18:13.078+0000] {processor.py:186} INFO - Started process (PID=187) to work on /opt/airflow/dags/spark_airflow.py
[2024-12-17T00:18:13.079+0000] {processor.py:914} INFO - Processing file /opt/airflow/dags/spark_airflow.py for tasks to queue
[2024-12-17T00:18:13.082+0000] {logging_mixin.py:190} INFO - [2024-12-17T00:18:13.082+0000] {dagbag.py:588} INFO - Filling up the DagBag from /opt/airflow/dags/spark_airflow.py
[2024-12-17T00:18:13.102+0000] {processor.py:925} INFO - DAG(s) 'spark_dag' retrieved from /opt/airflow/dags/spark_airflow.py
[2024-12-17T00:18:13.139+0000] {logging_mixin.py:190} INFO - [2024-12-17T00:18:13.138+0000] {dag.py:3239} INFO - Sync 1 DAGs
[2024-12-17T00:18:13.174+0000] {logging_mixin.py:190} INFO - [2024-12-17T00:18:13.173+0000] {dag.py:4180} INFO - Setting next_dagrun for spark_dag to 2024-12-17T00:00:00+00:00, run_after=2024-12-18T00:00:00+00:00
[2024-12-17T00:18:13.203+0000] {processor.py:208} INFO - Processing /opt/airflow/dags/spark_airflow.py took 0.130 seconds
[2024-12-17T00:18:43.362+0000] {processor.py:186} INFO - Started process (PID=192) to work on /opt/airflow/dags/spark_airflow.py
[2024-12-17T00:18:43.363+0000] {processor.py:914} INFO - Processing file /opt/airflow/dags/spark_airflow.py for tasks to queue
[2024-12-17T00:18:43.366+0000] {logging_mixin.py:190} INFO - [2024-12-17T00:18:43.365+0000] {dagbag.py:588} INFO - Filling up the DagBag from /opt/airflow/dags/spark_airflow.py
[2024-12-17T00:18:43.389+0000] {processor.py:925} INFO - DAG(s) 'spark_dag' retrieved from /opt/airflow/dags/spark_airflow.py
[2024-12-17T00:18:43.422+0000] {logging_mixin.py:190} INFO - [2024-12-17T00:18:43.422+0000] {dag.py:3239} INFO - Sync 1 DAGs
[2024-12-17T00:18:43.448+0000] {logging_mixin.py:190} INFO - [2024-12-17T00:18:43.448+0000] {dag.py:4180} INFO - Setting next_dagrun for spark_dag to 2024-12-17T00:00:00+00:00, run_after=2024-12-18T00:00:00+00:00
[2024-12-17T00:18:43.475+0000] {processor.py:208} INFO - Processing /opt/airflow/dags/spark_airflow.py took 0.118 seconds
[2024-12-17T00:19:13.635+0000] {processor.py:186} INFO - Started process (PID=197) to work on /opt/airflow/dags/spark_airflow.py
[2024-12-17T00:19:13.636+0000] {processor.py:914} INFO - Processing file /opt/airflow/dags/spark_airflow.py for tasks to queue
[2024-12-17T00:19:13.639+0000] {logging_mixin.py:190} INFO - [2024-12-17T00:19:13.639+0000] {dagbag.py:588} INFO - Filling up the DagBag from /opt/airflow/dags/spark_airflow.py
[2024-12-17T00:19:13.659+0000] {processor.py:925} INFO - DAG(s) 'spark_dag' retrieved from /opt/airflow/dags/spark_airflow.py
[2024-12-17T00:19:13.692+0000] {logging_mixin.py:190} INFO - [2024-12-17T00:19:13.692+0000] {dag.py:3239} INFO - Sync 1 DAGs
[2024-12-17T00:19:13.715+0000] {logging_mixin.py:190} INFO - [2024-12-17T00:19:13.715+0000] {dag.py:4180} INFO - Setting next_dagrun for spark_dag to 2024-12-17T00:00:00+00:00, run_after=2024-12-18T00:00:00+00:00
[2024-12-17T00:19:13.735+0000] {processor.py:208} INFO - Processing /opt/airflow/dags/spark_airflow.py took 0.105 seconds
[2024-12-17T00:19:43.910+0000] {processor.py:186} INFO - Started process (PID=202) to work on /opt/airflow/dags/spark_airflow.py
[2024-12-17T00:19:43.911+0000] {processor.py:914} INFO - Processing file /opt/airflow/dags/spark_airflow.py for tasks to queue
[2024-12-17T00:19:43.914+0000] {logging_mixin.py:190} INFO - [2024-12-17T00:19:43.914+0000] {dagbag.py:588} INFO - Filling up the DagBag from /opt/airflow/dags/spark_airflow.py
[2024-12-17T00:19:43.940+0000] {processor.py:925} INFO - DAG(s) 'spark_dag' retrieved from /opt/airflow/dags/spark_airflow.py
[2024-12-17T00:19:43.971+0000] {logging_mixin.py:190} INFO - [2024-12-17T00:19:43.971+0000] {dag.py:3239} INFO - Sync 1 DAGs
[2024-12-17T00:19:43.997+0000] {logging_mixin.py:190} INFO - [2024-12-17T00:19:43.997+0000] {dag.py:4180} INFO - Setting next_dagrun for spark_dag to 2024-12-17T00:00:00+00:00, run_after=2024-12-18T00:00:00+00:00
[2024-12-17T00:19:44.015+0000] {processor.py:208} INFO - Processing /opt/airflow/dags/spark_airflow.py took 0.111 seconds
[2024-12-17T00:20:14.177+0000] {processor.py:186} INFO - Started process (PID=207) to work on /opt/airflow/dags/spark_airflow.py
[2024-12-17T00:20:14.178+0000] {processor.py:914} INFO - Processing file /opt/airflow/dags/spark_airflow.py for tasks to queue
[2024-12-17T00:20:14.181+0000] {logging_mixin.py:190} INFO - [2024-12-17T00:20:14.180+0000] {dagbag.py:588} INFO - Filling up the DagBag from /opt/airflow/dags/spark_airflow.py
[2024-12-17T00:20:14.215+0000] {processor.py:925} INFO - DAG(s) 'spark_dag' retrieved from /opt/airflow/dags/spark_airflow.py
[2024-12-17T00:20:14.249+0000] {logging_mixin.py:190} INFO - [2024-12-17T00:20:14.249+0000] {dag.py:3239} INFO - Sync 1 DAGs
[2024-12-17T00:20:14.272+0000] {logging_mixin.py:190} INFO - [2024-12-17T00:20:14.272+0000] {dag.py:4180} INFO - Setting next_dagrun for spark_dag to 2024-12-17T00:00:00+00:00, run_after=2024-12-18T00:00:00+00:00
[2024-12-17T00:20:14.291+0000] {processor.py:208} INFO - Processing /opt/airflow/dags/spark_airflow.py took 0.119 seconds
[2024-12-17T00:20:44.451+0000] {processor.py:186} INFO - Started process (PID=212) to work on /opt/airflow/dags/spark_airflow.py
[2024-12-17T00:20:44.452+0000] {processor.py:914} INFO - Processing file /opt/airflow/dags/spark_airflow.py for tasks to queue
[2024-12-17T00:20:44.455+0000] {logging_mixin.py:190} INFO - [2024-12-17T00:20:44.454+0000] {dagbag.py:588} INFO - Filling up the DagBag from /opt/airflow/dags/spark_airflow.py
[2024-12-17T00:20:44.485+0000] {processor.py:925} INFO - DAG(s) 'spark_dag' retrieved from /opt/airflow/dags/spark_airflow.py
[2024-12-17T00:20:44.510+0000] {logging_mixin.py:190} INFO - [2024-12-17T00:20:44.510+0000] {dag.py:3239} INFO - Sync 1 DAGs
[2024-12-17T00:20:44.531+0000] {logging_mixin.py:190} INFO - [2024-12-17T00:20:44.531+0000] {dag.py:4180} INFO - Setting next_dagrun for spark_dag to 2024-12-17T00:00:00+00:00, run_after=2024-12-18T00:00:00+00:00
[2024-12-17T00:20:44.548+0000] {processor.py:208} INFO - Processing /opt/airflow/dags/spark_airflow.py took 0.102 seconds
[2024-12-17T00:21:14.755+0000] {processor.py:186} INFO - Started process (PID=217) to work on /opt/airflow/dags/spark_airflow.py
[2024-12-17T00:21:14.756+0000] {processor.py:914} INFO - Processing file /opt/airflow/dags/spark_airflow.py for tasks to queue
[2024-12-17T00:21:14.760+0000] {logging_mixin.py:190} INFO - [2024-12-17T00:21:14.759+0000] {dagbag.py:588} INFO - Filling up the DagBag from /opt/airflow/dags/spark_airflow.py
[2024-12-17T00:21:14.785+0000] {processor.py:925} INFO - DAG(s) 'spark_dag' retrieved from /opt/airflow/dags/spark_airflow.py
[2024-12-17T00:21:14.811+0000] {logging_mixin.py:190} INFO - [2024-12-17T00:21:14.811+0000] {dag.py:3239} INFO - Sync 1 DAGs
[2024-12-17T00:21:14.835+0000] {logging_mixin.py:190} INFO - [2024-12-17T00:21:14.835+0000] {dag.py:4180} INFO - Setting next_dagrun for spark_dag to 2024-12-17T00:00:00+00:00, run_after=2024-12-18T00:00:00+00:00
[2024-12-17T00:21:14.857+0000] {processor.py:208} INFO - Processing /opt/airflow/dags/spark_airflow.py took 0.107 seconds
[2024-12-17T00:21:44.984+0000] {processor.py:186} INFO - Started process (PID=222) to work on /opt/airflow/dags/spark_airflow.py
[2024-12-17T00:21:44.985+0000] {processor.py:914} INFO - Processing file /opt/airflow/dags/spark_airflow.py for tasks to queue
[2024-12-17T00:21:44.989+0000] {logging_mixin.py:190} INFO - [2024-12-17T00:21:44.989+0000] {dagbag.py:588} INFO - Filling up the DagBag from /opt/airflow/dags/spark_airflow.py
[2024-12-17T00:21:45.030+0000] {processor.py:925} INFO - DAG(s) 'spark_dag' retrieved from /opt/airflow/dags/spark_airflow.py
[2024-12-17T00:21:45.064+0000] {logging_mixin.py:190} INFO - [2024-12-17T00:21:45.064+0000] {dag.py:3239} INFO - Sync 1 DAGs
[2024-12-17T00:21:45.087+0000] {logging_mixin.py:190} INFO - [2024-12-17T00:21:45.086+0000] {dag.py:4180} INFO - Setting next_dagrun for spark_dag to 2024-12-17T00:00:00+00:00, run_after=2024-12-18T00:00:00+00:00
[2024-12-17T00:21:45.114+0000] {processor.py:208} INFO - Processing /opt/airflow/dags/spark_airflow.py took 0.136 seconds
[2024-12-17T00:22:15.322+0000] {processor.py:186} INFO - Started process (PID=227) to work on /opt/airflow/dags/spark_airflow.py
[2024-12-17T00:22:15.323+0000] {processor.py:914} INFO - Processing file /opt/airflow/dags/spark_airflow.py for tasks to queue
[2024-12-17T00:22:15.328+0000] {logging_mixin.py:190} INFO - [2024-12-17T00:22:15.327+0000] {dagbag.py:588} INFO - Filling up the DagBag from /opt/airflow/dags/spark_airflow.py
[2024-12-17T00:22:15.366+0000] {processor.py:925} INFO - DAG(s) 'spark_dag' retrieved from /opt/airflow/dags/spark_airflow.py
[2024-12-17T00:22:15.396+0000] {logging_mixin.py:190} INFO - [2024-12-17T00:22:15.396+0000] {dag.py:3239} INFO - Sync 1 DAGs
[2024-12-17T00:22:15.420+0000] {logging_mixin.py:190} INFO - [2024-12-17T00:22:15.420+0000] {dag.py:4180} INFO - Setting next_dagrun for spark_dag to 2024-12-17T00:00:00+00:00, run_after=2024-12-18T00:00:00+00:00
[2024-12-17T00:22:15.443+0000] {processor.py:208} INFO - Processing /opt/airflow/dags/spark_airflow.py took 0.126 seconds
[2024-12-17T00:22:45.599+0000] {processor.py:186} INFO - Started process (PID=232) to work on /opt/airflow/dags/spark_airflow.py
[2024-12-17T00:22:45.600+0000] {processor.py:914} INFO - Processing file /opt/airflow/dags/spark_airflow.py for tasks to queue
[2024-12-17T00:22:45.602+0000] {logging_mixin.py:190} INFO - [2024-12-17T00:22:45.602+0000] {dagbag.py:588} INFO - Filling up the DagBag from /opt/airflow/dags/spark_airflow.py
[2024-12-17T00:22:45.625+0000] {processor.py:925} INFO - DAG(s) 'spark_dag' retrieved from /opt/airflow/dags/spark_airflow.py
[2024-12-17T00:22:45.653+0000] {logging_mixin.py:190} INFO - [2024-12-17T00:22:45.652+0000] {dag.py:3239} INFO - Sync 1 DAGs
[2024-12-17T00:22:45.686+0000] {logging_mixin.py:190} INFO - [2024-12-17T00:22:45.685+0000] {dag.py:4180} INFO - Setting next_dagrun for spark_dag to 2024-12-17T00:00:00+00:00, run_after=2024-12-18T00:00:00+00:00
[2024-12-17T00:22:45.716+0000] {processor.py:208} INFO - Processing /opt/airflow/dags/spark_airflow.py took 0.122 seconds
[2024-12-17T00:23:15.960+0000] {processor.py:186} INFO - Started process (PID=237) to work on /opt/airflow/dags/spark_airflow.py
[2024-12-17T00:23:15.960+0000] {processor.py:914} INFO - Processing file /opt/airflow/dags/spark_airflow.py for tasks to queue
[2024-12-17T00:23:15.963+0000] {logging_mixin.py:190} INFO - [2024-12-17T00:23:15.963+0000] {dagbag.py:588} INFO - Filling up the DagBag from /opt/airflow/dags/spark_airflow.py
[2024-12-17T00:23:15.998+0000] {processor.py:925} INFO - DAG(s) 'spark_dag' retrieved from /opt/airflow/dags/spark_airflow.py
[2024-12-17T00:23:16.025+0000] {logging_mixin.py:190} INFO - [2024-12-17T00:23:16.024+0000] {dag.py:3239} INFO - Sync 1 DAGs
[2024-12-17T00:23:16.049+0000] {logging_mixin.py:190} INFO - [2024-12-17T00:23:16.049+0000] {dag.py:4180} INFO - Setting next_dagrun for spark_dag to 2024-12-17T00:00:00+00:00, run_after=2024-12-18T00:00:00+00:00
[2024-12-17T00:23:16.071+0000] {processor.py:208} INFO - Processing /opt/airflow/dags/spark_airflow.py took 0.116 seconds
[2024-12-17T00:23:46.192+0000] {processor.py:186} INFO - Started process (PID=242) to work on /opt/airflow/dags/spark_airflow.py
[2024-12-17T00:23:46.192+0000] {processor.py:914} INFO - Processing file /opt/airflow/dags/spark_airflow.py for tasks to queue
[2024-12-17T00:23:46.195+0000] {logging_mixin.py:190} INFO - [2024-12-17T00:23:46.195+0000] {dagbag.py:588} INFO - Filling up the DagBag from /opt/airflow/dags/spark_airflow.py
[2024-12-17T00:23:46.220+0000] {processor.py:925} INFO - DAG(s) 'spark_dag' retrieved from /opt/airflow/dags/spark_airflow.py
[2024-12-17T00:23:46.248+0000] {logging_mixin.py:190} INFO - [2024-12-17T00:23:46.247+0000] {dag.py:3239} INFO - Sync 1 DAGs
[2024-12-17T00:23:46.270+0000] {logging_mixin.py:190} INFO - [2024-12-17T00:23:46.270+0000] {dag.py:4180} INFO - Setting next_dagrun for spark_dag to 2024-12-17T00:00:00+00:00, run_after=2024-12-18T00:00:00+00:00
[2024-12-17T00:23:46.290+0000] {processor.py:208} INFO - Processing /opt/airflow/dags/spark_airflow.py took 0.104 seconds
[2024-12-17T00:24:16.507+0000] {processor.py:186} INFO - Started process (PID=247) to work on /opt/airflow/dags/spark_airflow.py
[2024-12-17T00:24:16.507+0000] {processor.py:914} INFO - Processing file /opt/airflow/dags/spark_airflow.py for tasks to queue
[2024-12-17T00:24:16.509+0000] {logging_mixin.py:190} INFO - [2024-12-17T00:24:16.509+0000] {dagbag.py:588} INFO - Filling up the DagBag from /opt/airflow/dags/spark_airflow.py
[2024-12-17T00:24:16.532+0000] {processor.py:925} INFO - DAG(s) 'spark_dag' retrieved from /opt/airflow/dags/spark_airflow.py
[2024-12-17T00:24:16.557+0000] {logging_mixin.py:190} INFO - [2024-12-17T00:24:16.556+0000] {dag.py:3239} INFO - Sync 1 DAGs
[2024-12-17T00:24:16.576+0000] {logging_mixin.py:190} INFO - [2024-12-17T00:24:16.576+0000] {dag.py:4180} INFO - Setting next_dagrun for spark_dag to 2024-12-17T00:00:00+00:00, run_after=2024-12-18T00:00:00+00:00
[2024-12-17T00:24:16.596+0000] {processor.py:208} INFO - Processing /opt/airflow/dags/spark_airflow.py took 0.094 seconds
[2024-12-17T00:24:46.742+0000] {processor.py:186} INFO - Started process (PID=252) to work on /opt/airflow/dags/spark_airflow.py
[2024-12-17T00:24:46.742+0000] {processor.py:914} INFO - Processing file /opt/airflow/dags/spark_airflow.py for tasks to queue
[2024-12-17T00:24:46.745+0000] {logging_mixin.py:190} INFO - [2024-12-17T00:24:46.745+0000] {dagbag.py:588} INFO - Filling up the DagBag from /opt/airflow/dags/spark_airflow.py
[2024-12-17T00:24:46.772+0000] {processor.py:925} INFO - DAG(s) 'spark_dag' retrieved from /opt/airflow/dags/spark_airflow.py
[2024-12-17T00:24:46.797+0000] {logging_mixin.py:190} INFO - [2024-12-17T00:24:46.797+0000] {dag.py:3239} INFO - Sync 1 DAGs
[2024-12-17T00:24:46.824+0000] {logging_mixin.py:190} INFO - [2024-12-17T00:24:46.824+0000] {dag.py:4180} INFO - Setting next_dagrun for spark_dag to 2024-12-17T00:00:00+00:00, run_after=2024-12-18T00:00:00+00:00
[2024-12-17T00:24:46.850+0000] {processor.py:208} INFO - Processing /opt/airflow/dags/spark_airflow.py took 0.114 seconds
[2024-12-17T00:25:17.033+0000] {processor.py:186} INFO - Started process (PID=257) to work on /opt/airflow/dags/spark_airflow.py
[2024-12-17T00:25:17.034+0000] {processor.py:914} INFO - Processing file /opt/airflow/dags/spark_airflow.py for tasks to queue
[2024-12-17T00:25:17.037+0000] {logging_mixin.py:190} INFO - [2024-12-17T00:25:17.037+0000] {dagbag.py:588} INFO - Filling up the DagBag from /opt/airflow/dags/spark_airflow.py
[2024-12-17T00:25:17.063+0000] {processor.py:925} INFO - DAG(s) 'spark_dag' retrieved from /opt/airflow/dags/spark_airflow.py
[2024-12-17T00:25:17.088+0000] {logging_mixin.py:190} INFO - [2024-12-17T00:25:17.088+0000] {dag.py:3239} INFO - Sync 1 DAGs
[2024-12-17T00:25:17.110+0000] {logging_mixin.py:190} INFO - [2024-12-17T00:25:17.110+0000] {dag.py:4180} INFO - Setting next_dagrun for spark_dag to 2024-12-17T00:00:00+00:00, run_after=2024-12-18T00:00:00+00:00
[2024-12-17T00:25:17.139+0000] {processor.py:208} INFO - Processing /opt/airflow/dags/spark_airflow.py took 0.111 seconds
[2024-12-17T00:25:47.290+0000] {processor.py:186} INFO - Started process (PID=262) to work on /opt/airflow/dags/spark_airflow.py
[2024-12-17T00:25:47.291+0000] {processor.py:914} INFO - Processing file /opt/airflow/dags/spark_airflow.py for tasks to queue
[2024-12-17T00:25:47.294+0000] {logging_mixin.py:190} INFO - [2024-12-17T00:25:47.293+0000] {dagbag.py:588} INFO - Filling up the DagBag from /opt/airflow/dags/spark_airflow.py
[2024-12-17T00:25:47.313+0000] {processor.py:925} INFO - DAG(s) 'spark_dag' retrieved from /opt/airflow/dags/spark_airflow.py
[2024-12-17T00:25:47.344+0000] {logging_mixin.py:190} INFO - [2024-12-17T00:25:47.344+0000] {dag.py:3239} INFO - Sync 1 DAGs
[2024-12-17T00:25:47.365+0000] {logging_mixin.py:190} INFO - [2024-12-17T00:25:47.365+0000] {dag.py:4180} INFO - Setting next_dagrun for spark_dag to 2024-12-17T00:00:00+00:00, run_after=2024-12-18T00:00:00+00:00
[2024-12-17T00:25:47.389+0000] {processor.py:208} INFO - Processing /opt/airflow/dags/spark_airflow.py took 0.103 seconds
[2024-12-17T00:26:17.625+0000] {processor.py:186} INFO - Started process (PID=267) to work on /opt/airflow/dags/spark_airflow.py
[2024-12-17T00:26:17.626+0000] {processor.py:914} INFO - Processing file /opt/airflow/dags/spark_airflow.py for tasks to queue
[2024-12-17T00:26:17.629+0000] {logging_mixin.py:190} INFO - [2024-12-17T00:26:17.629+0000] {dagbag.py:588} INFO - Filling up the DagBag from /opt/airflow/dags/spark_airflow.py
[2024-12-17T00:26:17.647+0000] {processor.py:925} INFO - DAG(s) 'spark_dag' retrieved from /opt/airflow/dags/spark_airflow.py
[2024-12-17T00:26:17.671+0000] {logging_mixin.py:190} INFO - [2024-12-17T00:26:17.671+0000] {dag.py:3239} INFO - Sync 1 DAGs
[2024-12-17T00:26:17.692+0000] {logging_mixin.py:190} INFO - [2024-12-17T00:26:17.692+0000] {dag.py:4180} INFO - Setting next_dagrun for spark_dag to 2024-12-17T00:00:00+00:00, run_after=2024-12-18T00:00:00+00:00
[2024-12-17T00:26:17.717+0000] {processor.py:208} INFO - Processing /opt/airflow/dags/spark_airflow.py took 0.097 seconds
[2024-12-17T00:26:47.858+0000] {processor.py:186} INFO - Started process (PID=272) to work on /opt/airflow/dags/spark_airflow.py
[2024-12-17T00:26:47.858+0000] {processor.py:914} INFO - Processing file /opt/airflow/dags/spark_airflow.py for tasks to queue
[2024-12-17T00:26:47.861+0000] {logging_mixin.py:190} INFO - [2024-12-17T00:26:47.861+0000] {dagbag.py:588} INFO - Filling up the DagBag from /opt/airflow/dags/spark_airflow.py
[2024-12-17T00:26:47.879+0000] {processor.py:925} INFO - DAG(s) 'spark_dag' retrieved from /opt/airflow/dags/spark_airflow.py
[2024-12-17T00:26:47.907+0000] {logging_mixin.py:190} INFO - [2024-12-17T00:26:47.906+0000] {dag.py:3239} INFO - Sync 1 DAGs
[2024-12-17T00:26:47.928+0000] {logging_mixin.py:190} INFO - [2024-12-17T00:26:47.927+0000] {dag.py:4180} INFO - Setting next_dagrun for spark_dag to 2024-12-17T00:00:00+00:00, run_after=2024-12-18T00:00:00+00:00
[2024-12-17T00:26:47.947+0000] {processor.py:208} INFO - Processing /opt/airflow/dags/spark_airflow.py took 0.095 seconds
[2024-12-17T00:27:18.150+0000] {processor.py:186} INFO - Started process (PID=277) to work on /opt/airflow/dags/spark_airflow.py
[2024-12-17T00:27:18.150+0000] {processor.py:914} INFO - Processing file /opt/airflow/dags/spark_airflow.py for tasks to queue
[2024-12-17T00:27:18.153+0000] {logging_mixin.py:190} INFO - [2024-12-17T00:27:18.152+0000] {dagbag.py:588} INFO - Filling up the DagBag from /opt/airflow/dags/spark_airflow.py
[2024-12-17T00:27:18.169+0000] {processor.py:925} INFO - DAG(s) 'spark_dag' retrieved from /opt/airflow/dags/spark_airflow.py
[2024-12-17T00:27:18.192+0000] {logging_mixin.py:190} INFO - [2024-12-17T00:27:18.192+0000] {dag.py:3239} INFO - Sync 1 DAGs
[2024-12-17T00:27:18.214+0000] {logging_mixin.py:190} INFO - [2024-12-17T00:27:18.214+0000] {dag.py:4180} INFO - Setting next_dagrun for spark_dag to 2024-12-17T00:00:00+00:00, run_after=2024-12-18T00:00:00+00:00
[2024-12-17T00:27:18.239+0000] {processor.py:208} INFO - Processing /opt/airflow/dags/spark_airflow.py took 0.094 seconds
[2024-12-17T00:27:48.384+0000] {processor.py:186} INFO - Started process (PID=282) to work on /opt/airflow/dags/spark_airflow.py
[2024-12-17T00:27:48.385+0000] {processor.py:914} INFO - Processing file /opt/airflow/dags/spark_airflow.py for tasks to queue
[2024-12-17T00:27:48.388+0000] {logging_mixin.py:190} INFO - [2024-12-17T00:27:48.387+0000] {dagbag.py:588} INFO - Filling up the DagBag from /opt/airflow/dags/spark_airflow.py
[2024-12-17T00:27:48.405+0000] {processor.py:925} INFO - DAG(s) 'spark_dag' retrieved from /opt/airflow/dags/spark_airflow.py
[2024-12-17T00:27:48.436+0000] {logging_mixin.py:190} INFO - [2024-12-17T00:27:48.436+0000] {dag.py:3239} INFO - Sync 1 DAGs
[2024-12-17T00:27:48.463+0000] {logging_mixin.py:190} INFO - [2024-12-17T00:27:48.462+0000] {dag.py:4180} INFO - Setting next_dagrun for spark_dag to 2024-12-17T00:00:00+00:00, run_after=2024-12-18T00:00:00+00:00
[2024-12-17T00:27:48.493+0000] {processor.py:208} INFO - Processing /opt/airflow/dags/spark_airflow.py took 0.114 seconds
[2024-12-17T00:28:18.676+0000] {processor.py:186} INFO - Started process (PID=287) to work on /opt/airflow/dags/spark_airflow.py
[2024-12-17T00:28:18.677+0000] {processor.py:914} INFO - Processing file /opt/airflow/dags/spark_airflow.py for tasks to queue
[2024-12-17T00:28:18.680+0000] {logging_mixin.py:190} INFO - [2024-12-17T00:28:18.680+0000] {dagbag.py:588} INFO - Filling up the DagBag from /opt/airflow/dags/spark_airflow.py
[2024-12-17T00:28:18.702+0000] {processor.py:925} INFO - DAG(s) 'spark_dag' retrieved from /opt/airflow/dags/spark_airflow.py
[2024-12-17T00:28:18.731+0000] {logging_mixin.py:190} INFO - [2024-12-17T00:28:18.731+0000] {dag.py:3239} INFO - Sync 1 DAGs
[2024-12-17T00:28:18.772+0000] {logging_mixin.py:190} INFO - [2024-12-17T00:28:18.772+0000] {dag.py:4180} INFO - Setting next_dagrun for spark_dag to 2024-12-17T00:00:00+00:00, run_after=2024-12-18T00:00:00+00:00
[2024-12-17T00:28:18.805+0000] {processor.py:208} INFO - Processing /opt/airflow/dags/spark_airflow.py took 0.135 seconds
[2024-12-17T00:28:48.920+0000] {processor.py:186} INFO - Started process (PID=292) to work on /opt/airflow/dags/spark_airflow.py
[2024-12-17T00:28:48.921+0000] {processor.py:914} INFO - Processing file /opt/airflow/dags/spark_airflow.py for tasks to queue
[2024-12-17T00:28:48.923+0000] {logging_mixin.py:190} INFO - [2024-12-17T00:28:48.923+0000] {dagbag.py:588} INFO - Filling up the DagBag from /opt/airflow/dags/spark_airflow.py
[2024-12-17T00:28:48.938+0000] {processor.py:925} INFO - DAG(s) 'spark_dag' retrieved from /opt/airflow/dags/spark_airflow.py
[2024-12-17T00:28:48.962+0000] {logging_mixin.py:190} INFO - [2024-12-17T00:28:48.962+0000] {dag.py:3239} INFO - Sync 1 DAGs
[2024-12-17T00:28:48.986+0000] {logging_mixin.py:190} INFO - [2024-12-17T00:28:48.986+0000] {dag.py:4180} INFO - Setting next_dagrun for spark_dag to 2024-12-17T00:00:00+00:00, run_after=2024-12-18T00:00:00+00:00
[2024-12-17T00:28:49.013+0000] {processor.py:208} INFO - Processing /opt/airflow/dags/spark_airflow.py took 0.098 seconds
[2024-12-17T00:29:19.238+0000] {processor.py:186} INFO - Started process (PID=297) to work on /opt/airflow/dags/spark_airflow.py
[2024-12-17T00:29:19.239+0000] {processor.py:914} INFO - Processing file /opt/airflow/dags/spark_airflow.py for tasks to queue
[2024-12-17T00:29:19.243+0000] {logging_mixin.py:190} INFO - [2024-12-17T00:29:19.242+0000] {dagbag.py:588} INFO - Filling up the DagBag from /opt/airflow/dags/spark_airflow.py
[2024-12-17T00:29:19.264+0000] {processor.py:925} INFO - DAG(s) 'spark_dag' retrieved from /opt/airflow/dags/spark_airflow.py
[2024-12-17T00:29:19.290+0000] {logging_mixin.py:190} INFO - [2024-12-17T00:29:19.290+0000] {dag.py:3239} INFO - Sync 1 DAGs
[2024-12-17T00:29:19.315+0000] {logging_mixin.py:190} INFO - [2024-12-17T00:29:19.315+0000] {dag.py:4180} INFO - Setting next_dagrun for spark_dag to 2024-12-17T00:00:00+00:00, run_after=2024-12-18T00:00:00+00:00
[2024-12-17T00:29:19.335+0000] {processor.py:208} INFO - Processing /opt/airflow/dags/spark_airflow.py took 0.102 seconds
[2024-12-17T00:29:49.466+0000] {processor.py:186} INFO - Started process (PID=302) to work on /opt/airflow/dags/spark_airflow.py
[2024-12-17T00:29:49.467+0000] {processor.py:914} INFO - Processing file /opt/airflow/dags/spark_airflow.py for tasks to queue
[2024-12-17T00:29:49.470+0000] {logging_mixin.py:190} INFO - [2024-12-17T00:29:49.470+0000] {dagbag.py:588} INFO - Filling up the DagBag from /opt/airflow/dags/spark_airflow.py
[2024-12-17T00:29:49.493+0000] {processor.py:925} INFO - DAG(s) 'spark_dag' retrieved from /opt/airflow/dags/spark_airflow.py
[2024-12-17T00:29:49.524+0000] {logging_mixin.py:190} INFO - [2024-12-17T00:29:49.524+0000] {dag.py:3239} INFO - Sync 1 DAGs
[2024-12-17T00:29:49.553+0000] {logging_mixin.py:190} INFO - [2024-12-17T00:29:49.553+0000] {dag.py:4180} INFO - Setting next_dagrun for spark_dag to 2024-12-17T00:00:00+00:00, run_after=2024-12-18T00:00:00+00:00
[2024-12-17T00:29:49.573+0000] {processor.py:208} INFO - Processing /opt/airflow/dags/spark_airflow.py took 0.113 seconds
[2024-12-17T00:30:19.774+0000] {processor.py:186} INFO - Started process (PID=307) to work on /opt/airflow/dags/spark_airflow.py
[2024-12-17T00:30:19.774+0000] {processor.py:914} INFO - Processing file /opt/airflow/dags/spark_airflow.py for tasks to queue
[2024-12-17T00:30:19.777+0000] {logging_mixin.py:190} INFO - [2024-12-17T00:30:19.777+0000] {dagbag.py:588} INFO - Filling up the DagBag from /opt/airflow/dags/spark_airflow.py
[2024-12-17T00:30:19.794+0000] {processor.py:925} INFO - DAG(s) 'spark_dag' retrieved from /opt/airflow/dags/spark_airflow.py
[2024-12-17T00:30:19.816+0000] {logging_mixin.py:190} INFO - [2024-12-17T00:30:19.816+0000] {dag.py:3239} INFO - Sync 1 DAGs
[2024-12-17T00:30:19.835+0000] {logging_mixin.py:190} INFO - [2024-12-17T00:30:19.835+0000] {dag.py:4180} INFO - Setting next_dagrun for spark_dag to 2024-12-17T00:00:00+00:00, run_after=2024-12-18T00:00:00+00:00
[2024-12-17T00:30:19.852+0000] {processor.py:208} INFO - Processing /opt/airflow/dags/spark_airflow.py took 0.083 seconds
[2024-12-17T00:30:50.007+0000] {processor.py:186} INFO - Started process (PID=312) to work on /opt/airflow/dags/spark_airflow.py
[2024-12-17T00:30:50.008+0000] {processor.py:914} INFO - Processing file /opt/airflow/dags/spark_airflow.py for tasks to queue
[2024-12-17T00:30:50.010+0000] {logging_mixin.py:190} INFO - [2024-12-17T00:30:50.010+0000] {dagbag.py:588} INFO - Filling up the DagBag from /opt/airflow/dags/spark_airflow.py
[2024-12-17T00:30:50.034+0000] {processor.py:925} INFO - DAG(s) 'spark_dag' retrieved from /opt/airflow/dags/spark_airflow.py
[2024-12-17T00:30:50.066+0000] {logging_mixin.py:190} INFO - [2024-12-17T00:30:50.065+0000] {dag.py:3239} INFO - Sync 1 DAGs
[2024-12-17T00:30:50.094+0000] {logging_mixin.py:190} INFO - [2024-12-17T00:30:50.093+0000] {dag.py:4180} INFO - Setting next_dagrun for spark_dag to 2024-12-17T00:00:00+00:00, run_after=2024-12-18T00:00:00+00:00
[2024-12-17T00:30:50.114+0000] {processor.py:208} INFO - Processing /opt/airflow/dags/spark_airflow.py took 0.111 seconds
[2024-12-17T00:31:20.312+0000] {processor.py:186} INFO - Started process (PID=317) to work on /opt/airflow/dags/spark_airflow.py
[2024-12-17T00:31:20.313+0000] {processor.py:914} INFO - Processing file /opt/airflow/dags/spark_airflow.py for tasks to queue
[2024-12-17T00:31:20.315+0000] {logging_mixin.py:190} INFO - [2024-12-17T00:31:20.315+0000] {dagbag.py:588} INFO - Filling up the DagBag from /opt/airflow/dags/spark_airflow.py
[2024-12-17T00:31:20.338+0000] {processor.py:925} INFO - DAG(s) 'spark_dag' retrieved from /opt/airflow/dags/spark_airflow.py
[2024-12-17T00:31:20.368+0000] {logging_mixin.py:190} INFO - [2024-12-17T00:31:20.367+0000] {dag.py:3239} INFO - Sync 1 DAGs
[2024-12-17T00:31:20.390+0000] {logging_mixin.py:190} INFO - [2024-12-17T00:31:20.389+0000] {dag.py:4180} INFO - Setting next_dagrun for spark_dag to 2024-12-17T00:00:00+00:00, run_after=2024-12-18T00:00:00+00:00
[2024-12-17T00:31:20.415+0000] {processor.py:208} INFO - Processing /opt/airflow/dags/spark_airflow.py took 0.109 seconds
[2024-12-17T00:31:50.539+0000] {processor.py:186} INFO - Started process (PID=322) to work on /opt/airflow/dags/spark_airflow.py
[2024-12-17T00:31:50.540+0000] {processor.py:914} INFO - Processing file /opt/airflow/dags/spark_airflow.py for tasks to queue
[2024-12-17T00:31:50.543+0000] {logging_mixin.py:190} INFO - [2024-12-17T00:31:50.542+0000] {dagbag.py:588} INFO - Filling up the DagBag from /opt/airflow/dags/spark_airflow.py
[2024-12-17T00:31:50.558+0000] {processor.py:925} INFO - DAG(s) 'spark_dag' retrieved from /opt/airflow/dags/spark_airflow.py
[2024-12-17T00:31:50.585+0000] {logging_mixin.py:190} INFO - [2024-12-17T00:31:50.585+0000] {dag.py:3239} INFO - Sync 1 DAGs
[2024-12-17T00:31:50.606+0000] {logging_mixin.py:190} INFO - [2024-12-17T00:31:50.605+0000] {dag.py:4180} INFO - Setting next_dagrun for spark_dag to 2024-12-17T00:00:00+00:00, run_after=2024-12-18T00:00:00+00:00
[2024-12-17T00:31:50.629+0000] {processor.py:208} INFO - Processing /opt/airflow/dags/spark_airflow.py took 0.095 seconds
[2024-12-17T00:32:20.855+0000] {processor.py:186} INFO - Started process (PID=327) to work on /opt/airflow/dags/spark_airflow.py
[2024-12-17T00:32:20.855+0000] {processor.py:914} INFO - Processing file /opt/airflow/dags/spark_airflow.py for tasks to queue
[2024-12-17T00:32:20.858+0000] {logging_mixin.py:190} INFO - [2024-12-17T00:32:20.857+0000] {dagbag.py:588} INFO - Filling up the DagBag from /opt/airflow/dags/spark_airflow.py
[2024-12-17T00:32:20.874+0000] {processor.py:925} INFO - DAG(s) 'spark_dag' retrieved from /opt/airflow/dags/spark_airflow.py
[2024-12-17T00:32:20.899+0000] {logging_mixin.py:190} INFO - [2024-12-17T00:32:20.899+0000] {dag.py:3239} INFO - Sync 1 DAGs
[2024-12-17T00:32:20.919+0000] {logging_mixin.py:190} INFO - [2024-12-17T00:32:20.919+0000] {dag.py:4180} INFO - Setting next_dagrun for spark_dag to 2024-12-17T00:00:00+00:00, run_after=2024-12-18T00:00:00+00:00
[2024-12-17T00:32:20.944+0000] {processor.py:208} INFO - Processing /opt/airflow/dags/spark_airflow.py took 0.093 seconds
[2024-12-17T00:32:51.081+0000] {processor.py:186} INFO - Started process (PID=332) to work on /opt/airflow/dags/spark_airflow.py
[2024-12-17T00:32:51.082+0000] {processor.py:914} INFO - Processing file /opt/airflow/dags/spark_airflow.py for tasks to queue
[2024-12-17T00:32:51.085+0000] {logging_mixin.py:190} INFO - [2024-12-17T00:32:51.085+0000] {dagbag.py:588} INFO - Filling up the DagBag from /opt/airflow/dags/spark_airflow.py
[2024-12-17T00:32:51.110+0000] {processor.py:925} INFO - DAG(s) 'spark_dag' retrieved from /opt/airflow/dags/spark_airflow.py
[2024-12-17T00:32:51.141+0000] {logging_mixin.py:190} INFO - [2024-12-17T00:32:51.140+0000] {dag.py:3239} INFO - Sync 1 DAGs
[2024-12-17T00:32:51.164+0000] {logging_mixin.py:190} INFO - [2024-12-17T00:32:51.164+0000] {dag.py:4180} INFO - Setting next_dagrun for spark_dag to 2024-12-17T00:00:00+00:00, run_after=2024-12-18T00:00:00+00:00
[2024-12-17T00:32:51.190+0000] {processor.py:208} INFO - Processing /opt/airflow/dags/spark_airflow.py took 0.114 seconds
[2024-12-17T00:33:21.369+0000] {processor.py:186} INFO - Started process (PID=337) to work on /opt/airflow/dags/spark_airflow.py
[2024-12-17T00:33:21.370+0000] {processor.py:914} INFO - Processing file /opt/airflow/dags/spark_airflow.py for tasks to queue
[2024-12-17T00:33:21.373+0000] {logging_mixin.py:190} INFO - [2024-12-17T00:33:21.372+0000] {dagbag.py:588} INFO - Filling up the DagBag from /opt/airflow/dags/spark_airflow.py
[2024-12-17T00:33:21.394+0000] {processor.py:925} INFO - DAG(s) 'spark_dag' retrieved from /opt/airflow/dags/spark_airflow.py
[2024-12-17T00:33:21.424+0000] {logging_mixin.py:190} INFO - [2024-12-17T00:33:21.423+0000] {dag.py:3239} INFO - Sync 1 DAGs
[2024-12-17T00:33:21.444+0000] {logging_mixin.py:190} INFO - [2024-12-17T00:33:21.444+0000] {dag.py:4180} INFO - Setting next_dagrun for spark_dag to 2024-12-17T00:00:00+00:00, run_after=2024-12-18T00:00:00+00:00
[2024-12-17T00:33:21.462+0000] {processor.py:208} INFO - Processing /opt/airflow/dags/spark_airflow.py took 0.098 seconds
[2024-12-17T00:33:51.621+0000] {processor.py:186} INFO - Started process (PID=342) to work on /opt/airflow/dags/spark_airflow.py
[2024-12-17T00:33:51.622+0000] {processor.py:914} INFO - Processing file /opt/airflow/dags/spark_airflow.py for tasks to queue
[2024-12-17T00:33:51.625+0000] {logging_mixin.py:190} INFO - [2024-12-17T00:33:51.624+0000] {dagbag.py:588} INFO - Filling up the DagBag from /opt/airflow/dags/spark_airflow.py
[2024-12-17T00:33:51.642+0000] {processor.py:925} INFO - DAG(s) 'spark_dag' retrieved from /opt/airflow/dags/spark_airflow.py
[2024-12-17T00:33:51.674+0000] {logging_mixin.py:190} INFO - [2024-12-17T00:33:51.674+0000] {dag.py:3239} INFO - Sync 1 DAGs
[2024-12-17T00:33:51.697+0000] {logging_mixin.py:190} INFO - [2024-12-17T00:33:51.697+0000] {dag.py:4180} INFO - Setting next_dagrun for spark_dag to 2024-12-17T00:00:00+00:00, run_after=2024-12-18T00:00:00+00:00
[2024-12-17T00:33:51.717+0000] {processor.py:208} INFO - Processing /opt/airflow/dags/spark_airflow.py took 0.101 seconds
[2024-12-17T00:34:21.916+0000] {processor.py:186} INFO - Started process (PID=347) to work on /opt/airflow/dags/spark_airflow.py
[2024-12-17T00:34:21.917+0000] {processor.py:914} INFO - Processing file /opt/airflow/dags/spark_airflow.py for tasks to queue
[2024-12-17T00:34:21.921+0000] {logging_mixin.py:190} INFO - [2024-12-17T00:34:21.920+0000] {dagbag.py:588} INFO - Filling up the DagBag from /opt/airflow/dags/spark_airflow.py
[2024-12-17T00:34:21.946+0000] {processor.py:925} INFO - DAG(s) 'spark_dag' retrieved from /opt/airflow/dags/spark_airflow.py
[2024-12-17T00:34:21.987+0000] {logging_mixin.py:190} INFO - [2024-12-17T00:34:21.987+0000] {dag.py:3239} INFO - Sync 1 DAGs
[2024-12-17T00:34:22.030+0000] {logging_mixin.py:190} INFO - [2024-12-17T00:34:22.029+0000] {dag.py:4180} INFO - Setting next_dagrun for spark_dag to 2024-12-17T00:00:00+00:00, run_after=2024-12-18T00:00:00+00:00
[2024-12-17T00:34:22.048+0000] {processor.py:208} INFO - Processing /opt/airflow/dags/spark_airflow.py took 0.139 seconds
[2024-12-17T00:34:52.134+0000] {processor.py:186} INFO - Started process (PID=352) to work on /opt/airflow/dags/spark_airflow.py
[2024-12-17T00:34:52.134+0000] {processor.py:914} INFO - Processing file /opt/airflow/dags/spark_airflow.py for tasks to queue
[2024-12-17T00:34:52.137+0000] {logging_mixin.py:190} INFO - [2024-12-17T00:34:52.137+0000] {dagbag.py:588} INFO - Filling up the DagBag from /opt/airflow/dags/spark_airflow.py
[2024-12-17T00:34:52.153+0000] {processor.py:925} INFO - DAG(s) 'spark_dag' retrieved from /opt/airflow/dags/spark_airflow.py
[2024-12-17T00:34:52.177+0000] {logging_mixin.py:190} INFO - [2024-12-17T00:34:52.177+0000] {dag.py:3239} INFO - Sync 1 DAGs
[2024-12-17T00:34:52.198+0000] {logging_mixin.py:190} INFO - [2024-12-17T00:34:52.198+0000] {dag.py:4180} INFO - Setting next_dagrun for spark_dag to 2024-12-17T00:00:00+00:00, run_after=2024-12-18T00:00:00+00:00
[2024-12-17T00:34:52.215+0000] {processor.py:208} INFO - Processing /opt/airflow/dags/spark_airflow.py took 0.087 seconds
[2024-12-17T00:35:22.360+0000] {processor.py:186} INFO - Started process (PID=357) to work on /opt/airflow/dags/spark_airflow.py
[2024-12-17T00:35:22.360+0000] {processor.py:914} INFO - Processing file /opt/airflow/dags/spark_airflow.py for tasks to queue
[2024-12-17T00:35:22.363+0000] {logging_mixin.py:190} INFO - [2024-12-17T00:35:22.363+0000] {dagbag.py:588} INFO - Filling up the DagBag from /opt/airflow/dags/spark_airflow.py
[2024-12-17T00:35:22.383+0000] {processor.py:925} INFO - DAG(s) 'spark_dag' retrieved from /opt/airflow/dags/spark_airflow.py
[2024-12-17T00:35:22.409+0000] {logging_mixin.py:190} INFO - [2024-12-17T00:35:22.409+0000] {dag.py:3239} INFO - Sync 1 DAGs
[2024-12-17T00:35:22.430+0000] {logging_mixin.py:190} INFO - [2024-12-17T00:35:22.429+0000] {dag.py:4180} INFO - Setting next_dagrun for spark_dag to 2024-12-17T00:00:00+00:00, run_after=2024-12-18T00:00:00+00:00
[2024-12-17T00:35:22.449+0000] {processor.py:208} INFO - Processing /opt/airflow/dags/spark_airflow.py took 0.095 seconds
[2024-12-17T00:35:52.652+0000] {processor.py:186} INFO - Started process (PID=362) to work on /opt/airflow/dags/spark_airflow.py
[2024-12-17T00:35:52.653+0000] {processor.py:914} INFO - Processing file /opt/airflow/dags/spark_airflow.py for tasks to queue
[2024-12-17T00:35:52.656+0000] {logging_mixin.py:190} INFO - [2024-12-17T00:35:52.656+0000] {dagbag.py:588} INFO - Filling up the DagBag from /opt/airflow/dags/spark_airflow.py
[2024-12-17T00:35:52.683+0000] {processor.py:925} INFO - DAG(s) 'spark_dag' retrieved from /opt/airflow/dags/spark_airflow.py
[2024-12-17T00:35:52.710+0000] {logging_mixin.py:190} INFO - [2024-12-17T00:35:52.709+0000] {dag.py:3239} INFO - Sync 1 DAGs
[2024-12-17T00:35:52.731+0000] {logging_mixin.py:190} INFO - [2024-12-17T00:35:52.731+0000] {dag.py:4180} INFO - Setting next_dagrun for spark_dag to 2024-12-17T00:00:00+00:00, run_after=2024-12-18T00:00:00+00:00
[2024-12-17T00:35:52.755+0000] {processor.py:208} INFO - Processing /opt/airflow/dags/spark_airflow.py took 0.109 seconds
[2024-12-17T00:36:22.913+0000] {processor.py:186} INFO - Started process (PID=367) to work on /opt/airflow/dags/spark_airflow.py
[2024-12-17T00:36:22.913+0000] {processor.py:914} INFO - Processing file /opt/airflow/dags/spark_airflow.py for tasks to queue
[2024-12-17T00:36:22.916+0000] {logging_mixin.py:190} INFO - [2024-12-17T00:36:22.916+0000] {dagbag.py:588} INFO - Filling up the DagBag from /opt/airflow/dags/spark_airflow.py
[2024-12-17T00:36:22.936+0000] {processor.py:925} INFO - DAG(s) 'spark_dag' retrieved from /opt/airflow/dags/spark_airflow.py
[2024-12-17T00:36:22.962+0000] {logging_mixin.py:190} INFO - [2024-12-17T00:36:22.962+0000] {dag.py:3239} INFO - Sync 1 DAGs
[2024-12-17T00:36:22.992+0000] {logging_mixin.py:190} INFO - [2024-12-17T00:36:22.992+0000] {dag.py:4180} INFO - Setting next_dagrun for spark_dag to 2024-12-17T00:00:00+00:00, run_after=2024-12-18T00:00:00+00:00
[2024-12-17T00:36:23.014+0000] {processor.py:208} INFO - Processing /opt/airflow/dags/spark_airflow.py took 0.106 seconds
[2024-12-17T00:36:53.181+0000] {processor.py:186} INFO - Started process (PID=372) to work on /opt/airflow/dags/spark_airflow.py
[2024-12-17T00:36:53.182+0000] {processor.py:914} INFO - Processing file /opt/airflow/dags/spark_airflow.py for tasks to queue
[2024-12-17T00:36:53.185+0000] {logging_mixin.py:190} INFO - [2024-12-17T00:36:53.185+0000] {dagbag.py:588} INFO - Filling up the DagBag from /opt/airflow/dags/spark_airflow.py
[2024-12-17T00:36:53.205+0000] {processor.py:925} INFO - DAG(s) 'spark_dag' retrieved from /opt/airflow/dags/spark_airflow.py
[2024-12-17T00:36:53.232+0000] {logging_mixin.py:190} INFO - [2024-12-17T00:36:53.231+0000] {dag.py:3239} INFO - Sync 1 DAGs
[2024-12-17T00:36:53.253+0000] {logging_mixin.py:190} INFO - [2024-12-17T00:36:53.252+0000] {dag.py:4180} INFO - Setting next_dagrun for spark_dag to 2024-12-17T00:00:00+00:00, run_after=2024-12-18T00:00:00+00:00
[2024-12-17T00:36:53.273+0000] {processor.py:208} INFO - Processing /opt/airflow/dags/spark_airflow.py took 0.097 seconds
[2024-12-17T00:37:23.440+0000] {processor.py:186} INFO - Started process (PID=377) to work on /opt/airflow/dags/spark_airflow.py
[2024-12-17T00:37:23.441+0000] {processor.py:914} INFO - Processing file /opt/airflow/dags/spark_airflow.py for tasks to queue
[2024-12-17T00:37:23.443+0000] {logging_mixin.py:190} INFO - [2024-12-17T00:37:23.443+0000] {dagbag.py:588} INFO - Filling up the DagBag from /opt/airflow/dags/spark_airflow.py
[2024-12-17T00:37:23.458+0000] {processor.py:925} INFO - DAG(s) 'spark_dag' retrieved from /opt/airflow/dags/spark_airflow.py
[2024-12-17T00:37:23.482+0000] {logging_mixin.py:190} INFO - [2024-12-17T00:37:23.482+0000] {dag.py:3239} INFO - Sync 1 DAGs
[2024-12-17T00:37:23.502+0000] {logging_mixin.py:190} INFO - [2024-12-17T00:37:23.502+0000] {dag.py:4180} INFO - Setting next_dagrun for spark_dag to 2024-12-17T00:00:00+00:00, run_after=2024-12-18T00:00:00+00:00
[2024-12-17T00:37:23.528+0000] {processor.py:208} INFO - Processing /opt/airflow/dags/spark_airflow.py took 0.093 seconds
[2024-12-17T00:37:53.696+0000] {processor.py:186} INFO - Started process (PID=382) to work on /opt/airflow/dags/spark_airflow.py
[2024-12-17T00:37:53.697+0000] {processor.py:914} INFO - Processing file /opt/airflow/dags/spark_airflow.py for tasks to queue
[2024-12-17T00:37:53.700+0000] {logging_mixin.py:190} INFO - [2024-12-17T00:37:53.699+0000] {dagbag.py:588} INFO - Filling up the DagBag from /opt/airflow/dags/spark_airflow.py
[2024-12-17T00:37:53.718+0000] {processor.py:925} INFO - DAG(s) 'spark_dag' retrieved from /opt/airflow/dags/spark_airflow.py
[2024-12-17T00:37:53.743+0000] {logging_mixin.py:190} INFO - [2024-12-17T00:37:53.743+0000] {dag.py:3239} INFO - Sync 1 DAGs
[2024-12-17T00:37:53.763+0000] {logging_mixin.py:190} INFO - [2024-12-17T00:37:53.762+0000] {dag.py:4180} INFO - Setting next_dagrun for spark_dag to 2024-12-17T00:00:00+00:00, run_after=2024-12-18T00:00:00+00:00
[2024-12-17T00:37:53.788+0000] {processor.py:208} INFO - Processing /opt/airflow/dags/spark_airflow.py took 0.096 seconds
[2024-12-17T00:38:23.955+0000] {processor.py:186} INFO - Started process (PID=387) to work on /opt/airflow/dags/spark_airflow.py
[2024-12-17T00:38:23.956+0000] {processor.py:914} INFO - Processing file /opt/airflow/dags/spark_airflow.py for tasks to queue
[2024-12-17T00:38:23.959+0000] {logging_mixin.py:190} INFO - [2024-12-17T00:38:23.959+0000] {dagbag.py:588} INFO - Filling up the DagBag from /opt/airflow/dags/spark_airflow.py
[2024-12-17T00:38:23.979+0000] {processor.py:925} INFO - DAG(s) 'spark_dag' retrieved from /opt/airflow/dags/spark_airflow.py
[2024-12-17T00:38:24.004+0000] {logging_mixin.py:190} INFO - [2024-12-17T00:38:24.004+0000] {dag.py:3239} INFO - Sync 1 DAGs
[2024-12-17T00:38:24.023+0000] {logging_mixin.py:190} INFO - [2024-12-17T00:38:24.023+0000] {dag.py:4180} INFO - Setting next_dagrun for spark_dag to 2024-12-17T00:00:00+00:00, run_after=2024-12-18T00:00:00+00:00
[2024-12-17T00:38:24.046+0000] {processor.py:208} INFO - Processing /opt/airflow/dags/spark_airflow.py took 0.096 seconds
[2024-12-17T00:38:54.221+0000] {processor.py:186} INFO - Started process (PID=392) to work on /opt/airflow/dags/spark_airflow.py
[2024-12-17T00:38:54.222+0000] {processor.py:914} INFO - Processing file /opt/airflow/dags/spark_airflow.py for tasks to queue
[2024-12-17T00:38:54.225+0000] {logging_mixin.py:190} INFO - [2024-12-17T00:38:54.224+0000] {dagbag.py:588} INFO - Filling up the DagBag from /opt/airflow/dags/spark_airflow.py
[2024-12-17T00:38:54.247+0000] {processor.py:925} INFO - DAG(s) 'spark_dag' retrieved from /opt/airflow/dags/spark_airflow.py
[2024-12-17T00:38:54.277+0000] {logging_mixin.py:190} INFO - [2024-12-17T00:38:54.277+0000] {dag.py:3239} INFO - Sync 1 DAGs
[2024-12-17T00:38:54.298+0000] {logging_mixin.py:190} INFO - [2024-12-17T00:38:54.298+0000] {dag.py:4180} INFO - Setting next_dagrun for spark_dag to 2024-12-17T00:00:00+00:00, run_after=2024-12-18T00:00:00+00:00
[2024-12-17T00:38:54.315+0000] {processor.py:208} INFO - Processing /opt/airflow/dags/spark_airflow.py took 0.099 seconds
[2024-12-17T00:39:24.475+0000] {processor.py:186} INFO - Started process (PID=397) to work on /opt/airflow/dags/spark_airflow.py
[2024-12-17T00:39:24.476+0000] {processor.py:914} INFO - Processing file /opt/airflow/dags/spark_airflow.py for tasks to queue
[2024-12-17T00:39:24.479+0000] {logging_mixin.py:190} INFO - [2024-12-17T00:39:24.479+0000] {dagbag.py:588} INFO - Filling up the DagBag from /opt/airflow/dags/spark_airflow.py
[2024-12-17T00:39:24.497+0000] {processor.py:925} INFO - DAG(s) 'spark_dag' retrieved from /opt/airflow/dags/spark_airflow.py
[2024-12-17T00:39:24.523+0000] {logging_mixin.py:190} INFO - [2024-12-17T00:39:24.523+0000] {dag.py:3239} INFO - Sync 1 DAGs
[2024-12-17T00:39:24.546+0000] {logging_mixin.py:190} INFO - [2024-12-17T00:39:24.546+0000] {dag.py:4180} INFO - Setting next_dagrun for spark_dag to 2024-12-17T00:00:00+00:00, run_after=2024-12-18T00:00:00+00:00
[2024-12-17T00:39:24.571+0000] {processor.py:208} INFO - Processing /opt/airflow/dags/spark_airflow.py took 0.100 seconds
[2024-12-17T00:39:54.739+0000] {processor.py:186} INFO - Started process (PID=402) to work on /opt/airflow/dags/spark_airflow.py
[2024-12-17T00:39:54.740+0000] {processor.py:914} INFO - Processing file /opt/airflow/dags/spark_airflow.py for tasks to queue
[2024-12-17T00:39:54.743+0000] {logging_mixin.py:190} INFO - [2024-12-17T00:39:54.742+0000] {dagbag.py:588} INFO - Filling up the DagBag from /opt/airflow/dags/spark_airflow.py
[2024-12-17T00:39:54.764+0000] {processor.py:925} INFO - DAG(s) 'spark_dag' retrieved from /opt/airflow/dags/spark_airflow.py
[2024-12-17T00:39:54.796+0000] {logging_mixin.py:190} INFO - [2024-12-17T00:39:54.796+0000] {dag.py:3239} INFO - Sync 1 DAGs
[2024-12-17T00:39:54.824+0000] {logging_mixin.py:190} INFO - [2024-12-17T00:39:54.823+0000] {dag.py:4180} INFO - Setting next_dagrun for spark_dag to 2024-12-17T00:00:00+00:00, run_after=2024-12-18T00:00:00+00:00
[2024-12-17T00:39:54.851+0000] {processor.py:208} INFO - Processing /opt/airflow/dags/spark_airflow.py took 0.117 seconds
[2024-12-17T00:40:25.000+0000] {processor.py:186} INFO - Started process (PID=407) to work on /opt/airflow/dags/spark_airflow.py
[2024-12-17T00:40:25.001+0000] {processor.py:914} INFO - Processing file /opt/airflow/dags/spark_airflow.py for tasks to queue
[2024-12-17T00:40:25.005+0000] {logging_mixin.py:190} INFO - [2024-12-17T00:40:25.005+0000] {dagbag.py:588} INFO - Filling up the DagBag from /opt/airflow/dags/spark_airflow.py
[2024-12-17T00:40:25.045+0000] {processor.py:925} INFO - DAG(s) 'spark_dag' retrieved from /opt/airflow/dags/spark_airflow.py
[2024-12-17T00:40:25.077+0000] {logging_mixin.py:190} INFO - [2024-12-17T00:40:25.077+0000] {dag.py:3239} INFO - Sync 1 DAGs
[2024-12-17T00:40:25.101+0000] {logging_mixin.py:190} INFO - [2024-12-17T00:40:25.101+0000] {dag.py:4180} INFO - Setting next_dagrun for spark_dag to 2024-12-17T00:00:00+00:00, run_after=2024-12-18T00:00:00+00:00
[2024-12-17T00:40:25.119+0000] {processor.py:208} INFO - Processing /opt/airflow/dags/spark_airflow.py took 0.126 seconds
[2024-12-17T00:40:55.300+0000] {processor.py:186} INFO - Started process (PID=412) to work on /opt/airflow/dags/spark_airflow.py
[2024-12-17T00:40:55.302+0000] {processor.py:914} INFO - Processing file /opt/airflow/dags/spark_airflow.py for tasks to queue
[2024-12-17T00:40:55.305+0000] {logging_mixin.py:190} INFO - [2024-12-17T00:40:55.305+0000] {dagbag.py:588} INFO - Filling up the DagBag from /opt/airflow/dags/spark_airflow.py
[2024-12-17T00:40:55.338+0000] {processor.py:925} INFO - DAG(s) 'spark_dag' retrieved from /opt/airflow/dags/spark_airflow.py
[2024-12-17T00:40:55.371+0000] {logging_mixin.py:190} INFO - [2024-12-17T00:40:55.371+0000] {dag.py:3239} INFO - Sync 1 DAGs
[2024-12-17T00:40:55.396+0000] {logging_mixin.py:190} INFO - [2024-12-17T00:40:55.395+0000] {dag.py:4180} INFO - Setting next_dagrun for spark_dag to 2024-12-17T00:00:00+00:00, run_after=2024-12-18T00:00:00+00:00
[2024-12-17T00:40:55.418+0000] {processor.py:208} INFO - Processing /opt/airflow/dags/spark_airflow.py took 0.125 seconds
[2024-12-17T00:41:25.591+0000] {processor.py:186} INFO - Started process (PID=417) to work on /opt/airflow/dags/spark_airflow.py
[2024-12-17T00:41:25.592+0000] {processor.py:914} INFO - Processing file /opt/airflow/dags/spark_airflow.py for tasks to queue
[2024-12-17T00:41:25.595+0000] {logging_mixin.py:190} INFO - [2024-12-17T00:41:25.594+0000] {dagbag.py:588} INFO - Filling up the DagBag from /opt/airflow/dags/spark_airflow.py
[2024-12-17T00:41:25.614+0000] {processor.py:925} INFO - DAG(s) 'spark_dag' retrieved from /opt/airflow/dags/spark_airflow.py
[2024-12-17T00:41:25.643+0000] {logging_mixin.py:190} INFO - [2024-12-17T00:41:25.643+0000] {dag.py:3239} INFO - Sync 1 DAGs
[2024-12-17T00:41:25.665+0000] {logging_mixin.py:190} INFO - [2024-12-17T00:41:25.665+0000] {dag.py:4180} INFO - Setting next_dagrun for spark_dag to 2024-12-17T00:00:00+00:00, run_after=2024-12-18T00:00:00+00:00
[2024-12-17T00:41:25.689+0000] {processor.py:208} INFO - Processing /opt/airflow/dags/spark_airflow.py took 0.104 seconds
[2024-12-17T00:41:55.850+0000] {processor.py:186} INFO - Started process (PID=422) to work on /opt/airflow/dags/spark_airflow.py
[2024-12-17T00:41:55.851+0000] {processor.py:914} INFO - Processing file /opt/airflow/dags/spark_airflow.py for tasks to queue
[2024-12-17T00:41:55.855+0000] {logging_mixin.py:190} INFO - [2024-12-17T00:41:55.854+0000] {dagbag.py:588} INFO - Filling up the DagBag from /opt/airflow/dags/spark_airflow.py
[2024-12-17T00:41:55.875+0000] {processor.py:925} INFO - DAG(s) 'spark_dag' retrieved from /opt/airflow/dags/spark_airflow.py
[2024-12-17T00:41:55.906+0000] {logging_mixin.py:190} INFO - [2024-12-17T00:41:55.906+0000] {dag.py:3239} INFO - Sync 1 DAGs
[2024-12-17T00:41:55.931+0000] {logging_mixin.py:190} INFO - [2024-12-17T00:41:55.931+0000] {dag.py:4180} INFO - Setting next_dagrun for spark_dag to 2024-12-17T00:00:00+00:00, run_after=2024-12-18T00:00:00+00:00
[2024-12-17T00:41:55.958+0000] {processor.py:208} INFO - Processing /opt/airflow/dags/spark_airflow.py took 0.114 seconds
[2024-12-17T00:42:26.129+0000] {processor.py:186} INFO - Started process (PID=427) to work on /opt/airflow/dags/spark_airflow.py
[2024-12-17T00:42:26.130+0000] {processor.py:914} INFO - Processing file /opt/airflow/dags/spark_airflow.py for tasks to queue
[2024-12-17T00:42:26.132+0000] {logging_mixin.py:190} INFO - [2024-12-17T00:42:26.132+0000] {dagbag.py:588} INFO - Filling up the DagBag from /opt/airflow/dags/spark_airflow.py
[2024-12-17T00:42:26.149+0000] {processor.py:925} INFO - DAG(s) 'spark_dag' retrieved from /opt/airflow/dags/spark_airflow.py
[2024-12-17T00:42:26.176+0000] {logging_mixin.py:190} INFO - [2024-12-17T00:42:26.176+0000] {dag.py:3239} INFO - Sync 1 DAGs
[2024-12-17T00:42:26.196+0000] {logging_mixin.py:190} INFO - [2024-12-17T00:42:26.196+0000] {dag.py:4180} INFO - Setting next_dagrun for spark_dag to 2024-12-17T00:00:00+00:00, run_after=2024-12-18T00:00:00+00:00
[2024-12-17T00:42:26.220+0000] {processor.py:208} INFO - Processing /opt/airflow/dags/spark_airflow.py took 0.096 seconds
[2024-12-17T00:42:56.386+0000] {processor.py:186} INFO - Started process (PID=432) to work on /opt/airflow/dags/spark_airflow.py
[2024-12-17T00:42:56.386+0000] {processor.py:914} INFO - Processing file /opt/airflow/dags/spark_airflow.py for tasks to queue
[2024-12-17T00:42:56.390+0000] {logging_mixin.py:190} INFO - [2024-12-17T00:42:56.389+0000] {dagbag.py:588} INFO - Filling up the DagBag from /opt/airflow/dags/spark_airflow.py
[2024-12-17T00:42:56.409+0000] {processor.py:925} INFO - DAG(s) 'spark_dag' retrieved from /opt/airflow/dags/spark_airflow.py
[2024-12-17T00:42:56.444+0000] {logging_mixin.py:190} INFO - [2024-12-17T00:42:56.444+0000] {dag.py:3239} INFO - Sync 1 DAGs
[2024-12-17T00:42:56.470+0000] {logging_mixin.py:190} INFO - [2024-12-17T00:42:56.470+0000] {dag.py:4180} INFO - Setting next_dagrun for spark_dag to 2024-12-17T00:00:00+00:00, run_after=2024-12-18T00:00:00+00:00
[2024-12-17T00:42:56.493+0000] {processor.py:208} INFO - Processing /opt/airflow/dags/spark_airflow.py took 0.113 seconds
[2024-12-17T00:43:26.652+0000] {processor.py:186} INFO - Started process (PID=437) to work on /opt/airflow/dags/spark_airflow.py
[2024-12-17T00:43:26.653+0000] {processor.py:914} INFO - Processing file /opt/airflow/dags/spark_airflow.py for tasks to queue
[2024-12-17T00:43:26.655+0000] {logging_mixin.py:190} INFO - [2024-12-17T00:43:26.655+0000] {dagbag.py:588} INFO - Filling up the DagBag from /opt/airflow/dags/spark_airflow.py
[2024-12-17T00:43:26.675+0000] {processor.py:925} INFO - DAG(s) 'spark_dag' retrieved from /opt/airflow/dags/spark_airflow.py
[2024-12-17T00:43:26.703+0000] {logging_mixin.py:190} INFO - [2024-12-17T00:43:26.702+0000] {dag.py:3239} INFO - Sync 1 DAGs
[2024-12-17T00:43:26.726+0000] {logging_mixin.py:190} INFO - [2024-12-17T00:43:26.725+0000] {dag.py:4180} INFO - Setting next_dagrun for spark_dag to 2024-12-17T00:00:00+00:00, run_after=2024-12-18T00:00:00+00:00
[2024-12-17T00:43:26.755+0000] {processor.py:208} INFO - Processing /opt/airflow/dags/spark_airflow.py took 0.109 seconds
[2024-12-17T00:43:56.924+0000] {processor.py:186} INFO - Started process (PID=442) to work on /opt/airflow/dags/spark_airflow.py
[2024-12-17T00:43:56.925+0000] {processor.py:914} INFO - Processing file /opt/airflow/dags/spark_airflow.py for tasks to queue
[2024-12-17T00:43:56.929+0000] {logging_mixin.py:190} INFO - [2024-12-17T00:43:56.929+0000] {dagbag.py:588} INFO - Filling up the DagBag from /opt/airflow/dags/spark_airflow.py
[2024-12-17T00:43:56.955+0000] {processor.py:925} INFO - DAG(s) 'spark_dag' retrieved from /opt/airflow/dags/spark_airflow.py
[2024-12-17T00:43:56.988+0000] {logging_mixin.py:190} INFO - [2024-12-17T00:43:56.988+0000] {dag.py:3239} INFO - Sync 1 DAGs
[2024-12-17T00:43:57.020+0000] {logging_mixin.py:190} INFO - [2024-12-17T00:43:57.020+0000] {dag.py:4180} INFO - Setting next_dagrun for spark_dag to 2024-12-17T00:00:00+00:00, run_after=2024-12-18T00:00:00+00:00
[2024-12-17T00:43:57.043+0000] {processor.py:208} INFO - Processing /opt/airflow/dags/spark_airflow.py took 0.127 seconds
[2024-12-17T00:44:27.262+0000] {processor.py:186} INFO - Started process (PID=447) to work on /opt/airflow/dags/spark_airflow.py
[2024-12-17T00:44:27.263+0000] {processor.py:914} INFO - Processing file /opt/airflow/dags/spark_airflow.py for tasks to queue
[2024-12-17T00:44:27.265+0000] {logging_mixin.py:190} INFO - [2024-12-17T00:44:27.265+0000] {dagbag.py:588} INFO - Filling up the DagBag from /opt/airflow/dags/spark_airflow.py
[2024-12-17T00:44:27.279+0000] {processor.py:925} INFO - DAG(s) 'spark_dag' retrieved from /opt/airflow/dags/spark_airflow.py
[2024-12-17T00:44:27.300+0000] {logging_mixin.py:190} INFO - [2024-12-17T00:44:27.300+0000] {dag.py:3239} INFO - Sync 1 DAGs
[2024-12-17T00:44:27.319+0000] {logging_mixin.py:190} INFO - [2024-12-17T00:44:27.319+0000] {dag.py:4180} INFO - Setting next_dagrun for spark_dag to 2024-12-17T00:00:00+00:00, run_after=2024-12-18T00:00:00+00:00
[2024-12-17T00:44:27.335+0000] {processor.py:208} INFO - Processing /opt/airflow/dags/spark_airflow.py took 0.078 seconds
[2024-12-17T00:44:57.658+0000] {processor.py:186} INFO - Started process (PID=452) to work on /opt/airflow/dags/spark_airflow.py
[2024-12-17T00:44:57.659+0000] {processor.py:914} INFO - Processing file /opt/airflow/dags/spark_airflow.py for tasks to queue
[2024-12-17T00:44:57.661+0000] {logging_mixin.py:190} INFO - [2024-12-17T00:44:57.661+0000] {dagbag.py:588} INFO - Filling up the DagBag from /opt/airflow/dags/spark_airflow.py
[2024-12-17T00:44:57.676+0000] {processor.py:925} INFO - DAG(s) 'spark_dag' retrieved from /opt/airflow/dags/spark_airflow.py
[2024-12-17T00:44:57.695+0000] {logging_mixin.py:190} INFO - [2024-12-17T00:44:57.695+0000] {dag.py:3239} INFO - Sync 1 DAGs
[2024-12-17T00:44:57.712+0000] {logging_mixin.py:190} INFO - [2024-12-17T00:44:57.712+0000] {dag.py:4180} INFO - Setting next_dagrun for spark_dag to 2024-12-17T00:00:00+00:00, run_after=2024-12-18T00:00:00+00:00
[2024-12-17T00:44:57.735+0000] {processor.py:208} INFO - Processing /opt/airflow/dags/spark_airflow.py took 0.080 seconds
[2024-12-17T00:45:28.048+0000] {processor.py:186} INFO - Started process (PID=457) to work on /opt/airflow/dags/spark_airflow.py
[2024-12-17T00:45:28.049+0000] {processor.py:914} INFO - Processing file /opt/airflow/dags/spark_airflow.py for tasks to queue
[2024-12-17T00:45:28.051+0000] {logging_mixin.py:190} INFO - [2024-12-17T00:45:28.051+0000] {dagbag.py:588} INFO - Filling up the DagBag from /opt/airflow/dags/spark_airflow.py
[2024-12-17T00:45:28.068+0000] {processor.py:925} INFO - DAG(s) 'spark_dag' retrieved from /opt/airflow/dags/spark_airflow.py
[2024-12-17T00:45:28.090+0000] {logging_mixin.py:190} INFO - [2024-12-17T00:45:28.090+0000] {dag.py:3239} INFO - Sync 1 DAGs
[2024-12-17T00:45:28.106+0000] {logging_mixin.py:190} INFO - [2024-12-17T00:45:28.106+0000] {dag.py:4180} INFO - Setting next_dagrun for spark_dag to 2024-12-17T00:00:00+00:00, run_after=2024-12-18T00:00:00+00:00
[2024-12-17T00:45:28.127+0000] {processor.py:208} INFO - Processing /opt/airflow/dags/spark_airflow.py took 0.084 seconds
[2024-12-17T00:45:58.413+0000] {processor.py:186} INFO - Started process (PID=462) to work on /opt/airflow/dags/spark_airflow.py
[2024-12-17T00:45:58.414+0000] {processor.py:914} INFO - Processing file /opt/airflow/dags/spark_airflow.py for tasks to queue
[2024-12-17T00:45:58.417+0000] {logging_mixin.py:190} INFO - [2024-12-17T00:45:58.417+0000] {dagbag.py:588} INFO - Filling up the DagBag from /opt/airflow/dags/spark_airflow.py
[2024-12-17T00:45:58.438+0000] {processor.py:925} INFO - DAG(s) 'spark_dag' retrieved from /opt/airflow/dags/spark_airflow.py
[2024-12-17T00:45:58.459+0000] {logging_mixin.py:190} INFO - [2024-12-17T00:45:58.459+0000] {dag.py:3239} INFO - Sync 1 DAGs
[2024-12-17T00:45:58.475+0000] {logging_mixin.py:190} INFO - [2024-12-17T00:45:58.474+0000] {dag.py:4180} INFO - Setting next_dagrun for spark_dag to 2024-12-17T00:00:00+00:00, run_after=2024-12-18T00:00:00+00:00
[2024-12-17T00:45:58.497+0000] {processor.py:208} INFO - Processing /opt/airflow/dags/spark_airflow.py took 0.088 seconds
[2024-12-17T00:46:28.821+0000] {processor.py:186} INFO - Started process (PID=467) to work on /opt/airflow/dags/spark_airflow.py
[2024-12-17T00:46:28.822+0000] {processor.py:914} INFO - Processing file /opt/airflow/dags/spark_airflow.py for tasks to queue
[2024-12-17T00:46:28.824+0000] {logging_mixin.py:190} INFO - [2024-12-17T00:46:28.824+0000] {dagbag.py:588} INFO - Filling up the DagBag from /opt/airflow/dags/spark_airflow.py
[2024-12-17T00:46:28.839+0000] {processor.py:925} INFO - DAG(s) 'spark_dag' retrieved from /opt/airflow/dags/spark_airflow.py
[2024-12-17T00:46:28.857+0000] {logging_mixin.py:190} INFO - [2024-12-17T00:46:28.857+0000] {dag.py:3239} INFO - Sync 1 DAGs
[2024-12-17T00:46:28.874+0000] {logging_mixin.py:190} INFO - [2024-12-17T00:46:28.874+0000] {dag.py:4180} INFO - Setting next_dagrun for spark_dag to 2024-12-17T00:00:00+00:00, run_after=2024-12-18T00:00:00+00:00
[2024-12-17T00:46:28.896+0000] {processor.py:208} INFO - Processing /opt/airflow/dags/spark_airflow.py took 0.079 seconds
[2024-12-17T00:46:59.168+0000] {processor.py:186} INFO - Started process (PID=472) to work on /opt/airflow/dags/spark_airflow.py
[2024-12-17T00:46:59.168+0000] {processor.py:914} INFO - Processing file /opt/airflow/dags/spark_airflow.py for tasks to queue
[2024-12-17T00:46:59.170+0000] {logging_mixin.py:190} INFO - [2024-12-17T00:46:59.170+0000] {dagbag.py:588} INFO - Filling up the DagBag from /opt/airflow/dags/spark_airflow.py
[2024-12-17T00:46:59.184+0000] {processor.py:925} INFO - DAG(s) 'spark_dag' retrieved from /opt/airflow/dags/spark_airflow.py
[2024-12-17T00:46:59.203+0000] {logging_mixin.py:190} INFO - [2024-12-17T00:46:59.203+0000] {dag.py:3239} INFO - Sync 1 DAGs
[2024-12-17T00:46:59.219+0000] {logging_mixin.py:190} INFO - [2024-12-17T00:46:59.219+0000] {dag.py:4180} INFO - Setting next_dagrun for spark_dag to 2024-12-17T00:00:00+00:00, run_after=2024-12-18T00:00:00+00:00
[2024-12-17T00:46:59.242+0000] {processor.py:208} INFO - Processing /opt/airflow/dags/spark_airflow.py took 0.079 seconds
[2024-12-17T00:47:29.547+0000] {processor.py:186} INFO - Started process (PID=477) to work on /opt/airflow/dags/spark_airflow.py
[2024-12-17T00:47:29.548+0000] {processor.py:914} INFO - Processing file /opt/airflow/dags/spark_airflow.py for tasks to queue
[2024-12-17T00:47:29.550+0000] {logging_mixin.py:190} INFO - [2024-12-17T00:47:29.550+0000] {dagbag.py:588} INFO - Filling up the DagBag from /opt/airflow/dags/spark_airflow.py
[2024-12-17T00:47:29.565+0000] {processor.py:925} INFO - DAG(s) 'spark_dag' retrieved from /opt/airflow/dags/spark_airflow.py
[2024-12-17T00:47:29.584+0000] {logging_mixin.py:190} INFO - [2024-12-17T00:47:29.584+0000] {dag.py:3239} INFO - Sync 1 DAGs
[2024-12-17T00:47:29.600+0000] {logging_mixin.py:190} INFO - [2024-12-17T00:47:29.600+0000] {dag.py:4180} INFO - Setting next_dagrun for spark_dag to 2024-12-17T00:00:00+00:00, run_after=2024-12-18T00:00:00+00:00
[2024-12-17T00:47:29.621+0000] {processor.py:208} INFO - Processing /opt/airflow/dags/spark_airflow.py took 0.078 seconds
[2024-12-17T00:47:59.943+0000] {processor.py:186} INFO - Started process (PID=482) to work on /opt/airflow/dags/spark_airflow.py
[2024-12-17T00:47:59.944+0000] {processor.py:914} INFO - Processing file /opt/airflow/dags/spark_airflow.py for tasks to queue
[2024-12-17T00:47:59.946+0000] {logging_mixin.py:190} INFO - [2024-12-17T00:47:59.946+0000] {dagbag.py:588} INFO - Filling up the DagBag from /opt/airflow/dags/spark_airflow.py
[2024-12-17T00:47:59.961+0000] {processor.py:925} INFO - DAG(s) 'spark_dag' retrieved from /opt/airflow/dags/spark_airflow.py
[2024-12-17T00:47:59.982+0000] {logging_mixin.py:190} INFO - [2024-12-17T00:47:59.981+0000] {dag.py:3239} INFO - Sync 1 DAGs
[2024-12-17T00:47:59.998+0000] {logging_mixin.py:190} INFO - [2024-12-17T00:47:59.997+0000] {dag.py:4180} INFO - Setting next_dagrun for spark_dag to 2024-12-17T00:00:00+00:00, run_after=2024-12-18T00:00:00+00:00
[2024-12-17T00:48:00.021+0000] {processor.py:208} INFO - Processing /opt/airflow/dags/spark_airflow.py took 0.082 seconds
[2024-12-17T00:48:30.286+0000] {processor.py:186} INFO - Started process (PID=487) to work on /opt/airflow/dags/spark_airflow.py
[2024-12-17T00:48:30.287+0000] {processor.py:914} INFO - Processing file /opt/airflow/dags/spark_airflow.py for tasks to queue
[2024-12-17T00:48:30.289+0000] {logging_mixin.py:190} INFO - [2024-12-17T00:48:30.289+0000] {dagbag.py:588} INFO - Filling up the DagBag from /opt/airflow/dags/spark_airflow.py
[2024-12-17T00:48:30.303+0000] {processor.py:925} INFO - DAG(s) 'spark_dag' retrieved from /opt/airflow/dags/spark_airflow.py
[2024-12-17T00:48:30.323+0000] {logging_mixin.py:190} INFO - [2024-12-17T00:48:30.323+0000] {dag.py:3239} INFO - Sync 1 DAGs
[2024-12-17T00:48:30.339+0000] {logging_mixin.py:190} INFO - [2024-12-17T00:48:30.339+0000] {dag.py:4180} INFO - Setting next_dagrun for spark_dag to 2024-12-17T00:00:00+00:00, run_after=2024-12-18T00:00:00+00:00
[2024-12-17T00:48:30.362+0000] {processor.py:208} INFO - Processing /opt/airflow/dags/spark_airflow.py took 0.080 seconds
[2024-12-17T00:49:00.638+0000] {processor.py:186} INFO - Started process (PID=492) to work on /opt/airflow/dags/spark_airflow.py
[2024-12-17T00:49:00.639+0000] {processor.py:914} INFO - Processing file /opt/airflow/dags/spark_airflow.py for tasks to queue
[2024-12-17T00:49:00.641+0000] {logging_mixin.py:190} INFO - [2024-12-17T00:49:00.640+0000] {dagbag.py:588} INFO - Filling up the DagBag from /opt/airflow/dags/spark_airflow.py
[2024-12-17T00:49:00.656+0000] {processor.py:925} INFO - DAG(s) 'spark_dag' retrieved from /opt/airflow/dags/spark_airflow.py
[2024-12-17T00:49:00.675+0000] {logging_mixin.py:190} INFO - [2024-12-17T00:49:00.675+0000] {dag.py:3239} INFO - Sync 1 DAGs
[2024-12-17T00:49:00.691+0000] {logging_mixin.py:190} INFO - [2024-12-17T00:49:00.691+0000] {dag.py:4180} INFO - Setting next_dagrun for spark_dag to 2024-12-17T00:00:00+00:00, run_after=2024-12-18T00:00:00+00:00
[2024-12-17T00:49:00.714+0000] {processor.py:208} INFO - Processing /opt/airflow/dags/spark_airflow.py took 0.080 seconds
[2024-12-17T00:49:31.008+0000] {processor.py:186} INFO - Started process (PID=497) to work on /opt/airflow/dags/spark_airflow.py
[2024-12-17T00:49:31.009+0000] {processor.py:914} INFO - Processing file /opt/airflow/dags/spark_airflow.py for tasks to queue
[2024-12-17T00:49:31.012+0000] {logging_mixin.py:190} INFO - [2024-12-17T00:49:31.011+0000] {dagbag.py:588} INFO - Filling up the DagBag from /opt/airflow/dags/spark_airflow.py
[2024-12-17T00:49:31.027+0000] {processor.py:925} INFO - DAG(s) 'spark_dag' retrieved from /opt/airflow/dags/spark_airflow.py
[2024-12-17T00:49:31.047+0000] {logging_mixin.py:190} INFO - [2024-12-17T00:49:31.047+0000] {dag.py:3239} INFO - Sync 1 DAGs
[2024-12-17T00:49:31.062+0000] {logging_mixin.py:190} INFO - [2024-12-17T00:49:31.062+0000] {dag.py:4180} INFO - Setting next_dagrun for spark_dag to 2024-12-17T00:00:00+00:00, run_after=2024-12-18T00:00:00+00:00
[2024-12-17T00:49:31.079+0000] {processor.py:208} INFO - Processing /opt/airflow/dags/spark_airflow.py took 0.075 seconds
[2024-12-17T00:50:01.366+0000] {processor.py:186} INFO - Started process (PID=502) to work on /opt/airflow/dags/spark_airflow.py
[2024-12-17T00:50:01.367+0000] {processor.py:914} INFO - Processing file /opt/airflow/dags/spark_airflow.py for tasks to queue
[2024-12-17T00:50:01.369+0000] {logging_mixin.py:190} INFO - [2024-12-17T00:50:01.369+0000] {dagbag.py:588} INFO - Filling up the DagBag from /opt/airflow/dags/spark_airflow.py
[2024-12-17T00:50:01.388+0000] {processor.py:925} INFO - DAG(s) 'spark_dag' retrieved from /opt/airflow/dags/spark_airflow.py
[2024-12-17T00:50:01.411+0000] {logging_mixin.py:190} INFO - [2024-12-17T00:50:01.410+0000] {dag.py:3239} INFO - Sync 1 DAGs
[2024-12-17T00:50:01.429+0000] {logging_mixin.py:190} INFO - [2024-12-17T00:50:01.429+0000] {dag.py:4180} INFO - Setting next_dagrun for spark_dag to 2024-12-17T00:00:00+00:00, run_after=2024-12-18T00:00:00+00:00
[2024-12-17T00:50:01.446+0000] {processor.py:208} INFO - Processing /opt/airflow/dags/spark_airflow.py took 0.084 seconds
[2024-12-17T00:50:31.739+0000] {processor.py:186} INFO - Started process (PID=507) to work on /opt/airflow/dags/spark_airflow.py
[2024-12-17T00:50:31.740+0000] {processor.py:914} INFO - Processing file /opt/airflow/dags/spark_airflow.py for tasks to queue
[2024-12-17T00:50:31.742+0000] {logging_mixin.py:190} INFO - [2024-12-17T00:50:31.742+0000] {dagbag.py:588} INFO - Filling up the DagBag from /opt/airflow/dags/spark_airflow.py
[2024-12-17T00:50:31.755+0000] {processor.py:925} INFO - DAG(s) 'spark_dag' retrieved from /opt/airflow/dags/spark_airflow.py
[2024-12-17T00:50:31.773+0000] {logging_mixin.py:190} INFO - [2024-12-17T00:50:31.773+0000] {dag.py:3239} INFO - Sync 1 DAGs
[2024-12-17T00:50:31.789+0000] {logging_mixin.py:190} INFO - [2024-12-17T00:50:31.789+0000] {dag.py:4180} INFO - Setting next_dagrun for spark_dag to 2024-12-17T00:00:00+00:00, run_after=2024-12-18T00:00:00+00:00
[2024-12-17T00:50:31.813+0000] {processor.py:208} INFO - Processing /opt/airflow/dags/spark_airflow.py took 0.078 seconds
[2024-12-17T00:51:02.098+0000] {processor.py:186} INFO - Started process (PID=512) to work on /opt/airflow/dags/spark_airflow.py
[2024-12-17T00:51:02.098+0000] {processor.py:914} INFO - Processing file /opt/airflow/dags/spark_airflow.py for tasks to queue
[2024-12-17T00:51:02.101+0000] {logging_mixin.py:190} INFO - [2024-12-17T00:51:02.101+0000] {dagbag.py:588} INFO - Filling up the DagBag from /opt/airflow/dags/spark_airflow.py
[2024-12-17T00:51:02.114+0000] {processor.py:925} INFO - DAG(s) 'spark_dag' retrieved from /opt/airflow/dags/spark_airflow.py
[2024-12-17T00:51:02.133+0000] {logging_mixin.py:190} INFO - [2024-12-17T00:51:02.132+0000] {dag.py:3239} INFO - Sync 1 DAGs
[2024-12-17T00:51:02.149+0000] {logging_mixin.py:190} INFO - [2024-12-17T00:51:02.149+0000] {dag.py:4180} INFO - Setting next_dagrun for spark_dag to 2024-12-17T00:00:00+00:00, run_after=2024-12-18T00:00:00+00:00
[2024-12-17T00:51:02.171+0000] {processor.py:208} INFO - Processing /opt/airflow/dags/spark_airflow.py took 0.078 seconds
[2024-12-17T00:51:32.519+0000] {processor.py:186} INFO - Started process (PID=517) to work on /opt/airflow/dags/spark_airflow.py
[2024-12-17T00:51:32.520+0000] {processor.py:914} INFO - Processing file /opt/airflow/dags/spark_airflow.py for tasks to queue
[2024-12-17T00:51:32.522+0000] {logging_mixin.py:190} INFO - [2024-12-17T00:51:32.522+0000] {dagbag.py:588} INFO - Filling up the DagBag from /opt/airflow/dags/spark_airflow.py
[2024-12-17T00:51:32.536+0000] {processor.py:925} INFO - DAG(s) 'spark_dag' retrieved from /opt/airflow/dags/spark_airflow.py
[2024-12-17T00:51:32.557+0000] {logging_mixin.py:190} INFO - [2024-12-17T00:51:32.557+0000] {dag.py:3239} INFO - Sync 1 DAGs
[2024-12-17T00:51:32.573+0000] {logging_mixin.py:190} INFO - [2024-12-17T00:51:32.572+0000] {dag.py:4180} INFO - Setting next_dagrun for spark_dag to 2024-12-17T00:00:00+00:00, run_after=2024-12-18T00:00:00+00:00
[2024-12-17T00:51:32.588+0000] {processor.py:208} INFO - Processing /opt/airflow/dags/spark_airflow.py took 0.073 seconds
[2024-12-17T00:52:02.839+0000] {processor.py:186} INFO - Started process (PID=522) to work on /opt/airflow/dags/spark_airflow.py
[2024-12-17T00:52:02.839+0000] {processor.py:914} INFO - Processing file /opt/airflow/dags/spark_airflow.py for tasks to queue
[2024-12-17T00:52:02.841+0000] {logging_mixin.py:190} INFO - [2024-12-17T00:52:02.841+0000] {dagbag.py:588} INFO - Filling up the DagBag from /opt/airflow/dags/spark_airflow.py
[2024-12-17T00:52:02.856+0000] {processor.py:925} INFO - DAG(s) 'spark_dag' retrieved from /opt/airflow/dags/spark_airflow.py
[2024-12-17T00:52:02.876+0000] {logging_mixin.py:190} INFO - [2024-12-17T00:52:02.876+0000] {dag.py:3239} INFO - Sync 1 DAGs
[2024-12-17T00:52:02.894+0000] {logging_mixin.py:190} INFO - [2024-12-17T00:52:02.894+0000] {dag.py:4180} INFO - Setting next_dagrun for spark_dag to 2024-12-17T00:00:00+00:00, run_after=2024-12-18T00:00:00+00:00
[2024-12-17T00:52:02.909+0000] {processor.py:208} INFO - Processing /opt/airflow/dags/spark_airflow.py took 0.075 seconds
[2024-12-17T00:52:33.139+0000] {processor.py:186} INFO - Started process (PID=527) to work on /opt/airflow/dags/spark_airflow.py
[2024-12-17T00:52:33.140+0000] {processor.py:914} INFO - Processing file /opt/airflow/dags/spark_airflow.py for tasks to queue
[2024-12-17T00:52:33.142+0000] {logging_mixin.py:190} INFO - [2024-12-17T00:52:33.142+0000] {dagbag.py:588} INFO - Filling up the DagBag from /opt/airflow/dags/spark_airflow.py
[2024-12-17T00:52:33.157+0000] {processor.py:925} INFO - DAG(s) 'spark_dag' retrieved from /opt/airflow/dags/spark_airflow.py
[2024-12-17T00:52:33.179+0000] {logging_mixin.py:190} INFO - [2024-12-17T00:52:33.178+0000] {dag.py:3239} INFO - Sync 1 DAGs
[2024-12-17T00:52:33.198+0000] {logging_mixin.py:190} INFO - [2024-12-17T00:52:33.198+0000] {dag.py:4180} INFO - Setting next_dagrun for spark_dag to 2024-12-17T00:00:00+00:00, run_after=2024-12-18T00:00:00+00:00
[2024-12-17T00:52:33.216+0000] {processor.py:208} INFO - Processing /opt/airflow/dags/spark_airflow.py took 0.081 seconds
[2024-12-17T00:53:03.537+0000] {processor.py:186} INFO - Started process (PID=532) to work on /opt/airflow/dags/spark_airflow.py
[2024-12-17T00:53:03.537+0000] {processor.py:914} INFO - Processing file /opt/airflow/dags/spark_airflow.py for tasks to queue
[2024-12-17T00:53:03.539+0000] {logging_mixin.py:190} INFO - [2024-12-17T00:53:03.539+0000] {dagbag.py:588} INFO - Filling up the DagBag from /opt/airflow/dags/spark_airflow.py
[2024-12-17T00:53:03.554+0000] {processor.py:925} INFO - DAG(s) 'spark_dag' retrieved from /opt/airflow/dags/spark_airflow.py
[2024-12-17T00:53:03.573+0000] {logging_mixin.py:190} INFO - [2024-12-17T00:53:03.573+0000] {dag.py:3239} INFO - Sync 1 DAGs
[2024-12-17T00:53:03.589+0000] {logging_mixin.py:190} INFO - [2024-12-17T00:53:03.588+0000] {dag.py:4180} INFO - Setting next_dagrun for spark_dag to 2024-12-17T00:00:00+00:00, run_after=2024-12-18T00:00:00+00:00
[2024-12-17T00:53:03.611+0000] {processor.py:208} INFO - Processing /opt/airflow/dags/spark_airflow.py took 0.078 seconds
[2024-12-17T00:53:33.863+0000] {processor.py:186} INFO - Started process (PID=537) to work on /opt/airflow/dags/spark_airflow.py
[2024-12-17T00:53:33.864+0000] {processor.py:914} INFO - Processing file /opt/airflow/dags/spark_airflow.py for tasks to queue
[2024-12-17T00:53:33.867+0000] {logging_mixin.py:190} INFO - [2024-12-17T00:53:33.867+0000] {dagbag.py:588} INFO - Filling up the DagBag from /opt/airflow/dags/spark_airflow.py
[2024-12-17T00:53:33.881+0000] {processor.py:925} INFO - DAG(s) 'spark_dag' retrieved from /opt/airflow/dags/spark_airflow.py
[2024-12-17T00:53:33.902+0000] {logging_mixin.py:190} INFO - [2024-12-17T00:53:33.902+0000] {dag.py:3239} INFO - Sync 1 DAGs
[2024-12-17T00:53:33.920+0000] {logging_mixin.py:190} INFO - [2024-12-17T00:53:33.919+0000] {dag.py:4180} INFO - Setting next_dagrun for spark_dag to 2024-12-17T00:00:00+00:00, run_after=2024-12-18T00:00:00+00:00
[2024-12-17T00:53:33.940+0000] {processor.py:208} INFO - Processing /opt/airflow/dags/spark_airflow.py took 0.085 seconds
[2024-12-17T00:54:04.252+0000] {processor.py:186} INFO - Started process (PID=542) to work on /opt/airflow/dags/spark_airflow.py
[2024-12-17T00:54:04.253+0000] {processor.py:914} INFO - Processing file /opt/airflow/dags/spark_airflow.py for tasks to queue
[2024-12-17T00:54:04.255+0000] {logging_mixin.py:190} INFO - [2024-12-17T00:54:04.255+0000] {dagbag.py:588} INFO - Filling up the DagBag from /opt/airflow/dags/spark_airflow.py
[2024-12-17T00:54:04.269+0000] {processor.py:925} INFO - DAG(s) 'spark_dag' retrieved from /opt/airflow/dags/spark_airflow.py
[2024-12-17T00:54:04.288+0000] {logging_mixin.py:190} INFO - [2024-12-17T00:54:04.288+0000] {dag.py:3239} INFO - Sync 1 DAGs
[2024-12-17T00:54:04.304+0000] {logging_mixin.py:190} INFO - [2024-12-17T00:54:04.304+0000] {dag.py:4180} INFO - Setting next_dagrun for spark_dag to 2024-12-17T00:00:00+00:00, run_after=2024-12-18T00:00:00+00:00
[2024-12-17T00:54:04.327+0000] {processor.py:208} INFO - Processing /opt/airflow/dags/spark_airflow.py took 0.078 seconds
[2024-12-17T00:54:34.626+0000] {processor.py:186} INFO - Started process (PID=547) to work on /opt/airflow/dags/spark_airflow.py
[2024-12-17T00:54:34.626+0000] {processor.py:914} INFO - Processing file /opt/airflow/dags/spark_airflow.py for tasks to queue
[2024-12-17T00:54:34.628+0000] {logging_mixin.py:190} INFO - [2024-12-17T00:54:34.628+0000] {dagbag.py:588} INFO - Filling up the DagBag from /opt/airflow/dags/spark_airflow.py
[2024-12-17T00:54:34.643+0000] {processor.py:925} INFO - DAG(s) 'spark_dag' retrieved from /opt/airflow/dags/spark_airflow.py
[2024-12-17T00:54:34.663+0000] {logging_mixin.py:190} INFO - [2024-12-17T00:54:34.663+0000] {dag.py:3239} INFO - Sync 1 DAGs
[2024-12-17T00:54:34.679+0000] {logging_mixin.py:190} INFO - [2024-12-17T00:54:34.679+0000] {dag.py:4180} INFO - Setting next_dagrun for spark_dag to 2024-12-17T00:00:00+00:00, run_after=2024-12-18T00:00:00+00:00
[2024-12-17T00:54:34.700+0000] {processor.py:208} INFO - Processing /opt/airflow/dags/spark_airflow.py took 0.079 seconds
[2024-12-17T00:55:04.951+0000] {processor.py:186} INFO - Started process (PID=552) to work on /opt/airflow/dags/spark_airflow.py
[2024-12-17T00:55:04.952+0000] {processor.py:914} INFO - Processing file /opt/airflow/dags/spark_airflow.py for tasks to queue
[2024-12-17T00:55:04.955+0000] {logging_mixin.py:190} INFO - [2024-12-17T00:55:04.954+0000] {dagbag.py:588} INFO - Filling up the DagBag from /opt/airflow/dags/spark_airflow.py
[2024-12-17T00:55:04.969+0000] {processor.py:925} INFO - DAG(s) 'spark_dag' retrieved from /opt/airflow/dags/spark_airflow.py
[2024-12-17T00:55:04.987+0000] {logging_mixin.py:190} INFO - [2024-12-17T00:55:04.987+0000] {dag.py:3239} INFO - Sync 1 DAGs
[2024-12-17T00:55:05.003+0000] {logging_mixin.py:190} INFO - [2024-12-17T00:55:05.003+0000] {dag.py:4180} INFO - Setting next_dagrun for spark_dag to 2024-12-17T00:00:00+00:00, run_after=2024-12-18T00:00:00+00:00
[2024-12-17T00:55:05.021+0000] {processor.py:208} INFO - Processing /opt/airflow/dags/spark_airflow.py took 0.074 seconds
[2024-12-17T00:55:35.361+0000] {processor.py:186} INFO - Started process (PID=557) to work on /opt/airflow/dags/spark_airflow.py
[2024-12-17T00:55:35.361+0000] {processor.py:914} INFO - Processing file /opt/airflow/dags/spark_airflow.py for tasks to queue
[2024-12-17T00:55:35.363+0000] {logging_mixin.py:190} INFO - [2024-12-17T00:55:35.363+0000] {dagbag.py:588} INFO - Filling up the DagBag from /opt/airflow/dags/spark_airflow.py
[2024-12-17T00:55:35.380+0000] {processor.py:925} INFO - DAG(s) 'spark_dag' retrieved from /opt/airflow/dags/spark_airflow.py
[2024-12-17T00:55:35.400+0000] {logging_mixin.py:190} INFO - [2024-12-17T00:55:35.400+0000] {dag.py:3239} INFO - Sync 1 DAGs
[2024-12-17T00:55:35.416+0000] {logging_mixin.py:190} INFO - [2024-12-17T00:55:35.416+0000] {dag.py:4180} INFO - Setting next_dagrun for spark_dag to 2024-12-17T00:00:00+00:00, run_after=2024-12-18T00:00:00+00:00
[2024-12-17T00:55:35.434+0000] {processor.py:208} INFO - Processing /opt/airflow/dags/spark_airflow.py took 0.078 seconds
[2024-12-17T00:56:05.674+0000] {processor.py:186} INFO - Started process (PID=562) to work on /opt/airflow/dags/spark_airflow.py
[2024-12-17T00:56:05.675+0000] {processor.py:914} INFO - Processing file /opt/airflow/dags/spark_airflow.py for tasks to queue
[2024-12-17T00:56:05.677+0000] {logging_mixin.py:190} INFO - [2024-12-17T00:56:05.677+0000] {dagbag.py:588} INFO - Filling up the DagBag from /opt/airflow/dags/spark_airflow.py
[2024-12-17T00:56:05.699+0000] {processor.py:925} INFO - DAG(s) 'spark_dag' retrieved from /opt/airflow/dags/spark_airflow.py
[2024-12-17T00:56:05.723+0000] {logging_mixin.py:190} INFO - [2024-12-17T00:56:05.723+0000] {dag.py:3239} INFO - Sync 1 DAGs
[2024-12-17T00:56:05.739+0000] {logging_mixin.py:190} INFO - [2024-12-17T00:56:05.739+0000] {dag.py:4180} INFO - Setting next_dagrun for spark_dag to 2024-12-17T00:00:00+00:00, run_after=2024-12-18T00:00:00+00:00
[2024-12-17T00:56:05.762+0000] {processor.py:208} INFO - Processing /opt/airflow/dags/spark_airflow.py took 0.092 seconds
[2024-12-17T00:56:36.116+0000] {processor.py:186} INFO - Started process (PID=567) to work on /opt/airflow/dags/spark_airflow.py
[2024-12-17T00:56:36.117+0000] {processor.py:914} INFO - Processing file /opt/airflow/dags/spark_airflow.py for tasks to queue
[2024-12-17T00:56:36.119+0000] {logging_mixin.py:190} INFO - [2024-12-17T00:56:36.119+0000] {dagbag.py:588} INFO - Filling up the DagBag from /opt/airflow/dags/spark_airflow.py
[2024-12-17T00:56:36.135+0000] {processor.py:925} INFO - DAG(s) 'spark_dag' retrieved from /opt/airflow/dags/spark_airflow.py
[2024-12-17T00:56:36.157+0000] {logging_mixin.py:190} INFO - [2024-12-17T00:56:36.156+0000] {dag.py:3239} INFO - Sync 1 DAGs
[2024-12-17T00:56:36.174+0000] {logging_mixin.py:190} INFO - [2024-12-17T00:56:36.174+0000] {dag.py:4180} INFO - Setting next_dagrun for spark_dag to 2024-12-17T00:00:00+00:00, run_after=2024-12-18T00:00:00+00:00
[2024-12-17T00:56:36.199+0000] {processor.py:208} INFO - Processing /opt/airflow/dags/spark_airflow.py took 0.087 seconds
[2024-12-17T00:57:06.451+0000] {processor.py:186} INFO - Started process (PID=572) to work on /opt/airflow/dags/spark_airflow.py
[2024-12-17T00:57:06.452+0000] {processor.py:914} INFO - Processing file /opt/airflow/dags/spark_airflow.py for tasks to queue
[2024-12-17T00:57:06.454+0000] {logging_mixin.py:190} INFO - [2024-12-17T00:57:06.454+0000] {dagbag.py:588} INFO - Filling up the DagBag from /opt/airflow/dags/spark_airflow.py
[2024-12-17T00:57:06.468+0000] {processor.py:925} INFO - DAG(s) 'spark_dag' retrieved from /opt/airflow/dags/spark_airflow.py
[2024-12-17T00:57:06.487+0000] {logging_mixin.py:190} INFO - [2024-12-17T00:57:06.487+0000] {dag.py:3239} INFO - Sync 1 DAGs
[2024-12-17T00:57:06.504+0000] {logging_mixin.py:190} INFO - [2024-12-17T00:57:06.503+0000] {dag.py:4180} INFO - Setting next_dagrun for spark_dag to 2024-12-17T00:00:00+00:00, run_after=2024-12-18T00:00:00+00:00
[2024-12-17T00:57:06.526+0000] {processor.py:208} INFO - Processing /opt/airflow/dags/spark_airflow.py took 0.079 seconds
[2024-12-17T00:57:36.833+0000] {processor.py:186} INFO - Started process (PID=577) to work on /opt/airflow/dags/spark_airflow.py
[2024-12-17T00:57:36.833+0000] {processor.py:914} INFO - Processing file /opt/airflow/dags/spark_airflow.py for tasks to queue
[2024-12-17T00:57:36.836+0000] {logging_mixin.py:190} INFO - [2024-12-17T00:57:36.836+0000] {dagbag.py:588} INFO - Filling up the DagBag from /opt/airflow/dags/spark_airflow.py
[2024-12-17T00:57:36.850+0000] {processor.py:925} INFO - DAG(s) 'spark_dag' retrieved from /opt/airflow/dags/spark_airflow.py
[2024-12-17T00:57:36.877+0000] {logging_mixin.py:190} INFO - [2024-12-17T00:57:36.877+0000] {dag.py:3239} INFO - Sync 1 DAGs
[2024-12-17T00:57:36.896+0000] {logging_mixin.py:190} INFO - [2024-12-17T00:57:36.896+0000] {dag.py:4180} INFO - Setting next_dagrun for spark_dag to 2024-12-17T00:00:00+00:00, run_after=2024-12-18T00:00:00+00:00
[2024-12-17T00:57:36.911+0000] {processor.py:208} INFO - Processing /opt/airflow/dags/spark_airflow.py took 0.082 seconds
[2024-12-17T00:58:07.205+0000] {processor.py:186} INFO - Started process (PID=582) to work on /opt/airflow/dags/spark_airflow.py
[2024-12-17T00:58:07.205+0000] {processor.py:914} INFO - Processing file /opt/airflow/dags/spark_airflow.py for tasks to queue
[2024-12-17T00:58:07.208+0000] {logging_mixin.py:190} INFO - [2024-12-17T00:58:07.208+0000] {dagbag.py:588} INFO - Filling up the DagBag from /opt/airflow/dags/spark_airflow.py
[2024-12-17T00:58:07.224+0000] {processor.py:925} INFO - DAG(s) 'spark_dag' retrieved from /opt/airflow/dags/spark_airflow.py
[2024-12-17T00:58:07.243+0000] {logging_mixin.py:190} INFO - [2024-12-17T00:58:07.243+0000] {dag.py:3239} INFO - Sync 1 DAGs
[2024-12-17T00:58:07.259+0000] {logging_mixin.py:190} INFO - [2024-12-17T00:58:07.259+0000] {dag.py:4180} INFO - Setting next_dagrun for spark_dag to 2024-12-17T00:00:00+00:00, run_after=2024-12-18T00:00:00+00:00
[2024-12-17T00:58:07.274+0000] {processor.py:208} INFO - Processing /opt/airflow/dags/spark_airflow.py took 0.073 seconds
[2024-12-17T00:58:37.572+0000] {processor.py:186} INFO - Started process (PID=587) to work on /opt/airflow/dags/spark_airflow.py
[2024-12-17T00:58:37.572+0000] {processor.py:914} INFO - Processing file /opt/airflow/dags/spark_airflow.py for tasks to queue
[2024-12-17T00:58:37.575+0000] {logging_mixin.py:190} INFO - [2024-12-17T00:58:37.574+0000] {dagbag.py:588} INFO - Filling up the DagBag from /opt/airflow/dags/spark_airflow.py
[2024-12-17T00:58:37.591+0000] {processor.py:925} INFO - DAG(s) 'spark_dag' retrieved from /opt/airflow/dags/spark_airflow.py
[2024-12-17T00:58:37.612+0000] {logging_mixin.py:190} INFO - [2024-12-17T00:58:37.612+0000] {dag.py:3239} INFO - Sync 1 DAGs
[2024-12-17T00:58:37.628+0000] {logging_mixin.py:190} INFO - [2024-12-17T00:58:37.628+0000] {dag.py:4180} INFO - Setting next_dagrun for spark_dag to 2024-12-17T00:00:00+00:00, run_after=2024-12-18T00:00:00+00:00
[2024-12-17T00:58:37.645+0000] {processor.py:208} INFO - Processing /opt/airflow/dags/spark_airflow.py took 0.078 seconds
[2024-12-17T00:59:07.920+0000] {processor.py:186} INFO - Started process (PID=592) to work on /opt/airflow/dags/spark_airflow.py
[2024-12-17T00:59:07.921+0000] {processor.py:914} INFO - Processing file /opt/airflow/dags/spark_airflow.py for tasks to queue
[2024-12-17T00:59:07.924+0000] {logging_mixin.py:190} INFO - [2024-12-17T00:59:07.923+0000] {dagbag.py:588} INFO - Filling up the DagBag from /opt/airflow/dags/spark_airflow.py
[2024-12-17T00:59:07.940+0000] {processor.py:925} INFO - DAG(s) 'spark_dag' retrieved from /opt/airflow/dags/spark_airflow.py
[2024-12-17T00:59:07.961+0000] {logging_mixin.py:190} INFO - [2024-12-17T00:59:07.961+0000] {dag.py:3239} INFO - Sync 1 DAGs
[2024-12-17T00:59:07.980+0000] {logging_mixin.py:190} INFO - [2024-12-17T00:59:07.980+0000] {dag.py:4180} INFO - Setting next_dagrun for spark_dag to 2024-12-17T00:00:00+00:00, run_after=2024-12-18T00:00:00+00:00
[2024-12-17T00:59:08.001+0000] {processor.py:208} INFO - Processing /opt/airflow/dags/spark_airflow.py took 0.085 seconds
[2024-12-17T00:59:38.275+0000] {processor.py:186} INFO - Started process (PID=597) to work on /opt/airflow/dags/spark_airflow.py
[2024-12-17T00:59:38.276+0000] {processor.py:914} INFO - Processing file /opt/airflow/dags/spark_airflow.py for tasks to queue
[2024-12-17T00:59:38.278+0000] {logging_mixin.py:190} INFO - [2024-12-17T00:59:38.278+0000] {dagbag.py:588} INFO - Filling up the DagBag from /opt/airflow/dags/spark_airflow.py
[2024-12-17T00:59:38.293+0000] {processor.py:925} INFO - DAG(s) 'spark_dag' retrieved from /opt/airflow/dags/spark_airflow.py
[2024-12-17T00:59:38.313+0000] {logging_mixin.py:190} INFO - [2024-12-17T00:59:38.313+0000] {dag.py:3239} INFO - Sync 1 DAGs
[2024-12-17T00:59:38.330+0000] {logging_mixin.py:190} INFO - [2024-12-17T00:59:38.329+0000] {dag.py:4180} INFO - Setting next_dagrun for spark_dag to 2024-12-17T00:00:00+00:00, run_after=2024-12-18T00:00:00+00:00
[2024-12-17T00:59:38.358+0000] {processor.py:208} INFO - Processing /opt/airflow/dags/spark_airflow.py took 0.086 seconds
[2024-12-17T01:00:08.610+0000] {processor.py:186} INFO - Started process (PID=602) to work on /opt/airflow/dags/spark_airflow.py
[2024-12-17T01:00:08.611+0000] {processor.py:914} INFO - Processing file /opt/airflow/dags/spark_airflow.py for tasks to queue
[2024-12-17T01:00:08.613+0000] {logging_mixin.py:190} INFO - [2024-12-17T01:00:08.613+0000] {dagbag.py:588} INFO - Filling up the DagBag from /opt/airflow/dags/spark_airflow.py
[2024-12-17T01:00:08.637+0000] {processor.py:925} INFO - DAG(s) 'spark_dag' retrieved from /opt/airflow/dags/spark_airflow.py
[2024-12-17T01:00:08.666+0000] {logging_mixin.py:190} INFO - [2024-12-17T01:00:08.666+0000] {dag.py:3239} INFO - Sync 1 DAGs
[2024-12-17T01:00:08.682+0000] {logging_mixin.py:190} INFO - [2024-12-17T01:00:08.682+0000] {dag.py:4180} INFO - Setting next_dagrun for spark_dag to 2024-12-17T00:00:00+00:00, run_after=2024-12-18T00:00:00+00:00
[2024-12-17T01:00:08.700+0000] {processor.py:208} INFO - Processing /opt/airflow/dags/spark_airflow.py took 0.094 seconds
[2024-12-17T01:00:39.016+0000] {processor.py:186} INFO - Started process (PID=607) to work on /opt/airflow/dags/spark_airflow.py
[2024-12-17T01:00:39.017+0000] {processor.py:914} INFO - Processing file /opt/airflow/dags/spark_airflow.py for tasks to queue
[2024-12-17T01:00:39.019+0000] {logging_mixin.py:190} INFO - [2024-12-17T01:00:39.019+0000] {dagbag.py:588} INFO - Filling up the DagBag from /opt/airflow/dags/spark_airflow.py
[2024-12-17T01:00:39.036+0000] {processor.py:925} INFO - DAG(s) 'spark_dag' retrieved from /opt/airflow/dags/spark_airflow.py
[2024-12-17T01:00:39.056+0000] {logging_mixin.py:190} INFO - [2024-12-17T01:00:39.056+0000] {dag.py:3239} INFO - Sync 1 DAGs
[2024-12-17T01:00:39.073+0000] {logging_mixin.py:190} INFO - [2024-12-17T01:00:39.073+0000] {dag.py:4180} INFO - Setting next_dagrun for spark_dag to 2024-12-17T00:00:00+00:00, run_after=2024-12-18T00:00:00+00:00
[2024-12-17T01:00:39.091+0000] {processor.py:208} INFO - Processing /opt/airflow/dags/spark_airflow.py took 0.079 seconds
[2024-12-17T01:01:09.361+0000] {processor.py:186} INFO - Started process (PID=612) to work on /opt/airflow/dags/spark_airflow.py
[2024-12-17T01:01:09.361+0000] {processor.py:914} INFO - Processing file /opt/airflow/dags/spark_airflow.py for tasks to queue
[2024-12-17T01:01:09.364+0000] {logging_mixin.py:190} INFO - [2024-12-17T01:01:09.363+0000] {dagbag.py:588} INFO - Filling up the DagBag from /opt/airflow/dags/spark_airflow.py
[2024-12-17T01:01:09.378+0000] {processor.py:925} INFO - DAG(s) 'spark_dag' retrieved from /opt/airflow/dags/spark_airflow.py
[2024-12-17T01:01:09.397+0000] {logging_mixin.py:190} INFO - [2024-12-17T01:01:09.397+0000] {dag.py:3239} INFO - Sync 1 DAGs
[2024-12-17T01:01:09.413+0000] {logging_mixin.py:190} INFO - [2024-12-17T01:01:09.413+0000] {dag.py:4180} INFO - Setting next_dagrun for spark_dag to 2024-12-17T00:00:00+00:00, run_after=2024-12-18T00:00:00+00:00
[2024-12-17T01:01:09.436+0000] {processor.py:208} INFO - Processing /opt/airflow/dags/spark_airflow.py took 0.079 seconds
[2024-12-17T01:01:39.781+0000] {processor.py:186} INFO - Started process (PID=617) to work on /opt/airflow/dags/spark_airflow.py
[2024-12-17T01:01:39.782+0000] {processor.py:914} INFO - Processing file /opt/airflow/dags/spark_airflow.py for tasks to queue
[2024-12-17T01:01:39.785+0000] {logging_mixin.py:190} INFO - [2024-12-17T01:01:39.784+0000] {dagbag.py:588} INFO - Filling up the DagBag from /opt/airflow/dags/spark_airflow.py
[2024-12-17T01:01:39.800+0000] {processor.py:925} INFO - DAG(s) 'spark_dag' retrieved from /opt/airflow/dags/spark_airflow.py
[2024-12-17T01:01:39.819+0000] {logging_mixin.py:190} INFO - [2024-12-17T01:01:39.819+0000] {dag.py:3239} INFO - Sync 1 DAGs
[2024-12-17T01:01:39.837+0000] {logging_mixin.py:190} INFO - [2024-12-17T01:01:39.837+0000] {dag.py:4180} INFO - Setting next_dagrun for spark_dag to 2024-12-17T00:00:00+00:00, run_after=2024-12-18T00:00:00+00:00
[2024-12-17T01:01:39.860+0000] {processor.py:208} INFO - Processing /opt/airflow/dags/spark_airflow.py took 0.083 seconds
[2024-12-17T01:02:10.159+0000] {processor.py:186} INFO - Started process (PID=622) to work on /opt/airflow/dags/spark_airflow.py
[2024-12-17T01:02:10.160+0000] {processor.py:914} INFO - Processing file /opt/airflow/dags/spark_airflow.py for tasks to queue
[2024-12-17T01:02:10.162+0000] {logging_mixin.py:190} INFO - [2024-12-17T01:02:10.162+0000] {dagbag.py:588} INFO - Filling up the DagBag from /opt/airflow/dags/spark_airflow.py
[2024-12-17T01:02:10.179+0000] {processor.py:925} INFO - DAG(s) 'spark_dag' retrieved from /opt/airflow/dags/spark_airflow.py
[2024-12-17T01:02:10.198+0000] {logging_mixin.py:190} INFO - [2024-12-17T01:02:10.198+0000] {dag.py:3239} INFO - Sync 1 DAGs
[2024-12-17T01:02:10.214+0000] {logging_mixin.py:190} INFO - [2024-12-17T01:02:10.214+0000] {dag.py:4180} INFO - Setting next_dagrun for spark_dag to 2024-12-17T00:00:00+00:00, run_after=2024-12-18T00:00:00+00:00
[2024-12-17T01:02:10.236+0000] {processor.py:208} INFO - Processing /opt/airflow/dags/spark_airflow.py took 0.081 seconds
[2024-12-17T01:02:40.502+0000] {processor.py:186} INFO - Started process (PID=627) to work on /opt/airflow/dags/spark_airflow.py
[2024-12-17T01:02:40.503+0000] {processor.py:914} INFO - Processing file /opt/airflow/dags/spark_airflow.py for tasks to queue
[2024-12-17T01:02:40.505+0000] {logging_mixin.py:190} INFO - [2024-12-17T01:02:40.505+0000] {dagbag.py:588} INFO - Filling up the DagBag from /opt/airflow/dags/spark_airflow.py
[2024-12-17T01:02:40.525+0000] {processor.py:925} INFO - DAG(s) 'spark_dag' retrieved from /opt/airflow/dags/spark_airflow.py
[2024-12-17T01:02:40.545+0000] {logging_mixin.py:190} INFO - [2024-12-17T01:02:40.545+0000] {dag.py:3239} INFO - Sync 1 DAGs
[2024-12-17T01:02:40.561+0000] {logging_mixin.py:190} INFO - [2024-12-17T01:02:40.561+0000] {dag.py:4180} INFO - Setting next_dagrun for spark_dag to 2024-12-17T00:00:00+00:00, run_after=2024-12-18T00:00:00+00:00
[2024-12-17T01:02:40.583+0000] {processor.py:208} INFO - Processing /opt/airflow/dags/spark_airflow.py took 0.086 seconds
[2024-12-17T01:03:10.882+0000] {processor.py:186} INFO - Started process (PID=632) to work on /opt/airflow/dags/spark_airflow.py
[2024-12-17T01:03:10.883+0000] {processor.py:914} INFO - Processing file /opt/airflow/dags/spark_airflow.py for tasks to queue
[2024-12-17T01:03:10.885+0000] {logging_mixin.py:190} INFO - [2024-12-17T01:03:10.884+0000] {dagbag.py:588} INFO - Filling up the DagBag from /opt/airflow/dags/spark_airflow.py
[2024-12-17T01:03:10.900+0000] {processor.py:925} INFO - DAG(s) 'spark_dag' retrieved from /opt/airflow/dags/spark_airflow.py
[2024-12-17T01:03:10.920+0000] {logging_mixin.py:190} INFO - [2024-12-17T01:03:10.920+0000] {dag.py:3239} INFO - Sync 1 DAGs
[2024-12-17T01:03:10.936+0000] {logging_mixin.py:190} INFO - [2024-12-17T01:03:10.935+0000] {dag.py:4180} INFO - Setting next_dagrun for spark_dag to 2024-12-17T00:00:00+00:00, run_after=2024-12-18T00:00:00+00:00
[2024-12-17T01:03:10.958+0000] {processor.py:208} INFO - Processing /opt/airflow/dags/spark_airflow.py took 0.080 seconds
[2024-12-17T01:03:41.235+0000] {processor.py:186} INFO - Started process (PID=637) to work on /opt/airflow/dags/spark_airflow.py
[2024-12-17T01:03:41.236+0000] {processor.py:914} INFO - Processing file /opt/airflow/dags/spark_airflow.py for tasks to queue
[2024-12-17T01:03:41.238+0000] {logging_mixin.py:190} INFO - [2024-12-17T01:03:41.238+0000] {dagbag.py:588} INFO - Filling up the DagBag from /opt/airflow/dags/spark_airflow.py
[2024-12-17T01:03:41.257+0000] {processor.py:925} INFO - DAG(s) 'spark_dag' retrieved from /opt/airflow/dags/spark_airflow.py
[2024-12-17T01:03:41.278+0000] {logging_mixin.py:190} INFO - [2024-12-17T01:03:41.278+0000] {dag.py:3239} INFO - Sync 1 DAGs
[2024-12-17T01:03:41.294+0000] {logging_mixin.py:190} INFO - [2024-12-17T01:03:41.294+0000] {dag.py:4180} INFO - Setting next_dagrun for spark_dag to 2024-12-17T00:00:00+00:00, run_after=2024-12-18T00:00:00+00:00
[2024-12-17T01:03:41.316+0000] {processor.py:208} INFO - Processing /opt/airflow/dags/spark_airflow.py took 0.085 seconds
[2024-12-17T01:04:11.596+0000] {processor.py:186} INFO - Started process (PID=642) to work on /opt/airflow/dags/spark_airflow.py
[2024-12-17T01:04:11.597+0000] {processor.py:914} INFO - Processing file /opt/airflow/dags/spark_airflow.py for tasks to queue
[2024-12-17T01:04:11.600+0000] {logging_mixin.py:190} INFO - [2024-12-17T01:04:11.599+0000] {dagbag.py:588} INFO - Filling up the DagBag from /opt/airflow/dags/spark_airflow.py
[2024-12-17T01:04:11.624+0000] {processor.py:925} INFO - DAG(s) 'spark_dag' retrieved from /opt/airflow/dags/spark_airflow.py
[2024-12-17T01:04:11.647+0000] {logging_mixin.py:190} INFO - [2024-12-17T01:04:11.647+0000] {dag.py:3239} INFO - Sync 1 DAGs
[2024-12-17T01:04:11.664+0000] {logging_mixin.py:190} INFO - [2024-12-17T01:04:11.664+0000] {dag.py:4180} INFO - Setting next_dagrun for spark_dag to 2024-12-17T00:00:00+00:00, run_after=2024-12-18T00:00:00+00:00
[2024-12-17T01:04:11.680+0000] {processor.py:208} INFO - Processing /opt/airflow/dags/spark_airflow.py took 0.089 seconds
[2024-12-17T01:04:41.916+0000] {processor.py:186} INFO - Started process (PID=647) to work on /opt/airflow/dags/spark_airflow.py
[2024-12-17T01:04:41.916+0000] {processor.py:914} INFO - Processing file /opt/airflow/dags/spark_airflow.py for tasks to queue
[2024-12-17T01:04:41.919+0000] {logging_mixin.py:190} INFO - [2024-12-17T01:04:41.918+0000] {dagbag.py:588} INFO - Filling up the DagBag from /opt/airflow/dags/spark_airflow.py
[2024-12-17T01:04:41.939+0000] {processor.py:925} INFO - DAG(s) 'spark_dag' retrieved from /opt/airflow/dags/spark_airflow.py
[2024-12-17T01:04:41.964+0000] {logging_mixin.py:190} INFO - [2024-12-17T01:04:41.964+0000] {dag.py:3239} INFO - Sync 1 DAGs
[2024-12-17T01:04:41.992+0000] {logging_mixin.py:190} INFO - [2024-12-17T01:04:41.991+0000] {dag.py:4180} INFO - Setting next_dagrun for spark_dag to 2024-12-17T00:00:00+00:00, run_after=2024-12-18T00:00:00+00:00
[2024-12-17T01:04:42.012+0000] {processor.py:208} INFO - Processing /opt/airflow/dags/spark_airflow.py took 0.102 seconds
[2024-12-17T01:05:12.337+0000] {processor.py:186} INFO - Started process (PID=652) to work on /opt/airflow/dags/spark_airflow.py
[2024-12-17T01:05:12.338+0000] {processor.py:914} INFO - Processing file /opt/airflow/dags/spark_airflow.py for tasks to queue
[2024-12-17T01:05:12.340+0000] {logging_mixin.py:190} INFO - [2024-12-17T01:05:12.340+0000] {dagbag.py:588} INFO - Filling up the DagBag from /opt/airflow/dags/spark_airflow.py
[2024-12-17T01:05:12.358+0000] {processor.py:925} INFO - DAG(s) 'spark_dag' retrieved from /opt/airflow/dags/spark_airflow.py
[2024-12-17T01:05:12.378+0000] {logging_mixin.py:190} INFO - [2024-12-17T01:05:12.378+0000] {dag.py:3239} INFO - Sync 1 DAGs
[2024-12-17T01:05:12.394+0000] {logging_mixin.py:190} INFO - [2024-12-17T01:05:12.394+0000] {dag.py:4180} INFO - Setting next_dagrun for spark_dag to 2024-12-17T00:00:00+00:00, run_after=2024-12-18T00:00:00+00:00
[2024-12-17T01:05:12.411+0000] {processor.py:208} INFO - Processing /opt/airflow/dags/spark_airflow.py took 0.078 seconds
[2024-12-17T01:05:42.690+0000] {processor.py:186} INFO - Started process (PID=657) to work on /opt/airflow/dags/spark_airflow.py
[2024-12-17T01:05:42.691+0000] {processor.py:914} INFO - Processing file /opt/airflow/dags/spark_airflow.py for tasks to queue
[2024-12-17T01:05:42.693+0000] {logging_mixin.py:190} INFO - [2024-12-17T01:05:42.693+0000] {dagbag.py:588} INFO - Filling up the DagBag from /opt/airflow/dags/spark_airflow.py
[2024-12-17T01:05:42.708+0000] {processor.py:925} INFO - DAG(s) 'spark_dag' retrieved from /opt/airflow/dags/spark_airflow.py
[2024-12-17T01:05:42.729+0000] {logging_mixin.py:190} INFO - [2024-12-17T01:05:42.728+0000] {dag.py:3239} INFO - Sync 1 DAGs
[2024-12-17T01:05:42.745+0000] {logging_mixin.py:190} INFO - [2024-12-17T01:05:42.744+0000] {dag.py:4180} INFO - Setting next_dagrun for spark_dag to 2024-12-17T00:00:00+00:00, run_after=2024-12-18T00:00:00+00:00
[2024-12-17T01:05:42.761+0000] {processor.py:208} INFO - Processing /opt/airflow/dags/spark_airflow.py took 0.076 seconds
[2024-12-17T01:06:13.059+0000] {processor.py:186} INFO - Started process (PID=662) to work on /opt/airflow/dags/spark_airflow.py
[2024-12-17T01:06:13.060+0000] {processor.py:914} INFO - Processing file /opt/airflow/dags/spark_airflow.py for tasks to queue
[2024-12-17T01:06:13.062+0000] {logging_mixin.py:190} INFO - [2024-12-17T01:06:13.062+0000] {dagbag.py:588} INFO - Filling up the DagBag from /opt/airflow/dags/spark_airflow.py
[2024-12-17T01:06:13.079+0000] {processor.py:925} INFO - DAG(s) 'spark_dag' retrieved from /opt/airflow/dags/spark_airflow.py
[2024-12-17T01:06:13.099+0000] {logging_mixin.py:190} INFO - [2024-12-17T01:06:13.098+0000] {dag.py:3239} INFO - Sync 1 DAGs
[2024-12-17T01:06:13.116+0000] {logging_mixin.py:190} INFO - [2024-12-17T01:06:13.116+0000] {dag.py:4180} INFO - Setting next_dagrun for spark_dag to 2024-12-17T00:00:00+00:00, run_after=2024-12-18T00:00:00+00:00
[2024-12-17T01:06:13.134+0000] {processor.py:208} INFO - Processing /opt/airflow/dags/spark_airflow.py took 0.080 seconds
[2024-12-17T01:06:43.407+0000] {processor.py:186} INFO - Started process (PID=667) to work on /opt/airflow/dags/spark_airflow.py
[2024-12-17T01:06:43.408+0000] {processor.py:914} INFO - Processing file /opt/airflow/dags/spark_airflow.py for tasks to queue
[2024-12-17T01:06:43.412+0000] {logging_mixin.py:190} INFO - [2024-12-17T01:06:43.412+0000] {dagbag.py:588} INFO - Filling up the DagBag from /opt/airflow/dags/spark_airflow.py
[2024-12-17T01:06:43.430+0000] {processor.py:925} INFO - DAG(s) 'spark_dag' retrieved from /opt/airflow/dags/spark_airflow.py
[2024-12-17T01:06:43.451+0000] {logging_mixin.py:190} INFO - [2024-12-17T01:06:43.451+0000] {dag.py:3239} INFO - Sync 1 DAGs
[2024-12-17T01:06:43.469+0000] {logging_mixin.py:190} INFO - [2024-12-17T01:06:43.469+0000] {dag.py:4180} INFO - Setting next_dagrun for spark_dag to 2024-12-17T00:00:00+00:00, run_after=2024-12-18T00:00:00+00:00
[2024-12-17T01:06:43.489+0000] {processor.py:208} INFO - Processing /opt/airflow/dags/spark_airflow.py took 0.089 seconds
[2024-12-17T01:07:13.782+0000] {processor.py:186} INFO - Started process (PID=672) to work on /opt/airflow/dags/spark_airflow.py
[2024-12-17T01:07:13.783+0000] {processor.py:914} INFO - Processing file /opt/airflow/dags/spark_airflow.py for tasks to queue
[2024-12-17T01:07:13.785+0000] {logging_mixin.py:190} INFO - [2024-12-17T01:07:13.785+0000] {dagbag.py:588} INFO - Filling up the DagBag from /opt/airflow/dags/spark_airflow.py
[2024-12-17T01:07:13.798+0000] {processor.py:925} INFO - DAG(s) 'spark_dag' retrieved from /opt/airflow/dags/spark_airflow.py
[2024-12-17T01:07:13.818+0000] {logging_mixin.py:190} INFO - [2024-12-17T01:07:13.818+0000] {dag.py:3239} INFO - Sync 1 DAGs
[2024-12-17T01:07:13.835+0000] {logging_mixin.py:190} INFO - [2024-12-17T01:07:13.835+0000] {dag.py:4180} INFO - Setting next_dagrun for spark_dag to 2024-12-17T00:00:00+00:00, run_after=2024-12-18T00:00:00+00:00
[2024-12-17T01:07:13.852+0000] {processor.py:208} INFO - Processing /opt/airflow/dags/spark_airflow.py took 0.074 seconds
[2024-12-17T01:07:44.165+0000] {processor.py:186} INFO - Started process (PID=677) to work on /opt/airflow/dags/spark_airflow.py
[2024-12-17T01:07:44.166+0000] {processor.py:914} INFO - Processing file /opt/airflow/dags/spark_airflow.py for tasks to queue
[2024-12-17T01:07:44.168+0000] {logging_mixin.py:190} INFO - [2024-12-17T01:07:44.168+0000] {dagbag.py:588} INFO - Filling up the DagBag from /opt/airflow/dags/spark_airflow.py
[2024-12-17T01:07:44.183+0000] {processor.py:925} INFO - DAG(s) 'spark_dag' retrieved from /opt/airflow/dags/spark_airflow.py
[2024-12-17T01:07:44.203+0000] {logging_mixin.py:190} INFO - [2024-12-17T01:07:44.203+0000] {dag.py:3239} INFO - Sync 1 DAGs
[2024-12-17T01:07:44.220+0000] {logging_mixin.py:190} INFO - [2024-12-17T01:07:44.219+0000] {dag.py:4180} INFO - Setting next_dagrun for spark_dag to 2024-12-17T00:00:00+00:00, run_after=2024-12-18T00:00:00+00:00
[2024-12-17T01:07:44.245+0000] {processor.py:208} INFO - Processing /opt/airflow/dags/spark_airflow.py took 0.084 seconds
[2024-12-17T01:08:14.502+0000] {processor.py:186} INFO - Started process (PID=682) to work on /opt/airflow/dags/spark_airflow.py
[2024-12-17T01:08:14.502+0000] {processor.py:914} INFO - Processing file /opt/airflow/dags/spark_airflow.py for tasks to queue
[2024-12-17T01:08:14.505+0000] {logging_mixin.py:190} INFO - [2024-12-17T01:08:14.505+0000] {dagbag.py:588} INFO - Filling up the DagBag from /opt/airflow/dags/spark_airflow.py
[2024-12-17T01:08:14.519+0000] {processor.py:925} INFO - DAG(s) 'spark_dag' retrieved from /opt/airflow/dags/spark_airflow.py
[2024-12-17T01:08:14.538+0000] {logging_mixin.py:190} INFO - [2024-12-17T01:08:14.538+0000] {dag.py:3239} INFO - Sync 1 DAGs
[2024-12-17T01:08:14.554+0000] {logging_mixin.py:190} INFO - [2024-12-17T01:08:14.554+0000] {dag.py:4180} INFO - Setting next_dagrun for spark_dag to 2024-12-17T00:00:00+00:00, run_after=2024-12-18T00:00:00+00:00
[2024-12-17T01:08:14.571+0000] {processor.py:208} INFO - Processing /opt/airflow/dags/spark_airflow.py took 0.074 seconds
[2024-12-17T01:08:44.883+0000] {processor.py:186} INFO - Started process (PID=687) to work on /opt/airflow/dags/spark_airflow.py
[2024-12-17T01:08:44.883+0000] {processor.py:914} INFO - Processing file /opt/airflow/dags/spark_airflow.py for tasks to queue
[2024-12-17T01:08:44.886+0000] {logging_mixin.py:190} INFO - [2024-12-17T01:08:44.886+0000] {dagbag.py:588} INFO - Filling up the DagBag from /opt/airflow/dags/spark_airflow.py
[2024-12-17T01:08:44.903+0000] {processor.py:925} INFO - DAG(s) 'spark_dag' retrieved from /opt/airflow/dags/spark_airflow.py
[2024-12-17T01:08:44.923+0000] {logging_mixin.py:190} INFO - [2024-12-17T01:08:44.923+0000] {dag.py:3239} INFO - Sync 1 DAGs
[2024-12-17T01:08:44.938+0000] {logging_mixin.py:190} INFO - [2024-12-17T01:08:44.938+0000] {dag.py:4180} INFO - Setting next_dagrun for spark_dag to 2024-12-17T00:00:00+00:00, run_after=2024-12-18T00:00:00+00:00
[2024-12-17T01:08:44.961+0000] {processor.py:208} INFO - Processing /opt/airflow/dags/spark_airflow.py took 0.082 seconds
[2024-12-17T01:09:15.247+0000] {processor.py:186} INFO - Started process (PID=692) to work on /opt/airflow/dags/spark_airflow.py
[2024-12-17T01:09:15.248+0000] {processor.py:914} INFO - Processing file /opt/airflow/dags/spark_airflow.py for tasks to queue
[2024-12-17T01:09:15.250+0000] {logging_mixin.py:190} INFO - [2024-12-17T01:09:15.250+0000] {dagbag.py:588} INFO - Filling up the DagBag from /opt/airflow/dags/spark_airflow.py
[2024-12-17T01:09:15.263+0000] {processor.py:925} INFO - DAG(s) 'spark_dag' retrieved from /opt/airflow/dags/spark_airflow.py
[2024-12-17T01:09:15.282+0000] {logging_mixin.py:190} INFO - [2024-12-17T01:09:15.282+0000] {dag.py:3239} INFO - Sync 1 DAGs
[2024-12-17T01:09:15.297+0000] {logging_mixin.py:190} INFO - [2024-12-17T01:09:15.297+0000] {dag.py:4180} INFO - Setting next_dagrun for spark_dag to 2024-12-17T00:00:00+00:00, run_after=2024-12-18T00:00:00+00:00
[2024-12-17T01:09:15.320+0000] {processor.py:208} INFO - Processing /opt/airflow/dags/spark_airflow.py took 0.076 seconds
[2024-12-17T01:09:45.615+0000] {processor.py:186} INFO - Started process (PID=697) to work on /opt/airflow/dags/spark_airflow.py
[2024-12-17T01:09:45.616+0000] {processor.py:914} INFO - Processing file /opt/airflow/dags/spark_airflow.py for tasks to queue
[2024-12-17T01:09:45.618+0000] {logging_mixin.py:190} INFO - [2024-12-17T01:09:45.618+0000] {dagbag.py:588} INFO - Filling up the DagBag from /opt/airflow/dags/spark_airflow.py
[2024-12-17T01:09:45.634+0000] {processor.py:925} INFO - DAG(s) 'spark_dag' retrieved from /opt/airflow/dags/spark_airflow.py
[2024-12-17T01:09:45.654+0000] {logging_mixin.py:190} INFO - [2024-12-17T01:09:45.654+0000] {dag.py:3239} INFO - Sync 1 DAGs
[2024-12-17T01:09:45.670+0000] {logging_mixin.py:190} INFO - [2024-12-17T01:09:45.669+0000] {dag.py:4180} INFO - Setting next_dagrun for spark_dag to 2024-12-17T00:00:00+00:00, run_after=2024-12-18T00:00:00+00:00
[2024-12-17T01:09:45.693+0000] {processor.py:208} INFO - Processing /opt/airflow/dags/spark_airflow.py took 0.082 seconds
[2024-12-17T01:10:15.954+0000] {processor.py:186} INFO - Started process (PID=702) to work on /opt/airflow/dags/spark_airflow.py
[2024-12-17T01:10:15.955+0000] {processor.py:914} INFO - Processing file /opt/airflow/dags/spark_airflow.py for tasks to queue
[2024-12-17T01:10:15.957+0000] {logging_mixin.py:190} INFO - [2024-12-17T01:10:15.957+0000] {dagbag.py:588} INFO - Filling up the DagBag from /opt/airflow/dags/spark_airflow.py
[2024-12-17T01:10:15.970+0000] {processor.py:925} INFO - DAG(s) 'spark_dag' retrieved from /opt/airflow/dags/spark_airflow.py
[2024-12-17T01:10:15.988+0000] {logging_mixin.py:190} INFO - [2024-12-17T01:10:15.988+0000] {dag.py:3239} INFO - Sync 1 DAGs
[2024-12-17T01:10:16.004+0000] {logging_mixin.py:190} INFO - [2024-12-17T01:10:16.004+0000] {dag.py:4180} INFO - Setting next_dagrun for spark_dag to 2024-12-17T00:00:00+00:00, run_after=2024-12-18T00:00:00+00:00
[2024-12-17T01:10:16.026+0000] {processor.py:208} INFO - Processing /opt/airflow/dags/spark_airflow.py took 0.076 seconds
[2024-12-17T01:10:46.367+0000] {processor.py:186} INFO - Started process (PID=707) to work on /opt/airflow/dags/spark_airflow.py
[2024-12-17T01:10:46.368+0000] {processor.py:914} INFO - Processing file /opt/airflow/dags/spark_airflow.py for tasks to queue
[2024-12-17T01:10:46.370+0000] {logging_mixin.py:190} INFO - [2024-12-17T01:10:46.370+0000] {dagbag.py:588} INFO - Filling up the DagBag from /opt/airflow/dags/spark_airflow.py
[2024-12-17T01:10:46.394+0000] {processor.py:925} INFO - DAG(s) 'spark_dag' retrieved from /opt/airflow/dags/spark_airflow.py
[2024-12-17T01:10:46.427+0000] {logging_mixin.py:190} INFO - [2024-12-17T01:10:46.427+0000] {dag.py:3239} INFO - Sync 1 DAGs
[2024-12-17T01:10:46.445+0000] {logging_mixin.py:190} INFO - [2024-12-17T01:10:46.445+0000] {dag.py:4180} INFO - Setting next_dagrun for spark_dag to 2024-12-17T00:00:00+00:00, run_after=2024-12-18T00:00:00+00:00
[2024-12-17T01:10:46.462+0000] {processor.py:208} INFO - Processing /opt/airflow/dags/spark_airflow.py took 0.099 seconds
[2024-12-17T01:11:16.736+0000] {processor.py:186} INFO - Started process (PID=712) to work on /opt/airflow/dags/spark_airflow.py
[2024-12-17T01:11:16.737+0000] {processor.py:914} INFO - Processing file /opt/airflow/dags/spark_airflow.py for tasks to queue
[2024-12-17T01:11:16.739+0000] {logging_mixin.py:190} INFO - [2024-12-17T01:11:16.739+0000] {dagbag.py:588} INFO - Filling up the DagBag from /opt/airflow/dags/spark_airflow.py
[2024-12-17T01:11:16.759+0000] {processor.py:925} INFO - DAG(s) 'spark_dag' retrieved from /opt/airflow/dags/spark_airflow.py
[2024-12-17T01:11:16.779+0000] {logging_mixin.py:190} INFO - [2024-12-17T01:11:16.779+0000] {dag.py:3239} INFO - Sync 1 DAGs
[2024-12-17T01:11:16.797+0000] {logging_mixin.py:190} INFO - [2024-12-17T01:11:16.797+0000] {dag.py:4180} INFO - Setting next_dagrun for spark_dag to 2024-12-17T00:00:00+00:00, run_after=2024-12-18T00:00:00+00:00
[2024-12-17T01:11:16.819+0000] {processor.py:208} INFO - Processing /opt/airflow/dags/spark_airflow.py took 0.087 seconds
[2024-12-17T01:11:47.129+0000] {processor.py:186} INFO - Started process (PID=717) to work on /opt/airflow/dags/spark_airflow.py
[2024-12-17T01:11:47.130+0000] {processor.py:914} INFO - Processing file /opt/airflow/dags/spark_airflow.py for tasks to queue
[2024-12-17T01:11:47.132+0000] {logging_mixin.py:190} INFO - [2024-12-17T01:11:47.132+0000] {dagbag.py:588} INFO - Filling up the DagBag from /opt/airflow/dags/spark_airflow.py
[2024-12-17T01:11:47.146+0000] {processor.py:925} INFO - DAG(s) 'spark_dag' retrieved from /opt/airflow/dags/spark_airflow.py
[2024-12-17T01:11:47.165+0000] {logging_mixin.py:190} INFO - [2024-12-17T01:11:47.165+0000] {dag.py:3239} INFO - Sync 1 DAGs
[2024-12-17T01:11:47.181+0000] {logging_mixin.py:190} INFO - [2024-12-17T01:11:47.181+0000] {dag.py:4180} INFO - Setting next_dagrun for spark_dag to 2024-12-17T00:00:00+00:00, run_after=2024-12-18T00:00:00+00:00
[2024-12-17T01:11:47.206+0000] {processor.py:208} INFO - Processing /opt/airflow/dags/spark_airflow.py took 0.080 seconds
[2024-12-17T01:12:17.482+0000] {processor.py:186} INFO - Started process (PID=722) to work on /opt/airflow/dags/spark_airflow.py
[2024-12-17T01:12:17.483+0000] {processor.py:914} INFO - Processing file /opt/airflow/dags/spark_airflow.py for tasks to queue
[2024-12-17T01:12:17.485+0000] {logging_mixin.py:190} INFO - [2024-12-17T01:12:17.485+0000] {dagbag.py:588} INFO - Filling up the DagBag from /opt/airflow/dags/spark_airflow.py
[2024-12-17T01:12:17.503+0000] {processor.py:925} INFO - DAG(s) 'spark_dag' retrieved from /opt/airflow/dags/spark_airflow.py
[2024-12-17T01:12:17.523+0000] {logging_mixin.py:190} INFO - [2024-12-17T01:12:17.523+0000] {dag.py:3239} INFO - Sync 1 DAGs
[2024-12-17T01:12:17.539+0000] {logging_mixin.py:190} INFO - [2024-12-17T01:12:17.539+0000] {dag.py:4180} INFO - Setting next_dagrun for spark_dag to 2024-12-17T00:00:00+00:00, run_after=2024-12-18T00:00:00+00:00
[2024-12-17T01:12:17.562+0000] {processor.py:208} INFO - Processing /opt/airflow/dags/spark_airflow.py took 0.084 seconds
[2024-12-17T01:12:47.818+0000] {processor.py:186} INFO - Started process (PID=727) to work on /opt/airflow/dags/spark_airflow.py
[2024-12-17T01:12:47.818+0000] {processor.py:914} INFO - Processing file /opt/airflow/dags/spark_airflow.py for tasks to queue
[2024-12-17T01:12:47.821+0000] {logging_mixin.py:190} INFO - [2024-12-17T01:12:47.820+0000] {dagbag.py:588} INFO - Filling up the DagBag from /opt/airflow/dags/spark_airflow.py
[2024-12-17T01:12:47.834+0000] {processor.py:925} INFO - DAG(s) 'spark_dag' retrieved from /opt/airflow/dags/spark_airflow.py
[2024-12-17T01:12:47.853+0000] {logging_mixin.py:190} INFO - [2024-12-17T01:12:47.853+0000] {dag.py:3239} INFO - Sync 1 DAGs
[2024-12-17T01:12:47.869+0000] {logging_mixin.py:190} INFO - [2024-12-17T01:12:47.869+0000] {dag.py:4180} INFO - Setting next_dagrun for spark_dag to 2024-12-17T00:00:00+00:00, run_after=2024-12-18T00:00:00+00:00
[2024-12-17T01:12:47.893+0000] {processor.py:208} INFO - Processing /opt/airflow/dags/spark_airflow.py took 0.080 seconds
[2024-12-17T01:13:18.216+0000] {processor.py:186} INFO - Started process (PID=732) to work on /opt/airflow/dags/spark_airflow.py
[2024-12-17T01:13:18.217+0000] {processor.py:914} INFO - Processing file /opt/airflow/dags/spark_airflow.py for tasks to queue
[2024-12-17T01:13:18.219+0000] {logging_mixin.py:190} INFO - [2024-12-17T01:13:18.219+0000] {dagbag.py:588} INFO - Filling up the DagBag from /opt/airflow/dags/spark_airflow.py
[2024-12-17T01:13:18.235+0000] {processor.py:925} INFO - DAG(s) 'spark_dag' retrieved from /opt/airflow/dags/spark_airflow.py
[2024-12-17T01:13:18.253+0000] {logging_mixin.py:190} INFO - [2024-12-17T01:13:18.253+0000] {dag.py:3239} INFO - Sync 1 DAGs
[2024-12-17T01:13:18.272+0000] {logging_mixin.py:190} INFO - [2024-12-17T01:13:18.272+0000] {dag.py:4180} INFO - Setting next_dagrun for spark_dag to 2024-12-17T00:00:00+00:00, run_after=2024-12-18T00:00:00+00:00
[2024-12-17T01:13:18.291+0000] {processor.py:208} INFO - Processing /opt/airflow/dags/spark_airflow.py took 0.079 seconds
[2024-12-17T01:13:48.568+0000] {processor.py:186} INFO - Started process (PID=737) to work on /opt/airflow/dags/spark_airflow.py
[2024-12-17T01:13:48.569+0000] {processor.py:914} INFO - Processing file /opt/airflow/dags/spark_airflow.py for tasks to queue
[2024-12-17T01:13:48.571+0000] {logging_mixin.py:190} INFO - [2024-12-17T01:13:48.571+0000] {dagbag.py:588} INFO - Filling up the DagBag from /opt/airflow/dags/spark_airflow.py
[2024-12-17T01:13:48.592+0000] {processor.py:925} INFO - DAG(s) 'spark_dag' retrieved from /opt/airflow/dags/spark_airflow.py
[2024-12-17T01:13:48.614+0000] {logging_mixin.py:190} INFO - [2024-12-17T01:13:48.614+0000] {dag.py:3239} INFO - Sync 1 DAGs
[2024-12-17T01:13:48.634+0000] {logging_mixin.py:190} INFO - [2024-12-17T01:13:48.633+0000] {dag.py:4180} INFO - Setting next_dagrun for spark_dag to 2024-12-17T00:00:00+00:00, run_after=2024-12-18T00:00:00+00:00
[2024-12-17T01:13:48.656+0000] {processor.py:208} INFO - Processing /opt/airflow/dags/spark_airflow.py took 0.093 seconds
[2024-12-17T01:14:18.960+0000] {processor.py:186} INFO - Started process (PID=742) to work on /opt/airflow/dags/spark_airflow.py
[2024-12-17T01:14:18.961+0000] {processor.py:914} INFO - Processing file /opt/airflow/dags/spark_airflow.py for tasks to queue
[2024-12-17T01:14:18.963+0000] {logging_mixin.py:190} INFO - [2024-12-17T01:14:18.963+0000] {dagbag.py:588} INFO - Filling up the DagBag from /opt/airflow/dags/spark_airflow.py
[2024-12-17T01:14:18.977+0000] {processor.py:925} INFO - DAG(s) 'spark_dag' retrieved from /opt/airflow/dags/spark_airflow.py
[2024-12-17T01:14:18.996+0000] {logging_mixin.py:190} INFO - [2024-12-17T01:14:18.996+0000] {dag.py:3239} INFO - Sync 1 DAGs
[2024-12-17T01:14:19.014+0000] {logging_mixin.py:190} INFO - [2024-12-17T01:14:19.013+0000] {dag.py:4180} INFO - Setting next_dagrun for spark_dag to 2024-12-17T00:00:00+00:00, run_after=2024-12-18T00:00:00+00:00
[2024-12-17T01:14:19.036+0000] {processor.py:208} INFO - Processing /opt/airflow/dags/spark_airflow.py took 0.080 seconds
[2024-12-17T01:14:49.340+0000] {processor.py:186} INFO - Started process (PID=747) to work on /opt/airflow/dags/spark_airflow.py
[2024-12-17T01:14:49.340+0000] {processor.py:914} INFO - Processing file /opt/airflow/dags/spark_airflow.py for tasks to queue
[2024-12-17T01:14:49.342+0000] {logging_mixin.py:190} INFO - [2024-12-17T01:14:49.342+0000] {dagbag.py:588} INFO - Filling up the DagBag from /opt/airflow/dags/spark_airflow.py
[2024-12-17T01:14:49.356+0000] {processor.py:925} INFO - DAG(s) 'spark_dag' retrieved from /opt/airflow/dags/spark_airflow.py
[2024-12-17T01:14:49.375+0000] {logging_mixin.py:190} INFO - [2024-12-17T01:14:49.375+0000] {dag.py:3239} INFO - Sync 1 DAGs
[2024-12-17T01:14:49.392+0000] {logging_mixin.py:190} INFO - [2024-12-17T01:14:49.391+0000] {dag.py:4180} INFO - Setting next_dagrun for spark_dag to 2024-12-17T00:00:00+00:00, run_after=2024-12-18T00:00:00+00:00
[2024-12-17T01:14:49.414+0000] {processor.py:208} INFO - Processing /opt/airflow/dags/spark_airflow.py took 0.079 seconds
[2024-12-17T01:24:09.085+0000] {processor.py:186} INFO - Started process (PID=752) to work on /opt/airflow/dags/spark_airflow.py
[2024-12-17T01:24:09.086+0000] {processor.py:914} INFO - Processing file /opt/airflow/dags/spark_airflow.py for tasks to queue
[2024-12-17T01:24:09.089+0000] {logging_mixin.py:190} INFO - [2024-12-17T01:24:09.089+0000] {dagbag.py:588} INFO - Filling up the DagBag from /opt/airflow/dags/spark_airflow.py
[2024-12-17T01:24:09.114+0000] {processor.py:925} INFO - DAG(s) 'spark_dag' retrieved from /opt/airflow/dags/spark_airflow.py
[2024-12-17T01:24:09.147+0000] {logging_mixin.py:190} INFO - [2024-12-17T01:24:09.147+0000] {dag.py:3239} INFO - Sync 1 DAGs
[2024-12-17T01:24:09.173+0000] {logging_mixin.py:190} INFO - [2024-12-17T01:24:09.173+0000] {dag.py:4180} INFO - Setting next_dagrun for spark_dag to 2024-12-17T00:00:00+00:00, run_after=2024-12-18T00:00:00+00:00
[2024-12-17T01:24:09.195+0000] {processor.py:208} INFO - Processing /opt/airflow/dags/spark_airflow.py took 0.115 seconds
[2024-12-17T01:24:39.403+0000] {processor.py:186} INFO - Started process (PID=766) to work on /opt/airflow/dags/spark_airflow.py
[2024-12-17T01:24:39.404+0000] {processor.py:914} INFO - Processing file /opt/airflow/dags/spark_airflow.py for tasks to queue
[2024-12-17T01:24:39.406+0000] {logging_mixin.py:190} INFO - [2024-12-17T01:24:39.406+0000] {dagbag.py:588} INFO - Filling up the DagBag from /opt/airflow/dags/spark_airflow.py
[2024-12-17T01:24:39.423+0000] {processor.py:925} INFO - DAG(s) 'spark_dag' retrieved from /opt/airflow/dags/spark_airflow.py
[2024-12-17T01:24:39.446+0000] {logging_mixin.py:190} INFO - [2024-12-17T01:24:39.446+0000] {dag.py:3239} INFO - Sync 1 DAGs
[2024-12-17T01:24:39.463+0000] {logging_mixin.py:190} INFO - [2024-12-17T01:24:39.463+0000] {dag.py:4180} INFO - Setting next_dagrun for spark_dag to 2024-12-17T00:00:00+00:00, run_after=2024-12-18T00:00:00+00:00
[2024-12-17T01:24:39.486+0000] {processor.py:208} INFO - Processing /opt/airflow/dags/spark_airflow.py took 0.089 seconds
[2024-12-17T01:25:09.841+0000] {processor.py:186} INFO - Started process (PID=771) to work on /opt/airflow/dags/spark_airflow.py
[2024-12-17T01:25:09.842+0000] {processor.py:914} INFO - Processing file /opt/airflow/dags/spark_airflow.py for tasks to queue
[2024-12-17T01:25:09.844+0000] {logging_mixin.py:190} INFO - [2024-12-17T01:25:09.844+0000] {dagbag.py:588} INFO - Filling up the DagBag from /opt/airflow/dags/spark_airflow.py
[2024-12-17T01:25:09.858+0000] {processor.py:925} INFO - DAG(s) 'spark_dag' retrieved from /opt/airflow/dags/spark_airflow.py
[2024-12-17T01:25:09.878+0000] {logging_mixin.py:190} INFO - [2024-12-17T01:25:09.878+0000] {dag.py:3239} INFO - Sync 1 DAGs
[2024-12-17T01:25:09.896+0000] {logging_mixin.py:190} INFO - [2024-12-17T01:25:09.896+0000] {dag.py:4180} INFO - Setting next_dagrun for spark_dag to 2024-12-17T00:00:00+00:00, run_after=2024-12-18T00:00:00+00:00
[2024-12-17T01:25:09.919+0000] {processor.py:208} INFO - Processing /opt/airflow/dags/spark_airflow.py took 0.082 seconds
[2024-12-17T01:25:40.134+0000] {processor.py:186} INFO - Started process (PID=776) to work on /opt/airflow/dags/spark_airflow.py
[2024-12-17T01:25:40.135+0000] {processor.py:914} INFO - Processing file /opt/airflow/dags/spark_airflow.py for tasks to queue
[2024-12-17T01:25:40.137+0000] {logging_mixin.py:190} INFO - [2024-12-17T01:25:40.137+0000] {dagbag.py:588} INFO - Filling up the DagBag from /opt/airflow/dags/spark_airflow.py
[2024-12-17T01:25:40.153+0000] {processor.py:925} INFO - DAG(s) 'spark_dag' retrieved from /opt/airflow/dags/spark_airflow.py
[2024-12-17T01:25:40.173+0000] {logging_mixin.py:190} INFO - [2024-12-17T01:25:40.173+0000] {dag.py:3239} INFO - Sync 1 DAGs
[2024-12-17T01:25:40.190+0000] {logging_mixin.py:190} INFO - [2024-12-17T01:25:40.190+0000] {dag.py:4180} INFO - Setting next_dagrun for spark_dag to 2024-12-17T00:00:00+00:00, run_after=2024-12-18T00:00:00+00:00
[2024-12-17T01:25:40.213+0000] {processor.py:208} INFO - Processing /opt/airflow/dags/spark_airflow.py took 0.084 seconds
[2024-12-17T01:26:10.473+0000] {processor.py:186} INFO - Started process (PID=781) to work on /opt/airflow/dags/spark_airflow.py
[2024-12-17T01:26:10.473+0000] {processor.py:914} INFO - Processing file /opt/airflow/dags/spark_airflow.py for tasks to queue
[2024-12-17T01:26:10.476+0000] {logging_mixin.py:190} INFO - [2024-12-17T01:26:10.476+0000] {dagbag.py:588} INFO - Filling up the DagBag from /opt/airflow/dags/spark_airflow.py
[2024-12-17T01:26:10.492+0000] {processor.py:925} INFO - DAG(s) 'spark_dag' retrieved from /opt/airflow/dags/spark_airflow.py
[2024-12-17T01:26:10.512+0000] {logging_mixin.py:190} INFO - [2024-12-17T01:26:10.512+0000] {dag.py:3239} INFO - Sync 1 DAGs
[2024-12-17T01:26:10.531+0000] {logging_mixin.py:190} INFO - [2024-12-17T01:26:10.531+0000] {dag.py:4180} INFO - Setting next_dagrun for spark_dag to 2024-12-17T00:00:00+00:00, run_after=2024-12-18T00:00:00+00:00
[2024-12-17T01:26:10.549+0000] {processor.py:208} INFO - Processing /opt/airflow/dags/spark_airflow.py took 0.081 seconds
[2024-12-17T01:26:40.760+0000] {processor.py:186} INFO - Started process (PID=786) to work on /opt/airflow/dags/spark_airflow.py
[2024-12-17T01:26:40.761+0000] {processor.py:914} INFO - Processing file /opt/airflow/dags/spark_airflow.py for tasks to queue
[2024-12-17T01:26:40.764+0000] {logging_mixin.py:190} INFO - [2024-12-17T01:26:40.763+0000] {dagbag.py:588} INFO - Filling up the DagBag from /opt/airflow/dags/spark_airflow.py
[2024-12-17T01:26:40.778+0000] {processor.py:925} INFO - DAG(s) 'spark_dag' retrieved from /opt/airflow/dags/spark_airflow.py
[2024-12-17T01:26:40.799+0000] {logging_mixin.py:190} INFO - [2024-12-17T01:26:40.799+0000] {dag.py:3239} INFO - Sync 1 DAGs
[2024-12-17T01:26:40.818+0000] {logging_mixin.py:190} INFO - [2024-12-17T01:26:40.818+0000] {dag.py:4180} INFO - Setting next_dagrun for spark_dag to 2024-12-17T00:00:00+00:00, run_after=2024-12-18T00:00:00+00:00
[2024-12-17T01:26:40.841+0000] {processor.py:208} INFO - Processing /opt/airflow/dags/spark_airflow.py took 0.085 seconds
[2024-12-17T01:26:51.941+0000] {processor.py:186} INFO - Started process (PID=791) to work on /opt/airflow/dags/spark_airflow.py
[2024-12-17T01:26:51.941+0000] {processor.py:914} INFO - Processing file /opt/airflow/dags/spark_airflow.py for tasks to queue
[2024-12-17T01:26:51.943+0000] {logging_mixin.py:190} INFO - [2024-12-17T01:26:51.943+0000] {dagbag.py:588} INFO - Filling up the DagBag from /opt/airflow/dags/spark_airflow.py
[2024-12-17T01:26:51.965+0000] {processor.py:925} INFO - DAG(s) 'spark_dag' retrieved from /opt/airflow/dags/spark_airflow.py
[2024-12-17T01:26:52.059+0000] {logging_mixin.py:190} INFO - [2024-12-17T01:26:52.059+0000] {dag.py:3239} INFO - Sync 1 DAGs
[2024-12-17T01:26:52.087+0000] {logging_mixin.py:190} INFO - [2024-12-17T01:26:52.087+0000] {dag.py:4180} INFO - Setting next_dagrun for spark_dag to 2024-12-17T00:00:00+00:00, run_after=2024-12-18T00:00:00+00:00
[2024-12-17T01:26:52.122+0000] {processor.py:208} INFO - Processing /opt/airflow/dags/spark_airflow.py took 0.186 seconds
[2024-12-17T01:26:53.996+0000] {processor.py:186} INFO - Started process (PID=796) to work on /opt/airflow/dags/spark_airflow.py
[2024-12-17T01:26:53.996+0000] {processor.py:914} INFO - Processing file /opt/airflow/dags/spark_airflow.py for tasks to queue
[2024-12-17T01:26:53.999+0000] {logging_mixin.py:190} INFO - [2024-12-17T01:26:53.999+0000] {dagbag.py:588} INFO - Filling up the DagBag from /opt/airflow/dags/spark_airflow.py
[2024-12-17T01:26:54.024+0000] {processor.py:925} INFO - DAG(s) 'spark_dag' retrieved from /opt/airflow/dags/spark_airflow.py
[2024-12-17T01:26:54.036+0000] {logging_mixin.py:190} INFO - [2024-12-17T01:26:54.036+0000] {dag.py:3239} INFO - Sync 1 DAGs
[2024-12-17T01:26:54.054+0000] {logging_mixin.py:190} INFO - [2024-12-17T01:26:54.054+0000] {dag.py:4180} INFO - Setting next_dagrun for spark_dag to 2024-12-17T00:00:00+00:00, run_after=2024-12-18T00:00:00+00:00
[2024-12-17T01:26:54.080+0000] {processor.py:208} INFO - Processing /opt/airflow/dags/spark_airflow.py took 0.089 seconds
[2024-12-17T01:26:55.028+0000] {processor.py:186} INFO - Started process (PID=801) to work on /opt/airflow/dags/spark_airflow.py
[2024-12-17T01:26:55.029+0000] {processor.py:914} INFO - Processing file /opt/airflow/dags/spark_airflow.py for tasks to queue
[2024-12-17T01:26:55.031+0000] {logging_mixin.py:190} INFO - [2024-12-17T01:26:55.031+0000] {dagbag.py:588} INFO - Filling up the DagBag from /opt/airflow/dags/spark_airflow.py
[2024-12-17T01:26:55.055+0000] {processor.py:925} INFO - DAG(s) 'spark_dag' retrieved from /opt/airflow/dags/spark_airflow.py
[2024-12-17T01:26:55.066+0000] {logging_mixin.py:190} INFO - [2024-12-17T01:26:55.066+0000] {dag.py:3239} INFO - Sync 1 DAGs
[2024-12-17T01:26:55.083+0000] {logging_mixin.py:190} INFO - [2024-12-17T01:26:55.083+0000] {dag.py:4180} INFO - Setting next_dagrun for spark_dag to 2024-12-17T00:00:00+00:00, run_after=2024-12-18T00:00:00+00:00
[2024-12-17T01:26:55.110+0000] {processor.py:208} INFO - Processing /opt/airflow/dags/spark_airflow.py took 0.086 seconds
[2024-12-17T01:27:25.464+0000] {processor.py:186} INFO - Started process (PID=806) to work on /opt/airflow/dags/spark_airflow.py
[2024-12-17T01:27:25.464+0000] {processor.py:914} INFO - Processing file /opt/airflow/dags/spark_airflow.py for tasks to queue
[2024-12-17T01:27:25.467+0000] {logging_mixin.py:190} INFO - [2024-12-17T01:27:25.466+0000] {dagbag.py:588} INFO - Filling up the DagBag from /opt/airflow/dags/spark_airflow.py
[2024-12-17T01:27:25.483+0000] {processor.py:925} INFO - DAG(s) 'spark_dag' retrieved from /opt/airflow/dags/spark_airflow.py
[2024-12-17T01:27:25.563+0000] {logging_mixin.py:190} INFO - [2024-12-17T01:27:25.563+0000] {dag.py:3239} INFO - Sync 1 DAGs
[2024-12-17T01:27:25.579+0000] {logging_mixin.py:190} INFO - [2024-12-17T01:27:25.579+0000] {dag.py:4180} INFO - Setting next_dagrun for spark_dag to 2024-12-17T00:00:00+00:00, run_after=2024-12-18T00:00:00+00:00
[2024-12-17T01:27:25.604+0000] {processor.py:208} INFO - Processing /opt/airflow/dags/spark_airflow.py took 0.145 seconds
[2024-12-17T01:27:35.548+0000] {processor.py:186} INFO - Started process (PID=811) to work on /opt/airflow/dags/spark_airflow.py
[2024-12-17T01:27:35.548+0000] {processor.py:914} INFO - Processing file /opt/airflow/dags/spark_airflow.py for tasks to queue
[2024-12-17T01:27:35.551+0000] {logging_mixin.py:190} INFO - [2024-12-17T01:27:35.551+0000] {dagbag.py:588} INFO - Filling up the DagBag from /opt/airflow/dags/spark_airflow.py
[2024-12-17T01:27:35.577+0000] {processor.py:925} INFO - DAG(s) 'spark_dag' retrieved from /opt/airflow/dags/spark_airflow.py
[2024-12-17T01:27:35.590+0000] {logging_mixin.py:190} INFO - [2024-12-17T01:27:35.590+0000] {dag.py:3239} INFO - Sync 1 DAGs
[2024-12-17T01:27:35.609+0000] {logging_mixin.py:190} INFO - [2024-12-17T01:27:35.608+0000] {dag.py:4180} INFO - Setting next_dagrun for spark_dag to 2024-12-17T00:00:00+00:00, run_after=2024-12-18T00:00:00+00:00
[2024-12-17T01:27:35.628+0000] {processor.py:208} INFO - Processing /opt/airflow/dags/spark_airflow.py took 0.085 seconds
[2024-12-17T01:28:05.820+0000] {processor.py:186} INFO - Started process (PID=816) to work on /opt/airflow/dags/spark_airflow.py
[2024-12-17T01:28:05.821+0000] {processor.py:914} INFO - Processing file /opt/airflow/dags/spark_airflow.py for tasks to queue
[2024-12-17T01:28:05.823+0000] {logging_mixin.py:190} INFO - [2024-12-17T01:28:05.823+0000] {dagbag.py:588} INFO - Filling up the DagBag from /opt/airflow/dags/spark_airflow.py
[2024-12-17T01:28:05.841+0000] {processor.py:925} INFO - DAG(s) 'spark_dag' retrieved from /opt/airflow/dags/spark_airflow.py
[2024-12-17T01:28:05.863+0000] {logging_mixin.py:190} INFO - [2024-12-17T01:28:05.863+0000] {dag.py:3239} INFO - Sync 1 DAGs
[2024-12-17T01:28:05.880+0000] {logging_mixin.py:190} INFO - [2024-12-17T01:28:05.880+0000] {dag.py:4180} INFO - Setting next_dagrun for spark_dag to 2024-12-17T00:00:00+00:00, run_after=2024-12-18T00:00:00+00:00
[2024-12-17T01:28:05.901+0000] {processor.py:208} INFO - Processing /opt/airflow/dags/spark_airflow.py took 0.086 seconds
[2024-12-17T01:28:11.999+0000] {processor.py:186} INFO - Started process (PID=821) to work on /opt/airflow/dags/spark_airflow.py
[2024-12-17T01:28:12.000+0000] {processor.py:914} INFO - Processing file /opt/airflow/dags/spark_airflow.py for tasks to queue
[2024-12-17T01:28:12.002+0000] {logging_mixin.py:190} INFO - [2024-12-17T01:28:12.002+0000] {dagbag.py:588} INFO - Filling up the DagBag from /opt/airflow/dags/spark_airflow.py
[2024-12-17T01:28:12.024+0000] {processor.py:925} INFO - DAG(s) 'spark_dag' retrieved from /opt/airflow/dags/spark_airflow.py
[2024-12-17T01:28:12.044+0000] {logging_mixin.py:190} INFO - [2024-12-17T01:28:12.043+0000] {dag.py:3239} INFO - Sync 1 DAGs
[2024-12-17T01:28:12.060+0000] {logging_mixin.py:190} INFO - [2024-12-17T01:28:12.060+0000] {dag.py:4180} INFO - Setting next_dagrun for spark_dag to 2024-12-17T00:00:00+00:00, run_after=2024-12-18T00:00:00+00:00
[2024-12-17T01:28:12.089+0000] {processor.py:208} INFO - Processing /opt/airflow/dags/spark_airflow.py took 0.094 seconds
[2024-12-17T01:28:42.294+0000] {processor.py:186} INFO - Started process (PID=826) to work on /opt/airflow/dags/spark_airflow.py
[2024-12-17T01:28:42.295+0000] {processor.py:914} INFO - Processing file /opt/airflow/dags/spark_airflow.py for tasks to queue
[2024-12-17T01:28:42.297+0000] {logging_mixin.py:190} INFO - [2024-12-17T01:28:42.297+0000] {dagbag.py:588} INFO - Filling up the DagBag from /opt/airflow/dags/spark_airflow.py
[2024-12-17T01:28:42.319+0000] {processor.py:925} INFO - DAG(s) 'spark_dag' retrieved from /opt/airflow/dags/spark_airflow.py
[2024-12-17T01:28:42.341+0000] {logging_mixin.py:190} INFO - [2024-12-17T01:28:42.341+0000] {dag.py:3239} INFO - Sync 1 DAGs
[2024-12-17T01:28:42.359+0000] {logging_mixin.py:190} INFO - [2024-12-17T01:28:42.359+0000] {dag.py:4180} INFO - Setting next_dagrun for spark_dag to 2024-12-17T00:00:00+00:00, run_after=2024-12-18T00:00:00+00:00
[2024-12-17T01:28:42.381+0000] {processor.py:208} INFO - Processing /opt/airflow/dags/spark_airflow.py took 0.091 seconds
[2024-12-17T01:29:12.703+0000] {processor.py:186} INFO - Started process (PID=838) to work on /opt/airflow/dags/spark_airflow.py
[2024-12-17T01:29:12.704+0000] {processor.py:914} INFO - Processing file /opt/airflow/dags/spark_airflow.py for tasks to queue
[2024-12-17T01:29:12.706+0000] {logging_mixin.py:190} INFO - [2024-12-17T01:29:12.706+0000] {dagbag.py:588} INFO - Filling up the DagBag from /opt/airflow/dags/spark_airflow.py
[2024-12-17T01:29:12.720+0000] {processor.py:925} INFO - DAG(s) 'spark_dag' retrieved from /opt/airflow/dags/spark_airflow.py
[2024-12-17T01:29:12.740+0000] {logging_mixin.py:190} INFO - [2024-12-17T01:29:12.740+0000] {dag.py:3239} INFO - Sync 1 DAGs
[2024-12-17T01:29:12.758+0000] {logging_mixin.py:190} INFO - [2024-12-17T01:29:12.757+0000] {dag.py:4180} INFO - Setting next_dagrun for spark_dag to 2024-12-17T00:00:00+00:00, run_after=2024-12-18T00:00:00+00:00
[2024-12-17T01:29:12.780+0000] {processor.py:208} INFO - Processing /opt/airflow/dags/spark_airflow.py took 0.081 seconds
[2024-12-17T01:30:01.401+0000] {processor.py:186} INFO - Started process (PID=67) to work on /opt/airflow/dags/spark_airflow.py
[2024-12-17T01:30:01.402+0000] {processor.py:914} INFO - Processing file /opt/airflow/dags/spark_airflow.py for tasks to queue
[2024-12-17T01:30:01.404+0000] {logging_mixin.py:190} INFO - [2024-12-17T01:30:01.404+0000] {dagbag.py:588} INFO - Filling up the DagBag from /opt/airflow/dags/spark_airflow.py
[2024-12-17T01:30:01.423+0000] {processor.py:925} INFO - DAG(s) 'spark_dag' retrieved from /opt/airflow/dags/spark_airflow.py
[2024-12-17T01:30:01.455+0000] {logging_mixin.py:190} INFO - [2024-12-17T01:30:01.454+0000] {dag.py:3239} INFO - Sync 1 DAGs
[2024-12-17T01:30:01.478+0000] {logging_mixin.py:190} INFO - [2024-12-17T01:30:01.478+0000] {dag.py:4180} INFO - Setting next_dagrun for spark_dag to 2024-12-17T00:00:00+00:00, run_after=2024-12-18T00:00:00+00:00
[2024-12-17T01:30:01.498+0000] {processor.py:208} INFO - Processing /opt/airflow/dags/spark_airflow.py took 0.104 seconds
[2024-12-17T01:30:31.738+0000] {processor.py:186} INFO - Started process (PID=72) to work on /opt/airflow/dags/spark_airflow.py
[2024-12-17T01:30:31.739+0000] {processor.py:914} INFO - Processing file /opt/airflow/dags/spark_airflow.py for tasks to queue
[2024-12-17T01:30:31.742+0000] {logging_mixin.py:190} INFO - [2024-12-17T01:30:31.742+0000] {dagbag.py:588} INFO - Filling up the DagBag from /opt/airflow/dags/spark_airflow.py
[2024-12-17T01:30:31.760+0000] {processor.py:925} INFO - DAG(s) 'spark_dag' retrieved from /opt/airflow/dags/spark_airflow.py
[2024-12-17T01:30:31.783+0000] {logging_mixin.py:190} INFO - [2024-12-17T01:30:31.782+0000] {dag.py:3239} INFO - Sync 1 DAGs
[2024-12-17T01:30:31.799+0000] {logging_mixin.py:190} INFO - [2024-12-17T01:30:31.799+0000] {dag.py:4180} INFO - Setting next_dagrun for spark_dag to 2024-12-17T00:00:00+00:00, run_after=2024-12-18T00:00:00+00:00
[2024-12-17T01:30:31.821+0000] {processor.py:208} INFO - Processing /opt/airflow/dags/spark_airflow.py took 0.088 seconds
[2024-12-17T01:31:02.059+0000] {processor.py:186} INFO - Started process (PID=77) to work on /opt/airflow/dags/spark_airflow.py
[2024-12-17T01:31:02.060+0000] {processor.py:914} INFO - Processing file /opt/airflow/dags/spark_airflow.py for tasks to queue
[2024-12-17T01:31:02.062+0000] {logging_mixin.py:190} INFO - [2024-12-17T01:31:02.061+0000] {dagbag.py:588} INFO - Filling up the DagBag from /opt/airflow/dags/spark_airflow.py
[2024-12-17T01:31:02.079+0000] {processor.py:925} INFO - DAG(s) 'spark_dag' retrieved from /opt/airflow/dags/spark_airflow.py
[2024-12-17T01:31:02.099+0000] {logging_mixin.py:190} INFO - [2024-12-17T01:31:02.099+0000] {dag.py:3239} INFO - Sync 1 DAGs
[2024-12-17T01:31:02.117+0000] {logging_mixin.py:190} INFO - [2024-12-17T01:31:02.116+0000] {dag.py:4180} INFO - Setting next_dagrun for spark_dag to 2024-12-17T00:00:00+00:00, run_after=2024-12-18T00:00:00+00:00
[2024-12-17T01:31:02.137+0000] {processor.py:208} INFO - Processing /opt/airflow/dags/spark_airflow.py took 0.082 seconds
[2024-12-17T01:31:32.468+0000] {processor.py:186} INFO - Started process (PID=82) to work on /opt/airflow/dags/spark_airflow.py
[2024-12-17T01:31:32.468+0000] {processor.py:914} INFO - Processing file /opt/airflow/dags/spark_airflow.py for tasks to queue
[2024-12-17T01:31:32.470+0000] {logging_mixin.py:190} INFO - [2024-12-17T01:31:32.470+0000] {dagbag.py:588} INFO - Filling up the DagBag from /opt/airflow/dags/spark_airflow.py
[2024-12-17T01:31:32.486+0000] {processor.py:925} INFO - DAG(s) 'spark_dag' retrieved from /opt/airflow/dags/spark_airflow.py
[2024-12-17T01:31:32.506+0000] {logging_mixin.py:190} INFO - [2024-12-17T01:31:32.506+0000] {dag.py:3239} INFO - Sync 1 DAGs
[2024-12-17T01:31:32.523+0000] {logging_mixin.py:190} INFO - [2024-12-17T01:31:32.523+0000] {dag.py:4180} INFO - Setting next_dagrun for spark_dag to 2024-12-17T00:00:00+00:00, run_after=2024-12-18T00:00:00+00:00
[2024-12-17T01:31:32.547+0000] {processor.py:208} INFO - Processing /opt/airflow/dags/spark_airflow.py took 0.084 seconds
[2024-12-17T01:32:02.862+0000] {processor.py:186} INFO - Started process (PID=87) to work on /opt/airflow/dags/spark_airflow.py
[2024-12-17T01:32:02.865+0000] {processor.py:914} INFO - Processing file /opt/airflow/dags/spark_airflow.py for tasks to queue
[2024-12-17T01:32:02.867+0000] {logging_mixin.py:190} INFO - [2024-12-17T01:32:02.867+0000] {dagbag.py:588} INFO - Filling up the DagBag from /opt/airflow/dags/spark_airflow.py
[2024-12-17T01:32:02.883+0000] {processor.py:925} INFO - DAG(s) 'spark_dag' retrieved from /opt/airflow/dags/spark_airflow.py
[2024-12-17T01:32:02.903+0000] {logging_mixin.py:190} INFO - [2024-12-17T01:32:02.903+0000] {dag.py:3239} INFO - Sync 1 DAGs
[2024-12-17T01:32:02.920+0000] {logging_mixin.py:190} INFO - [2024-12-17T01:32:02.920+0000] {dag.py:4180} INFO - Setting next_dagrun for spark_dag to 2024-12-17T00:00:00+00:00, run_after=2024-12-18T00:00:00+00:00
[2024-12-17T01:32:02.943+0000] {processor.py:208} INFO - Processing /opt/airflow/dags/spark_airflow.py took 0.085 seconds
[2024-12-17T01:32:33.242+0000] {processor.py:186} INFO - Started process (PID=92) to work on /opt/airflow/dags/spark_airflow.py
[2024-12-17T01:32:33.243+0000] {processor.py:914} INFO - Processing file /opt/airflow/dags/spark_airflow.py for tasks to queue
[2024-12-17T01:32:33.245+0000] {logging_mixin.py:190} INFO - [2024-12-17T01:32:33.245+0000] {dagbag.py:588} INFO - Filling up the DagBag from /opt/airflow/dags/spark_airflow.py
[2024-12-17T01:32:33.265+0000] {processor.py:925} INFO - DAG(s) 'spark_dag' retrieved from /opt/airflow/dags/spark_airflow.py
[2024-12-17T01:32:33.287+0000] {logging_mixin.py:190} INFO - [2024-12-17T01:32:33.287+0000] {dag.py:3239} INFO - Sync 1 DAGs
[2024-12-17T01:32:33.312+0000] {logging_mixin.py:190} INFO - [2024-12-17T01:32:33.312+0000] {dag.py:4180} INFO - Setting next_dagrun for spark_dag to 2024-12-17T00:00:00+00:00, run_after=2024-12-18T00:00:00+00:00
[2024-12-17T01:32:33.336+0000] {processor.py:208} INFO - Processing /opt/airflow/dags/spark_airflow.py took 0.098 seconds
[2024-12-17T01:33:03.550+0000] {processor.py:186} INFO - Started process (PID=97) to work on /opt/airflow/dags/spark_airflow.py
[2024-12-17T01:33:03.551+0000] {processor.py:914} INFO - Processing file /opt/airflow/dags/spark_airflow.py for tasks to queue
[2024-12-17T01:33:03.553+0000] {logging_mixin.py:190} INFO - [2024-12-17T01:33:03.553+0000] {dagbag.py:588} INFO - Filling up the DagBag from /opt/airflow/dags/spark_airflow.py
[2024-12-17T01:33:03.567+0000] {processor.py:925} INFO - DAG(s) 'spark_dag' retrieved from /opt/airflow/dags/spark_airflow.py
[2024-12-17T01:33:03.588+0000] {logging_mixin.py:190} INFO - [2024-12-17T01:33:03.588+0000] {dag.py:3239} INFO - Sync 1 DAGs
[2024-12-17T01:33:03.604+0000] {logging_mixin.py:190} INFO - [2024-12-17T01:33:03.604+0000] {dag.py:4180} INFO - Setting next_dagrun for spark_dag to 2024-12-17T00:00:00+00:00, run_after=2024-12-18T00:00:00+00:00
[2024-12-17T01:33:03.626+0000] {processor.py:208} INFO - Processing /opt/airflow/dags/spark_airflow.py took 0.081 seconds
[2024-12-17T01:33:33.971+0000] {processor.py:186} INFO - Started process (PID=102) to work on /opt/airflow/dags/spark_airflow.py
[2024-12-17T01:33:33.971+0000] {processor.py:914} INFO - Processing file /opt/airflow/dags/spark_airflow.py for tasks to queue
[2024-12-17T01:33:33.974+0000] {logging_mixin.py:190} INFO - [2024-12-17T01:33:33.974+0000] {dagbag.py:588} INFO - Filling up the DagBag from /opt/airflow/dags/spark_airflow.py
[2024-12-17T01:33:33.995+0000] {processor.py:925} INFO - DAG(s) 'spark_dag' retrieved from /opt/airflow/dags/spark_airflow.py
[2024-12-17T01:33:34.017+0000] {logging_mixin.py:190} INFO - [2024-12-17T01:33:34.016+0000] {dag.py:3239} INFO - Sync 1 DAGs
[2024-12-17T01:33:34.034+0000] {logging_mixin.py:190} INFO - [2024-12-17T01:33:34.034+0000] {dag.py:4180} INFO - Setting next_dagrun for spark_dag to 2024-12-17T00:00:00+00:00, run_after=2024-12-18T00:00:00+00:00
[2024-12-17T01:33:34.056+0000] {processor.py:208} INFO - Processing /opt/airflow/dags/spark_airflow.py took 0.089 seconds
[2024-12-17T01:34:04.326+0000] {processor.py:186} INFO - Started process (PID=107) to work on /opt/airflow/dags/spark_airflow.py
[2024-12-17T01:34:04.326+0000] {processor.py:914} INFO - Processing file /opt/airflow/dags/spark_airflow.py for tasks to queue
[2024-12-17T01:34:04.329+0000] {logging_mixin.py:190} INFO - [2024-12-17T01:34:04.329+0000] {dagbag.py:588} INFO - Filling up the DagBag from /opt/airflow/dags/spark_airflow.py
[2024-12-17T01:34:04.351+0000] {processor.py:925} INFO - DAG(s) 'spark_dag' retrieved from /opt/airflow/dags/spark_airflow.py
[2024-12-17T01:34:04.377+0000] {logging_mixin.py:190} INFO - [2024-12-17T01:34:04.377+0000] {dag.py:3239} INFO - Sync 1 DAGs
[2024-12-17T01:34:04.400+0000] {logging_mixin.py:190} INFO - [2024-12-17T01:34:04.400+0000] {dag.py:4180} INFO - Setting next_dagrun for spark_dag to 2024-12-17T00:00:00+00:00, run_after=2024-12-18T00:00:00+00:00
[2024-12-17T01:34:04.429+0000] {processor.py:208} INFO - Processing /opt/airflow/dags/spark_airflow.py took 0.109 seconds
[2024-12-17T01:34:34.690+0000] {processor.py:186} INFO - Started process (PID=112) to work on /opt/airflow/dags/spark_airflow.py
[2024-12-17T01:34:34.691+0000] {processor.py:914} INFO - Processing file /opt/airflow/dags/spark_airflow.py for tasks to queue
[2024-12-17T01:34:34.693+0000] {logging_mixin.py:190} INFO - [2024-12-17T01:34:34.693+0000] {dagbag.py:588} INFO - Filling up the DagBag from /opt/airflow/dags/spark_airflow.py
[2024-12-17T01:34:34.707+0000] {processor.py:925} INFO - DAG(s) 'spark_dag' retrieved from /opt/airflow/dags/spark_airflow.py
[2024-12-17T01:34:34.726+0000] {logging_mixin.py:190} INFO - [2024-12-17T01:34:34.726+0000] {dag.py:3239} INFO - Sync 1 DAGs
[2024-12-17T01:34:34.742+0000] {logging_mixin.py:190} INFO - [2024-12-17T01:34:34.742+0000] {dag.py:4180} INFO - Setting next_dagrun for spark_dag to 2024-12-17T00:00:00+00:00, run_after=2024-12-18T00:00:00+00:00
[2024-12-17T01:34:34.768+0000] {processor.py:208} INFO - Processing /opt/airflow/dags/spark_airflow.py took 0.083 seconds
[2024-12-17T01:35:05.161+0000] {processor.py:186} INFO - Started process (PID=117) to work on /opt/airflow/dags/spark_airflow.py
[2024-12-17T01:35:05.161+0000] {processor.py:914} INFO - Processing file /opt/airflow/dags/spark_airflow.py for tasks to queue
[2024-12-17T01:35:05.163+0000] {logging_mixin.py:190} INFO - [2024-12-17T01:35:05.163+0000] {dagbag.py:588} INFO - Filling up the DagBag from /opt/airflow/dags/spark_airflow.py
[2024-12-17T01:35:05.178+0000] {processor.py:925} INFO - DAG(s) 'spark_dag' retrieved from /opt/airflow/dags/spark_airflow.py
[2024-12-17T01:35:05.197+0000] {logging_mixin.py:190} INFO - [2024-12-17T01:35:05.197+0000] {dag.py:3239} INFO - Sync 1 DAGs
[2024-12-17T01:35:05.213+0000] {logging_mixin.py:190} INFO - [2024-12-17T01:35:05.212+0000] {dag.py:4180} INFO - Setting next_dagrun for spark_dag to 2024-12-17T00:00:00+00:00, run_after=2024-12-18T00:00:00+00:00
[2024-12-17T01:35:05.233+0000] {processor.py:208} INFO - Processing /opt/airflow/dags/spark_airflow.py took 0.077 seconds
[2024-12-17T01:35:35.565+0000] {processor.py:186} INFO - Started process (PID=122) to work on /opt/airflow/dags/spark_airflow.py
[2024-12-17T01:35:35.566+0000] {processor.py:914} INFO - Processing file /opt/airflow/dags/spark_airflow.py for tasks to queue
[2024-12-17T01:35:35.568+0000] {logging_mixin.py:190} INFO - [2024-12-17T01:35:35.568+0000] {dagbag.py:588} INFO - Filling up the DagBag from /opt/airflow/dags/spark_airflow.py
[2024-12-17T01:35:35.582+0000] {processor.py:925} INFO - DAG(s) 'spark_dag' retrieved from /opt/airflow/dags/spark_airflow.py
[2024-12-17T01:35:35.603+0000] {logging_mixin.py:190} INFO - [2024-12-17T01:35:35.603+0000] {dag.py:3239} INFO - Sync 1 DAGs
[2024-12-17T01:35:35.621+0000] {logging_mixin.py:190} INFO - [2024-12-17T01:35:35.621+0000] {dag.py:4180} INFO - Setting next_dagrun for spark_dag to 2024-12-17T00:00:00+00:00, run_after=2024-12-18T00:00:00+00:00
[2024-12-17T01:35:35.643+0000] {processor.py:208} INFO - Processing /opt/airflow/dags/spark_airflow.py took 0.082 seconds
[2024-12-17T01:36:05.903+0000] {processor.py:186} INFO - Started process (PID=127) to work on /opt/airflow/dags/spark_airflow.py
[2024-12-17T01:36:05.904+0000] {processor.py:914} INFO - Processing file /opt/airflow/dags/spark_airflow.py for tasks to queue
[2024-12-17T01:36:05.906+0000] {logging_mixin.py:190} INFO - [2024-12-17T01:36:05.906+0000] {dagbag.py:588} INFO - Filling up the DagBag from /opt/airflow/dags/spark_airflow.py
[2024-12-17T01:36:05.927+0000] {processor.py:925} INFO - DAG(s) 'spark_dag' retrieved from /opt/airflow/dags/spark_airflow.py
[2024-12-17T01:36:05.948+0000] {logging_mixin.py:190} INFO - [2024-12-17T01:36:05.948+0000] {dag.py:3239} INFO - Sync 1 DAGs
[2024-12-17T01:36:05.965+0000] {logging_mixin.py:190} INFO - [2024-12-17T01:36:05.965+0000] {dag.py:4180} INFO - Setting next_dagrun for spark_dag to 2024-12-17T00:00:00+00:00, run_after=2024-12-18T00:00:00+00:00
[2024-12-17T01:36:05.988+0000] {processor.py:208} INFO - Processing /opt/airflow/dags/spark_airflow.py took 0.090 seconds
[2024-12-17T01:36:36.292+0000] {processor.py:186} INFO - Started process (PID=132) to work on /opt/airflow/dags/spark_airflow.py
[2024-12-17T01:36:36.293+0000] {processor.py:914} INFO - Processing file /opt/airflow/dags/spark_airflow.py for tasks to queue
[2024-12-17T01:36:36.297+0000] {logging_mixin.py:190} INFO - [2024-12-17T01:36:36.297+0000] {dagbag.py:588} INFO - Filling up the DagBag from /opt/airflow/dags/spark_airflow.py
[2024-12-17T01:36:36.323+0000] {processor.py:925} INFO - DAG(s) 'spark_dag' retrieved from /opt/airflow/dags/spark_airflow.py
[2024-12-17T01:36:36.365+0000] {logging_mixin.py:190} INFO - [2024-12-17T01:36:36.365+0000] {dag.py:3239} INFO - Sync 1 DAGs
[2024-12-17T01:36:36.393+0000] {logging_mixin.py:190} INFO - [2024-12-17T01:36:36.393+0000] {dag.py:4180} INFO - Setting next_dagrun for spark_dag to 2024-12-17T00:00:00+00:00, run_after=2024-12-18T00:00:00+00:00
[2024-12-17T01:36:36.421+0000] {processor.py:208} INFO - Processing /opt/airflow/dags/spark_airflow.py took 0.136 seconds
[2024-12-17T01:37:06.643+0000] {processor.py:186} INFO - Started process (PID=137) to work on /opt/airflow/dags/spark_airflow.py
[2024-12-17T01:37:06.644+0000] {processor.py:914} INFO - Processing file /opt/airflow/dags/spark_airflow.py for tasks to queue
[2024-12-17T01:37:06.646+0000] {logging_mixin.py:190} INFO - [2024-12-17T01:37:06.646+0000] {dagbag.py:588} INFO - Filling up the DagBag from /opt/airflow/dags/spark_airflow.py
[2024-12-17T01:37:06.660+0000] {processor.py:925} INFO - DAG(s) 'spark_dag' retrieved from /opt/airflow/dags/spark_airflow.py
[2024-12-17T01:37:06.685+0000] {logging_mixin.py:190} INFO - [2024-12-17T01:37:06.685+0000] {dag.py:3239} INFO - Sync 1 DAGs
[2024-12-17T01:37:06.702+0000] {logging_mixin.py:190} INFO - [2024-12-17T01:37:06.702+0000] {dag.py:4180} INFO - Setting next_dagrun for spark_dag to 2024-12-17T00:00:00+00:00, run_after=2024-12-18T00:00:00+00:00
[2024-12-17T01:37:06.724+0000] {processor.py:208} INFO - Processing /opt/airflow/dags/spark_airflow.py took 0.086 seconds
[2024-12-17T01:37:37.049+0000] {processor.py:186} INFO - Started process (PID=142) to work on /opt/airflow/dags/spark_airflow.py
[2024-12-17T01:37:37.050+0000] {processor.py:914} INFO - Processing file /opt/airflow/dags/spark_airflow.py for tasks to queue
[2024-12-17T01:37:37.053+0000] {logging_mixin.py:190} INFO - [2024-12-17T01:37:37.052+0000] {dagbag.py:588} INFO - Filling up the DagBag from /opt/airflow/dags/spark_airflow.py
[2024-12-17T01:37:37.071+0000] {processor.py:925} INFO - DAG(s) 'spark_dag' retrieved from /opt/airflow/dags/spark_airflow.py
[2024-12-17T01:37:37.102+0000] {logging_mixin.py:190} INFO - [2024-12-17T01:37:37.102+0000] {dag.py:3239} INFO - Sync 1 DAGs
[2024-12-17T01:37:37.121+0000] {logging_mixin.py:190} INFO - [2024-12-17T01:37:37.121+0000] {dag.py:4180} INFO - Setting next_dagrun for spark_dag to 2024-12-17T00:00:00+00:00, run_after=2024-12-18T00:00:00+00:00
[2024-12-17T01:37:37.144+0000] {processor.py:208} INFO - Processing /opt/airflow/dags/spark_airflow.py took 0.100 seconds
[2024-12-17T01:38:07.415+0000] {processor.py:186} INFO - Started process (PID=147) to work on /opt/airflow/dags/spark_airflow.py
[2024-12-17T01:38:07.416+0000] {processor.py:914} INFO - Processing file /opt/airflow/dags/spark_airflow.py for tasks to queue
[2024-12-17T01:38:07.419+0000] {logging_mixin.py:190} INFO - [2024-12-17T01:38:07.419+0000] {dagbag.py:588} INFO - Filling up the DagBag from /opt/airflow/dags/spark_airflow.py
[2024-12-17T01:38:07.442+0000] {processor.py:925} INFO - DAG(s) 'spark_dag' retrieved from /opt/airflow/dags/spark_airflow.py
[2024-12-17T01:38:07.470+0000] {logging_mixin.py:190} INFO - [2024-12-17T01:38:07.470+0000] {dag.py:3239} INFO - Sync 1 DAGs
[2024-12-17T01:38:07.490+0000] {logging_mixin.py:190} INFO - [2024-12-17T01:38:07.490+0000] {dag.py:4180} INFO - Setting next_dagrun for spark_dag to 2024-12-17T00:00:00+00:00, run_after=2024-12-18T00:00:00+00:00
[2024-12-17T01:38:07.513+0000] {processor.py:208} INFO - Processing /opt/airflow/dags/spark_airflow.py took 0.104 seconds
[2024-12-17T01:38:37.793+0000] {processor.py:186} INFO - Started process (PID=152) to work on /opt/airflow/dags/spark_airflow.py
[2024-12-17T01:38:37.794+0000] {processor.py:914} INFO - Processing file /opt/airflow/dags/spark_airflow.py for tasks to queue
[2024-12-17T01:38:37.796+0000] {logging_mixin.py:190} INFO - [2024-12-17T01:38:37.796+0000] {dagbag.py:588} INFO - Filling up the DagBag from /opt/airflow/dags/spark_airflow.py
[2024-12-17T01:38:37.817+0000] {processor.py:925} INFO - DAG(s) 'spark_dag' retrieved from /opt/airflow/dags/spark_airflow.py
[2024-12-17T01:38:37.842+0000] {logging_mixin.py:190} INFO - [2024-12-17T01:38:37.842+0000] {dag.py:3239} INFO - Sync 1 DAGs
[2024-12-17T01:38:37.859+0000] {logging_mixin.py:190} INFO - [2024-12-17T01:38:37.858+0000] {dag.py:4180} INFO - Setting next_dagrun for spark_dag to 2024-12-17T00:00:00+00:00, run_after=2024-12-18T00:00:00+00:00
[2024-12-17T01:38:37.882+0000] {processor.py:208} INFO - Processing /opt/airflow/dags/spark_airflow.py took 0.093 seconds
[2024-12-17T01:39:08.162+0000] {processor.py:186} INFO - Started process (PID=157) to work on /opt/airflow/dags/spark_airflow.py
[2024-12-17T01:39:08.163+0000] {processor.py:914} INFO - Processing file /opt/airflow/dags/spark_airflow.py for tasks to queue
[2024-12-17T01:39:08.165+0000] {logging_mixin.py:190} INFO - [2024-12-17T01:39:08.165+0000] {dagbag.py:588} INFO - Filling up the DagBag from /opt/airflow/dags/spark_airflow.py
[2024-12-17T01:39:08.180+0000] {processor.py:925} INFO - DAG(s) 'spark_dag' retrieved from /opt/airflow/dags/spark_airflow.py
[2024-12-17T01:39:08.206+0000] {logging_mixin.py:190} INFO - [2024-12-17T01:39:08.206+0000] {dag.py:3239} INFO - Sync 1 DAGs
[2024-12-17T01:39:08.222+0000] {logging_mixin.py:190} INFO - [2024-12-17T01:39:08.222+0000] {dag.py:4180} INFO - Setting next_dagrun for spark_dag to 2024-12-17T00:00:00+00:00, run_after=2024-12-18T00:00:00+00:00
[2024-12-17T01:39:08.245+0000] {processor.py:208} INFO - Processing /opt/airflow/dags/spark_airflow.py took 0.087 seconds
[2024-12-17T01:39:38.486+0000] {processor.py:186} INFO - Started process (PID=162) to work on /opt/airflow/dags/spark_airflow.py
[2024-12-17T01:39:38.487+0000] {processor.py:914} INFO - Processing file /opt/airflow/dags/spark_airflow.py for tasks to queue
[2024-12-17T01:39:38.489+0000] {logging_mixin.py:190} INFO - [2024-12-17T01:39:38.488+0000] {dagbag.py:588} INFO - Filling up the DagBag from /opt/airflow/dags/spark_airflow.py
[2024-12-17T01:39:38.507+0000] {processor.py:925} INFO - DAG(s) 'spark_dag' retrieved from /opt/airflow/dags/spark_airflow.py
[2024-12-17T01:39:38.540+0000] {logging_mixin.py:190} INFO - [2024-12-17T01:39:38.539+0000] {dag.py:3239} INFO - Sync 1 DAGs
[2024-12-17T01:39:38.556+0000] {logging_mixin.py:190} INFO - [2024-12-17T01:39:38.556+0000] {dag.py:4180} INFO - Setting next_dagrun for spark_dag to 2024-12-17T00:00:00+00:00, run_after=2024-12-18T00:00:00+00:00
[2024-12-17T01:39:38.579+0000] {processor.py:208} INFO - Processing /opt/airflow/dags/spark_airflow.py took 0.098 seconds
[2024-12-17T01:40:08.945+0000] {processor.py:186} INFO - Started process (PID=167) to work on /opt/airflow/dags/spark_airflow.py
[2024-12-17T01:40:08.945+0000] {processor.py:914} INFO - Processing file /opt/airflow/dags/spark_airflow.py for tasks to queue
[2024-12-17T01:40:08.948+0000] {logging_mixin.py:190} INFO - [2024-12-17T01:40:08.947+0000] {dagbag.py:588} INFO - Filling up the DagBag from /opt/airflow/dags/spark_airflow.py
[2024-12-17T01:40:08.968+0000] {processor.py:925} INFO - DAG(s) 'spark_dag' retrieved from /opt/airflow/dags/spark_airflow.py
[2024-12-17T01:40:09.003+0000] {logging_mixin.py:190} INFO - [2024-12-17T01:40:09.003+0000] {dag.py:3239} INFO - Sync 1 DAGs
[2024-12-17T01:40:09.024+0000] {logging_mixin.py:190} INFO - [2024-12-17T01:40:09.024+0000] {dag.py:4180} INFO - Setting next_dagrun for spark_dag to 2024-12-17T00:00:00+00:00, run_after=2024-12-18T00:00:00+00:00
[2024-12-17T01:40:09.042+0000] {processor.py:208} INFO - Processing /opt/airflow/dags/spark_airflow.py took 0.102 seconds
[2024-12-17T02:36:56.862+0000] {processor.py:186} INFO - Started process (PID=174) to work on /opt/airflow/dags/spark_airflow.py
[2024-12-17T02:36:56.863+0000] {processor.py:914} INFO - Processing file /opt/airflow/dags/spark_airflow.py for tasks to queue
[2024-12-17T02:36:56.866+0000] {logging_mixin.py:190} INFO - [2024-12-17T02:36:56.866+0000] {dagbag.py:588} INFO - Filling up the DagBag from /opt/airflow/dags/spark_airflow.py
[2024-12-17T02:36:56.882+0000] {processor.py:925} INFO - DAG(s) 'spark_dag' retrieved from /opt/airflow/dags/spark_airflow.py
[2024-12-17T02:36:56.910+0000] {logging_mixin.py:190} INFO - [2024-12-17T02:36:56.910+0000] {dag.py:3239} INFO - Sync 1 DAGs
[2024-12-17T02:36:56.927+0000] {logging_mixin.py:190} INFO - [2024-12-17T02:36:56.927+0000] {dag.py:4180} INFO - Setting next_dagrun for spark_dag to 2024-12-17T00:00:00+00:00, run_after=2024-12-18T00:00:00+00:00
[2024-12-17T02:36:56.945+0000] {processor.py:208} INFO - Processing /opt/airflow/dags/spark_airflow.py took 0.087 seconds
[2024-12-17T02:37:27.145+0000] {processor.py:186} INFO - Started process (PID=179) to work on /opt/airflow/dags/spark_airflow.py
[2024-12-17T02:37:27.146+0000] {processor.py:914} INFO - Processing file /opt/airflow/dags/spark_airflow.py for tasks to queue
[2024-12-17T02:37:27.148+0000] {logging_mixin.py:190} INFO - [2024-12-17T02:37:27.148+0000] {dagbag.py:588} INFO - Filling up the DagBag from /opt/airflow/dags/spark_airflow.py
[2024-12-17T02:37:27.164+0000] {processor.py:925} INFO - DAG(s) 'spark_dag' retrieved from /opt/airflow/dags/spark_airflow.py
[2024-12-17T02:37:27.191+0000] {logging_mixin.py:190} INFO - [2024-12-17T02:37:27.191+0000] {dag.py:3239} INFO - Sync 1 DAGs
[2024-12-17T02:37:27.208+0000] {logging_mixin.py:190} INFO - [2024-12-17T02:37:27.208+0000] {dag.py:4180} INFO - Setting next_dagrun for spark_dag to 2024-12-17T00:00:00+00:00, run_after=2024-12-18T00:00:00+00:00
[2024-12-17T02:37:27.231+0000] {processor.py:208} INFO - Processing /opt/airflow/dags/spark_airflow.py took 0.091 seconds
[2024-12-17T02:37:57.530+0000] {processor.py:186} INFO - Started process (PID=184) to work on /opt/airflow/dags/spark_airflow.py
[2024-12-17T02:37:57.531+0000] {processor.py:914} INFO - Processing file /opt/airflow/dags/spark_airflow.py for tasks to queue
[2024-12-17T02:37:57.534+0000] {logging_mixin.py:190} INFO - [2024-12-17T02:37:57.534+0000] {dagbag.py:588} INFO - Filling up the DagBag from /opt/airflow/dags/spark_airflow.py
[2024-12-17T02:37:57.551+0000] {processor.py:925} INFO - DAG(s) 'spark_dag' retrieved from /opt/airflow/dags/spark_airflow.py
[2024-12-17T02:37:57.582+0000] {logging_mixin.py:190} INFO - [2024-12-17T02:37:57.582+0000] {dag.py:3239} INFO - Sync 1 DAGs
[2024-12-17T02:37:57.599+0000] {logging_mixin.py:190} INFO - [2024-12-17T02:37:57.599+0000] {dag.py:4180} INFO - Setting next_dagrun for spark_dag to 2024-12-17T00:00:00+00:00, run_after=2024-12-18T00:00:00+00:00
[2024-12-17T02:37:57.622+0000] {processor.py:208} INFO - Processing /opt/airflow/dags/spark_airflow.py took 0.097 seconds
[2024-12-17T02:38:27.840+0000] {processor.py:186} INFO - Started process (PID=189) to work on /opt/airflow/dags/spark_airflow.py
[2024-12-17T02:38:27.840+0000] {processor.py:914} INFO - Processing file /opt/airflow/dags/spark_airflow.py for tasks to queue
[2024-12-17T02:38:27.843+0000] {logging_mixin.py:190} INFO - [2024-12-17T02:38:27.842+0000] {dagbag.py:588} INFO - Filling up the DagBag from /opt/airflow/dags/spark_airflow.py
[2024-12-17T02:38:27.858+0000] {processor.py:925} INFO - DAG(s) 'spark_dag' retrieved from /opt/airflow/dags/spark_airflow.py
[2024-12-17T02:38:27.882+0000] {logging_mixin.py:190} INFO - [2024-12-17T02:38:27.882+0000] {dag.py:3239} INFO - Sync 1 DAGs
[2024-12-17T02:38:27.900+0000] {logging_mixin.py:190} INFO - [2024-12-17T02:38:27.900+0000] {dag.py:4180} INFO - Setting next_dagrun for spark_dag to 2024-12-17T00:00:00+00:00, run_after=2024-12-18T00:00:00+00:00
[2024-12-17T02:38:27.925+0000] {processor.py:208} INFO - Processing /opt/airflow/dags/spark_airflow.py took 0.090 seconds
[2024-12-17T02:38:58.235+0000] {processor.py:186} INFO - Started process (PID=194) to work on /opt/airflow/dags/spark_airflow.py
[2024-12-17T02:38:58.236+0000] {processor.py:914} INFO - Processing file /opt/airflow/dags/spark_airflow.py for tasks to queue
[2024-12-17T02:38:58.239+0000] {logging_mixin.py:190} INFO - [2024-12-17T02:38:58.238+0000] {dagbag.py:588} INFO - Filling up the DagBag from /opt/airflow/dags/spark_airflow.py
[2024-12-17T02:38:58.269+0000] {processor.py:925} INFO - DAG(s) 'spark_dag' retrieved from /opt/airflow/dags/spark_airflow.py
[2024-12-17T02:38:58.295+0000] {logging_mixin.py:190} INFO - [2024-12-17T02:38:58.295+0000] {dag.py:3239} INFO - Sync 1 DAGs
[2024-12-17T02:38:58.311+0000] {logging_mixin.py:190} INFO - [2024-12-17T02:38:58.311+0000] {dag.py:4180} INFO - Setting next_dagrun for spark_dag to 2024-12-17T00:00:00+00:00, run_after=2024-12-18T00:00:00+00:00
[2024-12-17T02:38:58.328+0000] {processor.py:208} INFO - Processing /opt/airflow/dags/spark_airflow.py took 0.097 seconds
[2024-12-17T02:39:28.575+0000] {processor.py:186} INFO - Started process (PID=199) to work on /opt/airflow/dags/spark_airflow.py
[2024-12-17T02:39:28.576+0000] {processor.py:914} INFO - Processing file /opt/airflow/dags/spark_airflow.py for tasks to queue
[2024-12-17T02:39:28.578+0000] {logging_mixin.py:190} INFO - [2024-12-17T02:39:28.577+0000] {dagbag.py:588} INFO - Filling up the DagBag from /opt/airflow/dags/spark_airflow.py
[2024-12-17T02:39:28.595+0000] {processor.py:925} INFO - DAG(s) 'spark_dag' retrieved from /opt/airflow/dags/spark_airflow.py
[2024-12-17T02:39:28.623+0000] {logging_mixin.py:190} INFO - [2024-12-17T02:39:28.623+0000] {dag.py:3239} INFO - Sync 1 DAGs
[2024-12-17T02:39:28.639+0000] {logging_mixin.py:190} INFO - [2024-12-17T02:39:28.639+0000] {dag.py:4180} INFO - Setting next_dagrun for spark_dag to 2024-12-17T00:00:00+00:00, run_after=2024-12-18T00:00:00+00:00
[2024-12-17T02:39:28.662+0000] {processor.py:208} INFO - Processing /opt/airflow/dags/spark_airflow.py took 0.092 seconds
[2024-12-17T02:39:58.988+0000] {processor.py:186} INFO - Started process (PID=204) to work on /opt/airflow/dags/spark_airflow.py
[2024-12-17T02:39:58.988+0000] {processor.py:914} INFO - Processing file /opt/airflow/dags/spark_airflow.py for tasks to queue
[2024-12-17T02:39:58.991+0000] {logging_mixin.py:190} INFO - [2024-12-17T02:39:58.990+0000] {dagbag.py:588} INFO - Filling up the DagBag from /opt/airflow/dags/spark_airflow.py
[2024-12-17T02:39:59.006+0000] {processor.py:925} INFO - DAG(s) 'spark_dag' retrieved from /opt/airflow/dags/spark_airflow.py
[2024-12-17T02:39:59.030+0000] {logging_mixin.py:190} INFO - [2024-12-17T02:39:59.030+0000] {dag.py:3239} INFO - Sync 1 DAGs
[2024-12-17T02:39:59.047+0000] {logging_mixin.py:190} INFO - [2024-12-17T02:39:59.047+0000] {dag.py:4180} INFO - Setting next_dagrun for spark_dag to 2024-12-17T00:00:00+00:00, run_after=2024-12-18T00:00:00+00:00
[2024-12-17T02:39:59.072+0000] {processor.py:208} INFO - Processing /opt/airflow/dags/spark_airflow.py took 0.089 seconds
[2024-12-17T02:40:29.302+0000] {processor.py:186} INFO - Started process (PID=209) to work on /opt/airflow/dags/spark_airflow.py
[2024-12-17T02:40:29.303+0000] {processor.py:914} INFO - Processing file /opt/airflow/dags/spark_airflow.py for tasks to queue
[2024-12-17T02:40:29.305+0000] {logging_mixin.py:190} INFO - [2024-12-17T02:40:29.305+0000] {dagbag.py:588} INFO - Filling up the DagBag from /opt/airflow/dags/spark_airflow.py
[2024-12-17T02:40:29.326+0000] {processor.py:925} INFO - DAG(s) 'spark_dag' retrieved from /opt/airflow/dags/spark_airflow.py
[2024-12-17T02:40:29.345+0000] {logging_mixin.py:190} INFO - [2024-12-17T02:40:29.345+0000] {dag.py:3239} INFO - Sync 1 DAGs
[2024-12-17T02:40:29.364+0000] {logging_mixin.py:190} INFO - [2024-12-17T02:40:29.364+0000] {dag.py:4180} INFO - Setting next_dagrun for spark_dag to 2024-12-17T00:00:00+00:00, run_after=2024-12-18T00:00:00+00:00
[2024-12-17T02:40:29.381+0000] {processor.py:208} INFO - Processing /opt/airflow/dags/spark_airflow.py took 0.084 seconds
[2024-12-17T02:40:59.650+0000] {processor.py:186} INFO - Started process (PID=214) to work on /opt/airflow/dags/spark_airflow.py
[2024-12-17T02:40:59.651+0000] {processor.py:914} INFO - Processing file /opt/airflow/dags/spark_airflow.py for tasks to queue
[2024-12-17T02:40:59.653+0000] {logging_mixin.py:190} INFO - [2024-12-17T02:40:59.653+0000] {dagbag.py:588} INFO - Filling up the DagBag from /opt/airflow/dags/spark_airflow.py
[2024-12-17T02:40:59.673+0000] {processor.py:925} INFO - DAG(s) 'spark_dag' retrieved from /opt/airflow/dags/spark_airflow.py
[2024-12-17T02:40:59.694+0000] {logging_mixin.py:190} INFO - [2024-12-17T02:40:59.694+0000] {dag.py:3239} INFO - Sync 1 DAGs
[2024-12-17T02:40:59.710+0000] {logging_mixin.py:190} INFO - [2024-12-17T02:40:59.710+0000] {dag.py:4180} INFO - Setting next_dagrun for spark_dag to 2024-12-17T00:00:00+00:00, run_after=2024-12-18T00:00:00+00:00
[2024-12-17T02:40:59.733+0000] {processor.py:208} INFO - Processing /opt/airflow/dags/spark_airflow.py took 0.088 seconds
[2024-12-17T02:41:25.942+0000] {processor.py:186} INFO - Started process (PID=219) to work on /opt/airflow/dags/spark_airflow.py
[2024-12-17T02:41:25.943+0000] {processor.py:914} INFO - Processing file /opt/airflow/dags/spark_airflow.py for tasks to queue
[2024-12-17T02:41:25.945+0000] {logging_mixin.py:190} INFO - [2024-12-17T02:41:25.945+0000] {dagbag.py:588} INFO - Filling up the DagBag from /opt/airflow/dags/spark_airflow.py
[2024-12-17T02:41:25.971+0000] {processor.py:925} INFO - DAG(s) 'spark_dag' retrieved from /opt/airflow/dags/spark_airflow.py
[2024-12-17T02:41:26.052+0000] {logging_mixin.py:190} INFO - [2024-12-17T02:41:26.052+0000] {dag.py:3239} INFO - Sync 1 DAGs
[2024-12-17T02:41:26.067+0000] {logging_mixin.py:190} INFO - [2024-12-17T02:41:26.066+0000] {dag.py:4180} INFO - Setting next_dagrun for spark_dag to 2024-12-17T00:00:00+00:00, run_after=2024-12-18T00:00:00+00:00
[2024-12-17T02:41:26.095+0000] {processor.py:208} INFO - Processing /opt/airflow/dags/spark_airflow.py took 0.158 seconds
[2024-12-17T02:41:29.013+0000] {processor.py:186} INFO - Started process (PID=224) to work on /opt/airflow/dags/spark_airflow.py
[2024-12-17T02:41:29.014+0000] {processor.py:914} INFO - Processing file /opt/airflow/dags/spark_airflow.py for tasks to queue
[2024-12-17T02:41:29.018+0000] {logging_mixin.py:190} INFO - [2024-12-17T02:41:29.017+0000] {dagbag.py:588} INFO - Filling up the DagBag from /opt/airflow/dags/spark_airflow.py
[2024-12-17T02:41:29.054+0000] {processor.py:925} INFO - DAG(s) 'spark_dag' retrieved from /opt/airflow/dags/spark_airflow.py
[2024-12-17T02:41:29.071+0000] {logging_mixin.py:190} INFO - [2024-12-17T02:41:29.070+0000] {dag.py:3239} INFO - Sync 1 DAGs
[2024-12-17T02:41:29.115+0000] {logging_mixin.py:190} INFO - [2024-12-17T02:41:29.115+0000] {dag.py:4180} INFO - Setting next_dagrun for spark_dag to 2024-12-17T00:00:00+00:00, run_after=2024-12-18T00:00:00+00:00
[2024-12-17T02:41:29.145+0000] {processor.py:208} INFO - Processing /opt/airflow/dags/spark_airflow.py took 0.139 seconds
[2024-12-17T02:41:32.212+0000] {processor.py:186} INFO - Started process (PID=229) to work on /opt/airflow/dags/spark_airflow.py
[2024-12-17T02:41:32.213+0000] {processor.py:914} INFO - Processing file /opt/airflow/dags/spark_airflow.py for tasks to queue
[2024-12-17T02:41:32.215+0000] {logging_mixin.py:190} INFO - [2024-12-17T02:41:32.215+0000] {dagbag.py:588} INFO - Filling up the DagBag from /opt/airflow/dags/spark_airflow.py
[2024-12-17T02:41:32.251+0000] {processor.py:925} INFO - DAG(s) 'spark_dag' retrieved from /opt/airflow/dags/spark_airflow.py
[2024-12-17T02:41:32.264+0000] {logging_mixin.py:190} INFO - [2024-12-17T02:41:32.264+0000] {dag.py:3239} INFO - Sync 1 DAGs
[2024-12-17T02:41:32.282+0000] {logging_mixin.py:190} INFO - [2024-12-17T02:41:32.282+0000] {dag.py:4180} INFO - Setting next_dagrun for spark_dag to 2024-12-17T00:00:00+00:00, run_after=2024-12-18T00:00:00+00:00
[2024-12-17T02:41:32.305+0000] {processor.py:208} INFO - Processing /opt/airflow/dags/spark_airflow.py took 0.098 seconds
[2024-12-17T02:42:02.549+0000] {processor.py:186} INFO - Started process (PID=234) to work on /opt/airflow/dags/spark_airflow.py
[2024-12-17T02:42:02.550+0000] {processor.py:914} INFO - Processing file /opt/airflow/dags/spark_airflow.py for tasks to queue
[2024-12-17T02:42:02.553+0000] {logging_mixin.py:190} INFO - [2024-12-17T02:42:02.552+0000] {dagbag.py:588} INFO - Filling up the DagBag from /opt/airflow/dags/spark_airflow.py
[2024-12-17T02:42:02.577+0000] {processor.py:925} INFO - DAG(s) 'spark_dag' retrieved from /opt/airflow/dags/spark_airflow.py
[2024-12-17T02:42:02.597+0000] {logging_mixin.py:190} INFO - [2024-12-17T02:42:02.597+0000] {dag.py:3239} INFO - Sync 1 DAGs
[2024-12-17T02:42:02.613+0000] {logging_mixin.py:190} INFO - [2024-12-17T02:42:02.613+0000] {dag.py:4180} INFO - Setting next_dagrun for spark_dag to 2024-12-17T00:00:00+00:00, run_after=2024-12-18T00:00:00+00:00
[2024-12-17T02:42:02.635+0000] {processor.py:208} INFO - Processing /opt/airflow/dags/spark_airflow.py took 0.091 seconds
[2024-12-17T02:42:32.897+0000] {processor.py:186} INFO - Started process (PID=239) to work on /opt/airflow/dags/spark_airflow.py
[2024-12-17T02:42:32.898+0000] {processor.py:914} INFO - Processing file /opt/airflow/dags/spark_airflow.py for tasks to queue
[2024-12-17T02:42:32.901+0000] {logging_mixin.py:190} INFO - [2024-12-17T02:42:32.901+0000] {dagbag.py:588} INFO - Filling up the DagBag from /opt/airflow/dags/spark_airflow.py
[2024-12-17T02:42:32.921+0000] {processor.py:925} INFO - DAG(s) 'spark_dag' retrieved from /opt/airflow/dags/spark_airflow.py
[2024-12-17T02:42:32.943+0000] {logging_mixin.py:190} INFO - [2024-12-17T02:42:32.943+0000] {dag.py:3239} INFO - Sync 1 DAGs
[2024-12-17T02:42:32.961+0000] {logging_mixin.py:190} INFO - [2024-12-17T02:42:32.961+0000] {dag.py:4180} INFO - Setting next_dagrun for spark_dag to 2024-12-17T00:00:00+00:00, run_after=2024-12-18T00:00:00+00:00
[2024-12-17T02:42:32.976+0000] {processor.py:208} INFO - Processing /opt/airflow/dags/spark_airflow.py took 0.083 seconds
[2024-12-17T02:43:03.150+0000] {processor.py:186} INFO - Started process (PID=244) to work on /opt/airflow/dags/spark_airflow.py
[2024-12-17T02:43:03.151+0000] {processor.py:914} INFO - Processing file /opt/airflow/dags/spark_airflow.py for tasks to queue
[2024-12-17T02:43:03.153+0000] {logging_mixin.py:190} INFO - [2024-12-17T02:43:03.153+0000] {dagbag.py:588} INFO - Filling up the DagBag from /opt/airflow/dags/spark_airflow.py
[2024-12-17T02:43:03.181+0000] {processor.py:925} INFO - DAG(s) 'spark_dag' retrieved from /opt/airflow/dags/spark_airflow.py
[2024-12-17T02:43:03.208+0000] {logging_mixin.py:190} INFO - [2024-12-17T02:43:03.208+0000] {dag.py:3239} INFO - Sync 1 DAGs
[2024-12-17T02:43:03.230+0000] {logging_mixin.py:190} INFO - [2024-12-17T02:43:03.230+0000] {dag.py:4180} INFO - Setting next_dagrun for spark_dag to 2024-12-17T00:00:00+00:00, run_after=2024-12-18T00:00:00+00:00
[2024-12-17T02:43:03.248+0000] {processor.py:208} INFO - Processing /opt/airflow/dags/spark_airflow.py took 0.104 seconds
[2024-12-17T02:43:33.439+0000] {processor.py:186} INFO - Started process (PID=249) to work on /opt/airflow/dags/spark_airflow.py
[2024-12-17T02:43:33.443+0000] {processor.py:914} INFO - Processing file /opt/airflow/dags/spark_airflow.py for tasks to queue
[2024-12-17T02:43:33.446+0000] {logging_mixin.py:190} INFO - [2024-12-17T02:43:33.446+0000] {dagbag.py:588} INFO - Filling up the DagBag from /opt/airflow/dags/spark_airflow.py
[2024-12-17T02:43:33.477+0000] {processor.py:925} INFO - DAG(s) 'spark_dag' retrieved from /opt/airflow/dags/spark_airflow.py
[2024-12-17T02:43:33.504+0000] {logging_mixin.py:190} INFO - [2024-12-17T02:43:33.504+0000] {dag.py:3239} INFO - Sync 1 DAGs
[2024-12-17T02:43:33.526+0000] {logging_mixin.py:190} INFO - [2024-12-17T02:43:33.526+0000] {dag.py:4180} INFO - Setting next_dagrun for spark_dag to 2024-12-17T00:00:00+00:00, run_after=2024-12-18T00:00:00+00:00
[2024-12-17T02:43:33.542+0000] {processor.py:208} INFO - Processing /opt/airflow/dags/spark_airflow.py took 0.107 seconds
[2024-12-17T02:44:03.741+0000] {processor.py:186} INFO - Started process (PID=254) to work on /opt/airflow/dags/spark_airflow.py
[2024-12-17T02:44:03.741+0000] {processor.py:914} INFO - Processing file /opt/airflow/dags/spark_airflow.py for tasks to queue
[2024-12-17T02:44:03.744+0000] {logging_mixin.py:190} INFO - [2024-12-17T02:44:03.744+0000] {dagbag.py:588} INFO - Filling up the DagBag from /opt/airflow/dags/spark_airflow.py
[2024-12-17T02:44:03.767+0000] {processor.py:925} INFO - DAG(s) 'spark_dag' retrieved from /opt/airflow/dags/spark_airflow.py
[2024-12-17T02:44:03.793+0000] {logging_mixin.py:190} INFO - [2024-12-17T02:44:03.792+0000] {dag.py:3239} INFO - Sync 1 DAGs
[2024-12-17T02:44:03.815+0000] {logging_mixin.py:190} INFO - [2024-12-17T02:44:03.814+0000] {dag.py:4180} INFO - Setting next_dagrun for spark_dag to 2024-12-17T00:00:00+00:00, run_after=2024-12-18T00:00:00+00:00
[2024-12-17T02:44:03.839+0000] {processor.py:208} INFO - Processing /opt/airflow/dags/spark_airflow.py took 0.104 seconds
[2024-12-17T02:44:34.059+0000] {processor.py:186} INFO - Started process (PID=259) to work on /opt/airflow/dags/spark_airflow.py
[2024-12-17T02:44:34.060+0000] {processor.py:914} INFO - Processing file /opt/airflow/dags/spark_airflow.py for tasks to queue
[2024-12-17T02:44:34.063+0000] {logging_mixin.py:190} INFO - [2024-12-17T02:44:34.063+0000] {dagbag.py:588} INFO - Filling up the DagBag from /opt/airflow/dags/spark_airflow.py
[2024-12-17T02:44:34.083+0000] {processor.py:925} INFO - DAG(s) 'spark_dag' retrieved from /opt/airflow/dags/spark_airflow.py
[2024-12-17T02:44:34.104+0000] {logging_mixin.py:190} INFO - [2024-12-17T02:44:34.103+0000] {dag.py:3239} INFO - Sync 1 DAGs
[2024-12-17T02:44:34.121+0000] {logging_mixin.py:190} INFO - [2024-12-17T02:44:34.121+0000] {dag.py:4180} INFO - Setting next_dagrun for spark_dag to 2024-12-17T00:00:00+00:00, run_after=2024-12-18T00:00:00+00:00
[2024-12-17T02:44:34.144+0000] {processor.py:208} INFO - Processing /opt/airflow/dags/spark_airflow.py took 0.089 seconds
[2024-12-17T02:45:04.353+0000] {processor.py:186} INFO - Started process (PID=264) to work on /opt/airflow/dags/spark_airflow.py
[2024-12-17T02:45:04.353+0000] {processor.py:914} INFO - Processing file /opt/airflow/dags/spark_airflow.py for tasks to queue
[2024-12-17T02:45:04.356+0000] {logging_mixin.py:190} INFO - [2024-12-17T02:45:04.356+0000] {dagbag.py:588} INFO - Filling up the DagBag from /opt/airflow/dags/spark_airflow.py
[2024-12-17T02:45:04.373+0000] {processor.py:925} INFO - DAG(s) 'spark_dag' retrieved from /opt/airflow/dags/spark_airflow.py
[2024-12-17T02:45:04.398+0000] {logging_mixin.py:190} INFO - [2024-12-17T02:45:04.398+0000] {dag.py:3239} INFO - Sync 1 DAGs
[2024-12-17T02:45:04.416+0000] {logging_mixin.py:190} INFO - [2024-12-17T02:45:04.416+0000] {dag.py:4180} INFO - Setting next_dagrun for spark_dag to 2024-12-17T00:00:00+00:00, run_after=2024-12-18T00:00:00+00:00
[2024-12-17T02:45:04.439+0000] {processor.py:208} INFO - Processing /opt/airflow/dags/spark_airflow.py took 0.090 seconds
[2024-12-17T02:45:34.701+0000] {processor.py:186} INFO - Started process (PID=269) to work on /opt/airflow/dags/spark_airflow.py
[2024-12-17T02:45:34.701+0000] {processor.py:914} INFO - Processing file /opt/airflow/dags/spark_airflow.py for tasks to queue
[2024-12-17T02:45:34.704+0000] {logging_mixin.py:190} INFO - [2024-12-17T02:45:34.704+0000] {dagbag.py:588} INFO - Filling up the DagBag from /opt/airflow/dags/spark_airflow.py
[2024-12-17T02:45:34.718+0000] {processor.py:925} INFO - DAG(s) 'spark_dag' retrieved from /opt/airflow/dags/spark_airflow.py
[2024-12-17T02:45:34.740+0000] {logging_mixin.py:190} INFO - [2024-12-17T02:45:34.739+0000] {dag.py:3239} INFO - Sync 1 DAGs
[2024-12-17T02:45:34.757+0000] {logging_mixin.py:190} INFO - [2024-12-17T02:45:34.757+0000] {dag.py:4180} INFO - Setting next_dagrun for spark_dag to 2024-12-17T00:00:00+00:00, run_after=2024-12-18T00:00:00+00:00
[2024-12-17T02:45:34.779+0000] {processor.py:208} INFO - Processing /opt/airflow/dags/spark_airflow.py took 0.083 seconds
[2024-12-17T02:46:05.036+0000] {processor.py:186} INFO - Started process (PID=274) to work on /opt/airflow/dags/spark_airflow.py
[2024-12-17T02:46:05.037+0000] {processor.py:914} INFO - Processing file /opt/airflow/dags/spark_airflow.py for tasks to queue
[2024-12-17T02:46:05.040+0000] {logging_mixin.py:190} INFO - [2024-12-17T02:46:05.040+0000] {dagbag.py:588} INFO - Filling up the DagBag from /opt/airflow/dags/spark_airflow.py
[2024-12-17T02:46:05.067+0000] {processor.py:925} INFO - DAG(s) 'spark_dag' retrieved from /opt/airflow/dags/spark_airflow.py
[2024-12-17T02:46:05.093+0000] {logging_mixin.py:190} INFO - [2024-12-17T02:46:05.093+0000] {dag.py:3239} INFO - Sync 1 DAGs
[2024-12-17T02:46:05.115+0000] {logging_mixin.py:190} INFO - [2024-12-17T02:46:05.115+0000] {dag.py:4180} INFO - Setting next_dagrun for spark_dag to 2024-12-17T00:00:00+00:00, run_after=2024-12-18T00:00:00+00:00
[2024-12-17T02:46:05.133+0000] {processor.py:208} INFO - Processing /opt/airflow/dags/spark_airflow.py took 0.104 seconds
[2024-12-17T02:46:35.324+0000] {processor.py:186} INFO - Started process (PID=279) to work on /opt/airflow/dags/spark_airflow.py
[2024-12-17T02:46:35.325+0000] {processor.py:914} INFO - Processing file /opt/airflow/dags/spark_airflow.py for tasks to queue
[2024-12-17T02:46:35.327+0000] {logging_mixin.py:190} INFO - [2024-12-17T02:46:35.327+0000] {dagbag.py:588} INFO - Filling up the DagBag from /opt/airflow/dags/spark_airflow.py
[2024-12-17T02:46:35.341+0000] {processor.py:925} INFO - DAG(s) 'spark_dag' retrieved from /opt/airflow/dags/spark_airflow.py
[2024-12-17T02:46:35.362+0000] {logging_mixin.py:190} INFO - [2024-12-17T02:46:35.362+0000] {dag.py:3239} INFO - Sync 1 DAGs
[2024-12-17T02:46:35.378+0000] {logging_mixin.py:190} INFO - [2024-12-17T02:46:35.378+0000] {dag.py:4180} INFO - Setting next_dagrun for spark_dag to 2024-12-17T00:00:00+00:00, run_after=2024-12-18T00:00:00+00:00
[2024-12-17T02:46:35.402+0000] {processor.py:208} INFO - Processing /opt/airflow/dags/spark_airflow.py took 0.083 seconds
[2024-12-17T02:47:05.797+0000] {processor.py:186} INFO - Started process (PID=284) to work on /opt/airflow/dags/spark_airflow.py
[2024-12-17T02:47:05.799+0000] {processor.py:914} INFO - Processing file /opt/airflow/dags/spark_airflow.py for tasks to queue
[2024-12-17T02:47:05.803+0000] {logging_mixin.py:190} INFO - [2024-12-17T02:47:05.802+0000] {dagbag.py:588} INFO - Filling up the DagBag from /opt/airflow/dags/spark_airflow.py
[2024-12-17T02:47:05.823+0000] {processor.py:925} INFO - DAG(s) 'spark_dag' retrieved from /opt/airflow/dags/spark_airflow.py
[2024-12-17T02:47:05.848+0000] {logging_mixin.py:190} INFO - [2024-12-17T02:47:05.848+0000] {dag.py:3239} INFO - Sync 1 DAGs
[2024-12-17T02:47:05.867+0000] {logging_mixin.py:190} INFO - [2024-12-17T02:47:05.867+0000] {dag.py:4180} INFO - Setting next_dagrun for spark_dag to 2024-12-17T00:00:00+00:00, run_after=2024-12-18T00:00:00+00:00
[2024-12-17T02:47:05.886+0000] {processor.py:208} INFO - Processing /opt/airflow/dags/spark_airflow.py took 0.095 seconds
[2024-12-17T02:47:36.092+0000] {processor.py:186} INFO - Started process (PID=289) to work on /opt/airflow/dags/spark_airflow.py
[2024-12-17T02:47:36.092+0000] {processor.py:914} INFO - Processing file /opt/airflow/dags/spark_airflow.py for tasks to queue
[2024-12-17T02:47:36.095+0000] {logging_mixin.py:190} INFO - [2024-12-17T02:47:36.094+0000] {dagbag.py:588} INFO - Filling up the DagBag from /opt/airflow/dags/spark_airflow.py
[2024-12-17T02:47:36.108+0000] {processor.py:925} INFO - DAG(s) 'spark_dag' retrieved from /opt/airflow/dags/spark_airflow.py
[2024-12-17T02:47:36.129+0000] {logging_mixin.py:190} INFO - [2024-12-17T02:47:36.129+0000] {dag.py:3239} INFO - Sync 1 DAGs
[2024-12-17T02:47:36.147+0000] {logging_mixin.py:190} INFO - [2024-12-17T02:47:36.147+0000] {dag.py:4180} INFO - Setting next_dagrun for spark_dag to 2024-12-17T00:00:00+00:00, run_after=2024-12-18T00:00:00+00:00
[2024-12-17T02:47:36.172+0000] {processor.py:208} INFO - Processing /opt/airflow/dags/spark_airflow.py took 0.085 seconds
[2024-12-17T02:48:06.404+0000] {processor.py:186} INFO - Started process (PID=294) to work on /opt/airflow/dags/spark_airflow.py
[2024-12-17T02:48:06.404+0000] {processor.py:914} INFO - Processing file /opt/airflow/dags/spark_airflow.py for tasks to queue
[2024-12-17T02:48:06.407+0000] {logging_mixin.py:190} INFO - [2024-12-17T02:48:06.407+0000] {dagbag.py:588} INFO - Filling up the DagBag from /opt/airflow/dags/spark_airflow.py
[2024-12-17T02:48:06.422+0000] {processor.py:925} INFO - DAG(s) 'spark_dag' retrieved from /opt/airflow/dags/spark_airflow.py
[2024-12-17T02:48:06.448+0000] {logging_mixin.py:190} INFO - [2024-12-17T02:48:06.448+0000] {dag.py:3239} INFO - Sync 1 DAGs
[2024-12-17T02:48:06.471+0000] {logging_mixin.py:190} INFO - [2024-12-17T02:48:06.471+0000] {dag.py:4180} INFO - Setting next_dagrun for spark_dag to 2024-12-17T00:00:00+00:00, run_after=2024-12-18T00:00:00+00:00
[2024-12-17T02:48:06.489+0000] {processor.py:208} INFO - Processing /opt/airflow/dags/spark_airflow.py took 0.090 seconds
[2024-12-17T02:48:36.674+0000] {processor.py:186} INFO - Started process (PID=305) to work on /opt/airflow/dags/spark_airflow.py
[2024-12-17T02:48:36.757+0000] {processor.py:914} INFO - Processing file /opt/airflow/dags/spark_airflow.py for tasks to queue
[2024-12-17T02:48:36.797+0000] {logging_mixin.py:190} INFO - [2024-12-17T02:48:36.797+0000] {dagbag.py:588} INFO - Filling up the DagBag from /opt/airflow/dags/spark_airflow.py
[2024-12-17T02:48:36.827+0000] {processor.py:925} INFO - DAG(s) 'spark_dag' retrieved from /opt/airflow/dags/spark_airflow.py
[2024-12-17T02:48:36.874+0000] {logging_mixin.py:190} INFO - [2024-12-17T02:48:36.874+0000] {dag.py:3239} INFO - Sync 1 DAGs
[2024-12-17T02:48:36.902+0000] {logging_mixin.py:190} INFO - [2024-12-17T02:48:36.902+0000] {dag.py:4180} INFO - Setting next_dagrun for spark_dag to 2024-12-17T00:00:00+00:00, run_after=2024-12-18T00:00:00+00:00
[2024-12-17T02:48:36.927+0000] {processor.py:208} INFO - Processing /opt/airflow/dags/spark_airflow.py took 0.262 seconds
[2024-12-17T02:49:07.097+0000] {processor.py:186} INFO - Started process (PID=310) to work on /opt/airflow/dags/spark_airflow.py
[2024-12-17T02:49:07.097+0000] {processor.py:914} INFO - Processing file /opt/airflow/dags/spark_airflow.py for tasks to queue
[2024-12-17T02:49:07.100+0000] {logging_mixin.py:190} INFO - [2024-12-17T02:49:07.100+0000] {dagbag.py:588} INFO - Filling up the DagBag from /opt/airflow/dags/spark_airflow.py
[2024-12-17T02:49:07.117+0000] {processor.py:925} INFO - DAG(s) 'spark_dag' retrieved from /opt/airflow/dags/spark_airflow.py
[2024-12-17T02:49:07.140+0000] {logging_mixin.py:190} INFO - [2024-12-17T02:49:07.140+0000] {dag.py:3239} INFO - Sync 1 DAGs
[2024-12-17T02:49:07.160+0000] {logging_mixin.py:190} INFO - [2024-12-17T02:49:07.160+0000] {dag.py:4180} INFO - Setting next_dagrun for spark_dag to 2024-12-17T00:00:00+00:00, run_after=2024-12-18T00:00:00+00:00
[2024-12-17T02:49:07.183+0000] {processor.py:208} INFO - Processing /opt/airflow/dags/spark_airflow.py took 0.092 seconds
[2024-12-17T02:49:37.458+0000] {processor.py:186} INFO - Started process (PID=315) to work on /opt/airflow/dags/spark_airflow.py
[2024-12-17T02:49:37.459+0000] {processor.py:914} INFO - Processing file /opt/airflow/dags/spark_airflow.py for tasks to queue
[2024-12-17T02:49:37.461+0000] {logging_mixin.py:190} INFO - [2024-12-17T02:49:37.461+0000] {dagbag.py:588} INFO - Filling up the DagBag from /opt/airflow/dags/spark_airflow.py
[2024-12-17T02:49:37.477+0000] {processor.py:925} INFO - DAG(s) 'spark_dag' retrieved from /opt/airflow/dags/spark_airflow.py
[2024-12-17T02:49:37.498+0000] {logging_mixin.py:190} INFO - [2024-12-17T02:49:37.498+0000] {dag.py:3239} INFO - Sync 1 DAGs
[2024-12-17T02:49:37.517+0000] {logging_mixin.py:190} INFO - [2024-12-17T02:49:37.517+0000] {dag.py:4180} INFO - Setting next_dagrun for spark_dag to 2024-12-17T00:00:00+00:00, run_after=2024-12-18T00:00:00+00:00
[2024-12-17T02:49:37.536+0000] {processor.py:208} INFO - Processing /opt/airflow/dags/spark_airflow.py took 0.082 seconds
[2024-12-17T02:50:07.761+0000] {processor.py:186} INFO - Started process (PID=320) to work on /opt/airflow/dags/spark_airflow.py
[2024-12-17T02:50:07.762+0000] {processor.py:914} INFO - Processing file /opt/airflow/dags/spark_airflow.py for tasks to queue
[2024-12-17T02:50:07.764+0000] {logging_mixin.py:190} INFO - [2024-12-17T02:50:07.764+0000] {dagbag.py:588} INFO - Filling up the DagBag from /opt/airflow/dags/spark_airflow.py
[2024-12-17T02:50:07.780+0000] {processor.py:925} INFO - DAG(s) 'spark_dag' retrieved from /opt/airflow/dags/spark_airflow.py
[2024-12-17T02:50:07.801+0000] {logging_mixin.py:190} INFO - [2024-12-17T02:50:07.801+0000] {dag.py:3239} INFO - Sync 1 DAGs
[2024-12-17T02:50:07.818+0000] {logging_mixin.py:190} INFO - [2024-12-17T02:50:07.818+0000] {dag.py:4180} INFO - Setting next_dagrun for spark_dag to 2024-12-17T00:00:00+00:00, run_after=2024-12-18T00:00:00+00:00
[2024-12-17T02:50:07.835+0000] {processor.py:208} INFO - Processing /opt/airflow/dags/spark_airflow.py took 0.079 seconds
[2024-12-17T02:50:38.032+0000] {processor.py:186} INFO - Started process (PID=332) to work on /opt/airflow/dags/spark_airflow.py
[2024-12-17T02:50:38.033+0000] {processor.py:914} INFO - Processing file /opt/airflow/dags/spark_airflow.py for tasks to queue
[2024-12-17T02:50:38.035+0000] {logging_mixin.py:190} INFO - [2024-12-17T02:50:38.034+0000] {dagbag.py:588} INFO - Filling up the DagBag from /opt/airflow/dags/spark_airflow.py
[2024-12-17T02:50:38.050+0000] {processor.py:925} INFO - DAG(s) 'spark_dag' retrieved from /opt/airflow/dags/spark_airflow.py
[2024-12-17T02:50:38.072+0000] {logging_mixin.py:190} INFO - [2024-12-17T02:50:38.072+0000] {dag.py:3239} INFO - Sync 1 DAGs
[2024-12-17T02:50:38.088+0000] {logging_mixin.py:190} INFO - [2024-12-17T02:50:38.088+0000] {dag.py:4180} INFO - Setting next_dagrun for spark_dag to 2024-12-17T00:00:00+00:00, run_after=2024-12-18T00:00:00+00:00
[2024-12-17T02:50:38.106+0000] {processor.py:208} INFO - Processing /opt/airflow/dags/spark_airflow.py took 0.079 seconds
[2024-12-17T02:51:08.386+0000] {processor.py:186} INFO - Started process (PID=337) to work on /opt/airflow/dags/spark_airflow.py
[2024-12-17T02:51:08.387+0000] {processor.py:914} INFO - Processing file /opt/airflow/dags/spark_airflow.py for tasks to queue
[2024-12-17T02:51:08.389+0000] {logging_mixin.py:190} INFO - [2024-12-17T02:51:08.389+0000] {dagbag.py:588} INFO - Filling up the DagBag from /opt/airflow/dags/spark_airflow.py
[2024-12-17T02:51:08.405+0000] {processor.py:925} INFO - DAG(s) 'spark_dag' retrieved from /opt/airflow/dags/spark_airflow.py
[2024-12-17T02:51:08.424+0000] {logging_mixin.py:190} INFO - [2024-12-17T02:51:08.424+0000] {dag.py:3239} INFO - Sync 1 DAGs
[2024-12-17T02:51:08.442+0000] {logging_mixin.py:190} INFO - [2024-12-17T02:51:08.441+0000] {dag.py:4180} INFO - Setting next_dagrun for spark_dag to 2024-12-17T00:00:00+00:00, run_after=2024-12-18T00:00:00+00:00
[2024-12-17T02:51:08.463+0000] {processor.py:208} INFO - Processing /opt/airflow/dags/spark_airflow.py took 0.081 seconds
[2024-12-17T02:51:38.672+0000] {processor.py:186} INFO - Started process (PID=342) to work on /opt/airflow/dags/spark_airflow.py
[2024-12-17T02:51:38.674+0000] {processor.py:914} INFO - Processing file /opt/airflow/dags/spark_airflow.py for tasks to queue
[2024-12-17T02:51:38.678+0000] {logging_mixin.py:190} INFO - [2024-12-17T02:51:38.678+0000] {dagbag.py:588} INFO - Filling up the DagBag from /opt/airflow/dags/spark_airflow.py
[2024-12-17T02:51:38.704+0000] {processor.py:925} INFO - DAG(s) 'spark_dag' retrieved from /opt/airflow/dags/spark_airflow.py
[2024-12-17T02:51:38.745+0000] {logging_mixin.py:190} INFO - [2024-12-17T02:51:38.745+0000] {dag.py:3239} INFO - Sync 1 DAGs
[2024-12-17T02:51:38.774+0000] {logging_mixin.py:190} INFO - [2024-12-17T02:51:38.774+0000] {dag.py:4180} INFO - Setting next_dagrun for spark_dag to 2024-12-17T00:00:00+00:00, run_after=2024-12-18T00:00:00+00:00
[2024-12-17T02:51:38.797+0000] {processor.py:208} INFO - Processing /opt/airflow/dags/spark_airflow.py took 0.132 seconds
[2024-12-17T02:52:09.069+0000] {processor.py:186} INFO - Started process (PID=347) to work on /opt/airflow/dags/spark_airflow.py
[2024-12-17T02:52:09.070+0000] {processor.py:914} INFO - Processing file /opt/airflow/dags/spark_airflow.py for tasks to queue
[2024-12-17T02:52:09.073+0000] {logging_mixin.py:190} INFO - [2024-12-17T02:52:09.072+0000] {dagbag.py:588} INFO - Filling up the DagBag from /opt/airflow/dags/spark_airflow.py
[2024-12-17T02:52:09.093+0000] {processor.py:925} INFO - DAG(s) 'spark_dag' retrieved from /opt/airflow/dags/spark_airflow.py
[2024-12-17T02:52:09.115+0000] {logging_mixin.py:190} INFO - [2024-12-17T02:52:09.115+0000] {dag.py:3239} INFO - Sync 1 DAGs
[2024-12-17T02:52:09.135+0000] {logging_mixin.py:190} INFO - [2024-12-17T02:52:09.134+0000] {dag.py:4180} INFO - Setting next_dagrun for spark_dag to 2024-12-17T00:00:00+00:00, run_after=2024-12-18T00:00:00+00:00
[2024-12-17T02:52:09.157+0000] {processor.py:208} INFO - Processing /opt/airflow/dags/spark_airflow.py took 0.094 seconds
[2024-12-17T02:52:39.439+0000] {processor.py:186} INFO - Started process (PID=352) to work on /opt/airflow/dags/spark_airflow.py
[2024-12-17T02:52:39.440+0000] {processor.py:914} INFO - Processing file /opt/airflow/dags/spark_airflow.py for tasks to queue
[2024-12-17T02:52:39.443+0000] {logging_mixin.py:190} INFO - [2024-12-17T02:52:39.443+0000] {dagbag.py:588} INFO - Filling up the DagBag from /opt/airflow/dags/spark_airflow.py
[2024-12-17T02:52:39.468+0000] {processor.py:925} INFO - DAG(s) 'spark_dag' retrieved from /opt/airflow/dags/spark_airflow.py
[2024-12-17T02:52:39.497+0000] {logging_mixin.py:190} INFO - [2024-12-17T02:52:39.497+0000] {dag.py:3239} INFO - Sync 1 DAGs
[2024-12-17T02:52:39.516+0000] {logging_mixin.py:190} INFO - [2024-12-17T02:52:39.516+0000] {dag.py:4180} INFO - Setting next_dagrun for spark_dag to 2024-12-17T00:00:00+00:00, run_after=2024-12-18T00:00:00+00:00
[2024-12-17T02:52:39.531+0000] {processor.py:208} INFO - Processing /opt/airflow/dags/spark_airflow.py took 0.105 seconds
[2024-12-17T02:53:09.788+0000] {processor.py:186} INFO - Started process (PID=357) to work on /opt/airflow/dags/spark_airflow.py
[2024-12-17T02:53:09.789+0000] {processor.py:914} INFO - Processing file /opt/airflow/dags/spark_airflow.py for tasks to queue
[2024-12-17T02:53:09.791+0000] {logging_mixin.py:190} INFO - [2024-12-17T02:53:09.791+0000] {dagbag.py:588} INFO - Filling up the DagBag from /opt/airflow/dags/spark_airflow.py
[2024-12-17T02:53:09.809+0000] {processor.py:925} INFO - DAG(s) 'spark_dag' retrieved from /opt/airflow/dags/spark_airflow.py
[2024-12-17T02:53:09.832+0000] {logging_mixin.py:190} INFO - [2024-12-17T02:53:09.832+0000] {dag.py:3239} INFO - Sync 1 DAGs
[2024-12-17T02:53:09.848+0000] {logging_mixin.py:190} INFO - [2024-12-17T02:53:09.848+0000] {dag.py:4180} INFO - Setting next_dagrun for spark_dag to 2024-12-17T00:00:00+00:00, run_after=2024-12-18T00:00:00+00:00
[2024-12-17T02:53:09.871+0000] {processor.py:208} INFO - Processing /opt/airflow/dags/spark_airflow.py took 0.087 seconds
[2024-12-17T02:53:40.142+0000] {processor.py:186} INFO - Started process (PID=362) to work on /opt/airflow/dags/spark_airflow.py
[2024-12-17T02:53:40.143+0000] {processor.py:914} INFO - Processing file /opt/airflow/dags/spark_airflow.py for tasks to queue
[2024-12-17T02:53:40.145+0000] {logging_mixin.py:190} INFO - [2024-12-17T02:53:40.145+0000] {dagbag.py:588} INFO - Filling up the DagBag from /opt/airflow/dags/spark_airflow.py
[2024-12-17T02:53:40.164+0000] {processor.py:925} INFO - DAG(s) 'spark_dag' retrieved from /opt/airflow/dags/spark_airflow.py
[2024-12-17T02:53:40.184+0000] {logging_mixin.py:190} INFO - [2024-12-17T02:53:40.184+0000] {dag.py:3239} INFO - Sync 1 DAGs
[2024-12-17T02:53:40.201+0000] {logging_mixin.py:190} INFO - [2024-12-17T02:53:40.201+0000] {dag.py:4180} INFO - Setting next_dagrun for spark_dag to 2024-12-17T00:00:00+00:00, run_after=2024-12-18T00:00:00+00:00
[2024-12-17T02:53:40.223+0000] {processor.py:208} INFO - Processing /opt/airflow/dags/spark_airflow.py took 0.085 seconds
[2024-12-17T02:54:10.431+0000] {processor.py:186} INFO - Started process (PID=367) to work on /opt/airflow/dags/spark_airflow.py
[2024-12-17T02:54:10.432+0000] {processor.py:914} INFO - Processing file /opt/airflow/dags/spark_airflow.py for tasks to queue
[2024-12-17T02:54:10.435+0000] {logging_mixin.py:190} INFO - [2024-12-17T02:54:10.434+0000] {dagbag.py:588} INFO - Filling up the DagBag from /opt/airflow/dags/spark_airflow.py
[2024-12-17T02:54:10.453+0000] {processor.py:925} INFO - DAG(s) 'spark_dag' retrieved from /opt/airflow/dags/spark_airflow.py
[2024-12-17T02:54:10.481+0000] {logging_mixin.py:190} INFO - [2024-12-17T02:54:10.481+0000] {dag.py:3239} INFO - Sync 1 DAGs
[2024-12-17T02:54:10.500+0000] {logging_mixin.py:190} INFO - [2024-12-17T02:54:10.500+0000] {dag.py:4180} INFO - Setting next_dagrun for spark_dag to 2024-12-17T00:00:00+00:00, run_after=2024-12-18T00:00:00+00:00
[2024-12-17T02:54:10.524+0000] {processor.py:208} INFO - Processing /opt/airflow/dags/spark_airflow.py took 0.098 seconds
[2024-12-17T02:54:40.787+0000] {processor.py:186} INFO - Started process (PID=372) to work on /opt/airflow/dags/spark_airflow.py
[2024-12-17T02:54:40.788+0000] {processor.py:914} INFO - Processing file /opt/airflow/dags/spark_airflow.py for tasks to queue
[2024-12-17T02:54:40.791+0000] {logging_mixin.py:190} INFO - [2024-12-17T02:54:40.790+0000] {dagbag.py:588} INFO - Filling up the DagBag from /opt/airflow/dags/spark_airflow.py
[2024-12-17T02:54:40.806+0000] {processor.py:925} INFO - DAG(s) 'spark_dag' retrieved from /opt/airflow/dags/spark_airflow.py
[2024-12-17T02:54:40.826+0000] {logging_mixin.py:190} INFO - [2024-12-17T02:54:40.825+0000] {dag.py:3239} INFO - Sync 1 DAGs
[2024-12-17T02:54:40.843+0000] {logging_mixin.py:190} INFO - [2024-12-17T02:54:40.843+0000] {dag.py:4180} INFO - Setting next_dagrun for spark_dag to 2024-12-17T00:00:00+00:00, run_after=2024-12-18T00:00:00+00:00
[2024-12-17T02:54:40.867+0000] {processor.py:208} INFO - Processing /opt/airflow/dags/spark_airflow.py took 0.084 seconds
[2024-12-17T02:55:11.099+0000] {processor.py:186} INFO - Started process (PID=377) to work on /opt/airflow/dags/spark_airflow.py
[2024-12-17T02:55:11.100+0000] {processor.py:914} INFO - Processing file /opt/airflow/dags/spark_airflow.py for tasks to queue
[2024-12-17T02:55:11.102+0000] {logging_mixin.py:190} INFO - [2024-12-17T02:55:11.102+0000] {dagbag.py:588} INFO - Filling up the DagBag from /opt/airflow/dags/spark_airflow.py
[2024-12-17T02:55:11.118+0000] {processor.py:925} INFO - DAG(s) 'spark_dag' retrieved from /opt/airflow/dags/spark_airflow.py
[2024-12-17T02:55:11.140+0000] {logging_mixin.py:190} INFO - [2024-12-17T02:55:11.140+0000] {dag.py:3239} INFO - Sync 1 DAGs
[2024-12-17T02:55:11.159+0000] {logging_mixin.py:190} INFO - [2024-12-17T02:55:11.159+0000] {dag.py:4180} INFO - Setting next_dagrun for spark_dag to 2024-12-17T00:00:00+00:00, run_after=2024-12-18T00:00:00+00:00
[2024-12-17T02:55:11.184+0000] {processor.py:208} INFO - Processing /opt/airflow/dags/spark_airflow.py took 0.090 seconds
[2024-12-17T02:55:41.398+0000] {processor.py:186} INFO - Started process (PID=382) to work on /opt/airflow/dags/spark_airflow.py
[2024-12-17T02:55:41.399+0000] {processor.py:914} INFO - Processing file /opt/airflow/dags/spark_airflow.py for tasks to queue
[2024-12-17T02:55:41.401+0000] {logging_mixin.py:190} INFO - [2024-12-17T02:55:41.401+0000] {dagbag.py:588} INFO - Filling up the DagBag from /opt/airflow/dags/spark_airflow.py
[2024-12-17T02:55:41.420+0000] {processor.py:925} INFO - DAG(s) 'spark_dag' retrieved from /opt/airflow/dags/spark_airflow.py
[2024-12-17T02:55:41.444+0000] {logging_mixin.py:190} INFO - [2024-12-17T02:55:41.444+0000] {dag.py:3239} INFO - Sync 1 DAGs
[2024-12-17T02:55:41.465+0000] {logging_mixin.py:190} INFO - [2024-12-17T02:55:41.465+0000] {dag.py:4180} INFO - Setting next_dagrun for spark_dag to 2024-12-17T00:00:00+00:00, run_after=2024-12-18T00:00:00+00:00
[2024-12-17T02:55:41.485+0000] {processor.py:208} INFO - Processing /opt/airflow/dags/spark_airflow.py took 0.092 seconds
[2024-12-17T02:56:11.699+0000] {processor.py:186} INFO - Started process (PID=387) to work on /opt/airflow/dags/spark_airflow.py
[2024-12-17T02:56:11.701+0000] {processor.py:914} INFO - Processing file /opt/airflow/dags/spark_airflow.py for tasks to queue
[2024-12-17T02:56:11.704+0000] {logging_mixin.py:190} INFO - [2024-12-17T02:56:11.704+0000] {dagbag.py:588} INFO - Filling up the DagBag from /opt/airflow/dags/spark_airflow.py
[2024-12-17T02:56:11.727+0000] {processor.py:925} INFO - DAG(s) 'spark_dag' retrieved from /opt/airflow/dags/spark_airflow.py
[2024-12-17T02:56:11.749+0000] {logging_mixin.py:190} INFO - [2024-12-17T02:56:11.749+0000] {dag.py:3239} INFO - Sync 1 DAGs
[2024-12-17T02:56:11.767+0000] {logging_mixin.py:190} INFO - [2024-12-17T02:56:11.767+0000] {dag.py:4180} INFO - Setting next_dagrun for spark_dag to 2024-12-17T00:00:00+00:00, run_after=2024-12-18T00:00:00+00:00
[2024-12-17T02:56:11.791+0000] {processor.py:208} INFO - Processing /opt/airflow/dags/spark_airflow.py took 0.098 seconds
[2024-12-17T02:56:42.037+0000] {processor.py:186} INFO - Started process (PID=399) to work on /opt/airflow/dags/spark_airflow.py
[2024-12-17T02:56:42.038+0000] {processor.py:914} INFO - Processing file /opt/airflow/dags/spark_airflow.py for tasks to queue
[2024-12-17T02:56:42.040+0000] {logging_mixin.py:190} INFO - [2024-12-17T02:56:42.040+0000] {dagbag.py:588} INFO - Filling up the DagBag from /opt/airflow/dags/spark_airflow.py
[2024-12-17T02:56:42.055+0000] {processor.py:925} INFO - DAG(s) 'spark_dag' retrieved from /opt/airflow/dags/spark_airflow.py
[2024-12-17T02:56:42.077+0000] {logging_mixin.py:190} INFO - [2024-12-17T02:56:42.077+0000] {dag.py:3239} INFO - Sync 1 DAGs
[2024-12-17T02:56:42.096+0000] {logging_mixin.py:190} INFO - [2024-12-17T02:56:42.096+0000] {dag.py:4180} INFO - Setting next_dagrun for spark_dag to 2024-12-17T00:00:00+00:00, run_after=2024-12-18T00:00:00+00:00
[2024-12-17T02:56:42.116+0000] {processor.py:208} INFO - Processing /opt/airflow/dags/spark_airflow.py took 0.084 seconds
[2024-12-17T02:57:12.392+0000] {processor.py:186} INFO - Started process (PID=404) to work on /opt/airflow/dags/spark_airflow.py
[2024-12-17T02:57:12.393+0000] {processor.py:914} INFO - Processing file /opt/airflow/dags/spark_airflow.py for tasks to queue
[2024-12-17T02:57:12.397+0000] {logging_mixin.py:190} INFO - [2024-12-17T02:57:12.396+0000] {dagbag.py:588} INFO - Filling up the DagBag from /opt/airflow/dags/spark_airflow.py
[2024-12-17T02:57:12.418+0000] {processor.py:925} INFO - DAG(s) 'spark_dag' retrieved from /opt/airflow/dags/spark_airflow.py
[2024-12-17T02:57:12.443+0000] {logging_mixin.py:190} INFO - [2024-12-17T02:57:12.443+0000] {dag.py:3239} INFO - Sync 1 DAGs
[2024-12-17T02:57:12.462+0000] {logging_mixin.py:190} INFO - [2024-12-17T02:57:12.461+0000] {dag.py:4180} INFO - Setting next_dagrun for spark_dag to 2024-12-17T00:00:00+00:00, run_after=2024-12-18T00:00:00+00:00
[2024-12-17T02:57:12.488+0000] {processor.py:208} INFO - Processing /opt/airflow/dags/spark_airflow.py took 0.101 seconds
[2024-12-17T02:57:42.702+0000] {processor.py:186} INFO - Started process (PID=409) to work on /opt/airflow/dags/spark_airflow.py
[2024-12-17T02:57:42.703+0000] {processor.py:914} INFO - Processing file /opt/airflow/dags/spark_airflow.py for tasks to queue
[2024-12-17T02:57:42.707+0000] {logging_mixin.py:190} INFO - [2024-12-17T02:57:42.707+0000] {dagbag.py:588} INFO - Filling up the DagBag from /opt/airflow/dags/spark_airflow.py
[2024-12-17T02:57:42.741+0000] {processor.py:925} INFO - DAG(s) 'spark_dag' retrieved from /opt/airflow/dags/spark_airflow.py
[2024-12-17T02:57:42.775+0000] {logging_mixin.py:190} INFO - [2024-12-17T02:57:42.775+0000] {dag.py:3239} INFO - Sync 1 DAGs
[2024-12-17T02:57:42.798+0000] {logging_mixin.py:190} INFO - [2024-12-17T02:57:42.798+0000] {dag.py:4180} INFO - Setting next_dagrun for spark_dag to 2024-12-17T00:00:00+00:00, run_after=2024-12-18T00:00:00+00:00
[2024-12-17T02:57:42.814+0000] {processor.py:208} INFO - Processing /opt/airflow/dags/spark_airflow.py took 0.132 seconds
[2024-12-17T02:58:12.963+0000] {processor.py:186} INFO - Started process (PID=414) to work on /opt/airflow/dags/spark_airflow.py
[2024-12-17T02:58:12.964+0000] {processor.py:914} INFO - Processing file /opt/airflow/dags/spark_airflow.py for tasks to queue
[2024-12-17T02:58:12.967+0000] {logging_mixin.py:190} INFO - [2024-12-17T02:58:12.967+0000] {dagbag.py:588} INFO - Filling up the DagBag from /opt/airflow/dags/spark_airflow.py
[2024-12-17T02:58:12.991+0000] {processor.py:925} INFO - DAG(s) 'spark_dag' retrieved from /opt/airflow/dags/spark_airflow.py
[2024-12-17T02:58:13.019+0000] {logging_mixin.py:190} INFO - [2024-12-17T02:58:13.019+0000] {dag.py:3239} INFO - Sync 1 DAGs
[2024-12-17T02:58:13.043+0000] {logging_mixin.py:190} INFO - [2024-12-17T02:58:13.042+0000] {dag.py:4180} INFO - Setting next_dagrun for spark_dag to 2024-12-17T00:00:00+00:00, run_after=2024-12-18T00:00:00+00:00
[2024-12-17T02:58:13.075+0000] {processor.py:208} INFO - Processing /opt/airflow/dags/spark_airflow.py took 0.117 seconds
[2024-12-17T02:58:43.255+0000] {processor.py:186} INFO - Started process (PID=419) to work on /opt/airflow/dags/spark_airflow.py
[2024-12-17T02:58:43.255+0000] {processor.py:914} INFO - Processing file /opt/airflow/dags/spark_airflow.py for tasks to queue
[2024-12-17T02:58:43.258+0000] {logging_mixin.py:190} INFO - [2024-12-17T02:58:43.258+0000] {dagbag.py:588} INFO - Filling up the DagBag from /opt/airflow/dags/spark_airflow.py
[2024-12-17T02:58:43.276+0000] {processor.py:925} INFO - DAG(s) 'spark_dag' retrieved from /opt/airflow/dags/spark_airflow.py
[2024-12-17T02:58:43.302+0000] {logging_mixin.py:190} INFO - [2024-12-17T02:58:43.302+0000] {dag.py:3239} INFO - Sync 1 DAGs
[2024-12-17T02:58:43.326+0000] {logging_mixin.py:190} INFO - [2024-12-17T02:58:43.326+0000] {dag.py:4180} INFO - Setting next_dagrun for spark_dag to 2024-12-17T00:00:00+00:00, run_after=2024-12-18T00:00:00+00:00
[2024-12-17T02:58:43.351+0000] {processor.py:208} INFO - Processing /opt/airflow/dags/spark_airflow.py took 0.102 seconds
[2024-12-17T02:59:13.584+0000] {processor.py:186} INFO - Started process (PID=424) to work on /opt/airflow/dags/spark_airflow.py
[2024-12-17T02:59:13.584+0000] {processor.py:914} INFO - Processing file /opt/airflow/dags/spark_airflow.py for tasks to queue
[2024-12-17T02:59:13.587+0000] {logging_mixin.py:190} INFO - [2024-12-17T02:59:13.587+0000] {dagbag.py:588} INFO - Filling up the DagBag from /opt/airflow/dags/spark_airflow.py
[2024-12-17T02:59:13.606+0000] {processor.py:925} INFO - DAG(s) 'spark_dag' retrieved from /opt/airflow/dags/spark_airflow.py
[2024-12-17T02:59:13.631+0000] {logging_mixin.py:190} INFO - [2024-12-17T02:59:13.631+0000] {dag.py:3239} INFO - Sync 1 DAGs
[2024-12-17T02:59:13.651+0000] {logging_mixin.py:190} INFO - [2024-12-17T02:59:13.651+0000] {dag.py:4180} INFO - Setting next_dagrun for spark_dag to 2024-12-17T00:00:00+00:00, run_after=2024-12-18T00:00:00+00:00
[2024-12-17T02:59:13.669+0000] {processor.py:208} INFO - Processing /opt/airflow/dags/spark_airflow.py took 0.091 seconds
[2024-12-17T02:59:43.938+0000] {processor.py:186} INFO - Started process (PID=429) to work on /opt/airflow/dags/spark_airflow.py
[2024-12-17T02:59:43.939+0000] {processor.py:914} INFO - Processing file /opt/airflow/dags/spark_airflow.py for tasks to queue
[2024-12-17T02:59:43.941+0000] {logging_mixin.py:190} INFO - [2024-12-17T02:59:43.941+0000] {dagbag.py:588} INFO - Filling up the DagBag from /opt/airflow/dags/spark_airflow.py
[2024-12-17T02:59:43.955+0000] {processor.py:925} INFO - DAG(s) 'spark_dag' retrieved from /opt/airflow/dags/spark_airflow.py
[2024-12-17T02:59:43.974+0000] {logging_mixin.py:190} INFO - [2024-12-17T02:59:43.974+0000] {dag.py:3239} INFO - Sync 1 DAGs
[2024-12-17T02:59:43.991+0000] {logging_mixin.py:190} INFO - [2024-12-17T02:59:43.991+0000] {dag.py:4180} INFO - Setting next_dagrun for spark_dag to 2024-12-17T00:00:00+00:00, run_after=2024-12-18T00:00:00+00:00
[2024-12-17T02:59:44.013+0000] {processor.py:208} INFO - Processing /opt/airflow/dags/spark_airflow.py took 0.078 seconds
[2024-12-17T03:00:14.259+0000] {processor.py:186} INFO - Started process (PID=434) to work on /opt/airflow/dags/spark_airflow.py
[2024-12-17T03:00:14.261+0000] {processor.py:914} INFO - Processing file /opt/airflow/dags/spark_airflow.py for tasks to queue
[2024-12-17T03:00:14.264+0000] {logging_mixin.py:190} INFO - [2024-12-17T03:00:14.263+0000] {dagbag.py:588} INFO - Filling up the DagBag from /opt/airflow/dags/spark_airflow.py
[2024-12-17T03:00:14.282+0000] {processor.py:925} INFO - DAG(s) 'spark_dag' retrieved from /opt/airflow/dags/spark_airflow.py
[2024-12-17T03:00:14.305+0000] {logging_mixin.py:190} INFO - [2024-12-17T03:00:14.305+0000] {dag.py:3239} INFO - Sync 1 DAGs
[2024-12-17T03:00:14.325+0000] {logging_mixin.py:190} INFO - [2024-12-17T03:00:14.325+0000] {dag.py:4180} INFO - Setting next_dagrun for spark_dag to 2024-12-17T00:00:00+00:00, run_after=2024-12-18T00:00:00+00:00
[2024-12-17T03:00:14.351+0000] {processor.py:208} INFO - Processing /opt/airflow/dags/spark_airflow.py took 0.097 seconds
[2024-12-17T03:00:44.555+0000] {processor.py:186} INFO - Started process (PID=439) to work on /opt/airflow/dags/spark_airflow.py
[2024-12-17T03:00:44.556+0000] {processor.py:914} INFO - Processing file /opt/airflow/dags/spark_airflow.py for tasks to queue
[2024-12-17T03:00:44.561+0000] {logging_mixin.py:190} INFO - [2024-12-17T03:00:44.561+0000] {dagbag.py:588} INFO - Filling up the DagBag from /opt/airflow/dags/spark_airflow.py
[2024-12-17T03:00:44.580+0000] {processor.py:925} INFO - DAG(s) 'spark_dag' retrieved from /opt/airflow/dags/spark_airflow.py
[2024-12-17T03:00:44.605+0000] {logging_mixin.py:190} INFO - [2024-12-17T03:00:44.605+0000] {dag.py:3239} INFO - Sync 1 DAGs
[2024-12-17T03:00:44.632+0000] {logging_mixin.py:190} INFO - [2024-12-17T03:00:44.632+0000] {dag.py:4180} INFO - Setting next_dagrun for spark_dag to 2024-12-17T00:00:00+00:00, run_after=2024-12-18T00:00:00+00:00
[2024-12-17T03:00:44.652+0000] {processor.py:208} INFO - Processing /opt/airflow/dags/spark_airflow.py took 0.102 seconds
[2024-12-17T03:01:14.817+0000] {processor.py:186} INFO - Started process (PID=444) to work on /opt/airflow/dags/spark_airflow.py
[2024-12-17T03:01:14.818+0000] {processor.py:914} INFO - Processing file /opt/airflow/dags/spark_airflow.py for tasks to queue
[2024-12-17T03:01:14.822+0000] {logging_mixin.py:190} INFO - [2024-12-17T03:01:14.821+0000] {dagbag.py:588} INFO - Filling up the DagBag from /opt/airflow/dags/spark_airflow.py
[2024-12-17T03:01:14.841+0000] {processor.py:925} INFO - DAG(s) 'spark_dag' retrieved from /opt/airflow/dags/spark_airflow.py
[2024-12-17T03:01:14.870+0000] {logging_mixin.py:190} INFO - [2024-12-17T03:01:14.869+0000] {dag.py:3239} INFO - Sync 1 DAGs
[2024-12-17T03:01:14.895+0000] {logging_mixin.py:190} INFO - [2024-12-17T03:01:14.895+0000] {dag.py:4180} INFO - Setting next_dagrun for spark_dag to 2024-12-17T00:00:00+00:00, run_after=2024-12-18T00:00:00+00:00
[2024-12-17T03:01:14.923+0000] {processor.py:208} INFO - Processing /opt/airflow/dags/spark_airflow.py took 0.111 seconds
[2024-12-17T03:01:45.152+0000] {processor.py:186} INFO - Started process (PID=449) to work on /opt/airflow/dags/spark_airflow.py
[2024-12-17T03:01:45.153+0000] {processor.py:914} INFO - Processing file /opt/airflow/dags/spark_airflow.py for tasks to queue
[2024-12-17T03:01:45.155+0000] {logging_mixin.py:190} INFO - [2024-12-17T03:01:45.154+0000] {dagbag.py:588} INFO - Filling up the DagBag from /opt/airflow/dags/spark_airflow.py
[2024-12-17T03:01:45.170+0000] {processor.py:925} INFO - DAG(s) 'spark_dag' retrieved from /opt/airflow/dags/spark_airflow.py
[2024-12-17T03:01:45.192+0000] {logging_mixin.py:190} INFO - [2024-12-17T03:01:45.192+0000] {dag.py:3239} INFO - Sync 1 DAGs
[2024-12-17T03:01:45.211+0000] {logging_mixin.py:190} INFO - [2024-12-17T03:01:45.211+0000] {dag.py:4180} INFO - Setting next_dagrun for spark_dag to 2024-12-17T00:00:00+00:00, run_after=2024-12-18T00:00:00+00:00
[2024-12-17T03:01:45.235+0000] {processor.py:208} INFO - Processing /opt/airflow/dags/spark_airflow.py took 0.088 seconds
[2024-12-17T03:02:15.471+0000] {processor.py:186} INFO - Started process (PID=454) to work on /opt/airflow/dags/spark_airflow.py
[2024-12-17T03:02:15.473+0000] {processor.py:914} INFO - Processing file /opt/airflow/dags/spark_airflow.py for tasks to queue
[2024-12-17T03:02:15.475+0000] {logging_mixin.py:190} INFO - [2024-12-17T03:02:15.475+0000] {dagbag.py:588} INFO - Filling up the DagBag from /opt/airflow/dags/spark_airflow.py
[2024-12-17T03:02:15.497+0000] {processor.py:925} INFO - DAG(s) 'spark_dag' retrieved from /opt/airflow/dags/spark_airflow.py
[2024-12-17T03:02:15.526+0000] {logging_mixin.py:190} INFO - [2024-12-17T03:02:15.525+0000] {dag.py:3239} INFO - Sync 1 DAGs
[2024-12-17T03:02:15.549+0000] {logging_mixin.py:190} INFO - [2024-12-17T03:02:15.549+0000] {dag.py:4180} INFO - Setting next_dagrun for spark_dag to 2024-12-17T00:00:00+00:00, run_after=2024-12-18T00:00:00+00:00
[2024-12-17T03:02:15.575+0000] {processor.py:208} INFO - Processing /opt/airflow/dags/spark_airflow.py took 0.109 seconds
[2024-12-17T03:02:45.741+0000] {processor.py:186} INFO - Started process (PID=459) to work on /opt/airflow/dags/spark_airflow.py
[2024-12-17T03:02:45.742+0000] {processor.py:914} INFO - Processing file /opt/airflow/dags/spark_airflow.py for tasks to queue
[2024-12-17T03:02:45.744+0000] {logging_mixin.py:190} INFO - [2024-12-17T03:02:45.744+0000] {dagbag.py:588} INFO - Filling up the DagBag from /opt/airflow/dags/spark_airflow.py
[2024-12-17T03:02:45.759+0000] {processor.py:925} INFO - DAG(s) 'spark_dag' retrieved from /opt/airflow/dags/spark_airflow.py
[2024-12-17T03:02:45.780+0000] {logging_mixin.py:190} INFO - [2024-12-17T03:02:45.780+0000] {dag.py:3239} INFO - Sync 1 DAGs
[2024-12-17T03:02:45.797+0000] {logging_mixin.py:190} INFO - [2024-12-17T03:02:45.797+0000] {dag.py:4180} INFO - Setting next_dagrun for spark_dag to 2024-12-17T00:00:00+00:00, run_after=2024-12-18T00:00:00+00:00
[2024-12-17T03:02:45.819+0000] {processor.py:208} INFO - Processing /opt/airflow/dags/spark_airflow.py took 0.083 seconds
[2024-12-17T03:03:16.139+0000] {processor.py:186} INFO - Started process (PID=464) to work on /opt/airflow/dags/spark_airflow.py
[2024-12-17T03:03:16.140+0000] {processor.py:914} INFO - Processing file /opt/airflow/dags/spark_airflow.py for tasks to queue
[2024-12-17T03:03:16.142+0000] {logging_mixin.py:190} INFO - [2024-12-17T03:03:16.142+0000] {dagbag.py:588} INFO - Filling up the DagBag from /opt/airflow/dags/spark_airflow.py
[2024-12-17T03:03:16.157+0000] {processor.py:925} INFO - DAG(s) 'spark_dag' retrieved from /opt/airflow/dags/spark_airflow.py
[2024-12-17T03:03:16.184+0000] {logging_mixin.py:190} INFO - [2024-12-17T03:03:16.184+0000] {dag.py:3239} INFO - Sync 1 DAGs
[2024-12-17T03:03:16.201+0000] {logging_mixin.py:190} INFO - [2024-12-17T03:03:16.201+0000] {dag.py:4180} INFO - Setting next_dagrun for spark_dag to 2024-12-17T00:00:00+00:00, run_after=2024-12-18T00:00:00+00:00
[2024-12-17T03:03:16.221+0000] {processor.py:208} INFO - Processing /opt/airflow/dags/spark_airflow.py took 0.086 seconds
[2024-12-17T03:03:46.462+0000] {processor.py:186} INFO - Started process (PID=469) to work on /opt/airflow/dags/spark_airflow.py
[2024-12-17T03:03:46.464+0000] {processor.py:914} INFO - Processing file /opt/airflow/dags/spark_airflow.py for tasks to queue
[2024-12-17T03:03:46.467+0000] {logging_mixin.py:190} INFO - [2024-12-17T03:03:46.467+0000] {dagbag.py:588} INFO - Filling up the DagBag from /opt/airflow/dags/spark_airflow.py
[2024-12-17T03:03:46.489+0000] {processor.py:925} INFO - DAG(s) 'spark_dag' retrieved from /opt/airflow/dags/spark_airflow.py
[2024-12-17T03:03:46.518+0000] {logging_mixin.py:190} INFO - [2024-12-17T03:03:46.518+0000] {dag.py:3239} INFO - Sync 1 DAGs
[2024-12-17T03:03:46.539+0000] {logging_mixin.py:190} INFO - [2024-12-17T03:03:46.538+0000] {dag.py:4180} INFO - Setting next_dagrun for spark_dag to 2024-12-17T00:00:00+00:00, run_after=2024-12-18T00:00:00+00:00
[2024-12-17T03:03:46.556+0000] {processor.py:208} INFO - Processing /opt/airflow/dags/spark_airflow.py took 0.099 seconds
[2024-12-17T03:04:16.841+0000] {processor.py:186} INFO - Started process (PID=474) to work on /opt/airflow/dags/spark_airflow.py
[2024-12-17T03:04:16.842+0000] {processor.py:914} INFO - Processing file /opt/airflow/dags/spark_airflow.py for tasks to queue
[2024-12-17T03:04:16.845+0000] {logging_mixin.py:190} INFO - [2024-12-17T03:04:16.844+0000] {dagbag.py:588} INFO - Filling up the DagBag from /opt/airflow/dags/spark_airflow.py
[2024-12-17T03:04:16.860+0000] {processor.py:925} INFO - DAG(s) 'spark_dag' retrieved from /opt/airflow/dags/spark_airflow.py
[2024-12-17T03:04:16.880+0000] {logging_mixin.py:190} INFO - [2024-12-17T03:04:16.880+0000] {dag.py:3239} INFO - Sync 1 DAGs
[2024-12-17T03:04:16.896+0000] {logging_mixin.py:190} INFO - [2024-12-17T03:04:16.896+0000] {dag.py:4180} INFO - Setting next_dagrun for spark_dag to 2024-12-17T00:00:00+00:00, run_after=2024-12-18T00:00:00+00:00
[2024-12-17T03:04:16.921+0000] {processor.py:208} INFO - Processing /opt/airflow/dags/spark_airflow.py took 0.084 seconds
[2024-12-17T03:04:47.158+0000] {processor.py:186} INFO - Started process (PID=479) to work on /opt/airflow/dags/spark_airflow.py
[2024-12-17T03:04:47.159+0000] {processor.py:914} INFO - Processing file /opt/airflow/dags/spark_airflow.py for tasks to queue
[2024-12-17T03:04:47.161+0000] {logging_mixin.py:190} INFO - [2024-12-17T03:04:47.161+0000] {dagbag.py:588} INFO - Filling up the DagBag from /opt/airflow/dags/spark_airflow.py
[2024-12-17T03:04:47.194+0000] {processor.py:925} INFO - DAG(s) 'spark_dag' retrieved from /opt/airflow/dags/spark_airflow.py
[2024-12-17T03:04:47.215+0000] {logging_mixin.py:190} INFO - [2024-12-17T03:04:47.215+0000] {dag.py:3239} INFO - Sync 1 DAGs
[2024-12-17T03:04:47.231+0000] {logging_mixin.py:190} INFO - [2024-12-17T03:04:47.231+0000] {dag.py:4180} INFO - Setting next_dagrun for spark_dag to 2024-12-17T00:00:00+00:00, run_after=2024-12-18T00:00:00+00:00
[2024-12-17T03:04:47.253+0000] {processor.py:208} INFO - Processing /opt/airflow/dags/spark_airflow.py took 0.100 seconds
[2024-12-17T03:05:17.515+0000] {processor.py:186} INFO - Started process (PID=484) to work on /opt/airflow/dags/spark_airflow.py
[2024-12-17T03:05:17.515+0000] {processor.py:914} INFO - Processing file /opt/airflow/dags/spark_airflow.py for tasks to queue
[2024-12-17T03:05:17.518+0000] {logging_mixin.py:190} INFO - [2024-12-17T03:05:17.518+0000] {dagbag.py:588} INFO - Filling up the DagBag from /opt/airflow/dags/spark_airflow.py
[2024-12-17T03:05:17.534+0000] {processor.py:925} INFO - DAG(s) 'spark_dag' retrieved from /opt/airflow/dags/spark_airflow.py
[2024-12-17T03:05:17.557+0000] {logging_mixin.py:190} INFO - [2024-12-17T03:05:17.556+0000] {dag.py:3239} INFO - Sync 1 DAGs
[2024-12-17T03:05:17.576+0000] {logging_mixin.py:190} INFO - [2024-12-17T03:05:17.575+0000] {dag.py:4180} INFO - Setting next_dagrun for spark_dag to 2024-12-17T00:00:00+00:00, run_after=2024-12-18T00:00:00+00:00
[2024-12-17T03:05:17.601+0000] {processor.py:208} INFO - Processing /opt/airflow/dags/spark_airflow.py took 0.092 seconds
[2024-12-17T03:05:47.813+0000] {processor.py:186} INFO - Started process (PID=489) to work on /opt/airflow/dags/spark_airflow.py
[2024-12-17T03:05:47.813+0000] {processor.py:914} INFO - Processing file /opt/airflow/dags/spark_airflow.py for tasks to queue
[2024-12-17T03:05:47.815+0000] {logging_mixin.py:190} INFO - [2024-12-17T03:05:47.815+0000] {dagbag.py:588} INFO - Filling up the DagBag from /opt/airflow/dags/spark_airflow.py
[2024-12-17T03:05:47.832+0000] {processor.py:925} INFO - DAG(s) 'spark_dag' retrieved from /opt/airflow/dags/spark_airflow.py
[2024-12-17T03:05:47.853+0000] {logging_mixin.py:190} INFO - [2024-12-17T03:05:47.853+0000] {dag.py:3239} INFO - Sync 1 DAGs
[2024-12-17T03:05:47.870+0000] {logging_mixin.py:190} INFO - [2024-12-17T03:05:47.870+0000] {dag.py:4180} INFO - Setting next_dagrun for spark_dag to 2024-12-17T00:00:00+00:00, run_after=2024-12-18T00:00:00+00:00
[2024-12-17T03:05:47.894+0000] {processor.py:208} INFO - Processing /opt/airflow/dags/spark_airflow.py took 0.085 seconds
[2024-12-17T03:06:18.179+0000] {processor.py:186} INFO - Started process (PID=494) to work on /opt/airflow/dags/spark_airflow.py
[2024-12-17T03:06:18.180+0000] {processor.py:914} INFO - Processing file /opt/airflow/dags/spark_airflow.py for tasks to queue
[2024-12-17T03:06:18.182+0000] {logging_mixin.py:190} INFO - [2024-12-17T03:06:18.182+0000] {dagbag.py:588} INFO - Filling up the DagBag from /opt/airflow/dags/spark_airflow.py
[2024-12-17T03:06:18.198+0000] {processor.py:925} INFO - DAG(s) 'spark_dag' retrieved from /opt/airflow/dags/spark_airflow.py
[2024-12-17T03:06:18.220+0000] {logging_mixin.py:190} INFO - [2024-12-17T03:06:18.220+0000] {dag.py:3239} INFO - Sync 1 DAGs
[2024-12-17T03:06:18.238+0000] {logging_mixin.py:190} INFO - [2024-12-17T03:06:18.238+0000] {dag.py:4180} INFO - Setting next_dagrun for spark_dag to 2024-12-17T00:00:00+00:00, run_after=2024-12-18T00:00:00+00:00
[2024-12-17T03:06:18.261+0000] {processor.py:208} INFO - Processing /opt/airflow/dags/spark_airflow.py took 0.086 seconds
[2024-12-17T03:06:48.447+0000] {processor.py:186} INFO - Started process (PID=499) to work on /opt/airflow/dags/spark_airflow.py
[2024-12-17T03:06:48.448+0000] {processor.py:914} INFO - Processing file /opt/airflow/dags/spark_airflow.py for tasks to queue
[2024-12-17T03:06:48.450+0000] {logging_mixin.py:190} INFO - [2024-12-17T03:06:48.450+0000] {dagbag.py:588} INFO - Filling up the DagBag from /opt/airflow/dags/spark_airflow.py
[2024-12-17T03:06:48.471+0000] {processor.py:925} INFO - DAG(s) 'spark_dag' retrieved from /opt/airflow/dags/spark_airflow.py
[2024-12-17T03:06:48.498+0000] {logging_mixin.py:190} INFO - [2024-12-17T03:06:48.498+0000] {dag.py:3239} INFO - Sync 1 DAGs
[2024-12-17T03:06:48.523+0000] {logging_mixin.py:190} INFO - [2024-12-17T03:06:48.523+0000] {dag.py:4180} INFO - Setting next_dagrun for spark_dag to 2024-12-17T00:00:00+00:00, run_after=2024-12-18T00:00:00+00:00
[2024-12-17T03:06:48.550+0000] {processor.py:208} INFO - Processing /opt/airflow/dags/spark_airflow.py took 0.109 seconds
[2024-12-17T03:07:18.830+0000] {processor.py:186} INFO - Started process (PID=504) to work on /opt/airflow/dags/spark_airflow.py
[2024-12-17T03:07:18.831+0000] {processor.py:914} INFO - Processing file /opt/airflow/dags/spark_airflow.py for tasks to queue
[2024-12-17T03:07:18.835+0000] {logging_mixin.py:190} INFO - [2024-12-17T03:07:18.834+0000] {dagbag.py:588} INFO - Filling up the DagBag from /opt/airflow/dags/spark_airflow.py
[2024-12-17T03:07:18.868+0000] {processor.py:925} INFO - DAG(s) 'spark_dag' retrieved from /opt/airflow/dags/spark_airflow.py
[2024-12-17T03:07:18.939+0000] {logging_mixin.py:190} INFO - [2024-12-17T03:07:18.938+0000] {dag.py:3239} INFO - Sync 1 DAGs
[2024-12-17T03:07:18.964+0000] {logging_mixin.py:190} INFO - [2024-12-17T03:07:18.964+0000] {dag.py:4180} INFO - Setting next_dagrun for spark_dag to 2024-12-17T00:00:00+00:00, run_after=2024-12-18T00:00:00+00:00
[2024-12-17T03:07:18.986+0000] {processor.py:208} INFO - Processing /opt/airflow/dags/spark_airflow.py took 0.171 seconds
[2024-12-17T03:07:49.121+0000] {processor.py:186} INFO - Started process (PID=509) to work on /opt/airflow/dags/spark_airflow.py
[2024-12-17T03:07:49.123+0000] {processor.py:914} INFO - Processing file /opt/airflow/dags/spark_airflow.py for tasks to queue
[2024-12-17T03:07:49.125+0000] {logging_mixin.py:190} INFO - [2024-12-17T03:07:49.125+0000] {dagbag.py:588} INFO - Filling up the DagBag from /opt/airflow/dags/spark_airflow.py
[2024-12-17T03:07:49.143+0000] {processor.py:925} INFO - DAG(s) 'spark_dag' retrieved from /opt/airflow/dags/spark_airflow.py
[2024-12-17T03:07:49.164+0000] {logging_mixin.py:190} INFO - [2024-12-17T03:07:49.164+0000] {dag.py:3239} INFO - Sync 1 DAGs
[2024-12-17T03:07:49.181+0000] {logging_mixin.py:190} INFO - [2024-12-17T03:07:49.181+0000] {dag.py:4180} INFO - Setting next_dagrun for spark_dag to 2024-12-17T00:00:00+00:00, run_after=2024-12-18T00:00:00+00:00
[2024-12-17T03:07:49.200+0000] {processor.py:208} INFO - Processing /opt/airflow/dags/spark_airflow.py took 0.088 seconds
[2024-12-17T03:08:19.373+0000] {processor.py:186} INFO - Started process (PID=514) to work on /opt/airflow/dags/spark_airflow.py
[2024-12-17T03:08:19.374+0000] {processor.py:914} INFO - Processing file /opt/airflow/dags/spark_airflow.py for tasks to queue
[2024-12-17T03:08:19.377+0000] {logging_mixin.py:190} INFO - [2024-12-17T03:08:19.377+0000] {dagbag.py:588} INFO - Filling up the DagBag from /opt/airflow/dags/spark_airflow.py
[2024-12-17T03:08:19.393+0000] {processor.py:925} INFO - DAG(s) 'spark_dag' retrieved from /opt/airflow/dags/spark_airflow.py
[2024-12-17T03:08:19.415+0000] {logging_mixin.py:190} INFO - [2024-12-17T03:08:19.415+0000] {dag.py:3239} INFO - Sync 1 DAGs
[2024-12-17T03:08:19.434+0000] {logging_mixin.py:190} INFO - [2024-12-17T03:08:19.433+0000] {dag.py:4180} INFO - Setting next_dagrun for spark_dag to 2024-12-17T00:00:00+00:00, run_after=2024-12-18T00:00:00+00:00
[2024-12-17T03:08:19.452+0000] {processor.py:208} INFO - Processing /opt/airflow/dags/spark_airflow.py took 0.085 seconds
[2024-12-17T03:08:49.775+0000] {processor.py:186} INFO - Started process (PID=519) to work on /opt/airflow/dags/spark_airflow.py
[2024-12-17T03:08:49.776+0000] {processor.py:914} INFO - Processing file /opt/airflow/dags/spark_airflow.py for tasks to queue
[2024-12-17T03:08:49.778+0000] {logging_mixin.py:190} INFO - [2024-12-17T03:08:49.778+0000] {dagbag.py:588} INFO - Filling up the DagBag from /opt/airflow/dags/spark_airflow.py
[2024-12-17T03:08:49.798+0000] {processor.py:925} INFO - DAG(s) 'spark_dag' retrieved from /opt/airflow/dags/spark_airflow.py
[2024-12-17T03:08:49.820+0000] {logging_mixin.py:190} INFO - [2024-12-17T03:08:49.820+0000] {dag.py:3239} INFO - Sync 1 DAGs
[2024-12-17T03:08:49.839+0000] {logging_mixin.py:190} INFO - [2024-12-17T03:08:49.839+0000] {dag.py:4180} INFO - Setting next_dagrun for spark_dag to 2024-12-17T00:00:00+00:00, run_after=2024-12-18T00:00:00+00:00
[2024-12-17T03:08:49.862+0000] {processor.py:208} INFO - Processing /opt/airflow/dags/spark_airflow.py took 0.095 seconds
[2024-12-17T03:09:20.093+0000] {processor.py:186} INFO - Started process (PID=524) to work on /opt/airflow/dags/spark_airflow.py
[2024-12-17T03:09:20.094+0000] {processor.py:914} INFO - Processing file /opt/airflow/dags/spark_airflow.py for tasks to queue
[2024-12-17T03:09:20.098+0000] {logging_mixin.py:190} INFO - [2024-12-17T03:09:20.098+0000] {dagbag.py:588} INFO - Filling up the DagBag from /opt/airflow/dags/spark_airflow.py
[2024-12-17T03:09:20.126+0000] {processor.py:925} INFO - DAG(s) 'spark_dag' retrieved from /opt/airflow/dags/spark_airflow.py
[2024-12-17T03:09:20.157+0000] {logging_mixin.py:190} INFO - [2024-12-17T03:09:20.157+0000] {dag.py:3239} INFO - Sync 1 DAGs
[2024-12-17T03:09:20.187+0000] {logging_mixin.py:190} INFO - [2024-12-17T03:09:20.187+0000] {dag.py:4180} INFO - Setting next_dagrun for spark_dag to 2024-12-17T00:00:00+00:00, run_after=2024-12-18T00:00:00+00:00
[2024-12-17T03:09:20.209+0000] {processor.py:208} INFO - Processing /opt/airflow/dags/spark_airflow.py took 0.124 seconds
[2024-12-17T03:09:50.442+0000] {processor.py:186} INFO - Started process (PID=529) to work on /opt/airflow/dags/spark_airflow.py
[2024-12-17T03:09:50.442+0000] {processor.py:914} INFO - Processing file /opt/airflow/dags/spark_airflow.py for tasks to queue
[2024-12-17T03:09:50.444+0000] {logging_mixin.py:190} INFO - [2024-12-17T03:09:50.444+0000] {dagbag.py:588} INFO - Filling up the DagBag from /opt/airflow/dags/spark_airflow.py
[2024-12-17T03:09:50.460+0000] {processor.py:925} INFO - DAG(s) 'spark_dag' retrieved from /opt/airflow/dags/spark_airflow.py
[2024-12-17T03:09:50.482+0000] {logging_mixin.py:190} INFO - [2024-12-17T03:09:50.482+0000] {dag.py:3239} INFO - Sync 1 DAGs
[2024-12-17T03:09:50.499+0000] {logging_mixin.py:190} INFO - [2024-12-17T03:09:50.498+0000] {dag.py:4180} INFO - Setting next_dagrun for spark_dag to 2024-12-17T00:00:00+00:00, run_after=2024-12-18T00:00:00+00:00
[2024-12-17T03:09:50.515+0000] {processor.py:208} INFO - Processing /opt/airflow/dags/spark_airflow.py took 0.079 seconds
[2024-12-17T03:10:20.859+0000] {processor.py:186} INFO - Started process (PID=534) to work on /opt/airflow/dags/spark_airflow.py
[2024-12-17T03:10:20.860+0000] {processor.py:914} INFO - Processing file /opt/airflow/dags/spark_airflow.py for tasks to queue
[2024-12-17T03:10:20.863+0000] {logging_mixin.py:190} INFO - [2024-12-17T03:10:20.863+0000] {dagbag.py:588} INFO - Filling up the DagBag from /opt/airflow/dags/spark_airflow.py
[2024-12-17T03:10:20.876+0000] {processor.py:925} INFO - DAG(s) 'spark_dag' retrieved from /opt/airflow/dags/spark_airflow.py
[2024-12-17T03:10:20.898+0000] {logging_mixin.py:190} INFO - [2024-12-17T03:10:20.898+0000] {dag.py:3239} INFO - Sync 1 DAGs
[2024-12-17T03:10:20.914+0000] {logging_mixin.py:190} INFO - [2024-12-17T03:10:20.914+0000] {dag.py:4180} INFO - Setting next_dagrun for spark_dag to 2024-12-17T00:00:00+00:00, run_after=2024-12-18T00:00:00+00:00
[2024-12-17T03:10:20.937+0000] {processor.py:208} INFO - Processing /opt/airflow/dags/spark_airflow.py took 0.083 seconds
[2024-12-17T03:10:51.197+0000] {processor.py:186} INFO - Started process (PID=539) to work on /opt/airflow/dags/spark_airflow.py
[2024-12-17T03:10:51.197+0000] {processor.py:914} INFO - Processing file /opt/airflow/dags/spark_airflow.py for tasks to queue
[2024-12-17T03:10:51.200+0000] {logging_mixin.py:190} INFO - [2024-12-17T03:10:51.199+0000] {dagbag.py:588} INFO - Filling up the DagBag from /opt/airflow/dags/spark_airflow.py
[2024-12-17T03:10:51.215+0000] {processor.py:925} INFO - DAG(s) 'spark_dag' retrieved from /opt/airflow/dags/spark_airflow.py
[2024-12-17T03:10:51.237+0000] {logging_mixin.py:190} INFO - [2024-12-17T03:10:51.237+0000] {dag.py:3239} INFO - Sync 1 DAGs
[2024-12-17T03:10:51.258+0000] {logging_mixin.py:190} INFO - [2024-12-17T03:10:51.257+0000] {dag.py:4180} INFO - Setting next_dagrun for spark_dag to 2024-12-17T00:00:00+00:00, run_after=2024-12-18T00:00:00+00:00
[2024-12-17T03:10:51.281+0000] {processor.py:208} INFO - Processing /opt/airflow/dags/spark_airflow.py took 0.090 seconds
[2024-12-17T03:11:21.534+0000] {processor.py:186} INFO - Started process (PID=544) to work on /opt/airflow/dags/spark_airflow.py
[2024-12-17T03:11:21.535+0000] {processor.py:914} INFO - Processing file /opt/airflow/dags/spark_airflow.py for tasks to queue
[2024-12-17T03:11:21.538+0000] {logging_mixin.py:190} INFO - [2024-12-17T03:11:21.538+0000] {dagbag.py:588} INFO - Filling up the DagBag from /opt/airflow/dags/spark_airflow.py
[2024-12-17T03:11:21.563+0000] {processor.py:925} INFO - DAG(s) 'spark_dag' retrieved from /opt/airflow/dags/spark_airflow.py
[2024-12-17T03:11:21.592+0000] {logging_mixin.py:190} INFO - [2024-12-17T03:11:21.592+0000] {dag.py:3239} INFO - Sync 1 DAGs
[2024-12-17T03:11:21.615+0000] {logging_mixin.py:190} INFO - [2024-12-17T03:11:21.615+0000] {dag.py:4180} INFO - Setting next_dagrun for spark_dag to 2024-12-17T00:00:00+00:00, run_after=2024-12-18T00:00:00+00:00
[2024-12-17T03:11:21.633+0000] {processor.py:208} INFO - Processing /opt/airflow/dags/spark_airflow.py took 0.104 seconds
[2024-12-17T03:11:51.905+0000] {processor.py:186} INFO - Started process (PID=549) to work on /opt/airflow/dags/spark_airflow.py
[2024-12-17T03:11:51.906+0000] {processor.py:914} INFO - Processing file /opt/airflow/dags/spark_airflow.py for tasks to queue
[2024-12-17T03:11:51.909+0000] {logging_mixin.py:190} INFO - [2024-12-17T03:11:51.909+0000] {dagbag.py:588} INFO - Filling up the DagBag from /opt/airflow/dags/spark_airflow.py
[2024-12-17T03:11:51.930+0000] {processor.py:925} INFO - DAG(s) 'spark_dag' retrieved from /opt/airflow/dags/spark_airflow.py
[2024-12-17T03:11:51.955+0000] {logging_mixin.py:190} INFO - [2024-12-17T03:11:51.955+0000] {dag.py:3239} INFO - Sync 1 DAGs
[2024-12-17T03:11:51.978+0000] {logging_mixin.py:190} INFO - [2024-12-17T03:11:51.978+0000] {dag.py:4180} INFO - Setting next_dagrun for spark_dag to 2024-12-17T00:00:00+00:00, run_after=2024-12-18T00:00:00+00:00
[2024-12-17T03:11:52.002+0000] {processor.py:208} INFO - Processing /opt/airflow/dags/spark_airflow.py took 0.102 seconds
[2024-12-17T03:12:22.367+0000] {processor.py:186} INFO - Started process (PID=554) to work on /opt/airflow/dags/spark_airflow.py
[2024-12-17T03:12:22.368+0000] {processor.py:914} INFO - Processing file /opt/airflow/dags/spark_airflow.py for tasks to queue
[2024-12-17T03:12:22.371+0000] {logging_mixin.py:190} INFO - [2024-12-17T03:12:22.371+0000] {dagbag.py:588} INFO - Filling up the DagBag from /opt/airflow/dags/spark_airflow.py
[2024-12-17T03:12:22.397+0000] {processor.py:925} INFO - DAG(s) 'spark_dag' retrieved from /opt/airflow/dags/spark_airflow.py
[2024-12-17T03:12:22.426+0000] {logging_mixin.py:190} INFO - [2024-12-17T03:12:22.425+0000] {dag.py:3239} INFO - Sync 1 DAGs
[2024-12-17T03:12:22.446+0000] {logging_mixin.py:190} INFO - [2024-12-17T03:12:22.446+0000] {dag.py:4180} INFO - Setting next_dagrun for spark_dag to 2024-12-17T00:00:00+00:00, run_after=2024-12-18T00:00:00+00:00
[2024-12-17T03:12:22.471+0000] {processor.py:208} INFO - Processing /opt/airflow/dags/spark_airflow.py took 0.110 seconds
[2024-12-17T03:12:52.823+0000] {processor.py:186} INFO - Started process (PID=559) to work on /opt/airflow/dags/spark_airflow.py
[2024-12-17T03:12:52.824+0000] {processor.py:914} INFO - Processing file /opt/airflow/dags/spark_airflow.py for tasks to queue
[2024-12-17T03:12:52.827+0000] {logging_mixin.py:190} INFO - [2024-12-17T03:12:52.827+0000] {dagbag.py:588} INFO - Filling up the DagBag from /opt/airflow/dags/spark_airflow.py
[2024-12-17T03:12:52.853+0000] {processor.py:925} INFO - DAG(s) 'spark_dag' retrieved from /opt/airflow/dags/spark_airflow.py
[2024-12-17T03:12:52.887+0000] {logging_mixin.py:190} INFO - [2024-12-17T03:12:52.887+0000] {dag.py:3239} INFO - Sync 1 DAGs
[2024-12-17T03:12:52.914+0000] {logging_mixin.py:190} INFO - [2024-12-17T03:12:52.914+0000] {dag.py:4180} INFO - Setting next_dagrun for spark_dag to 2024-12-17T00:00:00+00:00, run_after=2024-12-18T00:00:00+00:00
[2024-12-17T03:12:52.942+0000] {processor.py:208} INFO - Processing /opt/airflow/dags/spark_airflow.py took 0.129 seconds
[2024-12-17T03:13:23.162+0000] {processor.py:186} INFO - Started process (PID=564) to work on /opt/airflow/dags/spark_airflow.py
[2024-12-17T03:13:23.163+0000] {processor.py:914} INFO - Processing file /opt/airflow/dags/spark_airflow.py for tasks to queue
[2024-12-17T03:13:23.166+0000] {logging_mixin.py:190} INFO - [2024-12-17T03:13:23.166+0000] {dagbag.py:588} INFO - Filling up the DagBag from /opt/airflow/dags/spark_airflow.py
[2024-12-17T03:13:23.185+0000] {processor.py:925} INFO - DAG(s) 'spark_dag' retrieved from /opt/airflow/dags/spark_airflow.py
[2024-12-17T03:13:23.227+0000] {logging_mixin.py:190} INFO - [2024-12-17T03:13:23.227+0000] {dag.py:3239} INFO - Sync 1 DAGs
[2024-12-17T03:13:23.249+0000] {logging_mixin.py:190} INFO - [2024-12-17T03:13:23.249+0000] {dag.py:4180} INFO - Setting next_dagrun for spark_dag to 2024-12-17T00:00:00+00:00, run_after=2024-12-18T00:00:00+00:00
[2024-12-17T03:13:23.274+0000] {processor.py:208} INFO - Processing /opt/airflow/dags/spark_airflow.py took 0.116 seconds
[2024-12-17T03:13:53.540+0000] {processor.py:186} INFO - Started process (PID=569) to work on /opt/airflow/dags/spark_airflow.py
[2024-12-17T03:13:53.541+0000] {processor.py:914} INFO - Processing file /opt/airflow/dags/spark_airflow.py for tasks to queue
[2024-12-17T03:13:53.543+0000] {logging_mixin.py:190} INFO - [2024-12-17T03:13:53.543+0000] {dagbag.py:588} INFO - Filling up the DagBag from /opt/airflow/dags/spark_airflow.py
[2024-12-17T03:13:53.563+0000] {processor.py:925} INFO - DAG(s) 'spark_dag' retrieved from /opt/airflow/dags/spark_airflow.py
[2024-12-17T03:13:53.586+0000] {logging_mixin.py:190} INFO - [2024-12-17T03:13:53.585+0000] {dag.py:3239} INFO - Sync 1 DAGs
[2024-12-17T03:13:53.603+0000] {logging_mixin.py:190} INFO - [2024-12-17T03:13:53.603+0000] {dag.py:4180} INFO - Setting next_dagrun for spark_dag to 2024-12-17T00:00:00+00:00, run_after=2024-12-18T00:00:00+00:00
[2024-12-17T03:13:53.626+0000] {processor.py:208} INFO - Processing /opt/airflow/dags/spark_airflow.py took 0.090 seconds
[2024-12-17T03:14:23.867+0000] {processor.py:186} INFO - Started process (PID=574) to work on /opt/airflow/dags/spark_airflow.py
[2024-12-17T03:14:23.867+0000] {processor.py:914} INFO - Processing file /opt/airflow/dags/spark_airflow.py for tasks to queue
[2024-12-17T03:14:23.870+0000] {logging_mixin.py:190} INFO - [2024-12-17T03:14:23.869+0000] {dagbag.py:588} INFO - Filling up the DagBag from /opt/airflow/dags/spark_airflow.py
[2024-12-17T03:14:23.888+0000] {processor.py:925} INFO - DAG(s) 'spark_dag' retrieved from /opt/airflow/dags/spark_airflow.py
[2024-12-17T03:14:23.913+0000] {logging_mixin.py:190} INFO - [2024-12-17T03:14:23.913+0000] {dag.py:3239} INFO - Sync 1 DAGs
[2024-12-17T03:14:23.961+0000] {logging_mixin.py:190} INFO - [2024-12-17T03:14:23.961+0000] {dag.py:4180} INFO - Setting next_dagrun for spark_dag to 2024-12-17T00:00:00+00:00, run_after=2024-12-18T00:00:00+00:00
[2024-12-17T03:14:23.986+0000] {processor.py:208} INFO - Processing /opt/airflow/dags/spark_airflow.py took 0.125 seconds
[2024-12-17T03:14:54.217+0000] {processor.py:186} INFO - Started process (PID=579) to work on /opt/airflow/dags/spark_airflow.py
[2024-12-17T03:14:54.218+0000] {processor.py:914} INFO - Processing file /opt/airflow/dags/spark_airflow.py for tasks to queue
[2024-12-17T03:14:54.221+0000] {logging_mixin.py:190} INFO - [2024-12-17T03:14:54.221+0000] {dagbag.py:588} INFO - Filling up the DagBag from /opt/airflow/dags/spark_airflow.py
[2024-12-17T03:14:54.246+0000] {processor.py:925} INFO - DAG(s) 'spark_dag' retrieved from /opt/airflow/dags/spark_airflow.py
[2024-12-17T03:14:54.269+0000] {logging_mixin.py:190} INFO - [2024-12-17T03:14:54.269+0000] {dag.py:3239} INFO - Sync 1 DAGs
[2024-12-17T03:14:54.285+0000] {logging_mixin.py:190} INFO - [2024-12-17T03:14:54.285+0000] {dag.py:4180} INFO - Setting next_dagrun for spark_dag to 2024-12-17T00:00:00+00:00, run_after=2024-12-18T00:00:00+00:00
[2024-12-17T03:14:54.308+0000] {processor.py:208} INFO - Processing /opt/airflow/dags/spark_airflow.py took 0.096 seconds
[2024-12-17T03:15:24.560+0000] {processor.py:186} INFO - Started process (PID=584) to work on /opt/airflow/dags/spark_airflow.py
[2024-12-17T03:15:24.561+0000] {processor.py:914} INFO - Processing file /opt/airflow/dags/spark_airflow.py for tasks to queue
[2024-12-17T03:15:24.564+0000] {logging_mixin.py:190} INFO - [2024-12-17T03:15:24.563+0000] {dagbag.py:588} INFO - Filling up the DagBag from /opt/airflow/dags/spark_airflow.py
[2024-12-17T03:15:24.584+0000] {processor.py:925} INFO - DAG(s) 'spark_dag' retrieved from /opt/airflow/dags/spark_airflow.py
[2024-12-17T03:15:24.606+0000] {logging_mixin.py:190} INFO - [2024-12-17T03:15:24.606+0000] {dag.py:3239} INFO - Sync 1 DAGs
[2024-12-17T03:15:24.622+0000] {logging_mixin.py:190} INFO - [2024-12-17T03:15:24.622+0000] {dag.py:4180} INFO - Setting next_dagrun for spark_dag to 2024-12-17T00:00:00+00:00, run_after=2024-12-18T00:00:00+00:00
[2024-12-17T03:15:24.639+0000] {processor.py:208} INFO - Processing /opt/airflow/dags/spark_airflow.py took 0.084 seconds
[2024-12-17T03:15:54.959+0000] {processor.py:186} INFO - Started process (PID=589) to work on /opt/airflow/dags/spark_airflow.py
[2024-12-17T03:15:54.960+0000] {processor.py:914} INFO - Processing file /opt/airflow/dags/spark_airflow.py for tasks to queue
[2024-12-17T03:15:54.962+0000] {logging_mixin.py:190} INFO - [2024-12-17T03:15:54.962+0000] {dagbag.py:588} INFO - Filling up the DagBag from /opt/airflow/dags/spark_airflow.py
[2024-12-17T03:15:54.979+0000] {processor.py:925} INFO - DAG(s) 'spark_dag' retrieved from /opt/airflow/dags/spark_airflow.py
[2024-12-17T03:15:55.002+0000] {logging_mixin.py:190} INFO - [2024-12-17T03:15:55.002+0000] {dag.py:3239} INFO - Sync 1 DAGs
[2024-12-17T03:15:55.022+0000] {logging_mixin.py:190} INFO - [2024-12-17T03:15:55.022+0000] {dag.py:4180} INFO - Setting next_dagrun for spark_dag to 2024-12-17T00:00:00+00:00, run_after=2024-12-18T00:00:00+00:00
[2024-12-17T03:15:55.046+0000] {processor.py:208} INFO - Processing /opt/airflow/dags/spark_airflow.py took 0.092 seconds
[2024-12-17T03:16:25.696+0000] {processor.py:186} INFO - Started process (PID=594) to work on /opt/airflow/dags/spark_airflow.py
[2024-12-17T03:16:25.697+0000] {processor.py:914} INFO - Processing file /opt/airflow/dags/spark_airflow.py for tasks to queue
[2024-12-17T03:16:25.700+0000] {logging_mixin.py:190} INFO - [2024-12-17T03:16:25.700+0000] {dagbag.py:588} INFO - Filling up the DagBag from /opt/airflow/dags/spark_airflow.py
[2024-12-17T03:16:25.725+0000] {processor.py:925} INFO - DAG(s) 'spark_dag' retrieved from /opt/airflow/dags/spark_airflow.py
[2024-12-17T03:16:25.751+0000] {logging_mixin.py:190} INFO - [2024-12-17T03:16:25.751+0000] {dag.py:3239} INFO - Sync 1 DAGs
[2024-12-17T03:16:25.772+0000] {logging_mixin.py:190} INFO - [2024-12-17T03:16:25.772+0000] {dag.py:4180} INFO - Setting next_dagrun for spark_dag to 2024-12-17T00:00:00+00:00, run_after=2024-12-18T00:00:00+00:00
[2024-12-17T03:16:25.796+0000] {processor.py:208} INFO - Processing /opt/airflow/dags/spark_airflow.py took 0.107 seconds
[2024-12-17T03:16:55.994+0000] {processor.py:186} INFO - Started process (PID=599) to work on /opt/airflow/dags/spark_airflow.py
[2024-12-17T03:16:55.995+0000] {processor.py:914} INFO - Processing file /opt/airflow/dags/spark_airflow.py for tasks to queue
[2024-12-17T03:16:55.998+0000] {logging_mixin.py:190} INFO - [2024-12-17T03:16:55.998+0000] {dagbag.py:588} INFO - Filling up the DagBag from /opt/airflow/dags/spark_airflow.py
[2024-12-17T03:16:56.015+0000] {processor.py:925} INFO - DAG(s) 'spark_dag' retrieved from /opt/airflow/dags/spark_airflow.py
[2024-12-17T03:16:56.040+0000] {logging_mixin.py:190} INFO - [2024-12-17T03:16:56.040+0000] {dag.py:3239} INFO - Sync 1 DAGs
[2024-12-17T03:16:56.059+0000] {logging_mixin.py:190} INFO - [2024-12-17T03:16:56.058+0000] {dag.py:4180} INFO - Setting next_dagrun for spark_dag to 2024-12-17T00:00:00+00:00, run_after=2024-12-18T00:00:00+00:00
[2024-12-17T03:16:56.082+0000] {processor.py:208} INFO - Processing /opt/airflow/dags/spark_airflow.py took 0.093 seconds
[2024-12-17T03:17:26.507+0000] {processor.py:186} INFO - Started process (PID=604) to work on /opt/airflow/dags/spark_airflow.py
[2024-12-17T03:17:26.508+0000] {processor.py:914} INFO - Processing file /opt/airflow/dags/spark_airflow.py for tasks to queue
[2024-12-17T03:17:26.511+0000] {logging_mixin.py:190} INFO - [2024-12-17T03:17:26.511+0000] {dagbag.py:588} INFO - Filling up the DagBag from /opt/airflow/dags/spark_airflow.py
[2024-12-17T03:17:26.534+0000] {processor.py:925} INFO - DAG(s) 'spark_dag' retrieved from /opt/airflow/dags/spark_airflow.py
[2024-12-17T03:17:26.559+0000] {logging_mixin.py:190} INFO - [2024-12-17T03:17:26.559+0000] {dag.py:3239} INFO - Sync 1 DAGs
[2024-12-17T03:17:26.582+0000] {logging_mixin.py:190} INFO - [2024-12-17T03:17:26.581+0000] {dag.py:4180} INFO - Setting next_dagrun for spark_dag to 2024-12-17T00:00:00+00:00, run_after=2024-12-18T00:00:00+00:00
[2024-12-17T03:17:26.610+0000] {processor.py:208} INFO - Processing /opt/airflow/dags/spark_airflow.py took 0.109 seconds
[2024-12-17T03:17:56.872+0000] {processor.py:186} INFO - Started process (PID=609) to work on /opt/airflow/dags/spark_airflow.py
[2024-12-17T03:17:56.873+0000] {processor.py:914} INFO - Processing file /opt/airflow/dags/spark_airflow.py for tasks to queue
[2024-12-17T03:17:56.875+0000] {logging_mixin.py:190} INFO - [2024-12-17T03:17:56.875+0000] {dagbag.py:588} INFO - Filling up the DagBag from /opt/airflow/dags/spark_airflow.py
[2024-12-17T03:17:56.895+0000] {processor.py:925} INFO - DAG(s) 'spark_dag' retrieved from /opt/airflow/dags/spark_airflow.py
[2024-12-17T03:17:56.917+0000] {logging_mixin.py:190} INFO - [2024-12-17T03:17:56.917+0000] {dag.py:3239} INFO - Sync 1 DAGs
[2024-12-17T03:17:56.940+0000] {logging_mixin.py:190} INFO - [2024-12-17T03:17:56.939+0000] {dag.py:4180} INFO - Setting next_dagrun for spark_dag to 2024-12-17T00:00:00+00:00, run_after=2024-12-18T00:00:00+00:00
[2024-12-17T03:17:56.963+0000] {processor.py:208} INFO - Processing /opt/airflow/dags/spark_airflow.py took 0.096 seconds
[2024-12-17T03:18:27.201+0000] {processor.py:186} INFO - Started process (PID=614) to work on /opt/airflow/dags/spark_airflow.py
[2024-12-17T03:18:27.202+0000] {processor.py:914} INFO - Processing file /opt/airflow/dags/spark_airflow.py for tasks to queue
[2024-12-17T03:18:27.204+0000] {logging_mixin.py:190} INFO - [2024-12-17T03:18:27.204+0000] {dagbag.py:588} INFO - Filling up the DagBag from /opt/airflow/dags/spark_airflow.py
[2024-12-17T03:18:27.219+0000] {processor.py:925} INFO - DAG(s) 'spark_dag' retrieved from /opt/airflow/dags/spark_airflow.py
[2024-12-17T03:18:27.240+0000] {logging_mixin.py:190} INFO - [2024-12-17T03:18:27.239+0000] {dag.py:3239} INFO - Sync 1 DAGs
[2024-12-17T03:18:27.256+0000] {logging_mixin.py:190} INFO - [2024-12-17T03:18:27.256+0000] {dag.py:4180} INFO - Setting next_dagrun for spark_dag to 2024-12-17T00:00:00+00:00, run_after=2024-12-18T00:00:00+00:00
[2024-12-17T03:18:27.278+0000] {processor.py:208} INFO - Processing /opt/airflow/dags/spark_airflow.py took 0.081 seconds
[2024-12-17T03:18:57.521+0000] {processor.py:186} INFO - Started process (PID=619) to work on /opt/airflow/dags/spark_airflow.py
[2024-12-17T03:18:57.524+0000] {processor.py:914} INFO - Processing file /opt/airflow/dags/spark_airflow.py for tasks to queue
[2024-12-17T03:18:57.526+0000] {logging_mixin.py:190} INFO - [2024-12-17T03:18:57.526+0000] {dagbag.py:588} INFO - Filling up the DagBag from /opt/airflow/dags/spark_airflow.py
[2024-12-17T03:18:57.548+0000] {processor.py:925} INFO - DAG(s) 'spark_dag' retrieved from /opt/airflow/dags/spark_airflow.py
[2024-12-17T03:18:57.575+0000] {logging_mixin.py:190} INFO - [2024-12-17T03:18:57.574+0000] {dag.py:3239} INFO - Sync 1 DAGs
[2024-12-17T03:18:57.598+0000] {logging_mixin.py:190} INFO - [2024-12-17T03:18:57.598+0000] {dag.py:4180} INFO - Setting next_dagrun for spark_dag to 2024-12-17T00:00:00+00:00, run_after=2024-12-18T00:00:00+00:00
[2024-12-17T03:18:57.623+0000] {processor.py:208} INFO - Processing /opt/airflow/dags/spark_airflow.py took 0.108 seconds
[2024-12-17T03:19:11.988+0000] {processor.py:186} INFO - Started process (PID=624) to work on /opt/airflow/dags/spark_airflow.py
[2024-12-17T03:19:11.989+0000] {processor.py:914} INFO - Processing file /opt/airflow/dags/spark_airflow.py for tasks to queue
[2024-12-17T03:19:11.992+0000] {logging_mixin.py:190} INFO - [2024-12-17T03:19:11.992+0000] {dagbag.py:588} INFO - Filling up the DagBag from /opt/airflow/dags/spark_airflow.py
[2024-12-17T03:19:12.027+0000] {processor.py:925} INFO - DAG(s) 'spark_dag' retrieved from /opt/airflow/dags/spark_airflow.py
[2024-12-17T03:19:12.053+0000] {logging_mixin.py:190} INFO - [2024-12-17T03:19:12.053+0000] {dag.py:3239} INFO - Sync 1 DAGs
[2024-12-17T03:19:12.076+0000] {logging_mixin.py:190} INFO - [2024-12-17T03:19:12.076+0000] {dag.py:4180} INFO - Setting next_dagrun for spark_dag to 2024-12-17T00:00:00+00:00, run_after=2024-12-18T00:00:00+00:00
[2024-12-17T03:19:12.098+0000] {processor.py:208} INFO - Processing /opt/airflow/dags/spark_airflow.py took 0.118 seconds
[2024-12-17T03:19:42.362+0000] {processor.py:186} INFO - Started process (PID=629) to work on /opt/airflow/dags/spark_airflow.py
[2024-12-17T03:19:42.363+0000] {processor.py:914} INFO - Processing file /opt/airflow/dags/spark_airflow.py for tasks to queue
[2024-12-17T03:19:42.368+0000] {logging_mixin.py:190} INFO - [2024-12-17T03:19:42.367+0000] {dagbag.py:588} INFO - Filling up the DagBag from /opt/airflow/dags/spark_airflow.py
[2024-12-17T03:19:42.395+0000] {processor.py:925} INFO - DAG(s) 'spark_dag' retrieved from /opt/airflow/dags/spark_airflow.py
[2024-12-17T03:19:42.422+0000] {logging_mixin.py:190} INFO - [2024-12-17T03:19:42.422+0000] {dag.py:3239} INFO - Sync 1 DAGs
[2024-12-17T03:19:42.441+0000] {logging_mixin.py:190} INFO - [2024-12-17T03:19:42.441+0000] {dag.py:4180} INFO - Setting next_dagrun for spark_dag to 2024-12-17T00:00:00+00:00, run_after=2024-12-18T00:00:00+00:00
[2024-12-17T03:19:42.469+0000] {processor.py:208} INFO - Processing /opt/airflow/dags/spark_airflow.py took 0.112 seconds
[2024-12-17T03:20:12.654+0000] {processor.py:186} INFO - Started process (PID=634) to work on /opt/airflow/dags/spark_airflow.py
[2024-12-17T03:20:12.655+0000] {processor.py:914} INFO - Processing file /opt/airflow/dags/spark_airflow.py for tasks to queue
[2024-12-17T03:20:12.658+0000] {logging_mixin.py:190} INFO - [2024-12-17T03:20:12.658+0000] {dagbag.py:588} INFO - Filling up the DagBag from /opt/airflow/dags/spark_airflow.py
[2024-12-17T03:20:12.682+0000] {processor.py:925} INFO - DAG(s) 'spark_dag' retrieved from /opt/airflow/dags/spark_airflow.py
[2024-12-17T03:20:12.709+0000] {logging_mixin.py:190} INFO - [2024-12-17T03:20:12.709+0000] {dag.py:3239} INFO - Sync 1 DAGs
[2024-12-17T03:20:12.733+0000] {logging_mixin.py:190} INFO - [2024-12-17T03:20:12.732+0000] {dag.py:4180} INFO - Setting next_dagrun for spark_dag to 2024-12-17T00:00:00+00:00, run_after=2024-12-18T00:00:00+00:00
[2024-12-17T03:20:12.757+0000] {processor.py:208} INFO - Processing /opt/airflow/dags/spark_airflow.py took 0.109 seconds
[2024-12-17T03:20:43.058+0000] {processor.py:186} INFO - Started process (PID=639) to work on /opt/airflow/dags/spark_airflow.py
[2024-12-17T03:20:43.059+0000] {processor.py:914} INFO - Processing file /opt/airflow/dags/spark_airflow.py for tasks to queue
[2024-12-17T03:20:43.061+0000] {logging_mixin.py:190} INFO - [2024-12-17T03:20:43.061+0000] {dagbag.py:588} INFO - Filling up the DagBag from /opt/airflow/dags/spark_airflow.py
[2024-12-17T03:20:43.080+0000] {processor.py:925} INFO - DAG(s) 'spark_dag' retrieved from /opt/airflow/dags/spark_airflow.py
[2024-12-17T03:20:43.101+0000] {logging_mixin.py:190} INFO - [2024-12-17T03:20:43.101+0000] {dag.py:3239} INFO - Sync 1 DAGs
[2024-12-17T03:20:43.117+0000] {logging_mixin.py:190} INFO - [2024-12-17T03:20:43.116+0000] {dag.py:4180} INFO - Setting next_dagrun for spark_dag to 2024-12-17T00:00:00+00:00, run_after=2024-12-18T00:00:00+00:00
[2024-12-17T03:20:43.138+0000] {processor.py:208} INFO - Processing /opt/airflow/dags/spark_airflow.py took 0.084 seconds
[2024-12-17T03:21:13.384+0000] {processor.py:186} INFO - Started process (PID=644) to work on /opt/airflow/dags/spark_airflow.py
[2024-12-17T03:21:13.385+0000] {processor.py:914} INFO - Processing file /opt/airflow/dags/spark_airflow.py for tasks to queue
[2024-12-17T03:21:13.388+0000] {logging_mixin.py:190} INFO - [2024-12-17T03:21:13.388+0000] {dagbag.py:588} INFO - Filling up the DagBag from /opt/airflow/dags/spark_airflow.py
[2024-12-17T03:21:13.417+0000] {processor.py:925} INFO - DAG(s) 'spark_dag' retrieved from /opt/airflow/dags/spark_airflow.py
[2024-12-17T03:21:13.446+0000] {logging_mixin.py:190} INFO - [2024-12-17T03:21:13.446+0000] {dag.py:3239} INFO - Sync 1 DAGs
[2024-12-17T03:21:13.475+0000] {logging_mixin.py:190} INFO - [2024-12-17T03:21:13.474+0000] {dag.py:4180} INFO - Setting next_dagrun for spark_dag to 2024-12-17T00:00:00+00:00, run_after=2024-12-18T00:00:00+00:00
[2024-12-17T03:21:13.492+0000] {processor.py:208} INFO - Processing /opt/airflow/dags/spark_airflow.py took 0.114 seconds
[2024-12-17T03:21:43.671+0000] {processor.py:186} INFO - Started process (PID=649) to work on /opt/airflow/dags/spark_airflow.py
[2024-12-17T03:21:43.671+0000] {processor.py:914} INFO - Processing file /opt/airflow/dags/spark_airflow.py for tasks to queue
[2024-12-17T03:21:43.674+0000] {logging_mixin.py:190} INFO - [2024-12-17T03:21:43.674+0000] {dagbag.py:588} INFO - Filling up the DagBag from /opt/airflow/dags/spark_airflow.py
[2024-12-17T03:21:43.699+0000] {processor.py:925} INFO - DAG(s) 'spark_dag' retrieved from /opt/airflow/dags/spark_airflow.py
[2024-12-17T03:21:43.737+0000] {logging_mixin.py:190} INFO - [2024-12-17T03:21:43.737+0000] {dag.py:3239} INFO - Sync 1 DAGs
[2024-12-17T03:21:43.768+0000] {logging_mixin.py:190} INFO - [2024-12-17T03:21:43.768+0000] {dag.py:4180} INFO - Setting next_dagrun for spark_dag to 2024-12-17T00:00:00+00:00, run_after=2024-12-18T00:00:00+00:00
[2024-12-17T03:21:43.789+0000] {processor.py:208} INFO - Processing /opt/airflow/dags/spark_airflow.py took 0.124 seconds
[2024-12-17T03:22:14.064+0000] {processor.py:186} INFO - Started process (PID=654) to work on /opt/airflow/dags/spark_airflow.py
[2024-12-17T03:22:14.065+0000] {processor.py:914} INFO - Processing file /opt/airflow/dags/spark_airflow.py for tasks to queue
[2024-12-17T03:22:14.067+0000] {logging_mixin.py:190} INFO - [2024-12-17T03:22:14.067+0000] {dagbag.py:588} INFO - Filling up the DagBag from /opt/airflow/dags/spark_airflow.py
[2024-12-17T03:22:14.082+0000] {processor.py:925} INFO - DAG(s) 'spark_dag' retrieved from /opt/airflow/dags/spark_airflow.py
[2024-12-17T03:22:14.102+0000] {logging_mixin.py:190} INFO - [2024-12-17T03:22:14.102+0000] {dag.py:3239} INFO - Sync 1 DAGs
[2024-12-17T03:22:14.119+0000] {logging_mixin.py:190} INFO - [2024-12-17T03:22:14.119+0000] {dag.py:4180} INFO - Setting next_dagrun for spark_dag to 2024-12-17T00:00:00+00:00, run_after=2024-12-18T00:00:00+00:00
[2024-12-17T03:22:14.143+0000] {processor.py:208} INFO - Processing /opt/airflow/dags/spark_airflow.py took 0.083 seconds
[2024-12-17T03:22:44.414+0000] {processor.py:186} INFO - Started process (PID=659) to work on /opt/airflow/dags/spark_airflow.py
[2024-12-17T03:22:44.414+0000] {processor.py:914} INFO - Processing file /opt/airflow/dags/spark_airflow.py for tasks to queue
[2024-12-17T03:22:44.416+0000] {logging_mixin.py:190} INFO - [2024-12-17T03:22:44.416+0000] {dagbag.py:588} INFO - Filling up the DagBag from /opt/airflow/dags/spark_airflow.py
[2024-12-17T03:22:44.432+0000] {processor.py:925} INFO - DAG(s) 'spark_dag' retrieved from /opt/airflow/dags/spark_airflow.py
[2024-12-17T03:22:44.453+0000] {logging_mixin.py:190} INFO - [2024-12-17T03:22:44.452+0000] {dag.py:3239} INFO - Sync 1 DAGs
[2024-12-17T03:22:44.470+0000] {logging_mixin.py:190} INFO - [2024-12-17T03:22:44.470+0000] {dag.py:4180} INFO - Setting next_dagrun for spark_dag to 2024-12-17T00:00:00+00:00, run_after=2024-12-18T00:00:00+00:00
[2024-12-17T03:22:44.493+0000] {processor.py:208} INFO - Processing /opt/airflow/dags/spark_airflow.py took 0.084 seconds
[2024-12-17T03:23:14.771+0000] {processor.py:186} INFO - Started process (PID=664) to work on /opt/airflow/dags/spark_airflow.py
[2024-12-17T03:23:14.772+0000] {processor.py:914} INFO - Processing file /opt/airflow/dags/spark_airflow.py for tasks to queue
[2024-12-17T03:23:14.773+0000] {logging_mixin.py:190} INFO - [2024-12-17T03:23:14.773+0000] {dagbag.py:588} INFO - Filling up the DagBag from /opt/airflow/dags/spark_airflow.py
[2024-12-17T03:23:14.787+0000] {processor.py:925} INFO - DAG(s) 'spark_dag' retrieved from /opt/airflow/dags/spark_airflow.py
[2024-12-17T03:23:14.807+0000] {logging_mixin.py:190} INFO - [2024-12-17T03:23:14.807+0000] {dag.py:3239} INFO - Sync 1 DAGs
[2024-12-17T03:23:14.828+0000] {logging_mixin.py:190} INFO - [2024-12-17T03:23:14.828+0000] {dag.py:4180} INFO - Setting next_dagrun for spark_dag to 2024-12-17T00:00:00+00:00, run_after=2024-12-18T00:00:00+00:00
[2024-12-17T03:23:14.847+0000] {processor.py:208} INFO - Processing /opt/airflow/dags/spark_airflow.py took 0.080 seconds
[2024-12-17T03:23:45.149+0000] {processor.py:186} INFO - Started process (PID=669) to work on /opt/airflow/dags/spark_airflow.py
[2024-12-17T03:23:45.150+0000] {processor.py:914} INFO - Processing file /opt/airflow/dags/spark_airflow.py for tasks to queue
[2024-12-17T03:23:45.152+0000] {logging_mixin.py:190} INFO - [2024-12-17T03:23:45.152+0000] {dagbag.py:588} INFO - Filling up the DagBag from /opt/airflow/dags/spark_airflow.py
[2024-12-17T03:23:45.170+0000] {processor.py:925} INFO - DAG(s) 'spark_dag' retrieved from /opt/airflow/dags/spark_airflow.py
[2024-12-17T03:23:45.195+0000] {logging_mixin.py:190} INFO - [2024-12-17T03:23:45.194+0000] {dag.py:3239} INFO - Sync 1 DAGs
[2024-12-17T03:23:45.218+0000] {logging_mixin.py:190} INFO - [2024-12-17T03:23:45.217+0000] {dag.py:4180} INFO - Setting next_dagrun for spark_dag to 2024-12-17T00:00:00+00:00, run_after=2024-12-18T00:00:00+00:00
[2024-12-17T03:23:45.243+0000] {processor.py:208} INFO - Processing /opt/airflow/dags/spark_airflow.py took 0.098 seconds
[2024-12-17T03:24:15.471+0000] {processor.py:186} INFO - Started process (PID=674) to work on /opt/airflow/dags/spark_airflow.py
[2024-12-17T03:24:15.471+0000] {processor.py:914} INFO - Processing file /opt/airflow/dags/spark_airflow.py for tasks to queue
[2024-12-17T03:24:15.473+0000] {logging_mixin.py:190} INFO - [2024-12-17T03:24:15.473+0000] {dagbag.py:588} INFO - Filling up the DagBag from /opt/airflow/dags/spark_airflow.py
[2024-12-17T03:24:15.488+0000] {processor.py:925} INFO - DAG(s) 'spark_dag' retrieved from /opt/airflow/dags/spark_airflow.py
[2024-12-17T03:24:15.510+0000] {logging_mixin.py:190} INFO - [2024-12-17T03:24:15.509+0000] {dag.py:3239} INFO - Sync 1 DAGs
[2024-12-17T03:24:15.527+0000] {logging_mixin.py:190} INFO - [2024-12-17T03:24:15.527+0000] {dag.py:4180} INFO - Setting next_dagrun for spark_dag to 2024-12-17T00:00:00+00:00, run_after=2024-12-18T00:00:00+00:00
[2024-12-17T03:24:15.551+0000] {processor.py:208} INFO - Processing /opt/airflow/dags/spark_airflow.py took 0.085 seconds
[2024-12-17T03:24:18.519+0000] {processor.py:186} INFO - Started process (PID=679) to work on /opt/airflow/dags/spark_airflow.py
[2024-12-17T03:24:18.521+0000] {processor.py:914} INFO - Processing file /opt/airflow/dags/spark_airflow.py for tasks to queue
[2024-12-17T03:24:18.529+0000] {logging_mixin.py:190} INFO - [2024-12-17T03:24:18.529+0000] {dagbag.py:588} INFO - Filling up the DagBag from /opt/airflow/dags/spark_airflow.py
[2024-12-17T03:24:18.573+0000] {processor.py:925} INFO - DAG(s) 'pyspark_job_dag' retrieved from /opt/airflow/dags/spark_airflow.py
[2024-12-17T03:24:18.723+0000] {logging_mixin.py:190} INFO - [2024-12-17T03:24:18.722+0000] {override.py:1911} INFO - Created Permission View: can delete on DAG:pyspark_job_dag
[2024-12-17T03:24:18.738+0000] {logging_mixin.py:190} INFO - [2024-12-17T03:24:18.738+0000] {override.py:1911} INFO - Created Permission View: can read on DAG:pyspark_job_dag
[2024-12-17T03:24:18.747+0000] {logging_mixin.py:190} INFO - [2024-12-17T03:24:18.746+0000] {override.py:1911} INFO - Created Permission View: can edit on DAG:pyspark_job_dag
[2024-12-17T03:24:18.755+0000] {logging_mixin.py:190} INFO - [2024-12-17T03:24:18.755+0000] {override.py:1911} INFO - Created Permission View: can delete on DAG Run:pyspark_job_dag
[2024-12-17T03:24:18.763+0000] {logging_mixin.py:190} INFO - [2024-12-17T03:24:18.762+0000] {override.py:1911} INFO - Created Permission View: menu access on DAG Run:pyspark_job_dag
[2024-12-17T03:24:18.771+0000] {logging_mixin.py:190} INFO - [2024-12-17T03:24:18.771+0000] {override.py:1911} INFO - Created Permission View: can read on DAG Run:pyspark_job_dag
[2024-12-17T03:24:18.779+0000] {logging_mixin.py:190} INFO - [2024-12-17T03:24:18.779+0000] {override.py:1911} INFO - Created Permission View: can create on DAG Run:pyspark_job_dag
[2024-12-17T03:24:18.780+0000] {logging_mixin.py:190} INFO - [2024-12-17T03:24:18.780+0000] {dag.py:3239} INFO - Sync 1 DAGs
[2024-12-17T03:24:18.791+0000] {logging_mixin.py:190} INFO - [2024-12-17T03:24:18.791+0000] {dag.py:3262} INFO - Creating ORM DAG for pyspark_job_dag
[2024-12-17T03:24:18.801+0000] {logging_mixin.py:190} INFO - [2024-12-17T03:24:18.801+0000] {dag.py:4180} INFO - Setting next_dagrun for pyspark_job_dag to 2024-12-16T00:00:00+00:00, run_after=2024-12-17T00:00:00+00:00
[2024-12-17T03:24:18.820+0000] {processor.py:208} INFO - Processing /opt/airflow/dags/spark_airflow.py took 0.307 seconds
[2024-12-17T22:38:11.444+0000] {processor.py:186} INFO - Started process (PID=55) to work on /opt/airflow/dags/spark_airflow.py
[2024-12-17T22:38:11.448+0000] {processor.py:914} INFO - Processing file /opt/airflow/dags/spark_airflow.py for tasks to queue
[2024-12-17T22:38:11.467+0000] {logging_mixin.py:190} INFO - [2024-12-17T22:38:11.467+0000] {dagbag.py:588} INFO - Filling up the DagBag from /opt/airflow/dags/spark_airflow.py
[2024-12-17T22:38:11.549+0000] {processor.py:925} INFO - DAG(s) 'pyspark_job_dag' retrieved from /opt/airflow/dags/spark_airflow.py
[2024-12-17T22:38:11.664+0000] {logging_mixin.py:190} INFO - [2024-12-17T22:38:11.664+0000] {dag.py:3239} INFO - Sync 1 DAGs
[2024-12-17T22:38:11.723+0000] {logging_mixin.py:190} INFO - [2024-12-17T22:38:11.723+0000] {dag.py:4180} INFO - Setting next_dagrun for pyspark_job_dag to 2024-12-16T00:00:00+00:00, run_after=2024-12-17T00:00:00+00:00
[2024-12-17T22:38:11.770+0000] {processor.py:208} INFO - Processing /opt/airflow/dags/spark_airflow.py took 0.353 seconds
[2024-12-17T22:38:42.032+0000] {processor.py:186} INFO - Started process (PID=60) to work on /opt/airflow/dags/spark_airflow.py
[2024-12-17T22:38:42.037+0000] {processor.py:914} INFO - Processing file /opt/airflow/dags/spark_airflow.py for tasks to queue
[2024-12-17T22:38:42.047+0000] {logging_mixin.py:190} INFO - [2024-12-17T22:38:42.046+0000] {dagbag.py:588} INFO - Filling up the DagBag from /opt/airflow/dags/spark_airflow.py
[2024-12-17T22:38:42.090+0000] {processor.py:925} INFO - DAG(s) 'pyspark_job_dag' retrieved from /opt/airflow/dags/spark_airflow.py
[2024-12-17T22:38:42.196+0000] {logging_mixin.py:190} INFO - [2024-12-17T22:38:42.196+0000] {dag.py:3239} INFO - Sync 1 DAGs
[2024-12-17T22:38:42.238+0000] {logging_mixin.py:190} INFO - [2024-12-17T22:38:42.238+0000] {dag.py:4180} INFO - Setting next_dagrun for pyspark_job_dag to 2024-12-16T00:00:00+00:00, run_after=2024-12-17T00:00:00+00:00
[2024-12-17T22:38:42.271+0000] {processor.py:208} INFO - Processing /opt/airflow/dags/spark_airflow.py took 0.264 seconds
[2024-12-17T22:39:12.552+0000] {processor.py:186} INFO - Started process (PID=65) to work on /opt/airflow/dags/spark_airflow.py
[2024-12-17T22:39:12.553+0000] {processor.py:914} INFO - Processing file /opt/airflow/dags/spark_airflow.py for tasks to queue
[2024-12-17T22:39:12.555+0000] {logging_mixin.py:190} INFO - [2024-12-17T22:39:12.554+0000] {dagbag.py:588} INFO - Filling up the DagBag from /opt/airflow/dags/spark_airflow.py
[2024-12-17T22:39:12.613+0000] {processor.py:925} INFO - DAG(s) 'pyspark_job_dag' retrieved from /opt/airflow/dags/spark_airflow.py
[2024-12-17T22:39:12.685+0000] {logging_mixin.py:190} INFO - [2024-12-17T22:39:12.685+0000] {dag.py:3239} INFO - Sync 1 DAGs
[2024-12-17T22:39:12.742+0000] {logging_mixin.py:190} INFO - [2024-12-17T22:39:12.742+0000] {dag.py:4180} INFO - Setting next_dagrun for pyspark_job_dag to 2024-12-16T00:00:00+00:00, run_after=2024-12-17T00:00:00+00:00
[2024-12-17T22:39:12.769+0000] {processor.py:208} INFO - Processing /opt/airflow/dags/spark_airflow.py took 0.247 seconds
[2024-12-17T22:39:43.045+0000] {processor.py:186} INFO - Started process (PID=70) to work on /opt/airflow/dags/spark_airflow.py
[2024-12-17T22:39:43.046+0000] {processor.py:914} INFO - Processing file /opt/airflow/dags/spark_airflow.py for tasks to queue
[2024-12-17T22:39:43.047+0000] {logging_mixin.py:190} INFO - [2024-12-17T22:39:43.047+0000] {dagbag.py:588} INFO - Filling up the DagBag from /opt/airflow/dags/spark_airflow.py
[2024-12-17T22:39:43.061+0000] {processor.py:925} INFO - DAG(s) 'pyspark_job_dag' retrieved from /opt/airflow/dags/spark_airflow.py
[2024-12-17T22:39:43.114+0000] {logging_mixin.py:190} INFO - [2024-12-17T22:39:43.114+0000] {dag.py:3239} INFO - Sync 1 DAGs
[2024-12-17T22:39:43.162+0000] {logging_mixin.py:190} INFO - [2024-12-17T22:39:43.162+0000] {dag.py:4180} INFO - Setting next_dagrun for pyspark_job_dag to 2024-12-16T00:00:00+00:00, run_after=2024-12-17T00:00:00+00:00
[2024-12-17T22:39:43.184+0000] {processor.py:208} INFO - Processing /opt/airflow/dags/spark_airflow.py took 0.143 seconds
[2024-12-17T22:40:13.338+0000] {processor.py:186} INFO - Started process (PID=75) to work on /opt/airflow/dags/spark_airflow.py
[2024-12-17T22:40:13.339+0000] {processor.py:914} INFO - Processing file /opt/airflow/dags/spark_airflow.py for tasks to queue
[2024-12-17T22:40:13.341+0000] {logging_mixin.py:190} INFO - [2024-12-17T22:40:13.341+0000] {dagbag.py:588} INFO - Filling up the DagBag from /opt/airflow/dags/spark_airflow.py
[2024-12-17T22:40:13.369+0000] {processor.py:925} INFO - DAG(s) 'pyspark_job_dag' retrieved from /opt/airflow/dags/spark_airflow.py
[2024-12-17T22:40:13.401+0000] {logging_mixin.py:190} INFO - [2024-12-17T22:40:13.401+0000] {dag.py:3239} INFO - Sync 1 DAGs
[2024-12-17T22:40:13.428+0000] {logging_mixin.py:190} INFO - [2024-12-17T22:40:13.427+0000] {dag.py:4180} INFO - Setting next_dagrun for pyspark_job_dag to 2024-12-16T00:00:00+00:00, run_after=2024-12-17T00:00:00+00:00
[2024-12-17T22:40:13.442+0000] {processor.py:208} INFO - Processing /opt/airflow/dags/spark_airflow.py took 0.124 seconds
[2024-12-17T22:40:43.679+0000] {processor.py:186} INFO - Started process (PID=80) to work on /opt/airflow/dags/spark_airflow.py
[2024-12-17T22:40:43.680+0000] {processor.py:914} INFO - Processing file /opt/airflow/dags/spark_airflow.py for tasks to queue
[2024-12-17T22:40:43.681+0000] {logging_mixin.py:190} INFO - [2024-12-17T22:40:43.681+0000] {dagbag.py:588} INFO - Filling up the DagBag from /opt/airflow/dags/spark_airflow.py
[2024-12-17T22:40:43.702+0000] {processor.py:925} INFO - DAG(s) 'pyspark_job_dag' retrieved from /opt/airflow/dags/spark_airflow.py
[2024-12-17T22:40:43.728+0000] {logging_mixin.py:190} INFO - [2024-12-17T22:40:43.728+0000] {dag.py:3239} INFO - Sync 1 DAGs
[2024-12-17T22:40:43.746+0000] {logging_mixin.py:190} INFO - [2024-12-17T22:40:43.746+0000] {dag.py:4180} INFO - Setting next_dagrun for pyspark_job_dag to 2024-12-16T00:00:00+00:00, run_after=2024-12-17T00:00:00+00:00
[2024-12-17T22:40:43.768+0000] {processor.py:208} INFO - Processing /opt/airflow/dags/spark_airflow.py took 0.093 seconds
[2024-12-17T22:41:13.972+0000] {processor.py:186} INFO - Started process (PID=85) to work on /opt/airflow/dags/spark_airflow.py
[2024-12-17T22:41:13.972+0000] {processor.py:914} INFO - Processing file /opt/airflow/dags/spark_airflow.py for tasks to queue
[2024-12-17T22:41:13.974+0000] {logging_mixin.py:190} INFO - [2024-12-17T22:41:13.973+0000] {dagbag.py:588} INFO - Filling up the DagBag from /opt/airflow/dags/spark_airflow.py
[2024-12-17T22:41:13.995+0000] {processor.py:925} INFO - DAG(s) 'pyspark_job_dag' retrieved from /opt/airflow/dags/spark_airflow.py
[2024-12-17T22:41:14.021+0000] {logging_mixin.py:190} INFO - [2024-12-17T22:41:14.021+0000] {dag.py:3239} INFO - Sync 1 DAGs
[2024-12-17T22:41:14.042+0000] {logging_mixin.py:190} INFO - [2024-12-17T22:41:14.042+0000] {dag.py:4180} INFO - Setting next_dagrun for pyspark_job_dag to 2024-12-16T00:00:00+00:00, run_after=2024-12-17T00:00:00+00:00
[2024-12-17T22:41:14.076+0000] {processor.py:208} INFO - Processing /opt/airflow/dags/spark_airflow.py took 0.110 seconds
[2024-12-17T22:41:44.269+0000] {processor.py:186} INFO - Started process (PID=90) to work on /opt/airflow/dags/spark_airflow.py
[2024-12-17T22:41:44.270+0000] {processor.py:914} INFO - Processing file /opt/airflow/dags/spark_airflow.py for tasks to queue
[2024-12-17T22:41:44.273+0000] {logging_mixin.py:190} INFO - [2024-12-17T22:41:44.271+0000] {dagbag.py:588} INFO - Filling up the DagBag from /opt/airflow/dags/spark_airflow.py
[2024-12-17T22:41:44.307+0000] {processor.py:925} INFO - DAG(s) 'pyspark_job_dag' retrieved from /opt/airflow/dags/spark_airflow.py
[2024-12-17T22:41:44.341+0000] {logging_mixin.py:190} INFO - [2024-12-17T22:41:44.340+0000] {dag.py:3239} INFO - Sync 1 DAGs
[2024-12-17T22:41:44.373+0000] {logging_mixin.py:190} INFO - [2024-12-17T22:41:44.372+0000] {dag.py:4180} INFO - Setting next_dagrun for pyspark_job_dag to 2024-12-16T00:00:00+00:00, run_after=2024-12-17T00:00:00+00:00
[2024-12-17T22:41:44.392+0000] {processor.py:208} INFO - Processing /opt/airflow/dags/spark_airflow.py took 0.128 seconds
[2024-12-17T22:42:14.545+0000] {processor.py:186} INFO - Started process (PID=95) to work on /opt/airflow/dags/spark_airflow.py
[2024-12-17T22:42:14.546+0000] {processor.py:914} INFO - Processing file /opt/airflow/dags/spark_airflow.py for tasks to queue
[2024-12-17T22:42:14.546+0000] {logging_mixin.py:190} INFO - [2024-12-17T22:42:14.546+0000] {dagbag.py:588} INFO - Filling up the DagBag from /opt/airflow/dags/spark_airflow.py
[2024-12-17T22:42:14.569+0000] {processor.py:925} INFO - DAG(s) 'pyspark_job_dag' retrieved from /opt/airflow/dags/spark_airflow.py
[2024-12-17T22:42:14.605+0000] {logging_mixin.py:190} INFO - [2024-12-17T22:42:14.605+0000] {dag.py:3239} INFO - Sync 1 DAGs
[2024-12-17T22:42:14.622+0000] {logging_mixin.py:190} INFO - [2024-12-17T22:42:14.622+0000] {dag.py:4180} INFO - Setting next_dagrun for pyspark_job_dag to 2024-12-16T00:00:00+00:00, run_after=2024-12-17T00:00:00+00:00
[2024-12-17T22:42:14.640+0000] {processor.py:208} INFO - Processing /opt/airflow/dags/spark_airflow.py took 0.099 seconds
[2024-12-17T22:42:44.804+0000] {processor.py:186} INFO - Started process (PID=100) to work on /opt/airflow/dags/spark_airflow.py
[2024-12-17T22:42:44.805+0000] {processor.py:914} INFO - Processing file /opt/airflow/dags/spark_airflow.py for tasks to queue
[2024-12-17T22:42:44.807+0000] {logging_mixin.py:190} INFO - [2024-12-17T22:42:44.806+0000] {dagbag.py:588} INFO - Filling up the DagBag from /opt/airflow/dags/spark_airflow.py
[2024-12-17T22:42:44.831+0000] {processor.py:925} INFO - DAG(s) 'pyspark_job_dag' retrieved from /opt/airflow/dags/spark_airflow.py
[2024-12-17T22:42:44.863+0000] {logging_mixin.py:190} INFO - [2024-12-17T22:42:44.862+0000] {dag.py:3239} INFO - Sync 1 DAGs
[2024-12-17T22:42:44.889+0000] {logging_mixin.py:190} INFO - [2024-12-17T22:42:44.889+0000] {dag.py:4180} INFO - Setting next_dagrun for pyspark_job_dag to 2024-12-16T00:00:00+00:00, run_after=2024-12-17T00:00:00+00:00
[2024-12-17T22:42:44.908+0000] {processor.py:208} INFO - Processing /opt/airflow/dags/spark_airflow.py took 0.109 seconds
[2024-12-17T23:01:28.344+0000] {processor.py:186} INFO - Started process (PID=105) to work on /opt/airflow/dags/spark_airflow.py
[2024-12-17T23:01:28.346+0000] {processor.py:914} INFO - Processing file /opt/airflow/dags/spark_airflow.py for tasks to queue
[2024-12-17T23:01:28.353+0000] {logging_mixin.py:190} INFO - [2024-12-17T23:01:28.352+0000] {dagbag.py:588} INFO - Filling up the DagBag from /opt/airflow/dags/spark_airflow.py
[2024-12-17T23:01:28.386+0000] {processor.py:925} INFO - DAG(s) 'pyspark_job_dag' retrieved from /opt/airflow/dags/spark_airflow.py
[2024-12-17T23:01:28.456+0000] {logging_mixin.py:190} INFO - [2024-12-17T23:01:28.456+0000] {dag.py:3239} INFO - Sync 1 DAGs
[2024-12-17T23:01:28.518+0000] {logging_mixin.py:190} INFO - [2024-12-17T23:01:28.517+0000] {dag.py:4180} INFO - Setting next_dagrun for pyspark_job_dag to 2024-12-16T00:00:00+00:00, run_after=2024-12-17T00:00:00+00:00
[2024-12-17T23:01:28.642+0000] {processor.py:208} INFO - Processing /opt/airflow/dags/spark_airflow.py took 0.308 seconds
[2024-12-17T23:01:58.989+0000] {processor.py:186} INFO - Started process (PID=112) to work on /opt/airflow/dags/spark_airflow.py
[2024-12-17T23:01:58.990+0000] {processor.py:914} INFO - Processing file /opt/airflow/dags/spark_airflow.py for tasks to queue
[2024-12-17T23:01:58.991+0000] {logging_mixin.py:190} INFO - [2024-12-17T23:01:58.991+0000] {dagbag.py:588} INFO - Filling up the DagBag from /opt/airflow/dags/spark_airflow.py
[2024-12-17T23:01:59.009+0000] {processor.py:925} INFO - DAG(s) 'pyspark_job_dag' retrieved from /opt/airflow/dags/spark_airflow.py
[2024-12-17T23:01:59.047+0000] {logging_mixin.py:190} INFO - [2024-12-17T23:01:59.047+0000] {dag.py:3239} INFO - Sync 1 DAGs
[2024-12-17T23:01:59.071+0000] {logging_mixin.py:190} INFO - [2024-12-17T23:01:59.071+0000] {dag.py:4180} INFO - Setting next_dagrun for pyspark_job_dag to 2024-12-16T00:00:00+00:00, run_after=2024-12-17T00:00:00+00:00
[2024-12-17T23:01:59.092+0000] {processor.py:208} INFO - Processing /opt/airflow/dags/spark_airflow.py took 0.109 seconds
[2024-12-17T23:02:29.341+0000] {processor.py:186} INFO - Started process (PID=117) to work on /opt/airflow/dags/spark_airflow.py
[2024-12-17T23:02:29.342+0000] {processor.py:914} INFO - Processing file /opt/airflow/dags/spark_airflow.py for tasks to queue
[2024-12-17T23:02:29.343+0000] {logging_mixin.py:190} INFO - [2024-12-17T23:02:29.343+0000] {dagbag.py:588} INFO - Filling up the DagBag from /opt/airflow/dags/spark_airflow.py
[2024-12-17T23:02:29.365+0000] {processor.py:925} INFO - DAG(s) 'pyspark_job_dag' retrieved from /opt/airflow/dags/spark_airflow.py
[2024-12-17T23:02:29.401+0000] {logging_mixin.py:190} INFO - [2024-12-17T23:02:29.401+0000] {dag.py:3239} INFO - Sync 1 DAGs
[2024-12-17T23:02:29.420+0000] {logging_mixin.py:190} INFO - [2024-12-17T23:02:29.420+0000] {dag.py:4180} INFO - Setting next_dagrun for pyspark_job_dag to 2024-12-16T00:00:00+00:00, run_after=2024-12-17T00:00:00+00:00
[2024-12-17T23:02:29.445+0000] {processor.py:208} INFO - Processing /opt/airflow/dags/spark_airflow.py took 0.111 seconds
[2024-12-17T23:02:59.769+0000] {processor.py:186} INFO - Started process (PID=122) to work on /opt/airflow/dags/spark_airflow.py
[2024-12-17T23:02:59.769+0000] {processor.py:914} INFO - Processing file /opt/airflow/dags/spark_airflow.py for tasks to queue
[2024-12-17T23:02:59.771+0000] {logging_mixin.py:190} INFO - [2024-12-17T23:02:59.770+0000] {dagbag.py:588} INFO - Filling up the DagBag from /opt/airflow/dags/spark_airflow.py
[2024-12-17T23:02:59.786+0000] {processor.py:925} INFO - DAG(s) 'pyspark_job_dag' retrieved from /opt/airflow/dags/spark_airflow.py
[2024-12-17T23:02:59.810+0000] {logging_mixin.py:190} INFO - [2024-12-17T23:02:59.810+0000] {dag.py:3239} INFO - Sync 1 DAGs
[2024-12-17T23:02:59.827+0000] {logging_mixin.py:190} INFO - [2024-12-17T23:02:59.827+0000] {dag.py:4180} INFO - Setting next_dagrun for pyspark_job_dag to 2024-12-16T00:00:00+00:00, run_after=2024-12-17T00:00:00+00:00
[2024-12-17T23:02:59.850+0000] {processor.py:208} INFO - Processing /opt/airflow/dags/spark_airflow.py took 0.087 seconds
[2024-12-17T23:03:30.174+0000] {processor.py:186} INFO - Started process (PID=127) to work on /opt/airflow/dags/spark_airflow.py
[2024-12-17T23:03:30.175+0000] {processor.py:914} INFO - Processing file /opt/airflow/dags/spark_airflow.py for tasks to queue
[2024-12-17T23:03:30.177+0000] {logging_mixin.py:190} INFO - [2024-12-17T23:03:30.176+0000] {dagbag.py:588} INFO - Filling up the DagBag from /opt/airflow/dags/spark_airflow.py
[2024-12-17T23:03:30.192+0000] {processor.py:925} INFO - DAG(s) 'pyspark_job_dag' retrieved from /opt/airflow/dags/spark_airflow.py
[2024-12-17T23:03:30.218+0000] {logging_mixin.py:190} INFO - [2024-12-17T23:03:30.217+0000] {dag.py:3239} INFO - Sync 1 DAGs
[2024-12-17T23:03:30.235+0000] {logging_mixin.py:190} INFO - [2024-12-17T23:03:30.235+0000] {dag.py:4180} INFO - Setting next_dagrun for pyspark_job_dag to 2024-12-16T00:00:00+00:00, run_after=2024-12-17T00:00:00+00:00
[2024-12-17T23:03:30.259+0000] {processor.py:208} INFO - Processing /opt/airflow/dags/spark_airflow.py took 0.089 seconds
[2024-12-17T23:04:00.562+0000] {processor.py:186} INFO - Started process (PID=132) to work on /opt/airflow/dags/spark_airflow.py
[2024-12-17T23:04:00.563+0000] {processor.py:914} INFO - Processing file /opt/airflow/dags/spark_airflow.py for tasks to queue
[2024-12-17T23:04:00.564+0000] {logging_mixin.py:190} INFO - [2024-12-17T23:04:00.563+0000] {dagbag.py:588} INFO - Filling up the DagBag from /opt/airflow/dags/spark_airflow.py
[2024-12-17T23:04:00.583+0000] {processor.py:925} INFO - DAG(s) 'pyspark_job_dag' retrieved from /opt/airflow/dags/spark_airflow.py
[2024-12-17T23:04:00.604+0000] {logging_mixin.py:190} INFO - [2024-12-17T23:04:00.604+0000] {dag.py:3239} INFO - Sync 1 DAGs
[2024-12-17T23:04:00.621+0000] {logging_mixin.py:190} INFO - [2024-12-17T23:04:00.620+0000] {dag.py:4180} INFO - Setting next_dagrun for pyspark_job_dag to 2024-12-16T00:00:00+00:00, run_after=2024-12-17T00:00:00+00:00
[2024-12-17T23:04:00.644+0000] {processor.py:208} INFO - Processing /opt/airflow/dags/spark_airflow.py took 0.087 seconds
[2024-12-17T23:04:30.965+0000] {processor.py:186} INFO - Started process (PID=137) to work on /opt/airflow/dags/spark_airflow.py
[2024-12-17T23:04:30.965+0000] {processor.py:914} INFO - Processing file /opt/airflow/dags/spark_airflow.py for tasks to queue
[2024-12-17T23:04:30.966+0000] {logging_mixin.py:190} INFO - [2024-12-17T23:04:30.966+0000] {dagbag.py:588} INFO - Filling up the DagBag from /opt/airflow/dags/spark_airflow.py
[2024-12-17T23:04:30.987+0000] {processor.py:925} INFO - DAG(s) 'pyspark_job_dag' retrieved from /opt/airflow/dags/spark_airflow.py
[2024-12-17T23:04:31.008+0000] {logging_mixin.py:190} INFO - [2024-12-17T23:04:31.008+0000] {dag.py:3239} INFO - Sync 1 DAGs
[2024-12-17T23:04:31.025+0000] {logging_mixin.py:190} INFO - [2024-12-17T23:04:31.025+0000] {dag.py:4180} INFO - Setting next_dagrun for pyspark_job_dag to 2024-12-16T00:00:00+00:00, run_after=2024-12-17T00:00:00+00:00
[2024-12-17T23:04:31.048+0000] {processor.py:208} INFO - Processing /opt/airflow/dags/spark_airflow.py took 0.088 seconds
[2024-12-17T23:05:01.343+0000] {processor.py:186} INFO - Started process (PID=142) to work on /opt/airflow/dags/spark_airflow.py
[2024-12-17T23:05:01.344+0000] {processor.py:914} INFO - Processing file /opt/airflow/dags/spark_airflow.py for tasks to queue
[2024-12-17T23:05:01.345+0000] {logging_mixin.py:190} INFO - [2024-12-17T23:05:01.345+0000] {dagbag.py:588} INFO - Filling up the DagBag from /opt/airflow/dags/spark_airflow.py
[2024-12-17T23:05:01.367+0000] {processor.py:925} INFO - DAG(s) 'pyspark_job_dag' retrieved from /opt/airflow/dags/spark_airflow.py
[2024-12-17T23:05:01.391+0000] {logging_mixin.py:190} INFO - [2024-12-17T23:05:01.391+0000] {dag.py:3239} INFO - Sync 1 DAGs
[2024-12-17T23:05:01.410+0000] {logging_mixin.py:190} INFO - [2024-12-17T23:05:01.410+0000] {dag.py:4180} INFO - Setting next_dagrun for pyspark_job_dag to 2024-12-16T00:00:00+00:00, run_after=2024-12-17T00:00:00+00:00
[2024-12-17T23:05:01.427+0000] {processor.py:208} INFO - Processing /opt/airflow/dags/spark_airflow.py took 0.089 seconds
[2024-12-17T23:05:31.787+0000] {processor.py:186} INFO - Started process (PID=147) to work on /opt/airflow/dags/spark_airflow.py
[2024-12-17T23:05:31.788+0000] {processor.py:914} INFO - Processing file /opt/airflow/dags/spark_airflow.py for tasks to queue
[2024-12-17T23:05:31.789+0000] {logging_mixin.py:190} INFO - [2024-12-17T23:05:31.789+0000] {dagbag.py:588} INFO - Filling up the DagBag from /opt/airflow/dags/spark_airflow.py
[2024-12-17T23:05:31.810+0000] {processor.py:925} INFO - DAG(s) 'pyspark_job_dag' retrieved from /opt/airflow/dags/spark_airflow.py
[2024-12-17T23:05:31.831+0000] {logging_mixin.py:190} INFO - [2024-12-17T23:05:31.831+0000] {dag.py:3239} INFO - Sync 1 DAGs
[2024-12-17T23:05:31.847+0000] {logging_mixin.py:190} INFO - [2024-12-17T23:05:31.847+0000] {dag.py:4180} INFO - Setting next_dagrun for pyspark_job_dag to 2024-12-16T00:00:00+00:00, run_after=2024-12-17T00:00:00+00:00
[2024-12-17T23:05:31.870+0000] {processor.py:208} INFO - Processing /opt/airflow/dags/spark_airflow.py took 0.087 seconds
[2024-12-17T23:06:02.121+0000] {processor.py:186} INFO - Started process (PID=152) to work on /opt/airflow/dags/spark_airflow.py
[2024-12-17T23:06:02.122+0000] {processor.py:914} INFO - Processing file /opt/airflow/dags/spark_airflow.py for tasks to queue
[2024-12-17T23:06:02.123+0000] {logging_mixin.py:190} INFO - [2024-12-17T23:06:02.123+0000] {dagbag.py:588} INFO - Filling up the DagBag from /opt/airflow/dags/spark_airflow.py
[2024-12-17T23:06:02.144+0000] {processor.py:925} INFO - DAG(s) 'pyspark_job_dag' retrieved from /opt/airflow/dags/spark_airflow.py
[2024-12-17T23:06:02.165+0000] {logging_mixin.py:190} INFO - [2024-12-17T23:06:02.165+0000] {dag.py:3239} INFO - Sync 1 DAGs
[2024-12-17T23:06:02.183+0000] {logging_mixin.py:190} INFO - [2024-12-17T23:06:02.183+0000] {dag.py:4180} INFO - Setting next_dagrun for pyspark_job_dag to 2024-12-16T00:00:00+00:00, run_after=2024-12-17T00:00:00+00:00
[2024-12-17T23:06:02.205+0000] {processor.py:208} INFO - Processing /opt/airflow/dags/spark_airflow.py took 0.089 seconds
[2024-12-17T23:06:32.606+0000] {processor.py:186} INFO - Started process (PID=157) to work on /opt/airflow/dags/spark_airflow.py
[2024-12-17T23:06:32.607+0000] {processor.py:914} INFO - Processing file /opt/airflow/dags/spark_airflow.py for tasks to queue
[2024-12-17T23:06:32.608+0000] {logging_mixin.py:190} INFO - [2024-12-17T23:06:32.608+0000] {dagbag.py:588} INFO - Filling up the DagBag from /opt/airflow/dags/spark_airflow.py
[2024-12-17T23:06:32.627+0000] {processor.py:925} INFO - DAG(s) 'pyspark_job_dag' retrieved from /opt/airflow/dags/spark_airflow.py
[2024-12-17T23:06:32.648+0000] {logging_mixin.py:190} INFO - [2024-12-17T23:06:32.647+0000] {dag.py:3239} INFO - Sync 1 DAGs
[2024-12-17T23:06:32.667+0000] {logging_mixin.py:190} INFO - [2024-12-17T23:06:32.667+0000] {dag.py:4180} INFO - Setting next_dagrun for pyspark_job_dag to 2024-12-16T00:00:00+00:00, run_after=2024-12-17T00:00:00+00:00
[2024-12-17T23:06:32.691+0000] {processor.py:208} INFO - Processing /opt/airflow/dags/spark_airflow.py took 0.089 seconds
[2024-12-17T23:07:02.938+0000] {processor.py:186} INFO - Started process (PID=162) to work on /opt/airflow/dags/spark_airflow.py
[2024-12-17T23:07:02.938+0000] {processor.py:914} INFO - Processing file /opt/airflow/dags/spark_airflow.py for tasks to queue
[2024-12-17T23:07:02.940+0000] {logging_mixin.py:190} INFO - [2024-12-17T23:07:02.939+0000] {dagbag.py:588} INFO - Filling up the DagBag from /opt/airflow/dags/spark_airflow.py
[2024-12-17T23:07:02.961+0000] {processor.py:925} INFO - DAG(s) 'pyspark_job_dag' retrieved from /opt/airflow/dags/spark_airflow.py
[2024-12-17T23:07:02.984+0000] {logging_mixin.py:190} INFO - [2024-12-17T23:07:02.983+0000] {dag.py:3239} INFO - Sync 1 DAGs
[2024-12-17T23:07:03.007+0000] {logging_mixin.py:190} INFO - [2024-12-17T23:07:03.006+0000] {dag.py:4180} INFO - Setting next_dagrun for pyspark_job_dag to 2024-12-16T00:00:00+00:00, run_after=2024-12-17T00:00:00+00:00
[2024-12-17T23:07:03.030+0000] {processor.py:208} INFO - Processing /opt/airflow/dags/spark_airflow.py took 0.097 seconds
[2024-12-17T23:07:33.372+0000] {processor.py:186} INFO - Started process (PID=167) to work on /opt/airflow/dags/spark_airflow.py
[2024-12-17T23:07:33.373+0000] {processor.py:914} INFO - Processing file /opt/airflow/dags/spark_airflow.py for tasks to queue
[2024-12-17T23:07:33.374+0000] {logging_mixin.py:190} INFO - [2024-12-17T23:07:33.374+0000] {dagbag.py:588} INFO - Filling up the DagBag from /opt/airflow/dags/spark_airflow.py
[2024-12-17T23:07:33.397+0000] {processor.py:925} INFO - DAG(s) 'pyspark_job_dag' retrieved from /opt/airflow/dags/spark_airflow.py
[2024-12-17T23:07:33.419+0000] {logging_mixin.py:190} INFO - [2024-12-17T23:07:33.418+0000] {dag.py:3239} INFO - Sync 1 DAGs
[2024-12-17T23:07:33.435+0000] {logging_mixin.py:190} INFO - [2024-12-17T23:07:33.435+0000] {dag.py:4180} INFO - Setting next_dagrun for pyspark_job_dag to 2024-12-16T00:00:00+00:00, run_after=2024-12-17T00:00:00+00:00
[2024-12-17T23:07:33.457+0000] {processor.py:208} INFO - Processing /opt/airflow/dags/spark_airflow.py took 0.091 seconds
[2024-12-17T23:08:03.739+0000] {processor.py:186} INFO - Started process (PID=172) to work on /opt/airflow/dags/spark_airflow.py
[2024-12-17T23:08:03.740+0000] {processor.py:914} INFO - Processing file /opt/airflow/dags/spark_airflow.py for tasks to queue
[2024-12-17T23:08:03.742+0000] {logging_mixin.py:190} INFO - [2024-12-17T23:08:03.741+0000] {dagbag.py:588} INFO - Filling up the DagBag from /opt/airflow/dags/spark_airflow.py
[2024-12-17T23:08:03.766+0000] {processor.py:925} INFO - DAG(s) 'pyspark_job_dag' retrieved from /opt/airflow/dags/spark_airflow.py
[2024-12-17T23:08:03.796+0000] {logging_mixin.py:190} INFO - [2024-12-17T23:08:03.796+0000] {dag.py:3239} INFO - Sync 1 DAGs
[2024-12-17T23:08:03.835+0000] {logging_mixin.py:190} INFO - [2024-12-17T23:08:03.834+0000] {dag.py:4180} INFO - Setting next_dagrun for pyspark_job_dag to 2024-12-16T00:00:00+00:00, run_after=2024-12-17T00:00:00+00:00
[2024-12-17T23:08:03.868+0000] {processor.py:208} INFO - Processing /opt/airflow/dags/spark_airflow.py took 0.134 seconds
[2024-12-17T23:08:34.142+0000] {processor.py:186} INFO - Started process (PID=177) to work on /opt/airflow/dags/spark_airflow.py
[2024-12-17T23:08:34.143+0000] {processor.py:914} INFO - Processing file /opt/airflow/dags/spark_airflow.py for tasks to queue
[2024-12-17T23:08:34.144+0000] {logging_mixin.py:190} INFO - [2024-12-17T23:08:34.144+0000] {dagbag.py:588} INFO - Filling up the DagBag from /opt/airflow/dags/spark_airflow.py
[2024-12-17T23:08:34.166+0000] {processor.py:925} INFO - DAG(s) 'pyspark_job_dag' retrieved from /opt/airflow/dags/spark_airflow.py
[2024-12-17T23:08:34.188+0000] {logging_mixin.py:190} INFO - [2024-12-17T23:08:34.188+0000] {dag.py:3239} INFO - Sync 1 DAGs
[2024-12-17T23:08:34.209+0000] {logging_mixin.py:190} INFO - [2024-12-17T23:08:34.209+0000] {dag.py:4180} INFO - Setting next_dagrun for pyspark_job_dag to 2024-12-16T00:00:00+00:00, run_after=2024-12-17T00:00:00+00:00
[2024-12-17T23:08:34.226+0000] {processor.py:208} INFO - Processing /opt/airflow/dags/spark_airflow.py took 0.091 seconds
[2024-12-17T23:09:04.605+0000] {processor.py:186} INFO - Started process (PID=182) to work on /opt/airflow/dags/spark_airflow.py
[2024-12-17T23:09:04.606+0000] {processor.py:914} INFO - Processing file /opt/airflow/dags/spark_airflow.py for tasks to queue
[2024-12-17T23:09:04.607+0000] {logging_mixin.py:190} INFO - [2024-12-17T23:09:04.607+0000] {dagbag.py:588} INFO - Filling up the DagBag from /opt/airflow/dags/spark_airflow.py
[2024-12-17T23:09:04.623+0000] {processor.py:925} INFO - DAG(s) 'pyspark_job_dag' retrieved from /opt/airflow/dags/spark_airflow.py
[2024-12-17T23:09:04.643+0000] {logging_mixin.py:190} INFO - [2024-12-17T23:09:04.643+0000] {dag.py:3239} INFO - Sync 1 DAGs
[2024-12-17T23:09:04.660+0000] {logging_mixin.py:190} INFO - [2024-12-17T23:09:04.660+0000] {dag.py:4180} INFO - Setting next_dagrun for pyspark_job_dag to 2024-12-16T00:00:00+00:00, run_after=2024-12-17T00:00:00+00:00
[2024-12-17T23:09:04.683+0000] {processor.py:208} INFO - Processing /opt/airflow/dags/spark_airflow.py took 0.083 seconds
[2024-12-17T23:09:34.972+0000] {processor.py:186} INFO - Started process (PID=187) to work on /opt/airflow/dags/spark_airflow.py
[2024-12-17T23:09:34.974+0000] {processor.py:914} INFO - Processing file /opt/airflow/dags/spark_airflow.py for tasks to queue
[2024-12-17T23:09:34.975+0000] {logging_mixin.py:190} INFO - [2024-12-17T23:09:34.975+0000] {dagbag.py:588} INFO - Filling up the DagBag from /opt/airflow/dags/spark_airflow.py
[2024-12-17T23:09:34.992+0000] {processor.py:925} INFO - DAG(s) 'pyspark_job_dag' retrieved from /opt/airflow/dags/spark_airflow.py
[2024-12-17T23:09:35.014+0000] {logging_mixin.py:190} INFO - [2024-12-17T23:09:35.014+0000] {dag.py:3239} INFO - Sync 1 DAGs
[2024-12-17T23:09:35.034+0000] {logging_mixin.py:190} INFO - [2024-12-17T23:09:35.034+0000] {dag.py:4180} INFO - Setting next_dagrun for pyspark_job_dag to 2024-12-16T00:00:00+00:00, run_after=2024-12-17T00:00:00+00:00
[2024-12-17T23:09:35.058+0000] {processor.py:208} INFO - Processing /opt/airflow/dags/spark_airflow.py took 0.092 seconds
[2024-12-17T23:10:05.353+0000] {processor.py:186} INFO - Started process (PID=192) to work on /opt/airflow/dags/spark_airflow.py
[2024-12-17T23:10:05.354+0000] {processor.py:914} INFO - Processing file /opt/airflow/dags/spark_airflow.py for tasks to queue
[2024-12-17T23:10:05.355+0000] {logging_mixin.py:190} INFO - [2024-12-17T23:10:05.355+0000] {dagbag.py:588} INFO - Filling up the DagBag from /opt/airflow/dags/spark_airflow.py
[2024-12-17T23:10:05.370+0000] {processor.py:925} INFO - DAG(s) 'pyspark_job_dag' retrieved from /opt/airflow/dags/spark_airflow.py
[2024-12-17T23:10:05.390+0000] {logging_mixin.py:190} INFO - [2024-12-17T23:10:05.390+0000] {dag.py:3239} INFO - Sync 1 DAGs
[2024-12-17T23:10:05.408+0000] {logging_mixin.py:190} INFO - [2024-12-17T23:10:05.407+0000] {dag.py:4180} INFO - Setting next_dagrun for pyspark_job_dag to 2024-12-16T00:00:00+00:00, run_after=2024-12-17T00:00:00+00:00
[2024-12-17T23:10:05.429+0000] {processor.py:208} INFO - Processing /opt/airflow/dags/spark_airflow.py took 0.081 seconds
[2024-12-17T23:10:35.803+0000] {processor.py:186} INFO - Started process (PID=197) to work on /opt/airflow/dags/spark_airflow.py
[2024-12-17T23:10:35.804+0000] {processor.py:914} INFO - Processing file /opt/airflow/dags/spark_airflow.py for tasks to queue
[2024-12-17T23:10:35.805+0000] {logging_mixin.py:190} INFO - [2024-12-17T23:10:35.804+0000] {dagbag.py:588} INFO - Filling up the DagBag from /opt/airflow/dags/spark_airflow.py
[2024-12-17T23:10:35.820+0000] {processor.py:925} INFO - DAG(s) 'pyspark_job_dag' retrieved from /opt/airflow/dags/spark_airflow.py
[2024-12-17T23:10:35.841+0000] {logging_mixin.py:190} INFO - [2024-12-17T23:10:35.841+0000] {dag.py:3239} INFO - Sync 1 DAGs
[2024-12-17T23:10:35.861+0000] {logging_mixin.py:190} INFO - [2024-12-17T23:10:35.861+0000] {dag.py:4180} INFO - Setting next_dagrun for pyspark_job_dag to 2024-12-16T00:00:00+00:00, run_after=2024-12-17T00:00:00+00:00
[2024-12-17T23:10:35.884+0000] {processor.py:208} INFO - Processing /opt/airflow/dags/spark_airflow.py took 0.086 seconds
[2024-12-17T23:11:06.172+0000] {processor.py:186} INFO - Started process (PID=202) to work on /opt/airflow/dags/spark_airflow.py
[2024-12-17T23:11:06.173+0000] {processor.py:914} INFO - Processing file /opt/airflow/dags/spark_airflow.py for tasks to queue
[2024-12-17T23:11:06.174+0000] {logging_mixin.py:190} INFO - [2024-12-17T23:11:06.173+0000] {dagbag.py:588} INFO - Filling up the DagBag from /opt/airflow/dags/spark_airflow.py
[2024-12-17T23:11:06.190+0000] {processor.py:925} INFO - DAG(s) 'pyspark_job_dag' retrieved from /opt/airflow/dags/spark_airflow.py
[2024-12-17T23:11:06.211+0000] {logging_mixin.py:190} INFO - [2024-12-17T23:11:06.211+0000] {dag.py:3239} INFO - Sync 1 DAGs
[2024-12-17T23:11:06.228+0000] {logging_mixin.py:190} INFO - [2024-12-17T23:11:06.228+0000] {dag.py:4180} INFO - Setting next_dagrun for pyspark_job_dag to 2024-12-16T00:00:00+00:00, run_after=2024-12-17T00:00:00+00:00
[2024-12-17T23:11:06.251+0000] {processor.py:208} INFO - Processing /opt/airflow/dags/spark_airflow.py took 0.084 seconds
[2024-12-17T23:11:36.603+0000] {processor.py:186} INFO - Started process (PID=207) to work on /opt/airflow/dags/spark_airflow.py
[2024-12-17T23:11:36.604+0000] {processor.py:914} INFO - Processing file /opt/airflow/dags/spark_airflow.py for tasks to queue
[2024-12-17T23:11:36.605+0000] {logging_mixin.py:190} INFO - [2024-12-17T23:11:36.605+0000] {dagbag.py:588} INFO - Filling up the DagBag from /opt/airflow/dags/spark_airflow.py
[2024-12-17T23:11:36.625+0000] {processor.py:925} INFO - DAG(s) 'pyspark_job_dag' retrieved from /opt/airflow/dags/spark_airflow.py
[2024-12-17T23:11:36.650+0000] {logging_mixin.py:190} INFO - [2024-12-17T23:11:36.650+0000] {dag.py:3239} INFO - Sync 1 DAGs
[2024-12-17T23:11:36.669+0000] {logging_mixin.py:190} INFO - [2024-12-17T23:11:36.669+0000] {dag.py:4180} INFO - Setting next_dagrun for pyspark_job_dag to 2024-12-16T00:00:00+00:00, run_after=2024-12-17T00:00:00+00:00
[2024-12-17T23:11:36.686+0000] {processor.py:208} INFO - Processing /opt/airflow/dags/spark_airflow.py took 0.089 seconds
[2024-12-17T23:12:07.004+0000] {processor.py:186} INFO - Started process (PID=212) to work on /opt/airflow/dags/spark_airflow.py
[2024-12-17T23:12:07.005+0000] {processor.py:914} INFO - Processing file /opt/airflow/dags/spark_airflow.py for tasks to queue
[2024-12-17T23:12:07.008+0000] {logging_mixin.py:190} INFO - [2024-12-17T23:12:07.007+0000] {dagbag.py:588} INFO - Filling up the DagBag from /opt/airflow/dags/spark_airflow.py
[2024-12-17T23:12:07.031+0000] {processor.py:925} INFO - DAG(s) 'pyspark_job_dag' retrieved from /opt/airflow/dags/spark_airflow.py
[2024-12-17T23:12:07.051+0000] {logging_mixin.py:190} INFO - [2024-12-17T23:12:07.051+0000] {dag.py:3239} INFO - Sync 1 DAGs
[2024-12-17T23:12:07.068+0000] {logging_mixin.py:190} INFO - [2024-12-17T23:12:07.068+0000] {dag.py:4180} INFO - Setting next_dagrun for pyspark_job_dag to 2024-12-16T00:00:00+00:00, run_after=2024-12-17T00:00:00+00:00
[2024-12-17T23:12:07.092+0000] {processor.py:208} INFO - Processing /opt/airflow/dags/spark_airflow.py took 0.094 seconds
[2024-12-17T23:12:37.352+0000] {processor.py:186} INFO - Started process (PID=217) to work on /opt/airflow/dags/spark_airflow.py
[2024-12-17T23:12:37.353+0000] {processor.py:914} INFO - Processing file /opt/airflow/dags/spark_airflow.py for tasks to queue
[2024-12-17T23:12:37.355+0000] {logging_mixin.py:190} INFO - [2024-12-17T23:12:37.355+0000] {dagbag.py:588} INFO - Filling up the DagBag from /opt/airflow/dags/spark_airflow.py
[2024-12-17T23:12:37.379+0000] {processor.py:925} INFO - DAG(s) 'pyspark_job_dag' retrieved from /opt/airflow/dags/spark_airflow.py
[2024-12-17T23:12:37.401+0000] {logging_mixin.py:190} INFO - [2024-12-17T23:12:37.401+0000] {dag.py:3239} INFO - Sync 1 DAGs
[2024-12-17T23:12:37.420+0000] {logging_mixin.py:190} INFO - [2024-12-17T23:12:37.420+0000] {dag.py:4180} INFO - Setting next_dagrun for pyspark_job_dag to 2024-12-16T00:00:00+00:00, run_after=2024-12-17T00:00:00+00:00
[2024-12-17T23:12:37.441+0000] {processor.py:208} INFO - Processing /opt/airflow/dags/spark_airflow.py took 0.094 seconds
[2024-12-17T23:13:07.693+0000] {processor.py:186} INFO - Started process (PID=222) to work on /opt/airflow/dags/spark_airflow.py
[2024-12-17T23:13:07.694+0000] {processor.py:914} INFO - Processing file /opt/airflow/dags/spark_airflow.py for tasks to queue
[2024-12-17T23:13:07.695+0000] {logging_mixin.py:190} INFO - [2024-12-17T23:13:07.695+0000] {dagbag.py:588} INFO - Filling up the DagBag from /opt/airflow/dags/spark_airflow.py
[2024-12-17T23:13:07.711+0000] {processor.py:925} INFO - DAG(s) 'pyspark_job_dag' retrieved from /opt/airflow/dags/spark_airflow.py
[2024-12-17T23:13:07.733+0000] {logging_mixin.py:190} INFO - [2024-12-17T23:13:07.733+0000] {dag.py:3239} INFO - Sync 1 DAGs
[2024-12-17T23:13:07.754+0000] {logging_mixin.py:190} INFO - [2024-12-17T23:13:07.754+0000] {dag.py:4180} INFO - Setting next_dagrun for pyspark_job_dag to 2024-12-16T00:00:00+00:00, run_after=2024-12-17T00:00:00+00:00
[2024-12-17T23:13:07.779+0000] {processor.py:208} INFO - Processing /opt/airflow/dags/spark_airflow.py took 0.091 seconds
[2024-12-17T23:13:38.023+0000] {processor.py:186} INFO - Started process (PID=227) to work on /opt/airflow/dags/spark_airflow.py
[2024-12-17T23:13:38.024+0000] {processor.py:914} INFO - Processing file /opt/airflow/dags/spark_airflow.py for tasks to queue
[2024-12-17T23:13:38.026+0000] {logging_mixin.py:190} INFO - [2024-12-17T23:13:38.025+0000] {dagbag.py:588} INFO - Filling up the DagBag from /opt/airflow/dags/spark_airflow.py
[2024-12-17T23:13:38.045+0000] {processor.py:925} INFO - DAG(s) 'pyspark_job_dag' retrieved from /opt/airflow/dags/spark_airflow.py
[2024-12-17T23:13:38.077+0000] {logging_mixin.py:190} INFO - [2024-12-17T23:13:38.077+0000] {dag.py:3239} INFO - Sync 1 DAGs
[2024-12-17T23:13:38.099+0000] {logging_mixin.py:190} INFO - [2024-12-17T23:13:38.099+0000] {dag.py:4180} INFO - Setting next_dagrun for pyspark_job_dag to 2024-12-16T00:00:00+00:00, run_after=2024-12-17T00:00:00+00:00
[2024-12-17T23:13:38.126+0000] {processor.py:208} INFO - Processing /opt/airflow/dags/spark_airflow.py took 0.109 seconds
[2024-12-17T23:14:08.356+0000] {processor.py:186} INFO - Started process (PID=352) to work on /opt/airflow/dags/spark_airflow.py
[2024-12-17T23:14:08.357+0000] {processor.py:914} INFO - Processing file /opt/airflow/dags/spark_airflow.py for tasks to queue
[2024-12-17T23:14:08.367+0000] {logging_mixin.py:190} INFO - [2024-12-17T23:14:08.359+0000] {dagbag.py:588} INFO - Filling up the DagBag from /opt/airflow/dags/spark_airflow.py
[2024-12-17T23:14:08.396+0000] {processor.py:925} INFO - DAG(s) 'pyspark_job_dag' retrieved from /opt/airflow/dags/spark_airflow.py
[2024-12-17T23:14:08.431+0000] {logging_mixin.py:190} INFO - [2024-12-17T23:14:08.430+0000] {dag.py:3239} INFO - Sync 1 DAGs
[2024-12-17T23:14:08.465+0000] {logging_mixin.py:190} INFO - [2024-12-17T23:14:08.465+0000] {dag.py:4180} INFO - Setting next_dagrun for pyspark_job_dag to 2024-12-17T00:00:00+00:00, run_after=2024-12-18T00:00:00+00:00
[2024-12-17T23:14:08.486+0000] {processor.py:208} INFO - Processing /opt/airflow/dags/spark_airflow.py took 0.141 seconds
[2024-12-17T23:14:38.748+0000] {processor.py:186} INFO - Started process (PID=357) to work on /opt/airflow/dags/spark_airflow.py
[2024-12-17T23:14:38.750+0000] {processor.py:914} INFO - Processing file /opt/airflow/dags/spark_airflow.py for tasks to queue
[2024-12-17T23:14:38.752+0000] {logging_mixin.py:190} INFO - [2024-12-17T23:14:38.752+0000] {dagbag.py:588} INFO - Filling up the DagBag from /opt/airflow/dags/spark_airflow.py
[2024-12-17T23:14:38.798+0000] {processor.py:925} INFO - DAG(s) 'pyspark_job_dag' retrieved from /opt/airflow/dags/spark_airflow.py
[2024-12-17T23:14:38.838+0000] {logging_mixin.py:190} INFO - [2024-12-17T23:14:38.838+0000] {dag.py:3239} INFO - Sync 1 DAGs
[2024-12-17T23:14:38.863+0000] {logging_mixin.py:190} INFO - [2024-12-17T23:14:38.863+0000] {dag.py:4180} INFO - Setting next_dagrun for pyspark_job_dag to 2024-12-17T00:00:00+00:00, run_after=2024-12-18T00:00:00+00:00
[2024-12-17T23:14:38.883+0000] {processor.py:208} INFO - Processing /opt/airflow/dags/spark_airflow.py took 0.144 seconds
[2024-12-17T23:15:09.054+0000] {processor.py:186} INFO - Started process (PID=362) to work on /opt/airflow/dags/spark_airflow.py
[2024-12-17T23:15:09.055+0000] {processor.py:914} INFO - Processing file /opt/airflow/dags/spark_airflow.py for tasks to queue
[2024-12-17T23:15:09.057+0000] {logging_mixin.py:190} INFO - [2024-12-17T23:15:09.057+0000] {dagbag.py:588} INFO - Filling up the DagBag from /opt/airflow/dags/spark_airflow.py
[2024-12-17T23:15:09.078+0000] {processor.py:925} INFO - DAG(s) 'pyspark_job_dag' retrieved from /opt/airflow/dags/spark_airflow.py
[2024-12-17T23:15:09.104+0000] {logging_mixin.py:190} INFO - [2024-12-17T23:15:09.104+0000] {dag.py:3239} INFO - Sync 1 DAGs
[2024-12-17T23:15:09.131+0000] {logging_mixin.py:190} INFO - [2024-12-17T23:15:09.131+0000] {dag.py:4180} INFO - Setting next_dagrun for pyspark_job_dag to 2024-12-17T00:00:00+00:00, run_after=2024-12-18T00:00:00+00:00
[2024-12-17T23:15:09.159+0000] {processor.py:208} INFO - Processing /opt/airflow/dags/spark_airflow.py took 0.110 seconds
[2024-12-17T23:15:39.409+0000] {processor.py:186} INFO - Started process (PID=367) to work on /opt/airflow/dags/spark_airflow.py
[2024-12-17T23:15:39.410+0000] {processor.py:914} INFO - Processing file /opt/airflow/dags/spark_airflow.py for tasks to queue
[2024-12-17T23:15:39.411+0000] {logging_mixin.py:190} INFO - [2024-12-17T23:15:39.411+0000] {dagbag.py:588} INFO - Filling up the DagBag from /opt/airflow/dags/spark_airflow.py
[2024-12-17T23:15:39.429+0000] {processor.py:925} INFO - DAG(s) 'pyspark_job_dag' retrieved from /opt/airflow/dags/spark_airflow.py
[2024-12-17T23:15:39.451+0000] {logging_mixin.py:190} INFO - [2024-12-17T23:15:39.451+0000] {dag.py:3239} INFO - Sync 1 DAGs
[2024-12-17T23:15:39.470+0000] {logging_mixin.py:190} INFO - [2024-12-17T23:15:39.470+0000] {dag.py:4180} INFO - Setting next_dagrun for pyspark_job_dag to 2024-12-17T00:00:00+00:00, run_after=2024-12-18T00:00:00+00:00
[2024-12-17T23:15:39.487+0000] {processor.py:208} INFO - Processing /opt/airflow/dags/spark_airflow.py took 0.083 seconds
[2024-12-17T23:16:09.805+0000] {processor.py:186} INFO - Started process (PID=372) to work on /opt/airflow/dags/spark_airflow.py
[2024-12-17T23:16:09.806+0000] {processor.py:914} INFO - Processing file /opt/airflow/dags/spark_airflow.py for tasks to queue
[2024-12-17T23:16:09.808+0000] {logging_mixin.py:190} INFO - [2024-12-17T23:16:09.807+0000] {dagbag.py:588} INFO - Filling up the DagBag from /opt/airflow/dags/spark_airflow.py
[2024-12-17T23:16:09.832+0000] {processor.py:925} INFO - DAG(s) 'pyspark_job_dag' retrieved from /opt/airflow/dags/spark_airflow.py
[2024-12-17T23:16:09.866+0000] {logging_mixin.py:190} INFO - [2024-12-17T23:16:09.865+0000] {dag.py:3239} INFO - Sync 1 DAGs
[2024-12-17T23:16:09.890+0000] {logging_mixin.py:190} INFO - [2024-12-17T23:16:09.889+0000] {dag.py:4180} INFO - Setting next_dagrun for pyspark_job_dag to 2024-12-17T00:00:00+00:00, run_after=2024-12-18T00:00:00+00:00
[2024-12-17T23:16:09.911+0000] {processor.py:208} INFO - Processing /opt/airflow/dags/spark_airflow.py took 0.113 seconds
[2024-12-17T23:16:40.136+0000] {processor.py:186} INFO - Started process (PID=377) to work on /opt/airflow/dags/spark_airflow.py
[2024-12-17T23:16:40.137+0000] {processor.py:914} INFO - Processing file /opt/airflow/dags/spark_airflow.py for tasks to queue
[2024-12-17T23:16:40.139+0000] {logging_mixin.py:190} INFO - [2024-12-17T23:16:40.138+0000] {dagbag.py:588} INFO - Filling up the DagBag from /opt/airflow/dags/spark_airflow.py
[2024-12-17T23:16:40.160+0000] {processor.py:925} INFO - DAG(s) 'pyspark_job_dag' retrieved from /opt/airflow/dags/spark_airflow.py
[2024-12-17T23:16:40.187+0000] {logging_mixin.py:190} INFO - [2024-12-17T23:16:40.187+0000] {dag.py:3239} INFO - Sync 1 DAGs
[2024-12-17T23:16:40.210+0000] {logging_mixin.py:190} INFO - [2024-12-17T23:16:40.209+0000] {dag.py:4180} INFO - Setting next_dagrun for pyspark_job_dag to 2024-12-17T00:00:00+00:00, run_after=2024-12-18T00:00:00+00:00
[2024-12-17T23:16:40.237+0000] {processor.py:208} INFO - Processing /opt/airflow/dags/spark_airflow.py took 0.106 seconds
[2024-12-17T23:17:10.453+0000] {processor.py:186} INFO - Started process (PID=382) to work on /opt/airflow/dags/spark_airflow.py
[2024-12-17T23:17:10.454+0000] {processor.py:914} INFO - Processing file /opt/airflow/dags/spark_airflow.py for tasks to queue
[2024-12-17T23:17:10.455+0000] {logging_mixin.py:190} INFO - [2024-12-17T23:17:10.454+0000] {dagbag.py:588} INFO - Filling up the DagBag from /opt/airflow/dags/spark_airflow.py
[2024-12-17T23:17:10.473+0000] {processor.py:925} INFO - DAG(s) 'pyspark_job_dag' retrieved from /opt/airflow/dags/spark_airflow.py
[2024-12-17T23:17:10.500+0000] {logging_mixin.py:190} INFO - [2024-12-17T23:17:10.500+0000] {dag.py:3239} INFO - Sync 1 DAGs
[2024-12-17T23:17:10.528+0000] {logging_mixin.py:190} INFO - [2024-12-17T23:17:10.527+0000] {dag.py:4180} INFO - Setting next_dagrun for pyspark_job_dag to 2024-12-17T00:00:00+00:00, run_after=2024-12-18T00:00:00+00:00
[2024-12-17T23:17:10.557+0000] {processor.py:208} INFO - Processing /opt/airflow/dags/spark_airflow.py took 0.111 seconds
[2024-12-17T23:17:40.742+0000] {processor.py:186} INFO - Started process (PID=387) to work on /opt/airflow/dags/spark_airflow.py
[2024-12-17T23:17:40.743+0000] {processor.py:914} INFO - Processing file /opt/airflow/dags/spark_airflow.py for tasks to queue
[2024-12-17T23:17:40.744+0000] {logging_mixin.py:190} INFO - [2024-12-17T23:17:40.744+0000] {dagbag.py:588} INFO - Filling up the DagBag from /opt/airflow/dags/spark_airflow.py
[2024-12-17T23:17:40.759+0000] {processor.py:925} INFO - DAG(s) 'pyspark_job_dag' retrieved from /opt/airflow/dags/spark_airflow.py
[2024-12-17T23:17:40.779+0000] {logging_mixin.py:190} INFO - [2024-12-17T23:17:40.779+0000] {dag.py:3239} INFO - Sync 1 DAGs
[2024-12-17T23:17:40.798+0000] {logging_mixin.py:190} INFO - [2024-12-17T23:17:40.797+0000] {dag.py:4180} INFO - Setting next_dagrun for pyspark_job_dag to 2024-12-17T00:00:00+00:00, run_after=2024-12-18T00:00:00+00:00
[2024-12-17T23:17:40.822+0000] {processor.py:208} INFO - Processing /opt/airflow/dags/spark_airflow.py took 0.084 seconds
[2024-12-17T23:18:11.128+0000] {processor.py:186} INFO - Started process (PID=392) to work on /opt/airflow/dags/spark_airflow.py
[2024-12-17T23:18:11.129+0000] {processor.py:914} INFO - Processing file /opt/airflow/dags/spark_airflow.py for tasks to queue
[2024-12-17T23:18:11.131+0000] {logging_mixin.py:190} INFO - [2024-12-17T23:18:11.131+0000] {dagbag.py:588} INFO - Filling up the DagBag from /opt/airflow/dags/spark_airflow.py
[2024-12-17T23:18:11.151+0000] {processor.py:925} INFO - DAG(s) 'pyspark_job_dag' retrieved from /opt/airflow/dags/spark_airflow.py
[2024-12-17T23:18:11.177+0000] {logging_mixin.py:190} INFO - [2024-12-17T23:18:11.176+0000] {dag.py:3239} INFO - Sync 1 DAGs
[2024-12-17T23:18:11.200+0000] {logging_mixin.py:190} INFO - [2024-12-17T23:18:11.200+0000] {dag.py:4180} INFO - Setting next_dagrun for pyspark_job_dag to 2024-12-17T00:00:00+00:00, run_after=2024-12-18T00:00:00+00:00
[2024-12-17T23:18:11.219+0000] {processor.py:208} INFO - Processing /opt/airflow/dags/spark_airflow.py took 0.096 seconds
[2024-12-17T23:18:41.520+0000] {processor.py:186} INFO - Started process (PID=397) to work on /opt/airflow/dags/spark_airflow.py
[2024-12-17T23:18:41.521+0000] {processor.py:914} INFO - Processing file /opt/airflow/dags/spark_airflow.py for tasks to queue
[2024-12-17T23:18:41.522+0000] {logging_mixin.py:190} INFO - [2024-12-17T23:18:41.522+0000] {dagbag.py:588} INFO - Filling up the DagBag from /opt/airflow/dags/spark_airflow.py
[2024-12-17T23:18:41.540+0000] {processor.py:925} INFO - DAG(s) 'pyspark_job_dag' retrieved from /opt/airflow/dags/spark_airflow.py
[2024-12-17T23:18:41.566+0000] {logging_mixin.py:190} INFO - [2024-12-17T23:18:41.566+0000] {dag.py:3239} INFO - Sync 1 DAGs
[2024-12-17T23:18:41.589+0000] {logging_mixin.py:190} INFO - [2024-12-17T23:18:41.589+0000] {dag.py:4180} INFO - Setting next_dagrun for pyspark_job_dag to 2024-12-17T00:00:00+00:00, run_after=2024-12-18T00:00:00+00:00
[2024-12-17T23:18:41.610+0000] {processor.py:208} INFO - Processing /opt/airflow/dags/spark_airflow.py took 0.095 seconds
[2024-12-17T23:19:11.804+0000] {processor.py:186} INFO - Started process (PID=516) to work on /opt/airflow/dags/spark_airflow.py
[2024-12-17T23:19:11.805+0000] {processor.py:914} INFO - Processing file /opt/airflow/dags/spark_airflow.py for tasks to queue
[2024-12-17T23:19:11.806+0000] {logging_mixin.py:190} INFO - [2024-12-17T23:19:11.806+0000] {dagbag.py:588} INFO - Filling up the DagBag from /opt/airflow/dags/spark_airflow.py
[2024-12-17T23:19:11.825+0000] {processor.py:925} INFO - DAG(s) 'pyspark_job_dag' retrieved from /opt/airflow/dags/spark_airflow.py
[2024-12-17T23:19:11.869+0000] {logging_mixin.py:190} INFO - [2024-12-17T23:19:11.869+0000] {dag.py:3239} INFO - Sync 1 DAGs
[2024-12-17T23:19:11.891+0000] {logging_mixin.py:190} INFO - [2024-12-17T23:19:11.890+0000] {dag.py:4180} INFO - Setting next_dagrun for pyspark_job_dag to 2024-12-17T00:00:00+00:00, run_after=2024-12-18T00:00:00+00:00
[2024-12-17T23:19:11.908+0000] {processor.py:208} INFO - Processing /opt/airflow/dags/spark_airflow.py took 0.111 seconds
[2024-12-17T23:19:42.154+0000] {processor.py:186} INFO - Started process (PID=521) to work on /opt/airflow/dags/spark_airflow.py
[2024-12-17T23:19:42.155+0000] {processor.py:914} INFO - Processing file /opt/airflow/dags/spark_airflow.py for tasks to queue
[2024-12-17T23:19:42.156+0000] {logging_mixin.py:190} INFO - [2024-12-17T23:19:42.156+0000] {dagbag.py:588} INFO - Filling up the DagBag from /opt/airflow/dags/spark_airflow.py
[2024-12-17T23:19:42.174+0000] {processor.py:925} INFO - DAG(s) 'pyspark_job_dag' retrieved from /opt/airflow/dags/spark_airflow.py
[2024-12-17T23:19:42.197+0000] {logging_mixin.py:190} INFO - [2024-12-17T23:19:42.197+0000] {dag.py:3239} INFO - Sync 1 DAGs
[2024-12-17T23:19:42.220+0000] {logging_mixin.py:190} INFO - [2024-12-17T23:19:42.220+0000] {dag.py:4180} INFO - Setting next_dagrun for pyspark_job_dag to 2024-12-17T00:00:00+00:00, run_after=2024-12-18T00:00:00+00:00
[2024-12-17T23:19:42.238+0000] {processor.py:208} INFO - Processing /opt/airflow/dags/spark_airflow.py took 0.089 seconds
[2024-12-17T23:20:12.512+0000] {processor.py:186} INFO - Started process (PID=526) to work on /opt/airflow/dags/spark_airflow.py
[2024-12-17T23:20:12.514+0000] {processor.py:914} INFO - Processing file /opt/airflow/dags/spark_airflow.py for tasks to queue
[2024-12-17T23:20:12.515+0000] {logging_mixin.py:190} INFO - [2024-12-17T23:20:12.515+0000] {dagbag.py:588} INFO - Filling up the DagBag from /opt/airflow/dags/spark_airflow.py
[2024-12-17T23:20:12.536+0000] {processor.py:925} INFO - DAG(s) 'pyspark_job_dag' retrieved from /opt/airflow/dags/spark_airflow.py
[2024-12-17T23:20:12.564+0000] {logging_mixin.py:190} INFO - [2024-12-17T23:20:12.563+0000] {dag.py:3239} INFO - Sync 1 DAGs
[2024-12-17T23:20:12.586+0000] {logging_mixin.py:190} INFO - [2024-12-17T23:20:12.586+0000] {dag.py:4180} INFO - Setting next_dagrun for pyspark_job_dag to 2024-12-17T00:00:00+00:00, run_after=2024-12-18T00:00:00+00:00
[2024-12-17T23:20:12.607+0000] {processor.py:208} INFO - Processing /opt/airflow/dags/spark_airflow.py took 0.101 seconds
[2024-12-17T23:20:42.871+0000] {processor.py:186} INFO - Started process (PID=531) to work on /opt/airflow/dags/spark_airflow.py
[2024-12-17T23:20:42.872+0000] {processor.py:914} INFO - Processing file /opt/airflow/dags/spark_airflow.py for tasks to queue
[2024-12-17T23:20:42.873+0000] {logging_mixin.py:190} INFO - [2024-12-17T23:20:42.873+0000] {dagbag.py:588} INFO - Filling up the DagBag from /opt/airflow/dags/spark_airflow.py
[2024-12-17T23:20:42.888+0000] {processor.py:925} INFO - DAG(s) 'pyspark_job_dag' retrieved from /opt/airflow/dags/spark_airflow.py
[2024-12-17T23:20:42.908+0000] {logging_mixin.py:190} INFO - [2024-12-17T23:20:42.908+0000] {dag.py:3239} INFO - Sync 1 DAGs
[2024-12-17T23:20:42.928+0000] {logging_mixin.py:190} INFO - [2024-12-17T23:20:42.928+0000] {dag.py:4180} INFO - Setting next_dagrun for pyspark_job_dag to 2024-12-17T00:00:00+00:00, run_after=2024-12-18T00:00:00+00:00
[2024-12-17T23:20:42.946+0000] {processor.py:208} INFO - Processing /opt/airflow/dags/spark_airflow.py took 0.080 seconds
[2024-12-17T23:21:13.257+0000] {processor.py:186} INFO - Started process (PID=536) to work on /opt/airflow/dags/spark_airflow.py
[2024-12-17T23:21:13.258+0000] {processor.py:914} INFO - Processing file /opt/airflow/dags/spark_airflow.py for tasks to queue
[2024-12-17T23:21:13.259+0000] {logging_mixin.py:190} INFO - [2024-12-17T23:21:13.259+0000] {dagbag.py:588} INFO - Filling up the DagBag from /opt/airflow/dags/spark_airflow.py
[2024-12-17T23:21:13.275+0000] {processor.py:925} INFO - DAG(s) 'pyspark_job_dag' retrieved from /opt/airflow/dags/spark_airflow.py
[2024-12-17T23:21:13.300+0000] {logging_mixin.py:190} INFO - [2024-12-17T23:21:13.300+0000] {dag.py:3239} INFO - Sync 1 DAGs
[2024-12-17T23:21:13.324+0000] {logging_mixin.py:190} INFO - [2024-12-17T23:21:13.324+0000] {dag.py:4180} INFO - Setting next_dagrun for pyspark_job_dag to 2024-12-17T00:00:00+00:00, run_after=2024-12-18T00:00:00+00:00
[2024-12-17T23:21:13.343+0000] {processor.py:208} INFO - Processing /opt/airflow/dags/spark_airflow.py took 0.090 seconds
[2024-12-17T23:21:43.624+0000] {processor.py:186} INFO - Started process (PID=541) to work on /opt/airflow/dags/spark_airflow.py
[2024-12-17T23:21:43.625+0000] {processor.py:914} INFO - Processing file /opt/airflow/dags/spark_airflow.py for tasks to queue
[2024-12-17T23:21:43.626+0000] {logging_mixin.py:190} INFO - [2024-12-17T23:21:43.626+0000] {dagbag.py:588} INFO - Filling up the DagBag from /opt/airflow/dags/spark_airflow.py
[2024-12-17T23:21:43.642+0000] {processor.py:925} INFO - DAG(s) 'pyspark_job_dag' retrieved from /opt/airflow/dags/spark_airflow.py
[2024-12-17T23:21:43.664+0000] {logging_mixin.py:190} INFO - [2024-12-17T23:21:43.664+0000] {dag.py:3239} INFO - Sync 1 DAGs
[2024-12-17T23:21:43.683+0000] {logging_mixin.py:190} INFO - [2024-12-17T23:21:43.683+0000] {dag.py:4180} INFO - Setting next_dagrun for pyspark_job_dag to 2024-12-17T00:00:00+00:00, run_after=2024-12-18T00:00:00+00:00
[2024-12-17T23:21:43.707+0000] {processor.py:208} INFO - Processing /opt/airflow/dags/spark_airflow.py took 0.087 seconds
[2024-12-17T23:22:13.970+0000] {processor.py:186} INFO - Started process (PID=546) to work on /opt/airflow/dags/spark_airflow.py
[2024-12-17T23:22:13.971+0000] {processor.py:914} INFO - Processing file /opt/airflow/dags/spark_airflow.py for tasks to queue
[2024-12-17T23:22:13.972+0000] {logging_mixin.py:190} INFO - [2024-12-17T23:22:13.972+0000] {dagbag.py:588} INFO - Filling up the DagBag from /opt/airflow/dags/spark_airflow.py
[2024-12-17T23:22:14.001+0000] {processor.py:925} INFO - DAG(s) 'pyspark_job_dag' retrieved from /opt/airflow/dags/spark_airflow.py
[2024-12-17T23:22:14.023+0000] {logging_mixin.py:190} INFO - [2024-12-17T23:22:14.023+0000] {dag.py:3239} INFO - Sync 1 DAGs
[2024-12-17T23:22:14.042+0000] {logging_mixin.py:190} INFO - [2024-12-17T23:22:14.041+0000] {dag.py:4180} INFO - Setting next_dagrun for pyspark_job_dag to 2024-12-17T00:00:00+00:00, run_after=2024-12-18T00:00:00+00:00
[2024-12-17T23:22:14.065+0000] {processor.py:208} INFO - Processing /opt/airflow/dags/spark_airflow.py took 0.100 seconds
[2024-12-17T23:22:44.295+0000] {processor.py:186} INFO - Started process (PID=614) to work on /opt/airflow/dags/spark_airflow.py
[2024-12-17T23:22:44.296+0000] {processor.py:914} INFO - Processing file /opt/airflow/dags/spark_airflow.py for tasks to queue
[2024-12-17T23:22:44.297+0000] {logging_mixin.py:190} INFO - [2024-12-17T23:22:44.297+0000] {dagbag.py:588} INFO - Filling up the DagBag from /opt/airflow/dags/spark_airflow.py
[2024-12-17T23:22:44.312+0000] {processor.py:925} INFO - DAG(s) 'pyspark_job_dag' retrieved from /opt/airflow/dags/spark_airflow.py
[2024-12-17T23:22:44.332+0000] {logging_mixin.py:190} INFO - [2024-12-17T23:22:44.332+0000] {dag.py:3239} INFO - Sync 1 DAGs
[2024-12-17T23:22:44.365+0000] {logging_mixin.py:190} INFO - [2024-12-17T23:22:44.365+0000] {dag.py:4180} INFO - Setting next_dagrun for pyspark_job_dag to 2024-12-17T00:00:00+00:00, run_after=2024-12-18T00:00:00+00:00
[2024-12-17T23:22:44.394+0000] {processor.py:208} INFO - Processing /opt/airflow/dags/spark_airflow.py took 0.104 seconds
[2024-12-17T23:23:14.598+0000] {processor.py:186} INFO - Started process (PID=619) to work on /opt/airflow/dags/spark_airflow.py
[2024-12-17T23:23:14.599+0000] {processor.py:914} INFO - Processing file /opt/airflow/dags/spark_airflow.py for tasks to queue
[2024-12-17T23:23:14.600+0000] {logging_mixin.py:190} INFO - [2024-12-17T23:23:14.600+0000] {dagbag.py:588} INFO - Filling up the DagBag from /opt/airflow/dags/spark_airflow.py
[2024-12-17T23:23:14.617+0000] {processor.py:925} INFO - DAG(s) 'pyspark_job_dag' retrieved from /opt/airflow/dags/spark_airflow.py
[2024-12-17T23:23:14.637+0000] {logging_mixin.py:190} INFO - [2024-12-17T23:23:14.637+0000] {dag.py:3239} INFO - Sync 1 DAGs
[2024-12-17T23:23:14.657+0000] {logging_mixin.py:190} INFO - [2024-12-17T23:23:14.657+0000] {dag.py:4180} INFO - Setting next_dagrun for pyspark_job_dag to 2024-12-17T00:00:00+00:00, run_after=2024-12-18T00:00:00+00:00
[2024-12-17T23:23:14.675+0000] {processor.py:208} INFO - Processing /opt/airflow/dags/spark_airflow.py took 0.082 seconds
[2024-12-17T23:23:31.871+0000] {processor.py:186} INFO - Started process (PID=624) to work on /opt/airflow/dags/spark_airflow.py
[2024-12-17T23:23:31.871+0000] {processor.py:914} INFO - Processing file /opt/airflow/dags/spark_airflow.py for tasks to queue
[2024-12-17T23:23:31.872+0000] {logging_mixin.py:190} INFO - [2024-12-17T23:23:31.872+0000] {dagbag.py:588} INFO - Filling up the DagBag from /opt/airflow/dags/spark_airflow.py
[2024-12-17T23:23:31.896+0000] {processor.py:925} INFO - DAG(s) 'pyspark_job_dag' retrieved from /opt/airflow/dags/spark_airflow.py
[2024-12-17T23:23:32.070+0000] {logging_mixin.py:190} INFO - [2024-12-17T23:23:32.069+0000] {dag.py:3239} INFO - Sync 1 DAGs
[2024-12-17T23:23:32.089+0000] {logging_mixin.py:190} INFO - [2024-12-17T23:23:32.089+0000] {dag.py:4180} INFO - Setting next_dagrun for pyspark_job_dag to 2024-12-17T00:00:00+00:00, run_after=2024-12-18T00:00:00+00:00
[2024-12-17T23:23:32.112+0000] {processor.py:208} INFO - Processing /opt/airflow/dags/spark_airflow.py took 0.245 seconds
[2024-12-17T23:24:02.164+0000] {processor.py:186} INFO - Started process (PID=740) to work on /opt/airflow/dags/spark_airflow.py
[2024-12-17T23:24:02.165+0000] {processor.py:914} INFO - Processing file /opt/airflow/dags/spark_airflow.py for tasks to queue
[2024-12-17T23:24:02.166+0000] {logging_mixin.py:190} INFO - [2024-12-17T23:24:02.166+0000] {dagbag.py:588} INFO - Filling up the DagBag from /opt/airflow/dags/spark_airflow.py
[2024-12-17T23:24:02.184+0000] {processor.py:925} INFO - DAG(s) 'pyspark_job_dag' retrieved from /opt/airflow/dags/spark_airflow.py
[2024-12-17T23:24:02.209+0000] {logging_mixin.py:190} INFO - [2024-12-17T23:24:02.209+0000] {dag.py:3239} INFO - Sync 1 DAGs
[2024-12-17T23:24:02.230+0000] {logging_mixin.py:190} INFO - [2024-12-17T23:24:02.230+0000] {dag.py:4180} INFO - Setting next_dagrun for pyspark_job_dag to 2024-12-17T00:00:00+00:00, run_after=2024-12-18T00:00:00+00:00
[2024-12-17T23:24:02.254+0000] {processor.py:208} INFO - Processing /opt/airflow/dags/spark_airflow.py took 0.096 seconds
[2024-12-17T23:24:09.253+0000] {processor.py:186} INFO - Started process (PID=745) to work on /opt/airflow/dags/spark_airflow.py
[2024-12-17T23:24:09.254+0000] {processor.py:914} INFO - Processing file /opt/airflow/dags/spark_airflow.py for tasks to queue
[2024-12-17T23:24:09.255+0000] {logging_mixin.py:190} INFO - [2024-12-17T23:24:09.255+0000] {dagbag.py:588} INFO - Filling up the DagBag from /opt/airflow/dags/spark_airflow.py
[2024-12-17T23:24:09.272+0000] {processor.py:925} INFO - DAG(s) 'pyspark_job_dag' retrieved from /opt/airflow/dags/spark_airflow.py
[2024-12-17T23:24:09.294+0000] {logging_mixin.py:190} INFO - [2024-12-17T23:24:09.294+0000] {dag.py:3239} INFO - Sync 1 DAGs
[2024-12-17T23:24:09.313+0000] {logging_mixin.py:190} INFO - [2024-12-17T23:24:09.313+0000] {dag.py:4180} INFO - Setting next_dagrun for pyspark_job_dag to 2024-12-17T00:00:00+00:00, run_after=2024-12-18T00:00:00+00:00
[2024-12-17T23:24:09.333+0000] {processor.py:208} INFO - Processing /opt/airflow/dags/spark_airflow.py took 0.084 seconds
[2024-12-17T23:24:39.663+0000] {processor.py:186} INFO - Started process (PID=761) to work on /opt/airflow/dags/spark_airflow.py
[2024-12-17T23:24:39.664+0000] {processor.py:914} INFO - Processing file /opt/airflow/dags/spark_airflow.py for tasks to queue
[2024-12-17T23:24:39.666+0000] {logging_mixin.py:190} INFO - [2024-12-17T23:24:39.666+0000] {dagbag.py:588} INFO - Filling up the DagBag from /opt/airflow/dags/spark_airflow.py
[2024-12-17T23:24:39.698+0000] {processor.py:925} INFO - DAG(s) 'pyspark_job_dag' retrieved from /opt/airflow/dags/spark_airflow.py
[2024-12-17T23:24:39.724+0000] {logging_mixin.py:190} INFO - [2024-12-17T23:24:39.724+0000] {dag.py:3239} INFO - Sync 1 DAGs
[2024-12-17T23:24:39.754+0000] {logging_mixin.py:190} INFO - [2024-12-17T23:24:39.754+0000] {dag.py:4180} INFO - Setting next_dagrun for pyspark_job_dag to 2024-12-17T00:00:00+00:00, run_after=2024-12-18T00:00:00+00:00
[2024-12-17T23:24:39.780+0000] {processor.py:208} INFO - Processing /opt/airflow/dags/spark_airflow.py took 0.138 seconds
[2024-12-17T23:25:10.004+0000] {processor.py:186} INFO - Started process (PID=927) to work on /opt/airflow/dags/spark_airflow.py
[2024-12-17T23:25:10.005+0000] {processor.py:914} INFO - Processing file /opt/airflow/dags/spark_airflow.py for tasks to queue
[2024-12-17T23:25:10.008+0000] {logging_mixin.py:190} INFO - [2024-12-17T23:25:10.007+0000] {dagbag.py:588} INFO - Filling up the DagBag from /opt/airflow/dags/spark_airflow.py
[2024-12-17T23:25:10.030+0000] {processor.py:925} INFO - DAG(s) 'pyspark_job_dag' retrieved from /opt/airflow/dags/spark_airflow.py
[2024-12-17T23:25:10.071+0000] {logging_mixin.py:190} INFO - [2024-12-17T23:25:10.071+0000] {dag.py:3239} INFO - Sync 1 DAGs
[2024-12-17T23:25:10.105+0000] {logging_mixin.py:190} INFO - [2024-12-17T23:25:10.104+0000] {dag.py:4180} INFO - Setting next_dagrun for pyspark_job_dag to 2024-12-17T00:00:00+00:00, run_after=2024-12-18T00:00:00+00:00
[2024-12-17T23:25:10.134+0000] {processor.py:208} INFO - Processing /opt/airflow/dags/spark_airflow.py took 0.135 seconds
[2024-12-17T23:25:40.413+0000] {processor.py:186} INFO - Started process (PID=934) to work on /opt/airflow/dags/spark_airflow.py
[2024-12-17T23:25:40.414+0000] {processor.py:914} INFO - Processing file /opt/airflow/dags/spark_airflow.py for tasks to queue
[2024-12-17T23:25:40.415+0000] {logging_mixin.py:190} INFO - [2024-12-17T23:25:40.415+0000] {dagbag.py:588} INFO - Filling up the DagBag from /opt/airflow/dags/spark_airflow.py
[2024-12-17T23:25:40.442+0000] {processor.py:925} INFO - DAG(s) 'pyspark_job_dag' retrieved from /opt/airflow/dags/spark_airflow.py
[2024-12-17T23:25:40.466+0000] {logging_mixin.py:190} INFO - [2024-12-17T23:25:40.465+0000] {dag.py:3239} INFO - Sync 1 DAGs
[2024-12-17T23:25:40.490+0000] {logging_mixin.py:190} INFO - [2024-12-17T23:25:40.489+0000] {dag.py:4180} INFO - Setting next_dagrun for pyspark_job_dag to 2024-12-17T00:00:00+00:00, run_after=2024-12-18T00:00:00+00:00
[2024-12-17T23:25:40.507+0000] {processor.py:208} INFO - Processing /opt/airflow/dags/spark_airflow.py took 0.099 seconds
[2024-12-17T23:26:10.747+0000] {processor.py:186} INFO - Started process (PID=986) to work on /opt/airflow/dags/spark_airflow.py
[2024-12-17T23:26:10.748+0000] {processor.py:914} INFO - Processing file /opt/airflow/dags/spark_airflow.py for tasks to queue
[2024-12-17T23:26:10.749+0000] {logging_mixin.py:190} INFO - [2024-12-17T23:26:10.749+0000] {dagbag.py:588} INFO - Filling up the DagBag from /opt/airflow/dags/spark_airflow.py
[2024-12-17T23:26:10.769+0000] {processor.py:925} INFO - DAG(s) 'pyspark_job_dag' retrieved from /opt/airflow/dags/spark_airflow.py
[2024-12-17T23:26:10.801+0000] {logging_mixin.py:190} INFO - [2024-12-17T23:26:10.801+0000] {dag.py:3239} INFO - Sync 1 DAGs
[2024-12-17T23:26:10.824+0000] {logging_mixin.py:190} INFO - [2024-12-17T23:26:10.824+0000] {dag.py:4180} INFO - Setting next_dagrun for pyspark_job_dag to 2024-12-17T00:00:00+00:00, run_after=2024-12-18T00:00:00+00:00
[2024-12-17T23:26:10.852+0000] {processor.py:208} INFO - Processing /opt/airflow/dags/spark_airflow.py took 0.111 seconds
[2024-12-17T23:26:41.148+0000] {processor.py:186} INFO - Started process (PID=991) to work on /opt/airflow/dags/spark_airflow.py
[2024-12-17T23:26:41.149+0000] {processor.py:914} INFO - Processing file /opt/airflow/dags/spark_airflow.py for tasks to queue
[2024-12-17T23:26:41.151+0000] {logging_mixin.py:190} INFO - [2024-12-17T23:26:41.150+0000] {dagbag.py:588} INFO - Filling up the DagBag from /opt/airflow/dags/spark_airflow.py
[2024-12-17T23:26:41.168+0000] {processor.py:925} INFO - DAG(s) 'pyspark_job_dag' retrieved from /opt/airflow/dags/spark_airflow.py
[2024-12-17T23:26:41.194+0000] {logging_mixin.py:190} INFO - [2024-12-17T23:26:41.194+0000] {dag.py:3239} INFO - Sync 1 DAGs
[2024-12-17T23:26:41.218+0000] {logging_mixin.py:190} INFO - [2024-12-17T23:26:41.218+0000] {dag.py:4180} INFO - Setting next_dagrun for pyspark_job_dag to 2024-12-17T00:00:00+00:00, run_after=2024-12-18T00:00:00+00:00
[2024-12-17T23:26:41.243+0000] {processor.py:208} INFO - Processing /opt/airflow/dags/spark_airflow.py took 0.100 seconds
[2024-12-17T23:27:11.446+0000] {processor.py:186} INFO - Started process (PID=996) to work on /opt/airflow/dags/spark_airflow.py
[2024-12-17T23:27:11.447+0000] {processor.py:914} INFO - Processing file /opt/airflow/dags/spark_airflow.py for tasks to queue
[2024-12-17T23:27:11.448+0000] {logging_mixin.py:190} INFO - [2024-12-17T23:27:11.448+0000] {dagbag.py:588} INFO - Filling up the DagBag from /opt/airflow/dags/spark_airflow.py
[2024-12-17T23:27:11.465+0000] {processor.py:925} INFO - DAG(s) 'pyspark_job_dag' retrieved from /opt/airflow/dags/spark_airflow.py
[2024-12-17T23:27:11.487+0000] {logging_mixin.py:190} INFO - [2024-12-17T23:27:11.487+0000] {dag.py:3239} INFO - Sync 1 DAGs
[2024-12-17T23:27:11.510+0000] {logging_mixin.py:190} INFO - [2024-12-17T23:27:11.510+0000] {dag.py:4180} INFO - Setting next_dagrun for pyspark_job_dag to 2024-12-17T00:00:00+00:00, run_after=2024-12-18T00:00:00+00:00
[2024-12-17T23:27:11.531+0000] {processor.py:208} INFO - Processing /opt/airflow/dags/spark_airflow.py took 0.091 seconds
[2024-12-17T23:27:41.808+0000] {processor.py:186} INFO - Started process (PID=1001) to work on /opt/airflow/dags/spark_airflow.py
[2024-12-17T23:27:41.809+0000] {processor.py:914} INFO - Processing file /opt/airflow/dags/spark_airflow.py for tasks to queue
[2024-12-17T23:27:41.811+0000] {logging_mixin.py:190} INFO - [2024-12-17T23:27:41.811+0000] {dagbag.py:588} INFO - Filling up the DagBag from /opt/airflow/dags/spark_airflow.py
[2024-12-17T23:27:41.833+0000] {processor.py:925} INFO - DAG(s) 'pyspark_job_dag' retrieved from /opt/airflow/dags/spark_airflow.py
[2024-12-17T23:27:41.856+0000] {logging_mixin.py:190} INFO - [2024-12-17T23:27:41.856+0000] {dag.py:3239} INFO - Sync 1 DAGs
[2024-12-17T23:27:41.874+0000] {logging_mixin.py:190} INFO - [2024-12-17T23:27:41.874+0000] {dag.py:4180} INFO - Setting next_dagrun for pyspark_job_dag to 2024-12-17T00:00:00+00:00, run_after=2024-12-18T00:00:00+00:00
[2024-12-17T23:27:41.898+0000] {processor.py:208} INFO - Processing /opt/airflow/dags/spark_airflow.py took 0.099 seconds
[2024-12-17T23:28:12.127+0000] {processor.py:186} INFO - Started process (PID=1006) to work on /opt/airflow/dags/spark_airflow.py
[2024-12-17T23:28:12.128+0000] {processor.py:914} INFO - Processing file /opt/airflow/dags/spark_airflow.py for tasks to queue
[2024-12-17T23:28:12.129+0000] {logging_mixin.py:190} INFO - [2024-12-17T23:28:12.129+0000] {dagbag.py:588} INFO - Filling up the DagBag from /opt/airflow/dags/spark_airflow.py
[2024-12-17T23:28:12.145+0000] {processor.py:925} INFO - DAG(s) 'pyspark_job_dag' retrieved from /opt/airflow/dags/spark_airflow.py
[2024-12-17T23:28:12.167+0000] {logging_mixin.py:190} INFO - [2024-12-17T23:28:12.167+0000] {dag.py:3239} INFO - Sync 1 DAGs
[2024-12-17T23:28:12.185+0000] {logging_mixin.py:190} INFO - [2024-12-17T23:28:12.185+0000] {dag.py:4180} INFO - Setting next_dagrun for pyspark_job_dag to 2024-12-17T00:00:00+00:00, run_after=2024-12-18T00:00:00+00:00
[2024-12-17T23:28:12.212+0000] {processor.py:208} INFO - Processing /opt/airflow/dags/spark_airflow.py took 0.090 seconds
[2024-12-17T23:28:42.484+0000] {processor.py:186} INFO - Started process (PID=1011) to work on /opt/airflow/dags/spark_airflow.py
[2024-12-17T23:28:42.485+0000] {processor.py:914} INFO - Processing file /opt/airflow/dags/spark_airflow.py for tasks to queue
[2024-12-17T23:28:42.486+0000] {logging_mixin.py:190} INFO - [2024-12-17T23:28:42.485+0000] {dagbag.py:588} INFO - Filling up the DagBag from /opt/airflow/dags/spark_airflow.py
[2024-12-17T23:28:42.502+0000] {processor.py:925} INFO - DAG(s) 'pyspark_job_dag' retrieved from /opt/airflow/dags/spark_airflow.py
[2024-12-17T23:28:42.524+0000] {logging_mixin.py:190} INFO - [2024-12-17T23:28:42.524+0000] {dag.py:3239} INFO - Sync 1 DAGs
[2024-12-17T23:28:42.543+0000] {logging_mixin.py:190} INFO - [2024-12-17T23:28:42.543+0000] {dag.py:4180} INFO - Setting next_dagrun for pyspark_job_dag to 2024-12-17T00:00:00+00:00, run_after=2024-12-18T00:00:00+00:00
[2024-12-17T23:28:42.565+0000] {processor.py:208} INFO - Processing /opt/airflow/dags/spark_airflow.py took 0.086 seconds
[2024-12-17T23:29:12.796+0000] {processor.py:186} INFO - Started process (PID=1016) to work on /opt/airflow/dags/spark_airflow.py
[2024-12-17T23:29:12.797+0000] {processor.py:914} INFO - Processing file /opt/airflow/dags/spark_airflow.py for tasks to queue
[2024-12-17T23:29:12.798+0000] {logging_mixin.py:190} INFO - [2024-12-17T23:29:12.798+0000] {dagbag.py:588} INFO - Filling up the DagBag from /opt/airflow/dags/spark_airflow.py
[2024-12-17T23:29:12.816+0000] {processor.py:925} INFO - DAG(s) 'pyspark_job_dag' retrieved from /opt/airflow/dags/spark_airflow.py
[2024-12-17T23:29:12.841+0000] {logging_mixin.py:190} INFO - [2024-12-17T23:29:12.841+0000] {dag.py:3239} INFO - Sync 1 DAGs
[2024-12-17T23:29:12.860+0000] {logging_mixin.py:190} INFO - [2024-12-17T23:29:12.860+0000] {dag.py:4180} INFO - Setting next_dagrun for pyspark_job_dag to 2024-12-17T00:00:00+00:00, run_after=2024-12-18T00:00:00+00:00
[2024-12-17T23:29:12.885+0000] {processor.py:208} INFO - Processing /opt/airflow/dags/spark_airflow.py took 0.095 seconds
[2024-12-17T23:29:43.155+0000] {processor.py:186} INFO - Started process (PID=1021) to work on /opt/airflow/dags/spark_airflow.py
[2024-12-17T23:29:43.156+0000] {processor.py:914} INFO - Processing file /opt/airflow/dags/spark_airflow.py for tasks to queue
[2024-12-17T23:29:43.157+0000] {logging_mixin.py:190} INFO - [2024-12-17T23:29:43.157+0000] {dagbag.py:588} INFO - Filling up the DagBag from /opt/airflow/dags/spark_airflow.py
[2024-12-17T23:29:43.177+0000] {processor.py:925} INFO - DAG(s) 'pyspark_job_dag' retrieved from /opt/airflow/dags/spark_airflow.py
[2024-12-17T23:29:43.201+0000] {logging_mixin.py:190} INFO - [2024-12-17T23:29:43.200+0000] {dag.py:3239} INFO - Sync 1 DAGs
[2024-12-17T23:29:43.223+0000] {logging_mixin.py:190} INFO - [2024-12-17T23:29:43.222+0000] {dag.py:4180} INFO - Setting next_dagrun for pyspark_job_dag to 2024-12-17T00:00:00+00:00, run_after=2024-12-18T00:00:00+00:00
[2024-12-17T23:29:43.241+0000] {processor.py:208} INFO - Processing /opt/airflow/dags/spark_airflow.py took 0.091 seconds
[2024-12-17T23:30:13.452+0000] {processor.py:186} INFO - Started process (PID=1026) to work on /opt/airflow/dags/spark_airflow.py
[2024-12-17T23:30:13.453+0000] {processor.py:914} INFO - Processing file /opt/airflow/dags/spark_airflow.py for tasks to queue
[2024-12-17T23:30:13.454+0000] {logging_mixin.py:190} INFO - [2024-12-17T23:30:13.454+0000] {dagbag.py:588} INFO - Filling up the DagBag from /opt/airflow/dags/spark_airflow.py
[2024-12-17T23:30:13.469+0000] {processor.py:925} INFO - DAG(s) 'pyspark_job_dag' retrieved from /opt/airflow/dags/spark_airflow.py
[2024-12-17T23:30:13.492+0000] {logging_mixin.py:190} INFO - [2024-12-17T23:30:13.492+0000] {dag.py:3239} INFO - Sync 1 DAGs
[2024-12-17T23:30:13.510+0000] {logging_mixin.py:190} INFO - [2024-12-17T23:30:13.510+0000] {dag.py:4180} INFO - Setting next_dagrun for pyspark_job_dag to 2024-12-17T00:00:00+00:00, run_after=2024-12-18T00:00:00+00:00
[2024-12-17T23:30:13.535+0000] {processor.py:208} INFO - Processing /opt/airflow/dags/spark_airflow.py took 0.087 seconds
[2024-12-17T23:30:43.790+0000] {processor.py:186} INFO - Started process (PID=1031) to work on /opt/airflow/dags/spark_airflow.py
[2024-12-17T23:30:43.791+0000] {processor.py:914} INFO - Processing file /opt/airflow/dags/spark_airflow.py for tasks to queue
[2024-12-17T23:30:43.792+0000] {logging_mixin.py:190} INFO - [2024-12-17T23:30:43.792+0000] {dagbag.py:588} INFO - Filling up the DagBag from /opt/airflow/dags/spark_airflow.py
[2024-12-17T23:30:43.808+0000] {processor.py:925} INFO - DAG(s) 'pyspark_job_dag' retrieved from /opt/airflow/dags/spark_airflow.py
[2024-12-17T23:30:43.830+0000] {logging_mixin.py:190} INFO - [2024-12-17T23:30:43.830+0000] {dag.py:3239} INFO - Sync 1 DAGs
[2024-12-17T23:30:43.848+0000] {logging_mixin.py:190} INFO - [2024-12-17T23:30:43.848+0000] {dag.py:4180} INFO - Setting next_dagrun for pyspark_job_dag to 2024-12-17T00:00:00+00:00, run_after=2024-12-18T00:00:00+00:00
[2024-12-17T23:30:43.872+0000] {processor.py:208} INFO - Processing /opt/airflow/dags/spark_airflow.py took 0.087 seconds
[2024-12-17T23:31:14.073+0000] {processor.py:186} INFO - Started process (PID=1152) to work on /opt/airflow/dags/spark_airflow.py
[2024-12-17T23:31:14.074+0000] {processor.py:914} INFO - Processing file /opt/airflow/dags/spark_airflow.py for tasks to queue
[2024-12-17T23:31:14.075+0000] {logging_mixin.py:190} INFO - [2024-12-17T23:31:14.075+0000] {dagbag.py:588} INFO - Filling up the DagBag from /opt/airflow/dags/spark_airflow.py
[2024-12-17T23:31:14.092+0000] {processor.py:925} INFO - DAG(s) 'pyspark_job_dag' retrieved from /opt/airflow/dags/spark_airflow.py
[2024-12-17T23:31:14.119+0000] {logging_mixin.py:190} INFO - [2024-12-17T23:31:14.119+0000] {dag.py:3239} INFO - Sync 1 DAGs
[2024-12-17T23:31:14.140+0000] {logging_mixin.py:190} INFO - [2024-12-17T23:31:14.140+0000] {dag.py:4180} INFO - Setting next_dagrun for pyspark_job_dag to 2024-12-17T00:00:00+00:00, run_after=2024-12-18T00:00:00+00:00
[2024-12-17T23:31:14.164+0000] {processor.py:208} INFO - Processing /opt/airflow/dags/spark_airflow.py took 0.096 seconds
[2024-12-17T23:31:44.400+0000] {processor.py:186} INFO - Started process (PID=1160) to work on /opt/airflow/dags/spark_airflow.py
[2024-12-17T23:31:44.400+0000] {processor.py:914} INFO - Processing file /opt/airflow/dags/spark_airflow.py for tasks to queue
[2024-12-17T23:31:44.401+0000] {logging_mixin.py:190} INFO - [2024-12-17T23:31:44.401+0000] {dagbag.py:588} INFO - Filling up the DagBag from /opt/airflow/dags/spark_airflow.py
[2024-12-17T23:31:44.416+0000] {processor.py:925} INFO - DAG(s) 'pyspark_job_dag' retrieved from /opt/airflow/dags/spark_airflow.py
[2024-12-17T23:31:44.437+0000] {logging_mixin.py:190} INFO - [2024-12-17T23:31:44.437+0000] {dag.py:3239} INFO - Sync 1 DAGs
[2024-12-17T23:31:44.456+0000] {logging_mixin.py:190} INFO - [2024-12-17T23:31:44.456+0000] {dag.py:4180} INFO - Setting next_dagrun for pyspark_job_dag to 2024-12-17T00:00:00+00:00, run_after=2024-12-18T00:00:00+00:00
[2024-12-17T23:31:44.481+0000] {processor.py:208} INFO - Processing /opt/airflow/dags/spark_airflow.py took 0.086 seconds
[2024-12-17T23:32:14.701+0000] {processor.py:186} INFO - Started process (PID=1214) to work on /opt/airflow/dags/spark_airflow.py
[2024-12-17T23:32:14.706+0000] {processor.py:914} INFO - Processing file /opt/airflow/dags/spark_airflow.py for tasks to queue
[2024-12-17T23:32:14.708+0000] {logging_mixin.py:190} INFO - [2024-12-17T23:32:14.707+0000] {dagbag.py:588} INFO - Filling up the DagBag from /opt/airflow/dags/spark_airflow.py
[2024-12-17T23:32:14.738+0000] {processor.py:925} INFO - DAG(s) 'pyspark_job_dag' retrieved from /opt/airflow/dags/spark_airflow.py
[2024-12-17T23:32:14.787+0000] {logging_mixin.py:190} INFO - [2024-12-17T23:32:14.786+0000] {dag.py:3239} INFO - Sync 1 DAGs
[2024-12-17T23:32:14.828+0000] {logging_mixin.py:190} INFO - [2024-12-17T23:32:14.828+0000] {dag.py:4180} INFO - Setting next_dagrun for pyspark_job_dag to 2024-12-17T00:00:00+00:00, run_after=2024-12-18T00:00:00+00:00
[2024-12-17T23:32:14.851+0000] {processor.py:208} INFO - Processing /opt/airflow/dags/spark_airflow.py took 0.159 seconds
[2024-12-17T23:32:45.024+0000] {processor.py:186} INFO - Started process (PID=1219) to work on /opt/airflow/dags/spark_airflow.py
[2024-12-17T23:32:45.024+0000] {processor.py:914} INFO - Processing file /opt/airflow/dags/spark_airflow.py for tasks to queue
[2024-12-17T23:32:45.026+0000] {logging_mixin.py:190} INFO - [2024-12-17T23:32:45.025+0000] {dagbag.py:588} INFO - Filling up the DagBag from /opt/airflow/dags/spark_airflow.py
[2024-12-17T23:32:45.044+0000] {processor.py:925} INFO - DAG(s) 'pyspark_job_dag' retrieved from /opt/airflow/dags/spark_airflow.py
[2024-12-17T23:32:45.067+0000] {logging_mixin.py:190} INFO - [2024-12-17T23:32:45.067+0000] {dag.py:3239} INFO - Sync 1 DAGs
[2024-12-17T23:32:45.086+0000] {logging_mixin.py:190} INFO - [2024-12-17T23:32:45.086+0000] {dag.py:4180} INFO - Setting next_dagrun for pyspark_job_dag to 2024-12-17T00:00:00+00:00, run_after=2024-12-18T00:00:00+00:00
[2024-12-17T23:32:45.110+0000] {processor.py:208} INFO - Processing /opt/airflow/dags/spark_airflow.py took 0.091 seconds
[2024-12-17T23:33:15.535+0000] {processor.py:186} INFO - Started process (PID=1353) to work on /opt/airflow/dags/spark_airflow.py
[2024-12-17T23:33:15.540+0000] {processor.py:914} INFO - Processing file /opt/airflow/dags/spark_airflow.py for tasks to queue
[2024-12-17T23:33:15.549+0000] {logging_mixin.py:190} INFO - [2024-12-17T23:33:15.549+0000] {dagbag.py:588} INFO - Filling up the DagBag from /opt/airflow/dags/spark_airflow.py
[2024-12-17T23:33:15.674+0000] {processor.py:925} INFO - DAG(s) 'pyspark_job_dag' retrieved from /opt/airflow/dags/spark_airflow.py
[2024-12-17T23:33:15.812+0000] {logging_mixin.py:190} INFO - [2024-12-17T23:33:15.811+0000] {dag.py:3239} INFO - Sync 1 DAGs
[2024-12-17T23:33:15.930+0000] {logging_mixin.py:190} INFO - [2024-12-17T23:33:15.929+0000] {dag.py:4180} INFO - Setting next_dagrun for pyspark_job_dag to 2024-12-17T00:00:00+00:00, run_after=2024-12-18T00:00:00+00:00
[2024-12-17T23:33:15.983+0000] {processor.py:208} INFO - Processing /opt/airflow/dags/spark_airflow.py took 0.523 seconds
[2024-12-17T23:33:46.341+0000] {processor.py:186} INFO - Started process (PID=1402) to work on /opt/airflow/dags/spark_airflow.py
[2024-12-17T23:33:46.342+0000] {processor.py:914} INFO - Processing file /opt/airflow/dags/spark_airflow.py for tasks to queue
[2024-12-17T23:33:46.357+0000] {logging_mixin.py:190} INFO - [2024-12-17T23:33:46.355+0000] {dagbag.py:588} INFO - Filling up the DagBag from /opt/airflow/dags/spark_airflow.py
[2024-12-17T23:33:46.386+0000] {processor.py:925} INFO - DAG(s) 'pyspark_job_dag' retrieved from /opt/airflow/dags/spark_airflow.py
[2024-12-17T23:33:46.449+0000] {logging_mixin.py:190} INFO - [2024-12-17T23:33:46.449+0000] {dag.py:3239} INFO - Sync 1 DAGs
[2024-12-17T23:33:46.485+0000] {logging_mixin.py:190} INFO - [2024-12-17T23:33:46.484+0000] {dag.py:4180} INFO - Setting next_dagrun for pyspark_job_dag to 2024-12-17T00:00:00+00:00, run_after=2024-12-18T00:00:00+00:00
[2024-12-17T23:33:46.514+0000] {processor.py:208} INFO - Processing /opt/airflow/dags/spark_airflow.py took 0.178 seconds
[2024-12-17T23:34:16.725+0000] {processor.py:186} INFO - Started process (PID=1407) to work on /opt/airflow/dags/spark_airflow.py
[2024-12-17T23:34:16.726+0000] {processor.py:914} INFO - Processing file /opt/airflow/dags/spark_airflow.py for tasks to queue
[2024-12-17T23:34:16.727+0000] {logging_mixin.py:190} INFO - [2024-12-17T23:34:16.727+0000] {dagbag.py:588} INFO - Filling up the DagBag from /opt/airflow/dags/spark_airflow.py
[2024-12-17T23:34:16.743+0000] {processor.py:925} INFO - DAG(s) 'pyspark_job_dag' retrieved from /opt/airflow/dags/spark_airflow.py
[2024-12-17T23:34:16.769+0000] {logging_mixin.py:190} INFO - [2024-12-17T23:34:16.769+0000] {dag.py:3239} INFO - Sync 1 DAGs
[2024-12-17T23:34:16.788+0000] {logging_mixin.py:190} INFO - [2024-12-17T23:34:16.788+0000] {dag.py:4180} INFO - Setting next_dagrun for pyspark_job_dag to 2024-12-17T00:00:00+00:00, run_after=2024-12-18T00:00:00+00:00
[2024-12-17T23:34:16.814+0000] {processor.py:208} INFO - Processing /opt/airflow/dags/spark_airflow.py took 0.094 seconds
[2024-12-17T23:34:47.048+0000] {processor.py:186} INFO - Started process (PID=1412) to work on /opt/airflow/dags/spark_airflow.py
[2024-12-17T23:34:47.049+0000] {processor.py:914} INFO - Processing file /opt/airflow/dags/spark_airflow.py for tasks to queue
[2024-12-17T23:34:47.050+0000] {logging_mixin.py:190} INFO - [2024-12-17T23:34:47.050+0000] {dagbag.py:588} INFO - Filling up the DagBag from /opt/airflow/dags/spark_airflow.py
[2024-12-17T23:34:47.069+0000] {processor.py:925} INFO - DAG(s) 'pyspark_job_dag' retrieved from /opt/airflow/dags/spark_airflow.py
[2024-12-17T23:34:47.094+0000] {logging_mixin.py:190} INFO - [2024-12-17T23:34:47.094+0000] {dag.py:3239} INFO - Sync 1 DAGs
[2024-12-17T23:34:47.113+0000] {logging_mixin.py:190} INFO - [2024-12-17T23:34:47.113+0000] {dag.py:4180} INFO - Setting next_dagrun for pyspark_job_dag to 2024-12-17T00:00:00+00:00, run_after=2024-12-18T00:00:00+00:00
[2024-12-17T23:34:47.139+0000] {processor.py:208} INFO - Processing /opt/airflow/dags/spark_airflow.py took 0.097 seconds
[2024-12-17T23:35:17.538+0000] {processor.py:186} INFO - Started process (PID=1417) to work on /opt/airflow/dags/spark_airflow.py
[2024-12-17T23:35:17.539+0000] {processor.py:914} INFO - Processing file /opt/airflow/dags/spark_airflow.py for tasks to queue
[2024-12-17T23:35:17.540+0000] {logging_mixin.py:190} INFO - [2024-12-17T23:35:17.540+0000] {dagbag.py:588} INFO - Filling up the DagBag from /opt/airflow/dags/spark_airflow.py
[2024-12-17T23:35:17.566+0000] {processor.py:925} INFO - DAG(s) 'pyspark_job_dag' retrieved from /opt/airflow/dags/spark_airflow.py
[2024-12-17T23:35:17.591+0000] {logging_mixin.py:190} INFO - [2024-12-17T23:35:17.591+0000] {dag.py:3239} INFO - Sync 1 DAGs
[2024-12-17T23:35:17.621+0000] {logging_mixin.py:190} INFO - [2024-12-17T23:35:17.621+0000] {dag.py:4180} INFO - Setting next_dagrun for pyspark_job_dag to 2024-12-17T00:00:00+00:00, run_after=2024-12-18T00:00:00+00:00
[2024-12-17T23:35:17.641+0000] {processor.py:208} INFO - Processing /opt/airflow/dags/spark_airflow.py took 0.108 seconds
[2024-12-17T23:35:47.836+0000] {processor.py:186} INFO - Started process (PID=1422) to work on /opt/airflow/dags/spark_airflow.py
[2024-12-17T23:35:47.837+0000] {processor.py:914} INFO - Processing file /opt/airflow/dags/spark_airflow.py for tasks to queue
[2024-12-17T23:35:47.838+0000] {logging_mixin.py:190} INFO - [2024-12-17T23:35:47.838+0000] {dagbag.py:588} INFO - Filling up the DagBag from /opt/airflow/dags/spark_airflow.py
[2024-12-17T23:35:47.858+0000] {processor.py:925} INFO - DAG(s) 'pyspark_job_dag' retrieved from /opt/airflow/dags/spark_airflow.py
[2024-12-17T23:35:47.880+0000] {logging_mixin.py:190} INFO - [2024-12-17T23:35:47.880+0000] {dag.py:3239} INFO - Sync 1 DAGs
[2024-12-17T23:35:47.902+0000] {logging_mixin.py:190} INFO - [2024-12-17T23:35:47.902+0000] {dag.py:4180} INFO - Setting next_dagrun for pyspark_job_dag to 2024-12-17T00:00:00+00:00, run_after=2024-12-18T00:00:00+00:00
[2024-12-17T23:35:47.917+0000] {processor.py:208} INFO - Processing /opt/airflow/dags/spark_airflow.py took 0.087 seconds
[2024-12-17T23:36:18.321+0000] {processor.py:186} INFO - Started process (PID=1427) to work on /opt/airflow/dags/spark_airflow.py
[2024-12-17T23:36:18.321+0000] {processor.py:914} INFO - Processing file /opt/airflow/dags/spark_airflow.py for tasks to queue
[2024-12-17T23:36:18.322+0000] {logging_mixin.py:190} INFO - [2024-12-17T23:36:18.322+0000] {dagbag.py:588} INFO - Filling up the DagBag from /opt/airflow/dags/spark_airflow.py
[2024-12-17T23:36:18.337+0000] {processor.py:925} INFO - DAG(s) 'pyspark_job_dag' retrieved from /opt/airflow/dags/spark_airflow.py
[2024-12-17T23:36:18.358+0000] {logging_mixin.py:190} INFO - [2024-12-17T23:36:18.358+0000] {dag.py:3239} INFO - Sync 1 DAGs
[2024-12-17T23:36:18.375+0000] {logging_mixin.py:190} INFO - [2024-12-17T23:36:18.375+0000] {dag.py:4180} INFO - Setting next_dagrun for pyspark_job_dag to 2024-12-17T00:00:00+00:00, run_after=2024-12-18T00:00:00+00:00
[2024-12-17T23:36:18.399+0000] {processor.py:208} INFO - Processing /opt/airflow/dags/spark_airflow.py took 0.083 seconds
[2024-12-17T23:36:48.690+0000] {processor.py:186} INFO - Started process (PID=1432) to work on /opt/airflow/dags/spark_airflow.py
[2024-12-17T23:36:48.690+0000] {processor.py:914} INFO - Processing file /opt/airflow/dags/spark_airflow.py for tasks to queue
[2024-12-17T23:36:48.692+0000] {logging_mixin.py:190} INFO - [2024-12-17T23:36:48.691+0000] {dagbag.py:588} INFO - Filling up the DagBag from /opt/airflow/dags/spark_airflow.py
[2024-12-17T23:36:48.706+0000] {processor.py:925} INFO - DAG(s) 'pyspark_job_dag' retrieved from /opt/airflow/dags/spark_airflow.py
[2024-12-17T23:36:48.727+0000] {logging_mixin.py:190} INFO - [2024-12-17T23:36:48.727+0000] {dag.py:3239} INFO - Sync 1 DAGs
[2024-12-17T23:36:48.747+0000] {logging_mixin.py:190} INFO - [2024-12-17T23:36:48.747+0000] {dag.py:4180} INFO - Setting next_dagrun for pyspark_job_dag to 2024-12-17T00:00:00+00:00, run_after=2024-12-18T00:00:00+00:00
[2024-12-17T23:36:48.770+0000] {processor.py:208} INFO - Processing /opt/airflow/dags/spark_airflow.py took 0.085 seconds
[2024-12-17T23:37:18.989+0000] {processor.py:186} INFO - Started process (PID=1437) to work on /opt/airflow/dags/spark_airflow.py
[2024-12-17T23:37:18.990+0000] {processor.py:914} INFO - Processing file /opt/airflow/dags/spark_airflow.py for tasks to queue
[2024-12-17T23:37:18.991+0000] {logging_mixin.py:190} INFO - [2024-12-17T23:37:18.991+0000] {dagbag.py:588} INFO - Filling up the DagBag from /opt/airflow/dags/spark_airflow.py
[2024-12-17T23:37:19.011+0000] {processor.py:925} INFO - DAG(s) 'pyspark_job_dag' retrieved from /opt/airflow/dags/spark_airflow.py
[2024-12-17T23:37:19.037+0000] {logging_mixin.py:190} INFO - [2024-12-17T23:37:19.037+0000] {dag.py:3239} INFO - Sync 1 DAGs
[2024-12-17T23:37:19.069+0000] {logging_mixin.py:190} INFO - [2024-12-17T23:37:19.068+0000] {dag.py:4180} INFO - Setting next_dagrun for pyspark_job_dag to 2024-12-17T00:00:00+00:00, run_after=2024-12-18T00:00:00+00:00
[2024-12-17T23:37:19.097+0000] {processor.py:208} INFO - Processing /opt/airflow/dags/spark_airflow.py took 0.113 seconds
[2024-12-17T23:37:49.398+0000] {processor.py:186} INFO - Started process (PID=1442) to work on /opt/airflow/dags/spark_airflow.py
[2024-12-17T23:37:49.399+0000] {processor.py:914} INFO - Processing file /opt/airflow/dags/spark_airflow.py for tasks to queue
[2024-12-17T23:37:49.400+0000] {logging_mixin.py:190} INFO - [2024-12-17T23:37:49.400+0000] {dagbag.py:588} INFO - Filling up the DagBag from /opt/airflow/dags/spark_airflow.py
[2024-12-17T23:37:49.417+0000] {processor.py:925} INFO - DAG(s) 'pyspark_job_dag' retrieved from /opt/airflow/dags/spark_airflow.py
[2024-12-17T23:37:49.440+0000] {logging_mixin.py:190} INFO - [2024-12-17T23:37:49.440+0000] {dag.py:3239} INFO - Sync 1 DAGs
[2024-12-17T23:37:49.475+0000] {logging_mixin.py:190} INFO - [2024-12-17T23:37:49.475+0000] {dag.py:4180} INFO - Setting next_dagrun for pyspark_job_dag to 2024-12-17T00:00:00+00:00, run_after=2024-12-18T00:00:00+00:00
[2024-12-17T23:37:49.494+0000] {processor.py:208} INFO - Processing /opt/airflow/dags/spark_airflow.py took 0.101 seconds
[2024-12-17T23:38:19.798+0000] {processor.py:186} INFO - Started process (PID=1447) to work on /opt/airflow/dags/spark_airflow.py
[2024-12-17T23:38:19.799+0000] {processor.py:914} INFO - Processing file /opt/airflow/dags/spark_airflow.py for tasks to queue
[2024-12-17T23:38:19.800+0000] {logging_mixin.py:190} INFO - [2024-12-17T23:38:19.800+0000] {dagbag.py:588} INFO - Filling up the DagBag from /opt/airflow/dags/spark_airflow.py
[2024-12-17T23:38:19.815+0000] {processor.py:925} INFO - DAG(s) 'pyspark_job_dag' retrieved from /opt/airflow/dags/spark_airflow.py
[2024-12-17T23:38:19.837+0000] {logging_mixin.py:190} INFO - [2024-12-17T23:38:19.837+0000] {dag.py:3239} INFO - Sync 1 DAGs
[2024-12-17T23:38:19.856+0000] {logging_mixin.py:190} INFO - [2024-12-17T23:38:19.856+0000] {dag.py:4180} INFO - Setting next_dagrun for pyspark_job_dag to 2024-12-17T00:00:00+00:00, run_after=2024-12-18T00:00:00+00:00
[2024-12-17T23:38:19.882+0000] {processor.py:208} INFO - Processing /opt/airflow/dags/spark_airflow.py took 0.088 seconds
[2024-12-17T23:38:50.140+0000] {processor.py:186} INFO - Started process (PID=1452) to work on /opt/airflow/dags/spark_airflow.py
[2024-12-17T23:38:50.141+0000] {processor.py:914} INFO - Processing file /opt/airflow/dags/spark_airflow.py for tasks to queue
[2024-12-17T23:38:50.143+0000] {logging_mixin.py:190} INFO - [2024-12-17T23:38:50.142+0000] {dagbag.py:588} INFO - Filling up the DagBag from /opt/airflow/dags/spark_airflow.py
[2024-12-17T23:38:50.160+0000] {processor.py:925} INFO - DAG(s) 'pyspark_job_dag' retrieved from /opt/airflow/dags/spark_airflow.py
[2024-12-17T23:38:50.183+0000] {logging_mixin.py:190} INFO - [2024-12-17T23:38:50.183+0000] {dag.py:3239} INFO - Sync 1 DAGs
[2024-12-17T23:38:50.210+0000] {logging_mixin.py:190} INFO - [2024-12-17T23:38:50.210+0000] {dag.py:4180} INFO - Setting next_dagrun for pyspark_job_dag to 2024-12-17T00:00:00+00:00, run_after=2024-12-18T00:00:00+00:00
[2024-12-17T23:38:50.229+0000] {processor.py:208} INFO - Processing /opt/airflow/dags/spark_airflow.py took 0.094 seconds
[2024-12-17T23:39:20.552+0000] {processor.py:186} INFO - Started process (PID=1457) to work on /opt/airflow/dags/spark_airflow.py
[2024-12-17T23:39:20.552+0000] {processor.py:914} INFO - Processing file /opt/airflow/dags/spark_airflow.py for tasks to queue
[2024-12-17T23:39:20.554+0000] {logging_mixin.py:190} INFO - [2024-12-17T23:39:20.554+0000] {dagbag.py:588} INFO - Filling up the DagBag from /opt/airflow/dags/spark_airflow.py
[2024-12-17T23:39:20.569+0000] {processor.py:925} INFO - DAG(s) 'pyspark_job_dag' retrieved from /opt/airflow/dags/spark_airflow.py
[2024-12-17T23:39:20.590+0000] {logging_mixin.py:190} INFO - [2024-12-17T23:39:20.590+0000] {dag.py:3239} INFO - Sync 1 DAGs
[2024-12-17T23:39:20.609+0000] {logging_mixin.py:190} INFO - [2024-12-17T23:39:20.608+0000] {dag.py:4180} INFO - Setting next_dagrun for pyspark_job_dag to 2024-12-17T00:00:00+00:00, run_after=2024-12-18T00:00:00+00:00
[2024-12-17T23:39:20.634+0000] {processor.py:208} INFO - Processing /opt/airflow/dags/spark_airflow.py took 0.087 seconds
[2024-12-17T23:39:50.923+0000] {processor.py:186} INFO - Started process (PID=1462) to work on /opt/airflow/dags/spark_airflow.py
[2024-12-17T23:39:50.925+0000] {processor.py:914} INFO - Processing file /opt/airflow/dags/spark_airflow.py for tasks to queue
[2024-12-17T23:39:50.926+0000] {logging_mixin.py:190} INFO - [2024-12-17T23:39:50.926+0000] {dagbag.py:588} INFO - Filling up the DagBag from /opt/airflow/dags/spark_airflow.py
[2024-12-17T23:39:50.941+0000] {processor.py:925} INFO - DAG(s) 'pyspark_job_dag' retrieved from /opt/airflow/dags/spark_airflow.py
[2024-12-17T23:39:50.966+0000] {logging_mixin.py:190} INFO - [2024-12-17T23:39:50.965+0000] {dag.py:3239} INFO - Sync 1 DAGs
[2024-12-17T23:39:50.986+0000] {logging_mixin.py:190} INFO - [2024-12-17T23:39:50.986+0000] {dag.py:4180} INFO - Setting next_dagrun for pyspark_job_dag to 2024-12-17T00:00:00+00:00, run_after=2024-12-18T00:00:00+00:00
[2024-12-17T23:39:51.008+0000] {processor.py:208} INFO - Processing /opt/airflow/dags/spark_airflow.py took 0.091 seconds
[2024-12-17T23:40:21.357+0000] {processor.py:186} INFO - Started process (PID=1467) to work on /opt/airflow/dags/spark_airflow.py
[2024-12-17T23:40:21.358+0000] {processor.py:914} INFO - Processing file /opt/airflow/dags/spark_airflow.py for tasks to queue
[2024-12-17T23:40:21.359+0000] {logging_mixin.py:190} INFO - [2024-12-17T23:40:21.358+0000] {dagbag.py:588} INFO - Filling up the DagBag from /opt/airflow/dags/spark_airflow.py
[2024-12-17T23:40:21.374+0000] {processor.py:925} INFO - DAG(s) 'pyspark_job_dag' retrieved from /opt/airflow/dags/spark_airflow.py
[2024-12-17T23:40:21.395+0000] {logging_mixin.py:190} INFO - [2024-12-17T23:40:21.395+0000] {dag.py:3239} INFO - Sync 1 DAGs
[2024-12-17T23:40:21.412+0000] {logging_mixin.py:190} INFO - [2024-12-17T23:40:21.412+0000] {dag.py:4180} INFO - Setting next_dagrun for pyspark_job_dag to 2024-12-17T00:00:00+00:00, run_after=2024-12-18T00:00:00+00:00
[2024-12-17T23:40:21.436+0000] {processor.py:208} INFO - Processing /opt/airflow/dags/spark_airflow.py took 0.084 seconds
[2024-12-17T23:40:51.732+0000] {processor.py:186} INFO - Started process (PID=1472) to work on /opt/airflow/dags/spark_airflow.py
[2024-12-17T23:40:51.732+0000] {processor.py:914} INFO - Processing file /opt/airflow/dags/spark_airflow.py for tasks to queue
[2024-12-17T23:40:51.734+0000] {logging_mixin.py:190} INFO - [2024-12-17T23:40:51.733+0000] {dagbag.py:588} INFO - Filling up the DagBag from /opt/airflow/dags/spark_airflow.py
[2024-12-17T23:40:51.751+0000] {processor.py:925} INFO - DAG(s) 'pyspark_job_dag' retrieved from /opt/airflow/dags/spark_airflow.py
[2024-12-17T23:40:51.773+0000] {logging_mixin.py:190} INFO - [2024-12-17T23:40:51.773+0000] {dag.py:3239} INFO - Sync 1 DAGs
[2024-12-17T23:40:51.792+0000] {logging_mixin.py:190} INFO - [2024-12-17T23:40:51.791+0000] {dag.py:4180} INFO - Setting next_dagrun for pyspark_job_dag to 2024-12-17T00:00:00+00:00, run_after=2024-12-18T00:00:00+00:00
[2024-12-17T23:40:51.815+0000] {processor.py:208} INFO - Processing /opt/airflow/dags/spark_airflow.py took 0.088 seconds
[2024-12-17T23:41:22.077+0000] {processor.py:186} INFO - Started process (PID=1477) to work on /opt/airflow/dags/spark_airflow.py
[2024-12-17T23:41:22.078+0000] {processor.py:914} INFO - Processing file /opt/airflow/dags/spark_airflow.py for tasks to queue
[2024-12-17T23:41:22.079+0000] {logging_mixin.py:190} INFO - [2024-12-17T23:41:22.079+0000] {dagbag.py:588} INFO - Filling up the DagBag from /opt/airflow/dags/spark_airflow.py
[2024-12-17T23:41:22.095+0000] {processor.py:925} INFO - DAG(s) 'pyspark_job_dag' retrieved from /opt/airflow/dags/spark_airflow.py
[2024-12-17T23:41:22.115+0000] {logging_mixin.py:190} INFO - [2024-12-17T23:41:22.115+0000] {dag.py:3239} INFO - Sync 1 DAGs
[2024-12-17T23:41:22.133+0000] {logging_mixin.py:190} INFO - [2024-12-17T23:41:22.133+0000] {dag.py:4180} INFO - Setting next_dagrun for pyspark_job_dag to 2024-12-17T00:00:00+00:00, run_after=2024-12-18T00:00:00+00:00
[2024-12-17T23:41:22.157+0000] {processor.py:208} INFO - Processing /opt/airflow/dags/spark_airflow.py took 0.084 seconds
[2024-12-17T23:41:52.471+0000] {processor.py:186} INFO - Started process (PID=1482) to work on /opt/airflow/dags/spark_airflow.py
[2024-12-17T23:41:52.472+0000] {processor.py:914} INFO - Processing file /opt/airflow/dags/spark_airflow.py for tasks to queue
[2024-12-17T23:41:52.473+0000] {logging_mixin.py:190} INFO - [2024-12-17T23:41:52.472+0000] {dagbag.py:588} INFO - Filling up the DagBag from /opt/airflow/dags/spark_airflow.py
[2024-12-17T23:41:52.493+0000] {processor.py:925} INFO - DAG(s) 'pyspark_job_dag' retrieved from /opt/airflow/dags/spark_airflow.py
[2024-12-17T23:41:52.526+0000] {logging_mixin.py:190} INFO - [2024-12-17T23:41:52.526+0000] {dag.py:3239} INFO - Sync 1 DAGs
[2024-12-17T23:41:52.550+0000] {logging_mixin.py:190} INFO - [2024-12-17T23:41:52.550+0000] {dag.py:4180} INFO - Setting next_dagrun for pyspark_job_dag to 2024-12-17T00:00:00+00:00, run_after=2024-12-18T00:00:00+00:00
[2024-12-17T23:41:52.574+0000] {processor.py:208} INFO - Processing /opt/airflow/dags/spark_airflow.py took 0.108 seconds
[2024-12-17T23:42:22.799+0000] {processor.py:186} INFO - Started process (PID=1487) to work on /opt/airflow/dags/spark_airflow.py
[2024-12-17T23:42:22.800+0000] {processor.py:914} INFO - Processing file /opt/airflow/dags/spark_airflow.py for tasks to queue
[2024-12-17T23:42:22.802+0000] {logging_mixin.py:190} INFO - [2024-12-17T23:42:22.801+0000] {dagbag.py:588} INFO - Filling up the DagBag from /opt/airflow/dags/spark_airflow.py
[2024-12-17T23:42:22.820+0000] {processor.py:925} INFO - DAG(s) 'pyspark_job_dag' retrieved from /opt/airflow/dags/spark_airflow.py
[2024-12-17T23:42:22.840+0000] {logging_mixin.py:190} INFO - [2024-12-17T23:42:22.840+0000] {dag.py:3239} INFO - Sync 1 DAGs
[2024-12-17T23:42:22.858+0000] {logging_mixin.py:190} INFO - [2024-12-17T23:42:22.858+0000] {dag.py:4180} INFO - Setting next_dagrun for pyspark_job_dag to 2024-12-17T00:00:00+00:00, run_after=2024-12-18T00:00:00+00:00
[2024-12-17T23:42:22.881+0000] {processor.py:208} INFO - Processing /opt/airflow/dags/spark_airflow.py took 0.087 seconds
[2024-12-17T23:42:53.168+0000] {processor.py:186} INFO - Started process (PID=1492) to work on /opt/airflow/dags/spark_airflow.py
[2024-12-17T23:42:53.169+0000] {processor.py:914} INFO - Processing file /opt/airflow/dags/spark_airflow.py for tasks to queue
[2024-12-17T23:42:53.170+0000] {logging_mixin.py:190} INFO - [2024-12-17T23:42:53.170+0000] {dagbag.py:588} INFO - Filling up the DagBag from /opt/airflow/dags/spark_airflow.py
[2024-12-17T23:42:53.190+0000] {processor.py:925} INFO - DAG(s) 'pyspark_job_dag' retrieved from /opt/airflow/dags/spark_airflow.py
[2024-12-17T23:42:53.212+0000] {logging_mixin.py:190} INFO - [2024-12-17T23:42:53.212+0000] {dag.py:3239} INFO - Sync 1 DAGs
[2024-12-17T23:42:53.231+0000] {logging_mixin.py:190} INFO - [2024-12-17T23:42:53.231+0000] {dag.py:4180} INFO - Setting next_dagrun for pyspark_job_dag to 2024-12-17T00:00:00+00:00, run_after=2024-12-18T00:00:00+00:00
[2024-12-17T23:42:53.249+0000] {processor.py:208} INFO - Processing /opt/airflow/dags/spark_airflow.py took 0.086 seconds
[2024-12-17T23:43:23.542+0000] {processor.py:186} INFO - Started process (PID=1497) to work on /opt/airflow/dags/spark_airflow.py
[2024-12-17T23:43:23.543+0000] {processor.py:914} INFO - Processing file /opt/airflow/dags/spark_airflow.py for tasks to queue
[2024-12-17T23:43:23.544+0000] {logging_mixin.py:190} INFO - [2024-12-17T23:43:23.544+0000] {dagbag.py:588} INFO - Filling up the DagBag from /opt/airflow/dags/spark_airflow.py
[2024-12-17T23:43:23.559+0000] {processor.py:925} INFO - DAG(s) 'pyspark_job_dag' retrieved from /opt/airflow/dags/spark_airflow.py
[2024-12-17T23:43:23.579+0000] {logging_mixin.py:190} INFO - [2024-12-17T23:43:23.579+0000] {dag.py:3239} INFO - Sync 1 DAGs
[2024-12-17T23:43:23.598+0000] {logging_mixin.py:190} INFO - [2024-12-17T23:43:23.598+0000] {dag.py:4180} INFO - Setting next_dagrun for pyspark_job_dag to 2024-12-17T00:00:00+00:00, run_after=2024-12-18T00:00:00+00:00
[2024-12-17T23:43:23.628+0000] {processor.py:208} INFO - Processing /opt/airflow/dags/spark_airflow.py took 0.091 seconds
[2024-12-17T23:43:53.915+0000] {processor.py:186} INFO - Started process (PID=1502) to work on /opt/airflow/dags/spark_airflow.py
[2024-12-17T23:43:53.916+0000] {processor.py:914} INFO - Processing file /opt/airflow/dags/spark_airflow.py for tasks to queue
[2024-12-17T23:43:53.917+0000] {logging_mixin.py:190} INFO - [2024-12-17T23:43:53.917+0000] {dagbag.py:588} INFO - Filling up the DagBag from /opt/airflow/dags/spark_airflow.py
[2024-12-17T23:43:53.935+0000] {processor.py:925} INFO - DAG(s) 'pyspark_job_dag' retrieved from /opt/airflow/dags/spark_airflow.py
[2024-12-17T23:43:53.957+0000] {logging_mixin.py:190} INFO - [2024-12-17T23:43:53.957+0000] {dag.py:3239} INFO - Sync 1 DAGs
[2024-12-17T23:43:53.976+0000] {logging_mixin.py:190} INFO - [2024-12-17T23:43:53.976+0000] {dag.py:4180} INFO - Setting next_dagrun for pyspark_job_dag to 2024-12-17T00:00:00+00:00, run_after=2024-12-18T00:00:00+00:00
[2024-12-17T23:43:53.995+0000] {processor.py:208} INFO - Processing /opt/airflow/dags/spark_airflow.py took 0.085 seconds
[2024-12-17T23:44:24.228+0000] {processor.py:186} INFO - Started process (PID=1507) to work on /opt/airflow/dags/spark_airflow.py
[2024-12-17T23:44:24.229+0000] {processor.py:914} INFO - Processing file /opt/airflow/dags/spark_airflow.py for tasks to queue
[2024-12-17T23:44:24.230+0000] {logging_mixin.py:190} INFO - [2024-12-17T23:44:24.230+0000] {dagbag.py:588} INFO - Filling up the DagBag from /opt/airflow/dags/spark_airflow.py
[2024-12-17T23:44:24.250+0000] {processor.py:925} INFO - DAG(s) 'pyspark_job_dag' retrieved from /opt/airflow/dags/spark_airflow.py
[2024-12-17T23:44:24.274+0000] {logging_mixin.py:190} INFO - [2024-12-17T23:44:24.274+0000] {dag.py:3239} INFO - Sync 1 DAGs
[2024-12-17T23:44:24.303+0000] {logging_mixin.py:190} INFO - [2024-12-17T23:44:24.303+0000] {dag.py:4180} INFO - Setting next_dagrun for pyspark_job_dag to 2024-12-17T00:00:00+00:00, run_after=2024-12-18T00:00:00+00:00
[2024-12-17T23:44:24.325+0000] {processor.py:208} INFO - Processing /opt/airflow/dags/spark_airflow.py took 0.103 seconds
[2024-12-17T23:44:54.592+0000] {processor.py:186} INFO - Started process (PID=1512) to work on /opt/airflow/dags/spark_airflow.py
[2024-12-17T23:44:54.593+0000] {processor.py:914} INFO - Processing file /opt/airflow/dags/spark_airflow.py for tasks to queue
[2024-12-17T23:44:54.594+0000] {logging_mixin.py:190} INFO - [2024-12-17T23:44:54.594+0000] {dagbag.py:588} INFO - Filling up the DagBag from /opt/airflow/dags/spark_airflow.py
[2024-12-17T23:44:54.610+0000] {processor.py:925} INFO - DAG(s) 'pyspark_job_dag' retrieved from /opt/airflow/dags/spark_airflow.py
[2024-12-17T23:44:54.639+0000] {logging_mixin.py:190} INFO - [2024-12-17T23:44:54.639+0000] {dag.py:3239} INFO - Sync 1 DAGs
[2024-12-17T23:44:54.661+0000] {logging_mixin.py:190} INFO - [2024-12-17T23:44:54.661+0000] {dag.py:4180} INFO - Setting next_dagrun for pyspark_job_dag to 2024-12-17T00:00:00+00:00, run_after=2024-12-18T00:00:00+00:00
[2024-12-17T23:44:54.684+0000] {processor.py:208} INFO - Processing /opt/airflow/dags/spark_airflow.py took 0.097 seconds
[2024-12-17T23:45:24.942+0000] {processor.py:186} INFO - Started process (PID=1517) to work on /opt/airflow/dags/spark_airflow.py
[2024-12-17T23:45:24.943+0000] {processor.py:914} INFO - Processing file /opt/airflow/dags/spark_airflow.py for tasks to queue
[2024-12-17T23:45:24.945+0000] {logging_mixin.py:190} INFO - [2024-12-17T23:45:24.945+0000] {dagbag.py:588} INFO - Filling up the DagBag from /opt/airflow/dags/spark_airflow.py
[2024-12-17T23:45:24.965+0000] {processor.py:925} INFO - DAG(s) 'pyspark_job_dag' retrieved from /opt/airflow/dags/spark_airflow.py
[2024-12-17T23:45:24.990+0000] {logging_mixin.py:190} INFO - [2024-12-17T23:45:24.990+0000] {dag.py:3239} INFO - Sync 1 DAGs
[2024-12-17T23:45:25.015+0000] {logging_mixin.py:190} INFO - [2024-12-17T23:45:25.015+0000] {dag.py:4180} INFO - Setting next_dagrun for pyspark_job_dag to 2024-12-17T00:00:00+00:00, run_after=2024-12-18T00:00:00+00:00
[2024-12-17T23:45:25.034+0000] {processor.py:208} INFO - Processing /opt/airflow/dags/spark_airflow.py took 0.098 seconds
[2024-12-17T23:45:55.260+0000] {processor.py:186} INFO - Started process (PID=1522) to work on /opt/airflow/dags/spark_airflow.py
[2024-12-17T23:45:55.261+0000] {processor.py:914} INFO - Processing file /opt/airflow/dags/spark_airflow.py for tasks to queue
[2024-12-17T23:45:55.262+0000] {logging_mixin.py:190} INFO - [2024-12-17T23:45:55.262+0000] {dagbag.py:588} INFO - Filling up the DagBag from /opt/airflow/dags/spark_airflow.py
[2024-12-17T23:45:55.278+0000] {processor.py:925} INFO - DAG(s) 'pyspark_job_dag' retrieved from /opt/airflow/dags/spark_airflow.py
[2024-12-17T23:45:55.301+0000] {logging_mixin.py:190} INFO - [2024-12-17T23:45:55.301+0000] {dag.py:3239} INFO - Sync 1 DAGs
[2024-12-17T23:45:55.321+0000] {logging_mixin.py:190} INFO - [2024-12-17T23:45:55.321+0000] {dag.py:4180} INFO - Setting next_dagrun for pyspark_job_dag to 2024-12-17T00:00:00+00:00, run_after=2024-12-18T00:00:00+00:00
[2024-12-17T23:45:55.347+0000] {processor.py:208} INFO - Processing /opt/airflow/dags/spark_airflow.py took 0.092 seconds
[2024-12-17T23:46:25.730+0000] {processor.py:186} INFO - Started process (PID=1527) to work on /opt/airflow/dags/spark_airflow.py
[2024-12-17T23:46:25.732+0000] {processor.py:914} INFO - Processing file /opt/airflow/dags/spark_airflow.py for tasks to queue
[2024-12-17T23:46:25.733+0000] {logging_mixin.py:190} INFO - [2024-12-17T23:46:25.733+0000] {dagbag.py:588} INFO - Filling up the DagBag from /opt/airflow/dags/spark_airflow.py
[2024-12-17T23:46:25.754+0000] {processor.py:925} INFO - DAG(s) 'pyspark_job_dag' retrieved from /opt/airflow/dags/spark_airflow.py
[2024-12-17T23:46:25.780+0000] {logging_mixin.py:190} INFO - [2024-12-17T23:46:25.780+0000] {dag.py:3239} INFO - Sync 1 DAGs
[2024-12-17T23:46:25.804+0000] {logging_mixin.py:190} INFO - [2024-12-17T23:46:25.804+0000] {dag.py:4180} INFO - Setting next_dagrun for pyspark_job_dag to 2024-12-17T00:00:00+00:00, run_after=2024-12-18T00:00:00+00:00
[2024-12-17T23:46:25.829+0000] {processor.py:208} INFO - Processing /opt/airflow/dags/spark_airflow.py took 0.104 seconds
[2024-12-17T23:46:56.127+0000] {processor.py:186} INFO - Started process (PID=1532) to work on /opt/airflow/dags/spark_airflow.py
[2024-12-17T23:46:56.128+0000] {processor.py:914} INFO - Processing file /opt/airflow/dags/spark_airflow.py for tasks to queue
[2024-12-17T23:46:56.129+0000] {logging_mixin.py:190} INFO - [2024-12-17T23:46:56.129+0000] {dagbag.py:588} INFO - Filling up the DagBag from /opt/airflow/dags/spark_airflow.py
[2024-12-17T23:46:56.147+0000] {processor.py:925} INFO - DAG(s) 'pyspark_job_dag' retrieved from /opt/airflow/dags/spark_airflow.py
[2024-12-17T23:46:56.168+0000] {logging_mixin.py:190} INFO - [2024-12-17T23:46:56.168+0000] {dag.py:3239} INFO - Sync 1 DAGs
[2024-12-17T23:46:56.188+0000] {logging_mixin.py:190} INFO - [2024-12-17T23:46:56.188+0000] {dag.py:4180} INFO - Setting next_dagrun for pyspark_job_dag to 2024-12-17T00:00:00+00:00, run_after=2024-12-18T00:00:00+00:00
[2024-12-17T23:46:56.213+0000] {processor.py:208} INFO - Processing /opt/airflow/dags/spark_airflow.py took 0.090 seconds
[2024-12-17T23:47:26.452+0000] {processor.py:186} INFO - Started process (PID=1537) to work on /opt/airflow/dags/spark_airflow.py
[2024-12-17T23:47:26.452+0000] {processor.py:914} INFO - Processing file /opt/airflow/dags/spark_airflow.py for tasks to queue
[2024-12-17T23:47:26.454+0000] {logging_mixin.py:190} INFO - [2024-12-17T23:47:26.454+0000] {dagbag.py:588} INFO - Filling up the DagBag from /opt/airflow/dags/spark_airflow.py
[2024-12-17T23:47:26.469+0000] {processor.py:925} INFO - DAG(s) 'pyspark_job_dag' retrieved from /opt/airflow/dags/spark_airflow.py
[2024-12-17T23:47:26.491+0000] {logging_mixin.py:190} INFO - [2024-12-17T23:47:26.491+0000] {dag.py:3239} INFO - Sync 1 DAGs
[2024-12-17T23:47:26.511+0000] {logging_mixin.py:190} INFO - [2024-12-17T23:47:26.511+0000] {dag.py:4180} INFO - Setting next_dagrun for pyspark_job_dag to 2024-12-17T00:00:00+00:00, run_after=2024-12-18T00:00:00+00:00
[2024-12-17T23:47:26.529+0000] {processor.py:208} INFO - Processing /opt/airflow/dags/spark_airflow.py took 0.082 seconds
