[2024-12-16T00:48:32.123+0000] {manager.py:483} INFO - Processing files using up to 2 processes at a time 
[2024-12-16T00:48:32.126+0000] {manager.py:484} INFO - Process each file at most once every 30 seconds
[2024-12-16T00:48:32.130+0000] {manager.py:485} INFO - Checking for new files in /opt/airflow/dags every 300 seconds
[2024-12-16T00:48:32.131+0000] {manager.py:821} INFO - Searching for files in /opt/airflow/dags
[2024-12-16T00:48:32.139+0000] {manager.py:824} INFO - There are 0 files in /opt/airflow/dags
[2024-12-16T00:53:32.433+0000] {manager.py:821} INFO - Searching for files in /opt/airflow/dags
[2024-12-16T00:53:32.441+0000] {manager.py:824} INFO - There are 0 files in /opt/airflow/dags
[2024-12-16T00:58:32.620+0000] {manager.py:821} INFO - Searching for files in /opt/airflow/dags
[2024-12-16T00:58:32.633+0000] {manager.py:824} INFO - There are 0 files in /opt/airflow/dags
[2024-12-16T01:03:28.225+0000] {manager.py:483} INFO - Processing files using up to 2 processes at a time 
[2024-12-16T01:03:28.226+0000] {manager.py:484} INFO - Process each file at most once every 30 seconds
[2024-12-16T01:03:28.227+0000] {manager.py:485} INFO - Checking for new files in /opt/airflow/dags every 300 seconds
[2024-12-16T01:03:28.228+0000] {manager.py:821} INFO - Searching for files in /opt/airflow/dags
[2024-12-16T01:03:28.232+0000] {manager.py:824} INFO - There are 0 files in /opt/airflow/dags
[2024-12-16T01:03:33.560+0000] {manager.py:821} INFO - Searching for files in /opt/airflow/dags
[2024-12-16T01:03:33.563+0000] {manager.py:824} INFO - There are 0 files in /opt/airflow/dags
[2024-12-16T01:08:28.281+0000] {manager.py:821} INFO - Searching for files in /opt/airflow/dags
[2024-12-16T01:08:28.286+0000] {manager.py:824} INFO - There are 0 files in /opt/airflow/dags
[2024-12-16T01:08:34.484+0000] {manager.py:821} INFO - Searching for files in /opt/airflow/dags
[2024-12-16T01:08:34.489+0000] {manager.py:824} INFO - There are 0 files in /opt/airflow/dags
[2024-12-16T01:13:28.531+0000] {manager.py:821} INFO - Searching for files in /opt/airflow/dags
[2024-12-16T01:13:28.534+0000] {manager.py:824} INFO - There are 0 files in /opt/airflow/dags
[2024-12-16T01:13:34.770+0000] {manager.py:821} INFO - Searching for files in /opt/airflow/dags
[2024-12-16T01:13:34.774+0000] {manager.py:824} INFO - There are 0 files in /opt/airflow/dags
[2024-12-16T01:18:28.558+0000] {manager.py:821} INFO - Searching for files in /opt/airflow/dags
[2024-12-16T01:18:28.584+0000] {manager.py:824} INFO - There are 0 files in /opt/airflow/dags
[2024-12-16T01:18:34.787+0000] {manager.py:821} INFO - Searching for files in /opt/airflow/dags
[2024-12-16T01:18:34.824+0000] {manager.py:824} INFO - There are 1 files in /opt/airflow/dags
[2024-12-16T01:18:45.433+0000] {manager.py:997} INFO - 
================================================================================
DAG File Processing Stats

File Path                             PID  Runtime      # DAGs    # Errors  Last Runtime    Last Run               Last # of DB Queries
----------------------------------  -----  ---------  --------  ----------  --------------  -------------------  ----------------------
/opt/airflow/dags/spark_airflow.py    380  0.01s             0           1  0.19s           2024-12-16T01:18:43                       5
================================================================================
[2024-12-16T01:19:16.331+0000] {manager.py:997} INFO - 
================================================================================
DAG File Processing Stats

File Path                           PID    Runtime      # DAGs    # Errors  Last Runtime    Last Run               Last # of DB Queries
----------------------------------  -----  ---------  --------  ----------  --------------  -------------------  ----------------------
/opt/airflow/dags/spark_airflow.py                           0           1  0.14s           2024-12-16T01:19:10                       5
================================================================================
[2024-12-16T01:19:47.013+0000] {manager.py:997} INFO - 
================================================================================
DAG File Processing Stats

File Path                           PID    Runtime      # DAGs    # Errors  Last Runtime    Last Run               Last # of DB Queries
----------------------------------  -----  ---------  --------  ----------  --------------  -------------------  ----------------------
/opt/airflow/dags/spark_airflow.py                           0           1  0.13s           2024-12-16T01:19:36                       5
================================================================================
[2024-12-16T01:20:17.657+0000] {manager.py:997} INFO - 
================================================================================
DAG File Processing Stats

File Path                           PID    Runtime      # DAGs    # Errors  Last Runtime    Last Run               Last # of DB Queries
----------------------------------  -----  ---------  --------  ----------  --------------  -------------------  ----------------------
/opt/airflow/dags/spark_airflow.py                           0           1  0.14s           2024-12-16T01:20:11                       5
================================================================================
[2024-12-16T01:20:48.346+0000] {manager.py:997} INFO - 
================================================================================
DAG File Processing Stats

File Path                           PID    Runtime      # DAGs    # Errors  Last Runtime    Last Run               Last # of DB Queries
----------------------------------  -----  ---------  --------  ----------  --------------  -------------------  ----------------------
/opt/airflow/dags/spark_airflow.py                           0           1  0.11s           2024-12-16T01:20:47                       5
================================================================================
[2024-12-16T01:21:18.959+0000] {manager.py:997} INFO - 
================================================================================
DAG File Processing Stats

File Path                           PID    Runtime      # DAGs    # Errors  Last Runtime    Last Run               Last # of DB Queries
----------------------------------  -----  ---------  --------  ----------  --------------  -------------------  ----------------------
/opt/airflow/dags/spark_airflow.py                           0           1  0.13s           2024-12-16T01:21:14                       5
================================================================================
[2024-12-16T01:21:49.503+0000] {manager.py:997} INFO - 
================================================================================
DAG File Processing Stats

File Path                           PID    Runtime      # DAGs    # Errors  Last Runtime    Last Run               Last # of DB Queries
----------------------------------  -----  ---------  --------  ----------  --------------  -------------------  ----------------------
/opt/airflow/dags/spark_airflow.py                           0           1  0.10s           2024-12-16T01:21:43                       5
================================================================================
[2024-12-16T01:22:20.155+0000] {manager.py:997} INFO - 
================================================================================
DAG File Processing Stats

File Path                           PID    Runtime      # DAGs    # Errors  Last Runtime    Last Run               Last # of DB Queries
----------------------------------  -----  ---------  --------  ----------  --------------  -------------------  ----------------------
/opt/airflow/dags/spark_airflow.py                           0           1  0.09s           2024-12-16T01:22:19                       5
================================================================================
[2024-12-16T01:22:50.527+0000] {manager.py:997} INFO - 
================================================================================
DAG File Processing Stats

File Path                           PID    Runtime      # DAGs    # Errors  Last Runtime    Last Run               Last # of DB Queries
----------------------------------  -----  ---------  --------  ----------  --------------  -------------------  ----------------------
/opt/airflow/dags/spark_airflow.py                           0           1  0.08s           2024-12-16T01:22:30                       5
================================================================================
[2024-12-16T01:23:20.890+0000] {manager.py:997} INFO - 
================================================================================
DAG File Processing Stats

File Path                           PID    Runtime      # DAGs    # Errors  Last Runtime    Last Run               Last # of DB Queries
----------------------------------  -----  ---------  --------  ----------  --------------  -------------------  ----------------------
/opt/airflow/dags/spark_airflow.py                           0           1  0.10s           2024-12-16T01:23:15                       5
================================================================================
[2024-12-16T01:23:29.496+0000] {manager.py:821} INFO - Searching for files in /opt/airflow/dags
[2024-12-16T01:23:29.520+0000] {manager.py:824} INFO - There are 1 files in /opt/airflow/dags
[2024-12-16T01:23:34.982+0000] {manager.py:821} INFO - Searching for files in /opt/airflow/dags
[2024-12-16T01:23:35.012+0000] {manager.py:824} INFO - There are 1 files in /opt/airflow/dags
[2024-12-16T01:23:36.625+0000] {manager.py:997} INFO - 
================================================================================
DAG File Processing Stats

File Path                           PID    Runtime      # DAGs    # Errors  Last Runtime    Last Run               Last # of DB Queries
----------------------------------  -----  ---------  --------  ----------  --------------  -------------------  ----------------------
/opt/airflow/dags/spark_airflow.py                           0           1  0.09s           2024-12-16T01:23:29                       5
================================================================================
[2024-12-16T01:23:51.173+0000] {manager.py:997} INFO - 
================================================================================
DAG File Processing Stats

File Path                           PID    Runtime      # DAGs    # Errors  Last Runtime    Last Run               Last # of DB Queries
----------------------------------  -----  ---------  --------  ----------  --------------  -------------------  ----------------------
/opt/airflow/dags/spark_airflow.py                           0           1  0.08s           2024-12-16T01:23:46                       5
================================================================================
[2024-12-16T01:24:06.894+0000] {manager.py:997} INFO - 
================================================================================
DAG File Processing Stats

File Path                           PID    Runtime      # DAGs    # Errors  Last Runtime    Last Run               Last # of DB Queries
----------------------------------  -----  ---------  --------  ----------  --------------  -------------------  ----------------------
/opt/airflow/dags/spark_airflow.py                           0           1  0.09s           2024-12-16T01:23:59                       5
================================================================================
[2024-12-16T01:24:21.533+0000] {manager.py:997} INFO - 
================================================================================
DAG File Processing Stats

File Path                           PID    Runtime      # DAGs    # Errors  Last Runtime    Last Run               Last # of DB Queries
----------------------------------  -----  ---------  --------  ----------  --------------  -------------------  ----------------------
/opt/airflow/dags/spark_airflow.py                           0           1  0.09s           2024-12-16T01:24:19                       5
================================================================================
[2024-12-16T01:24:37.378+0000] {manager.py:997} INFO - 
================================================================================
DAG File Processing Stats

File Path                           PID    Runtime      # DAGs    # Errors  Last Runtime    Last Run               Last # of DB Queries
----------------------------------  -----  ---------  --------  ----------  --------------  -------------------  ----------------------
/opt/airflow/dags/spark_airflow.py                           0           1  0.08s           2024-12-16T01:24:35                       5
================================================================================
[2024-12-16T01:24:51.612+0000] {manager.py:997} INFO - 
================================================================================
DAG File Processing Stats

File Path                           PID    Runtime      # DAGs    # Errors  Last Runtime    Last Run               Last # of DB Queries
----------------------------------  -----  ---------  --------  ----------  --------------  -------------------  ----------------------
/opt/airflow/dags/spark_airflow.py                           0           1  0.10s           2024-12-16T01:24:50                       5
================================================================================
[2024-12-16T01:25:07.839+0000] {manager.py:997} INFO - 
================================================================================
DAG File Processing Stats

File Path                           PID    Runtime      # DAGs    # Errors  Last Runtime    Last Run               Last # of DB Queries
----------------------------------  -----  ---------  --------  ----------  --------------  -------------------  ----------------------
/opt/airflow/dags/spark_airflow.py                           0           1  0.11s           2024-12-16T01:25:00                       5
================================================================================
[2024-12-16T01:25:22.061+0000] {manager.py:997} INFO - 
================================================================================
DAG File Processing Stats

File Path                           PID    Runtime      # DAGs    # Errors  Last Runtime    Last Run               Last # of DB Queries
----------------------------------  -----  ---------  --------  ----------  --------------  -------------------  ----------------------
/opt/airflow/dags/spark_airflow.py                           0           1  0.10s           2024-12-16T01:25:20                       5
================================================================================
[2024-12-16T01:25:38.243+0000] {manager.py:997} INFO - 
================================================================================
DAG File Processing Stats

File Path                           PID    Runtime      # DAGs    # Errors  Last Runtime    Last Run               Last # of DB Queries
----------------------------------  -----  ---------  --------  ----------  --------------  -------------------  ----------------------
/opt/airflow/dags/spark_airflow.py                           0           1  0.11s           2024-12-16T01:25:24                       5
================================================================================
[2024-12-16T01:25:52.341+0000] {manager.py:997} INFO - 
================================================================================
DAG File Processing Stats

File Path                           PID    Runtime      # DAGs    # Errors  Last Runtime    Last Run               Last # of DB Queries
----------------------------------  -----  ---------  --------  ----------  --------------  -------------------  ----------------------
/opt/airflow/dags/spark_airflow.py                           0           1  0.10s           2024-12-16T01:25:24                       5
================================================================================
[2024-12-16T01:26:08.481+0000] {manager.py:997} INFO - 
================================================================================
DAG File Processing Stats

File Path                           PID    Runtime      # DAGs    # Errors  Last Runtime    Last Run               Last # of DB Queries
----------------------------------  -----  ---------  --------  ----------  --------------  -------------------  ----------------------
/opt/airflow/dags/spark_airflow.py                           0           1  0.12s           2024-12-16T01:25:54                       5
================================================================================
[2024-12-16T01:26:22.683+0000] {manager.py:997} INFO - 
================================================================================
DAG File Processing Stats

File Path                             PID  Runtime      # DAGs    # Errors  Last Runtime    Last Run               Last # of DB Queries
----------------------------------  -----  ---------  --------  ----------  --------------  -------------------  ----------------------
/opt/airflow/dags/spark_airflow.py    780  0.00s             0           1  0.10s           2024-12-16T01:26:19                       5
================================================================================
[2024-12-16T01:26:39.036+0000] {manager.py:997} INFO - 
================================================================================
DAG File Processing Stats

File Path                           PID    Runtime      # DAGs    # Errors  Last Runtime    Last Run               Last # of DB Queries
----------------------------------  -----  ---------  --------  ----------  --------------  -------------------  ----------------------
/opt/airflow/dags/spark_airflow.py                           0           1  0.11s           2024-12-16T01:26:37                       5
================================================================================
[2024-12-16T01:26:53.185+0000] {manager.py:997} INFO - 
================================================================================
DAG File Processing Stats

File Path                           PID    Runtime      # DAGs    # Errors  Last Runtime    Last Run               Last # of DB Queries
----------------------------------  -----  ---------  --------  ----------  --------------  -------------------  ----------------------
/opt/airflow/dags/spark_airflow.py                           0           1  0.10s           2024-12-16T01:26:51                       5
================================================================================
[2024-12-16T01:27:09.561+0000] {manager.py:997} INFO - 
================================================================================
DAG File Processing Stats

File Path                           PID    Runtime      # DAGs    # Errors  Last Runtime    Last Run               Last # of DB Queries
----------------------------------  -----  ---------  --------  ----------  --------------  -------------------  ----------------------
/opt/airflow/dags/spark_airflow.py                           0           1  0.10s           2024-12-16T01:27:08                       5
================================================================================
[2024-12-16T01:27:23.788+0000] {manager.py:997} INFO - 
================================================================================
DAG File Processing Stats

File Path                           PID    Runtime      # DAGs    # Errors  Last Runtime    Last Run               Last # of DB Queries
----------------------------------  -----  ---------  --------  ----------  --------------  -------------------  ----------------------
/opt/airflow/dags/spark_airflow.py                           0           1  0.10s           2024-12-16T01:27:14                       5
================================================================================
[2024-12-16T01:27:39.911+0000] {manager.py:997} INFO - 
================================================================================
DAG File Processing Stats

File Path                           PID    Runtime      # DAGs    # Errors  Last Runtime    Last Run               Last # of DB Queries
----------------------------------  -----  ---------  --------  ----------  --------------  -------------------  ----------------------
/opt/airflow/dags/spark_airflow.py                           0           1  0.11s           2024-12-16T01:27:14                       5
================================================================================
[2024-12-16T01:27:54.045+0000] {manager.py:997} INFO - 
================================================================================
DAG File Processing Stats

File Path                           PID    Runtime      # DAGs    # Errors  Last Runtime    Last Run               Last # of DB Queries
----------------------------------  -----  ---------  --------  ----------  --------------  -------------------  ----------------------
/opt/airflow/dags/spark_airflow.py                           0           1  0.09s           2024-12-16T01:27:45                       5
================================================================================
[2024-12-16T01:28:10.356+0000] {manager.py:997} INFO - 
================================================================================
DAG File Processing Stats

File Path                           PID    Runtime      # DAGs    # Errors  Last Runtime    Last Run               Last # of DB Queries
----------------------------------  -----  ---------  --------  ----------  --------------  -------------------  ----------------------
/opt/airflow/dags/spark_airflow.py                           0           1  0.13s           2024-12-16T01:28:09                       5
================================================================================
[2024-12-16T01:28:17.215+0000] {manager.py:1146} ERROR - Processor for /opt/airflow/dags/spark_airflow.py exited with return code 1.
[2024-12-16T01:28:24.287+0000] {manager.py:997} INFO - 
================================================================================
DAG File Processing Stats

File Path                           PID    Runtime      # DAGs    # Errors  Last Runtime    Last Run               Last # of DB Queries
----------------------------------  -----  ---------  --------  ----------  --------------  -------------------  ----------------------
/opt/airflow/dags/spark_airflow.py                           1           0  0.14s           2024-12-16T01:28:19                      11
================================================================================
[2024-12-16T01:28:29.858+0000] {manager.py:821} INFO - Searching for files in /opt/airflow/dags
[2024-12-16T01:28:29.877+0000] {manager.py:824} INFO - There are 1 files in /opt/airflow/dags
[2024-12-16T01:28:35.511+0000] {manager.py:821} INFO - Searching for files in /opt/airflow/dags
[2024-12-16T01:28:35.534+0000] {manager.py:824} INFO - There are 1 files in /opt/airflow/dags
[2024-12-16T01:28:40.990+0000] {manager.py:997} INFO - 
================================================================================
DAG File Processing Stats

File Path                           PID    Runtime      # DAGs    # Errors  Last Runtime    Last Run               Last # of DB Queries
----------------------------------  -----  ---------  --------  ----------  --------------  -------------------  ----------------------
/opt/airflow/dags/spark_airflow.py                           1           0  0.14s           2024-12-16T01:28:30                      11
================================================================================
[2024-12-16T01:28:54.697+0000] {manager.py:997} INFO - 
================================================================================
DAG File Processing Stats

File Path                           PID    Runtime      # DAGs    # Errors  Last Runtime    Last Run               Last # of DB Queries
----------------------------------  -----  ---------  --------  ----------  --------------  -------------------  ----------------------
/opt/airflow/dags/spark_airflow.py                           1           0  0.16s           2024-12-16T01:28:29                      11
================================================================================
[2024-12-16T01:29:11.308+0000] {manager.py:997} INFO - 
================================================================================
DAG File Processing Stats

File Path                           PID    Runtime      # DAGs    # Errors  Last Runtime    Last Run               Last # of DB Queries
----------------------------------  -----  ---------  --------  ----------  --------------  -------------------  ----------------------
/opt/airflow/dags/spark_airflow.py                           1           0  0.14s           2024-12-16T01:29:00                      12
================================================================================
[2024-12-16T01:29:24.925+0000] {manager.py:997} INFO - 
================================================================================
DAG File Processing Stats

File Path                           PID    Runtime      # DAGs    # Errors  Last Runtime    Last Run               Last # of DB Queries
----------------------------------  -----  ---------  --------  ----------  --------------  -------------------  ----------------------
/opt/airflow/dags/spark_airflow.py                           1           0  0.14s           2024-12-16T01:28:59                      12
================================================================================
[2024-12-16T01:29:41.610+0000] {manager.py:997} INFO - 
================================================================================
DAG File Processing Stats

File Path                           PID    Runtime      # DAGs    # Errors  Last Runtime    Last Run               Last # of DB Queries
----------------------------------  -----  ---------  --------  ----------  --------------  -------------------  ----------------------
/opt/airflow/dags/spark_airflow.py                           1           0  0.12s           2024-12-16T01:29:30                      12
================================================================================
[2024-12-16T01:29:55.272+0000] {manager.py:997} INFO - 
================================================================================
DAG File Processing Stats

File Path                           PID    Runtime      # DAGs    # Errors  Last Runtime    Last Run               Last # of DB Queries
----------------------------------  -----  ---------  --------  ----------  --------------  -------------------  ----------------------
/opt/airflow/dags/spark_airflow.py                           1           0  0.15s           2024-12-16T01:29:30                      12
================================================================================
[2024-12-16T01:30:11.854+0000] {manager.py:997} INFO - 
================================================================================
DAG File Processing Stats

File Path                           PID    Runtime      # DAGs    # Errors  Last Runtime    Last Run               Last # of DB Queries
----------------------------------  -----  ---------  --------  ----------  --------------  -------------------  ----------------------
/opt/airflow/dags/spark_airflow.py                           1           0  0.13s           2024-12-16T01:30:00                      12
================================================================================
[2024-12-16T01:30:25.575+0000] {manager.py:997} INFO - 
================================================================================
DAG File Processing Stats

File Path                           PID    Runtime      # DAGs    # Errors  Last Runtime    Last Run               Last # of DB Queries
----------------------------------  -----  ---------  --------  ----------  --------------  -------------------  ----------------------
/opt/airflow/dags/spark_airflow.py                           1           0  0.14s           2024-12-16T01:30:00                      12
================================================================================
[2024-12-16T01:30:42.200+0000] {manager.py:997} INFO - 
================================================================================
DAG File Processing Stats

File Path                           PID    Runtime      # DAGs    # Errors  Last Runtime    Last Run               Last # of DB Queries
----------------------------------  -----  ---------  --------  ----------  --------------  -------------------  ----------------------
/opt/airflow/dags/spark_airflow.py                           1           0  0.13s           2024-12-16T01:30:31                      12
================================================================================
[2024-12-16T01:30:55.941+0000] {manager.py:997} INFO - 
================================================================================
DAG File Processing Stats

File Path                           PID    Runtime      # DAGs    # Errors  Last Runtime    Last Run               Last # of DB Queries
----------------------------------  -----  ---------  --------  ----------  --------------  -------------------  ----------------------
/opt/airflow/dags/spark_airflow.py                           1           0  0.12s           2024-12-16T01:30:30                      12
================================================================================
[2024-12-16T01:31:12.519+0000] {manager.py:997} INFO - 
================================================================================
DAG File Processing Stats

File Path                           PID    Runtime      # DAGs    # Errors  Last Runtime    Last Run               Last # of DB Queries
----------------------------------  -----  ---------  --------  ----------  --------------  -------------------  ----------------------
/opt/airflow/dags/spark_airflow.py                           1           0  0.11s           2024-12-16T01:31:01                      12
================================================================================
[2024-12-16T01:31:26.242+0000] {manager.py:997} INFO - 
================================================================================
DAG File Processing Stats

File Path                           PID    Runtime      # DAGs    # Errors  Last Runtime    Last Run               Last # of DB Queries
----------------------------------  -----  ---------  --------  ----------  --------------  -------------------  ----------------------
/opt/airflow/dags/spark_airflow.py                           1           0  0.11s           2024-12-16T01:31:01                      12
================================================================================
[2024-12-16T01:31:42.812+0000] {manager.py:997} INFO - 
================================================================================
DAG File Processing Stats

File Path                           PID    Runtime      # DAGs    # Errors  Last Runtime    Last Run               Last # of DB Queries
----------------------------------  -----  ---------  --------  ----------  --------------  -------------------  ----------------------
/opt/airflow/dags/spark_airflow.py                           1           0  0.11s           2024-12-16T01:31:31                      12
================================================================================
[2024-12-16T01:31:56.577+0000] {manager.py:997} INFO - 
================================================================================
DAG File Processing Stats

File Path                           PID    Runtime      # DAGs    # Errors  Last Runtime    Last Run               Last # of DB Queries
----------------------------------  -----  ---------  --------  ----------  --------------  -------------------  ----------------------
/opt/airflow/dags/spark_airflow.py                           1           0  0.12s           2024-12-16T01:31:31                      12
================================================================================
[2024-12-16T01:32:13.220+0000] {manager.py:997} INFO - 
================================================================================
DAG File Processing Stats

File Path                           PID    Runtime      # DAGs    # Errors  Last Runtime    Last Run               Last # of DB Queries
----------------------------------  -----  ---------  --------  ----------  --------------  -------------------  ----------------------
/opt/airflow/dags/spark_airflow.py                           1           0  0.12s           2024-12-16T01:32:02                      12
================================================================================
[2024-12-16T01:32:26.889+0000] {manager.py:997} INFO - 
================================================================================
DAG File Processing Stats

File Path                           PID    Runtime      # DAGs    # Errors  Last Runtime    Last Run               Last # of DB Queries
----------------------------------  -----  ---------  --------  ----------  --------------  -------------------  ----------------------
/opt/airflow/dags/spark_airflow.py                           1           0  0.11s           2024-12-16T01:32:01                      12
================================================================================
[2024-12-16T01:32:43.533+0000] {manager.py:997} INFO - 
================================================================================
DAG File Processing Stats

File Path                           PID    Runtime      # DAGs    # Errors  Last Runtime    Last Run               Last # of DB Queries
----------------------------------  -----  ---------  --------  ----------  --------------  -------------------  ----------------------
/opt/airflow/dags/spark_airflow.py                           1           0  0.11s           2024-12-16T01:32:32                      12
================================================================================
[2024-12-16T01:32:57.216+0000] {manager.py:997} INFO - 
================================================================================
DAG File Processing Stats

File Path                           PID    Runtime      # DAGs    # Errors  Last Runtime    Last Run               Last # of DB Queries
----------------------------------  -----  ---------  --------  ----------  --------------  -------------------  ----------------------
/opt/airflow/dags/spark_airflow.py                           1           0  0.12s           2024-12-16T01:32:32                      12
================================================================================
[2024-12-16T01:33:13.911+0000] {manager.py:997} INFO - 
================================================================================
DAG File Processing Stats

File Path                           PID    Runtime      # DAGs    # Errors  Last Runtime    Last Run               Last # of DB Queries
----------------------------------  -----  ---------  --------  ----------  --------------  -------------------  ----------------------
/opt/airflow/dags/spark_airflow.py                           1           0  0.10s           2024-12-16T01:33:02                      12
================================================================================
[2024-12-16T01:33:27.482+0000] {manager.py:997} INFO - 
================================================================================
DAG File Processing Stats

File Path                           PID    Runtime      # DAGs    # Errors  Last Runtime    Last Run               Last # of DB Queries
----------------------------------  -----  ---------  --------  ----------  --------------  -------------------  ----------------------
/opt/airflow/dags/spark_airflow.py                           1           0  0.12s           2024-12-16T01:33:02                      12
================================================================================
[2024-12-16T01:33:30.061+0000] {manager.py:821} INFO - Searching for files in /opt/airflow/dags
[2024-12-16T01:33:30.084+0000] {manager.py:824} INFO - There are 1 files in /opt/airflow/dags
[2024-12-16T01:33:35.652+0000] {manager.py:821} INFO - Searching for files in /opt/airflow/dags
[2024-12-16T01:33:35.664+0000] {manager.py:824} INFO - There are 1 files in /opt/airflow/dags
[2024-12-16T01:33:44.257+0000] {manager.py:997} INFO - 
================================================================================
DAG File Processing Stats

File Path                           PID    Runtime      # DAGs    # Errors  Last Runtime    Last Run               Last # of DB Queries
----------------------------------  -----  ---------  --------  ----------  --------------  -------------------  ----------------------
/opt/airflow/dags/spark_airflow.py                           1           0  0.11s           2024-12-16T01:33:33                      12
================================================================================
[2024-12-16T01:33:57.894+0000] {manager.py:997} INFO - 
================================================================================
DAG File Processing Stats

File Path                           PID    Runtime      # DAGs    # Errors  Last Runtime    Last Run               Last # of DB Queries
----------------------------------  -----  ---------  --------  ----------  --------------  -------------------  ----------------------
/opt/airflow/dags/spark_airflow.py                           1           0  0.12s           2024-12-16T01:33:32                      12
================================================================================
[2024-12-16T01:34:14.610+0000] {manager.py:997} INFO - 
================================================================================
DAG File Processing Stats

File Path                           PID    Runtime      # DAGs    # Errors  Last Runtime    Last Run               Last # of DB Queries
----------------------------------  -----  ---------  --------  ----------  --------------  -------------------  ----------------------
/opt/airflow/dags/spark_airflow.py                           1           0  0.12s           2024-12-16T01:34:03                      12
================================================================================
[2024-12-16T01:34:28.231+0000] {manager.py:997} INFO - 
================================================================================
DAG File Processing Stats

File Path                           PID    Runtime      # DAGs    # Errors  Last Runtime    Last Run               Last # of DB Queries
----------------------------------  -----  ---------  --------  ----------  --------------  -------------------  ----------------------
/opt/airflow/dags/spark_airflow.py                           1           0  0.11s           2024-12-16T01:34:03                      12
================================================================================
[2024-12-16T01:34:44.928+0000] {manager.py:997} INFO - 
================================================================================
DAG File Processing Stats

File Path                           PID    Runtime      # DAGs    # Errors  Last Runtime    Last Run               Last # of DB Queries
----------------------------------  -----  ---------  --------  ----------  --------------  -------------------  ----------------------
/opt/airflow/dags/spark_airflow.py                           1           0  0.11s           2024-12-16T01:34:33                      12
================================================================================
[2024-12-16T01:34:58.572+0000] {manager.py:997} INFO - 
================================================================================
DAG File Processing Stats

File Path                           PID    Runtime      # DAGs    # Errors  Last Runtime    Last Run               Last # of DB Queries
----------------------------------  -----  ---------  --------  ----------  --------------  -------------------  ----------------------
/opt/airflow/dags/spark_airflow.py                           1           0  0.12s           2024-12-16T01:34:33                      12
================================================================================
[2024-12-16T01:35:15.278+0000] {manager.py:997} INFO - 
================================================================================
DAG File Processing Stats

File Path                           PID    Runtime      # DAGs    # Errors  Last Runtime    Last Run               Last # of DB Queries
----------------------------------  -----  ---------  --------  ----------  --------------  -------------------  ----------------------
/opt/airflow/dags/spark_airflow.py                           1           0  0.10s           2024-12-16T01:35:04                      12
================================================================================
[2024-12-16T01:35:28.884+0000] {manager.py:997} INFO - 
================================================================================
DAG File Processing Stats

File Path                           PID    Runtime      # DAGs    # Errors  Last Runtime    Last Run               Last # of DB Queries
----------------------------------  -----  ---------  --------  ----------  --------------  -------------------  ----------------------
/opt/airflow/dags/spark_airflow.py                           1           0  0.11s           2024-12-16T01:35:03                      12
================================================================================
[2024-12-16T01:35:45.577+0000] {manager.py:997} INFO - 
================================================================================
DAG File Processing Stats

File Path                           PID    Runtime      # DAGs    # Errors  Last Runtime    Last Run               Last # of DB Queries
----------------------------------  -----  ---------  --------  ----------  --------------  -------------------  ----------------------
/opt/airflow/dags/spark_airflow.py                           1           0  0.11s           2024-12-16T01:35:34                      12
================================================================================
[2024-12-16T01:35:59.217+0000] {manager.py:997} INFO - 
================================================================================
DAG File Processing Stats

File Path                           PID    Runtime      # DAGs    # Errors  Last Runtime    Last Run               Last # of DB Queries
----------------------------------  -----  ---------  --------  ----------  --------------  -------------------  ----------------------
/opt/airflow/dags/spark_airflow.py                           1           0  0.10s           2024-12-16T01:35:34                      12
================================================================================
[2024-12-16T01:36:15.905+0000] {manager.py:997} INFO - 
================================================================================
DAG File Processing Stats

File Path                           PID    Runtime      # DAGs    # Errors  Last Runtime    Last Run               Last # of DB Queries
----------------------------------  -----  ---------  --------  ----------  --------------  -------------------  ----------------------
/opt/airflow/dags/spark_airflow.py                           1           0  0.13s           2024-12-16T01:36:04                      12
================================================================================
[2024-12-16T01:36:29.474+0000] {manager.py:997} INFO - 
================================================================================
DAG File Processing Stats

File Path                           PID    Runtime      # DAGs    # Errors  Last Runtime    Last Run               Last # of DB Queries
----------------------------------  -----  ---------  --------  ----------  --------------  -------------------  ----------------------
/opt/airflow/dags/spark_airflow.py                           1           0  0.11s           2024-12-16T01:36:04                      12
================================================================================
[2024-12-16T01:36:46.196+0000] {manager.py:997} INFO - 
================================================================================
DAG File Processing Stats

File Path                           PID    Runtime      # DAGs    # Errors  Last Runtime    Last Run               Last # of DB Queries
----------------------------------  -----  ---------  --------  ----------  --------------  -------------------  ----------------------
/opt/airflow/dags/spark_airflow.py                           1           0  0.10s           2024-12-16T01:36:35                      12
================================================================================
[2024-12-16T01:36:59.744+0000] {manager.py:997} INFO - 
================================================================================
DAG File Processing Stats

File Path                           PID    Runtime      # DAGs    # Errors  Last Runtime    Last Run               Last # of DB Queries
----------------------------------  -----  ---------  --------  ----------  --------------  -------------------  ----------------------
/opt/airflow/dags/spark_airflow.py                           1           0  0.10s           2024-12-16T01:36:34                      12
================================================================================
[2024-12-16T01:37:16.507+0000] {manager.py:997} INFO - 
================================================================================
DAG File Processing Stats

File Path                           PID    Runtime      # DAGs    # Errors  Last Runtime    Last Run               Last # of DB Queries
----------------------------------  -----  ---------  --------  ----------  --------------  -------------------  ----------------------
/opt/airflow/dags/spark_airflow.py                           1           0  0.12s           2024-12-16T01:37:05                      12
================================================================================
[2024-12-16T01:37:30.101+0000] {manager.py:997} INFO - 
================================================================================
DAG File Processing Stats

File Path                           PID    Runtime      # DAGs    # Errors  Last Runtime    Last Run               Last # of DB Queries
----------------------------------  -----  ---------  --------  ----------  --------------  -------------------  ----------------------
/opt/airflow/dags/spark_airflow.py                           1           0  0.12s           2024-12-16T01:37:04                      12
================================================================================
[2024-12-16T01:37:46.829+0000] {manager.py:997} INFO - 
================================================================================
DAG File Processing Stats

File Path                           PID    Runtime      # DAGs    # Errors  Last Runtime    Last Run               Last # of DB Queries
----------------------------------  -----  ---------  --------  ----------  --------------  -------------------  ----------------------
/opt/airflow/dags/spark_airflow.py                           1           0  0.10s           2024-12-16T01:37:35                      12
================================================================================
[2024-12-16T01:38:00.346+0000] {manager.py:997} INFO - 
================================================================================
DAG File Processing Stats

File Path                           PID    Runtime      # DAGs    # Errors  Last Runtime    Last Run               Last # of DB Queries
----------------------------------  -----  ---------  --------  ----------  --------------  -------------------  ----------------------
/opt/airflow/dags/spark_airflow.py                           1           0  0.11s           2024-12-16T01:37:35                      12
================================================================================
[2024-12-16T01:38:17.093+0000] {manager.py:997} INFO - 
================================================================================
DAG File Processing Stats

File Path                           PID    Runtime      # DAGs    # Errors  Last Runtime    Last Run               Last # of DB Queries
----------------------------------  -----  ---------  --------  ----------  --------------  -------------------  ----------------------
/opt/airflow/dags/spark_airflow.py                           1           0  0.11s           2024-12-16T01:38:06                      12
================================================================================
[2024-12-16T01:38:30.176+0000] {manager.py:821} INFO - Searching for files in /opt/airflow/dags
[2024-12-16T01:38:30.198+0000] {manager.py:824} INFO - There are 1 files in /opt/airflow/dags
[2024-12-16T01:38:30.611+0000] {manager.py:997} INFO - 
================================================================================
DAG File Processing Stats

File Path                           PID    Runtime      # DAGs    # Errors  Last Runtime    Last Run               Last # of DB Queries
----------------------------------  -----  ---------  --------  ----------  --------------  -------------------  ----------------------
/opt/airflow/dags/spark_airflow.py                           1           0  0.12s           2024-12-16T01:38:05                      12
================================================================================
[2024-12-16T01:38:35.680+0000] {manager.py:821} INFO - Searching for files in /opt/airflow/dags
[2024-12-16T01:38:35.695+0000] {manager.py:824} INFO - There are 1 files in /opt/airflow/dags
[2024-12-16T01:38:47.356+0000] {manager.py:997} INFO - 
================================================================================
DAG File Processing Stats

File Path                           PID    Runtime      # DAGs    # Errors  Last Runtime    Last Run               Last # of DB Queries
----------------------------------  -----  ---------  --------  ----------  --------------  -------------------  ----------------------
/opt/airflow/dags/spark_airflow.py                           1           0  0.11s           2024-12-16T01:38:36                      12
================================================================================
[2024-12-16T01:39:00.866+0000] {manager.py:997} INFO - 
================================================================================
DAG File Processing Stats

File Path                           PID    Runtime      # DAGs    # Errors  Last Runtime    Last Run               Last # of DB Queries
----------------------------------  -----  ---------  --------  ----------  --------------  -------------------  ----------------------
/opt/airflow/dags/spark_airflow.py                           1           0  0.12s           2024-12-16T01:38:35                      12
================================================================================
[2024-12-16T01:39:17.621+0000] {manager.py:997} INFO - 
================================================================================
DAG File Processing Stats

File Path                           PID    Runtime      # DAGs    # Errors  Last Runtime    Last Run               Last # of DB Queries
----------------------------------  -----  ---------  --------  ----------  --------------  -------------------  ----------------------
/opt/airflow/dags/spark_airflow.py                           1           0  0.11s           2024-12-16T01:39:06                      12
================================================================================
[2024-12-16T01:39:31.077+0000] {manager.py:997} INFO - 
================================================================================
DAG File Processing Stats

File Path                           PID    Runtime      # DAGs    # Errors  Last Runtime    Last Run               Last # of DB Queries
----------------------------------  -----  ---------  --------  ----------  --------------  -------------------  ----------------------
/opt/airflow/dags/spark_airflow.py                           1           0  0.12s           2024-12-16T01:39:06                      12
================================================================================
[2024-12-16T01:39:47.889+0000] {manager.py:997} INFO - 
================================================================================
DAG File Processing Stats

File Path                           PID    Runtime      # DAGs    # Errors  Last Runtime    Last Run               Last # of DB Queries
----------------------------------  -----  ---------  --------  ----------  --------------  -------------------  ----------------------
/opt/airflow/dags/spark_airflow.py                           1           0  0.13s           2024-12-16T01:39:36                      12
================================================================================
[2024-12-16T01:40:01.375+0000] {manager.py:997} INFO - 
================================================================================
DAG File Processing Stats

File Path                           PID    Runtime      # DAGs    # Errors  Last Runtime    Last Run               Last # of DB Queries
----------------------------------  -----  ---------  --------  ----------  --------------  -------------------  ----------------------
/opt/airflow/dags/spark_airflow.py                           1           0  0.16s           2024-12-16T01:39:36                      12
================================================================================
[2024-12-16T01:40:18.221+0000] {manager.py:997} INFO - 
================================================================================
DAG File Processing Stats

File Path                           PID    Runtime      # DAGs    # Errors  Last Runtime    Last Run               Last # of DB Queries
----------------------------------  -----  ---------  --------  ----------  --------------  -------------------  ----------------------
/opt/airflow/dags/spark_airflow.py                           1           0  0.16s           2024-12-16T01:40:07                      12
================================================================================
[2024-12-16T01:40:31.969+0000] {manager.py:997} INFO - 
================================================================================
DAG File Processing Stats

File Path                           PID    Runtime      # DAGs    # Errors  Last Runtime    Last Run               Last # of DB Queries
----------------------------------  -----  ---------  --------  ----------  --------------  -------------------  ----------------------
/opt/airflow/dags/spark_airflow.py                           1           0  0.16s           2024-12-16T01:40:06                      12
================================================================================
[2024-12-16T03:25:08.081+0000] {manager.py:821} INFO - Searching for files in /opt/airflow/dags
[2024-12-16T03:25:08.131+0000] {manager.py:824} INFO - There are 1 files in /opt/airflow/dags
[2024-12-16T03:25:08.454+0000] {manager.py:821} INFO - Searching for files in /opt/airflow/dags
[2024-12-16T03:25:08.489+0000] {manager.py:824} INFO - There are 1 files in /opt/airflow/dags
[2024-12-16T03:25:22.550+0000] {manager.py:997} INFO - 
================================================================================
DAG File Processing Stats

File Path                           PID    Runtime      # DAGs    # Errors  Last Runtime    Last Run               Last # of DB Queries
----------------------------------  -----  ---------  --------  ----------  --------------  -------------------  ----------------------
/opt/airflow/dags/spark_airflow.py                           1           0  0.17s           2024-12-16T03:25:08                      12
================================================================================
[2024-12-16T03:25:35.535+0000] {manager.py:997} INFO - 
================================================================================
DAG File Processing Stats

File Path                           PID    Runtime      # DAGs    # Errors  Last Runtime    Last Run               Last # of DB Queries
----------------------------------  -----  ---------  --------  ----------  --------------  -------------------  ----------------------
/opt/airflow/dags/spark_airflow.py                           1           0  0.53s           2024-12-16T03:25:09                      12
================================================================================
[2024-12-16T03:25:52.891+0000] {manager.py:997} INFO - 
================================================================================
DAG File Processing Stats

File Path                           PID    Runtime      # DAGs    # Errors  Last Runtime    Last Run               Last # of DB Queries
----------------------------------  -----  ---------  --------  ----------  --------------  -------------------  ----------------------
/opt/airflow/dags/spark_airflow.py                           1           0  0.18s           2024-12-16T03:25:38                      12
================================================================================
[2024-12-16T03:26:06.349+0000] {manager.py:997} INFO - 
================================================================================
DAG File Processing Stats

File Path                           PID    Runtime      # DAGs    # Errors  Last Runtime    Last Run               Last # of DB Queries
----------------------------------  -----  ---------  --------  ----------  --------------  -------------------  ----------------------
/opt/airflow/dags/spark_airflow.py                           1           0  0.17s           2024-12-16T03:25:39                      12
================================================================================
[2024-12-16T03:26:23.269+0000] {manager.py:997} INFO - 
================================================================================
DAG File Processing Stats

File Path                           PID    Runtime      # DAGs    # Errors  Last Runtime    Last Run               Last # of DB Queries
----------------------------------  -----  ---------  --------  ----------  --------------  -------------------  ----------------------
/opt/airflow/dags/spark_airflow.py                           1           0  0.17s           2024-12-16T03:26:09                      12
================================================================================
[2024-12-16T03:26:36.743+0000] {manager.py:997} INFO - 
================================================================================
DAG File Processing Stats

File Path                             PID  Runtime      # DAGs    # Errors  Last Runtime    Last Run               Last # of DB Queries
----------------------------------  -----  ---------  --------  ----------  --------------  -------------------  ----------------------
/opt/airflow/dags/spark_airflow.py   1268  0.00s             1           0  0.15s           2024-12-16T03:26:27                      12
================================================================================
[2024-12-16T03:26:53.315+0000] {manager.py:997} INFO - 
================================================================================
DAG File Processing Stats

File Path                           PID    Runtime      # DAGs    # Errors  Last Runtime    Last Run               Last # of DB Queries
----------------------------------  -----  ---------  --------  ----------  --------------  -------------------  ----------------------
/opt/airflow/dags/spark_airflow.py                           0           1  0.10s           2024-12-16T03:26:53                       5
================================================================================
[2024-12-16T03:27:06.771+0000] {manager.py:997} INFO - 
================================================================================
DAG File Processing Stats

File Path                           PID    Runtime      # DAGs    # Errors  Last Runtime    Last Run               Last # of DB Queries
----------------------------------  -----  ---------  --------  ----------  --------------  -------------------  ----------------------
/opt/airflow/dags/spark_airflow.py                           0           1  0.09s           2024-12-16T03:27:05                       5
================================================================================
[2024-12-16T03:27:24.104+0000] {manager.py:997} INFO - 
================================================================================
DAG File Processing Stats

File Path                           PID    Runtime      # DAGs    # Errors  Last Runtime    Last Run               Last # of DB Queries
----------------------------------  -----  ---------  --------  ----------  --------------  -------------------  ----------------------
/opt/airflow/dags/spark_airflow.py                           0           1  0.12s           2024-12-16T03:27:18                       5
================================================================================
[2024-12-16T03:27:37.192+0000] {manager.py:997} INFO - 
================================================================================
DAG File Processing Stats

File Path                           PID    Runtime      # DAGs    # Errors  Last Runtime    Last Run               Last # of DB Queries
----------------------------------  -----  ---------  --------  ----------  --------------  -------------------  ----------------------
/opt/airflow/dags/spark_airflow.py                           0           1  0.12s           2024-12-16T03:27:18                       5
================================================================================
[2024-12-16T03:27:54.392+0000] {manager.py:997} INFO - 
================================================================================
DAG File Processing Stats

File Path                           PID    Runtime      # DAGs    # Errors  Last Runtime    Last Run               Last # of DB Queries
----------------------------------  -----  ---------  --------  ----------  --------------  -------------------  ----------------------
/opt/airflow/dags/spark_airflow.py                           0           1  0.09s           2024-12-16T03:27:48                       5
================================================================================
[2024-12-16T03:28:07.483+0000] {manager.py:997} INFO - 
================================================================================
DAG File Processing Stats

File Path                           PID    Runtime      # DAGs    # Errors  Last Runtime    Last Run               Last # of DB Queries
----------------------------------  -----  ---------  --------  ----------  --------------  -------------------  ----------------------
/opt/airflow/dags/spark_airflow.py                           0           1  0.09s           2024-12-16T03:27:48                       5
================================================================================
[2024-12-16T03:28:24.640+0000] {manager.py:997} INFO - 
================================================================================
DAG File Processing Stats

File Path                           PID    Runtime      # DAGs    # Errors  Last Runtime    Last Run               Last # of DB Queries
----------------------------------  -----  ---------  --------  ----------  --------------  -------------------  ----------------------
/opt/airflow/dags/spark_airflow.py                           0           1  0.09s           2024-12-16T03:28:18                       5
================================================================================
[2024-12-16T03:28:37.750+0000] {manager.py:997} INFO - 
================================================================================
DAG File Processing Stats

File Path                           PID    Runtime      # DAGs    # Errors  Last Runtime    Last Run               Last # of DB Queries
----------------------------------  -----  ---------  --------  ----------  --------------  -------------------  ----------------------
/opt/airflow/dags/spark_airflow.py                           0           1  0.08s           2024-12-16T03:28:18                       5
================================================================================
[2024-12-16T03:28:54.911+0000] {manager.py:997} INFO - 
================================================================================
DAG File Processing Stats

File Path                           PID    Runtime      # DAGs    # Errors  Last Runtime    Last Run               Last # of DB Queries
----------------------------------  -----  ---------  --------  ----------  --------------  -------------------  ----------------------
/opt/airflow/dags/spark_airflow.py                           0           1  0.08s           2024-12-16T03:28:48                       5
================================================================================
[2024-12-16T03:29:07.996+0000] {manager.py:997} INFO - 
================================================================================
DAG File Processing Stats

File Path                           PID    Runtime      # DAGs    # Errors  Last Runtime    Last Run               Last # of DB Queries
----------------------------------  -----  ---------  --------  ----------  --------------  -------------------  ----------------------
/opt/airflow/dags/spark_airflow.py                           0           1  0.08s           2024-12-16T03:28:48                       5
================================================================================
[2024-12-16T03:29:25.297+0000] {manager.py:997} INFO - 
================================================================================
DAG File Processing Stats

File Path                             PID  Runtime      # DAGs    # Errors  Last Runtime    Last Run               Last # of DB Queries
----------------------------------  -----  ---------  --------  ----------  --------------  -------------------  ----------------------
/opt/airflow/dags/spark_airflow.py   1486  0.01s             0           1  0.11s           2024-12-16T03:29:21                       5
================================================================================
[2024-12-16T03:29:38.492+0000] {manager.py:997} INFO - 
================================================================================
DAG File Processing Stats

File Path                           PID    Runtime      # DAGs    # Errors  Last Runtime    Last Run               Last # of DB Queries
----------------------------------  -----  ---------  --------  ----------  --------------  -------------------  ----------------------
/opt/airflow/dags/spark_airflow.py                           0           1  0.10s           2024-12-16T03:29:29                       5
================================================================================
[2024-12-16T03:29:55.662+0000] {manager.py:997} INFO - 
================================================================================
DAG File Processing Stats

File Path                           PID    Runtime      # DAGs    # Errors  Last Runtime    Last Run               Last # of DB Queries
----------------------------------  -----  ---------  --------  ----------  --------------  -------------------  ----------------------
/opt/airflow/dags/spark_airflow.py                           0           1  0.11s           2024-12-16T03:29:42                       5
================================================================================
[2024-12-16T03:30:08.762+0000] {manager.py:821} INFO - Searching for files in /opt/airflow/dags
[2024-12-16T03:30:08.762+0000] {manager.py:821} INFO - Searching for files in /opt/airflow/dags
[2024-12-16T03:30:08.774+0000] {manager.py:824} INFO - There are 1 files in /opt/airflow/dags
[2024-12-16T03:30:08.774+0000] {manager.py:824} INFO - There are 1 files in /opt/airflow/dags
[2024-12-16T03:30:08.787+0000] {manager.py:997} INFO - 
================================================================================
DAG File Processing Stats

File Path                           PID    Runtime      # DAGs    # Errors  Last Runtime    Last Run               Last # of DB Queries
----------------------------------  -----  ---------  --------  ----------  --------------  -------------------  ----------------------
/opt/airflow/dags/spark_airflow.py                           0           1  0.11s           2024-12-16T03:29:42                       5
================================================================================
[2024-12-16T03:30:25.966+0000] {manager.py:997} INFO - 
================================================================================
DAG File Processing Stats

File Path                           PID    Runtime      # DAGs    # Errors  Last Runtime    Last Run               Last # of DB Queries
----------------------------------  -----  ---------  --------  ----------  --------------  -------------------  ----------------------
/opt/airflow/dags/spark_airflow.py                           0           1  0.07s           2024-12-16T03:30:12                       5
================================================================================
[2024-12-16T03:30:39.210+0000] {manager.py:997} INFO - 
================================================================================
DAG File Processing Stats

File Path                           PID    Runtime      # DAGs    # Errors  Last Runtime    Last Run               Last # of DB Queries
----------------------------------  -----  ---------  --------  ----------  --------------  -------------------  ----------------------
/opt/airflow/dags/spark_airflow.py                           0           1  0.09s           2024-12-16T03:30:34                       5
================================================================================
[2024-12-16T03:30:56.419+0000] {manager.py:997} INFO - 
================================================================================
DAG File Processing Stats

File Path                           PID    Runtime      # DAGs    # Errors  Last Runtime    Last Run               Last # of DB Queries
----------------------------------  -----  ---------  --------  ----------  --------------  -------------------  ----------------------
/opt/airflow/dags/spark_airflow.py                           0           1  0.10s           2024-12-16T03:30:45                       5
================================================================================
[2024-12-16T03:31:09.569+0000] {manager.py:997} INFO - 
================================================================================
DAG File Processing Stats

File Path                           PID    Runtime      # DAGs    # Errors  Last Runtime    Last Run               Last # of DB Queries
----------------------------------  -----  ---------  --------  ----------  --------------  -------------------  ----------------------
/opt/airflow/dags/spark_airflow.py                           0           1  0.08s           2024-12-16T03:31:04                       5
================================================================================
[2024-12-16T03:31:26.842+0000] {manager.py:997} INFO - 
================================================================================
DAG File Processing Stats

File Path                           PID    Runtime      # DAGs    # Errors  Last Runtime    Last Run               Last # of DB Queries
----------------------------------  -----  ---------  --------  ----------  --------------  -------------------  ----------------------
/opt/airflow/dags/spark_airflow.py                           0           1  0.10s           2024-12-16T03:31:19                       5
================================================================================
[2024-12-16T03:31:34.497+0000] {manager.py:1146} ERROR - Processor for /opt/airflow/dags/spark_airflow.py exited with return code 1.
[2024-12-16T03:31:40.030+0000] {manager.py:997} INFO - 
================================================================================
DAG File Processing Stats

File Path                           PID    Runtime      # DAGs    # Errors  Last Runtime    Last Run               Last # of DB Queries
----------------------------------  -----  ---------  --------  ----------  --------------  -------------------  ----------------------
/opt/airflow/dags/spark_airflow.py                           0          -1  0.56s           2024-12-16T03:31:34                       0
================================================================================
[2024-12-16T03:31:57.163+0000] {manager.py:997} INFO - 
================================================================================
DAG File Processing Stats

File Path                           PID    Runtime      # DAGs    # Errors  Last Runtime    Last Run               Last # of DB Queries
----------------------------------  -----  ---------  --------  ----------  --------------  -------------------  ----------------------
/opt/airflow/dags/spark_airflow.py                           1           0  0.24s           2024-12-16T03:31:34                      34
================================================================================
[2024-12-16T03:32:10.840+0000] {manager.py:997} INFO - 
================================================================================
DAG File Processing Stats

File Path                           PID    Runtime      # DAGs    # Errors  Last Runtime    Last Run               Last # of DB Queries
----------------------------------  -----  ---------  --------  ----------  --------------  -------------------  ----------------------
/opt/airflow/dags/spark_airflow.py                           1           0  0.16s           2024-12-16T03:32:04                      12
================================================================================
[2024-12-16T03:32:27.405+0000] {manager.py:997} INFO - 
================================================================================
DAG File Processing Stats

File Path                           PID    Runtime      # DAGs    # Errors  Last Runtime    Last Run               Last # of DB Queries
----------------------------------  -----  ---------  --------  ----------  --------------  -------------------  ----------------------
/opt/airflow/dags/spark_airflow.py                           1           0  0.13s           2024-12-16T03:32:04                      12
================================================================================
[2024-12-16T03:32:41.077+0000] {manager.py:997} INFO - 
================================================================================
DAG File Processing Stats

File Path                           PID    Runtime      # DAGs    # Errors  Last Runtime    Last Run               Last # of DB Queries
----------------------------------  -----  ---------  --------  ----------  --------------  -------------------  ----------------------
/opt/airflow/dags/spark_airflow.py                           1           0  0.11s           2024-12-16T03:32:35                      12
================================================================================
[2024-12-16T03:32:57.754+0000] {manager.py:997} INFO - 
================================================================================
DAG File Processing Stats

File Path                           PID    Runtime      # DAGs    # Errors  Last Runtime    Last Run               Last # of DB Queries
----------------------------------  -----  ---------  --------  ----------  --------------  -------------------  ----------------------
/opt/airflow/dags/spark_airflow.py                           1           0  0.13s           2024-12-16T03:32:34                      12
================================================================================
[2024-12-16T03:33:11.413+0000] {manager.py:997} INFO - 
================================================================================
DAG File Processing Stats

File Path                           PID    Runtime      # DAGs    # Errors  Last Runtime    Last Run               Last # of DB Queries
----------------------------------  -----  ---------  --------  ----------  --------------  -------------------  ----------------------
/opt/airflow/dags/spark_airflow.py                           1           0  0.12s           2024-12-16T03:33:05                      12
================================================================================
[2024-12-16T03:33:28.037+0000] {manager.py:997} INFO - 
================================================================================
DAG File Processing Stats

File Path                           PID    Runtime      # DAGs    # Errors  Last Runtime    Last Run               Last # of DB Queries
----------------------------------  -----  ---------  --------  ----------  --------------  -------------------  ----------------------
/opt/airflow/dags/spark_airflow.py                           1           0  0.12s           2024-12-16T03:33:04                      12
================================================================================
[2024-12-16T03:33:41.691+0000] {manager.py:997} INFO - 
================================================================================
DAG File Processing Stats

File Path                           PID    Runtime      # DAGs    # Errors  Last Runtime    Last Run               Last # of DB Queries
----------------------------------  -----  ---------  --------  ----------  --------------  -------------------  ----------------------
/opt/airflow/dags/spark_airflow.py                           1           0  0.12s           2024-12-16T03:33:35                      12
================================================================================
[2024-12-16T03:33:58.363+0000] {manager.py:997} INFO - 
================================================================================
DAG File Processing Stats

File Path                           PID    Runtime      # DAGs    # Errors  Last Runtime    Last Run               Last # of DB Queries
----------------------------------  -----  ---------  --------  ----------  --------------  -------------------  ----------------------
/opt/airflow/dags/spark_airflow.py                           1           0  0.12s           2024-12-16T03:33:35                      12
================================================================================
[2024-12-16T03:34:12.020+0000] {manager.py:997} INFO - 
================================================================================
DAG File Processing Stats

File Path                           PID    Runtime      # DAGs    # Errors  Last Runtime    Last Run               Last # of DB Queries
----------------------------------  -----  ---------  --------  ----------  --------------  -------------------  ----------------------
/opt/airflow/dags/spark_airflow.py                           1           0  0.12s           2024-12-16T03:34:05                      12
================================================================================
[2024-12-16T03:34:28.657+0000] {manager.py:997} INFO - 
================================================================================
DAG File Processing Stats

File Path                           PID    Runtime      # DAGs    # Errors  Last Runtime    Last Run               Last # of DB Queries
----------------------------------  -----  ---------  --------  ----------  --------------  -------------------  ----------------------
/opt/airflow/dags/spark_airflow.py                           1           0  0.12s           2024-12-16T03:34:05                      12
================================================================================
[2024-12-16T03:34:42.289+0000] {manager.py:997} INFO - 
================================================================================
DAG File Processing Stats

File Path                           PID    Runtime      # DAGs    # Errors  Last Runtime    Last Run               Last # of DB Queries
----------------------------------  -----  ---------  --------  ----------  --------------  -------------------  ----------------------
/opt/airflow/dags/spark_airflow.py                           1           0  0.14s           2024-12-16T03:34:36                      12
================================================================================
[2024-12-16T03:34:58.952+0000] {manager.py:997} INFO - 
================================================================================
DAG File Processing Stats

File Path                           PID    Runtime      # DAGs    # Errors  Last Runtime    Last Run               Last # of DB Queries
----------------------------------  -----  ---------  --------  ----------  --------------  -------------------  ----------------------
/opt/airflow/dags/spark_airflow.py                           1           0  0.14s           2024-12-16T03:34:35                      12
================================================================================
[2024-12-16T03:35:09.074+0000] {manager.py:821} INFO - Searching for files in /opt/airflow/dags
[2024-12-16T03:35:09.096+0000] {manager.py:824} INFO - There are 1 files in /opt/airflow/dags
[2024-12-16T03:35:09.611+0000] {manager.py:821} INFO - Searching for files in /opt/airflow/dags
[2024-12-16T03:35:09.630+0000] {manager.py:824} INFO - There are 1 files in /opt/airflow/dags
[2024-12-16T03:35:12.662+0000] {manager.py:997} INFO - 
================================================================================
DAG File Processing Stats

File Path                           PID    Runtime      # DAGs    # Errors  Last Runtime    Last Run               Last # of DB Queries
----------------------------------  -----  ---------  --------  ----------  --------------  -------------------  ----------------------
/opt/airflow/dags/spark_airflow.py                           1           0  0.12s           2024-12-16T03:35:06                      12
================================================================================
[2024-12-16T03:35:29.299+0000] {manager.py:997} INFO - 
================================================================================
DAG File Processing Stats

File Path                           PID    Runtime      # DAGs    # Errors  Last Runtime    Last Run               Last # of DB Queries
----------------------------------  -----  ---------  --------  ----------  --------------  -------------------  ----------------------
/opt/airflow/dags/spark_airflow.py                           1           0  0.13s           2024-12-16T03:35:06                      12
================================================================================
[2024-12-16T03:35:42.937+0000] {manager.py:997} INFO - 
================================================================================
DAG File Processing Stats

File Path                           PID    Runtime      # DAGs    # Errors  Last Runtime    Last Run               Last # of DB Queries
----------------------------------  -----  ---------  --------  ----------  --------------  -------------------  ----------------------
/opt/airflow/dags/spark_airflow.py                           1           0  0.14s           2024-12-16T03:35:37                      12
================================================================================
[2024-12-16T03:35:59.567+0000] {manager.py:997} INFO - 
================================================================================
DAG File Processing Stats

File Path                           PID    Runtime      # DAGs    # Errors  Last Runtime    Last Run               Last # of DB Queries
----------------------------------  -----  ---------  --------  ----------  --------------  -------------------  ----------------------
/opt/airflow/dags/spark_airflow.py                           1           0  0.14s           2024-12-16T03:35:36                      12
================================================================================
[2024-12-16T03:36:13.256+0000] {manager.py:997} INFO - 
================================================================================
DAG File Processing Stats

File Path                           PID    Runtime      # DAGs    # Errors  Last Runtime    Last Run               Last # of DB Queries
----------------------------------  -----  ---------  --------  ----------  --------------  -------------------  ----------------------
/opt/airflow/dags/spark_airflow.py                           1           0  0.13s           2024-12-16T03:36:07                      12
================================================================================
[2024-12-16T03:36:29.923+0000] {manager.py:997} INFO - 
================================================================================
DAG File Processing Stats

File Path                           PID    Runtime      # DAGs    # Errors  Last Runtime    Last Run               Last # of DB Queries
----------------------------------  -----  ---------  --------  ----------  --------------  -------------------  ----------------------
/opt/airflow/dags/spark_airflow.py                           1           0  0.15s           2024-12-16T03:36:06                      12
================================================================================
[2024-12-16T03:36:43.586+0000] {manager.py:997} INFO - 
================================================================================
DAG File Processing Stats

File Path                           PID    Runtime      # DAGs    # Errors  Last Runtime    Last Run               Last # of DB Queries
----------------------------------  -----  ---------  --------  ----------  --------------  -------------------  ----------------------
/opt/airflow/dags/spark_airflow.py                           1           0  0.11s           2024-12-16T03:36:37                      12
================================================================================
[2024-12-16T03:37:00.200+0000] {manager.py:997} INFO - 
================================================================================
DAG File Processing Stats

File Path                           PID    Runtime      # DAGs    # Errors  Last Runtime    Last Run               Last # of DB Queries
----------------------------------  -----  ---------  --------  ----------  --------------  -------------------  ----------------------
/opt/airflow/dags/spark_airflow.py                           1           0  0.12s           2024-12-16T03:36:37                      12
================================================================================
[2024-12-16T03:37:13.903+0000] {manager.py:997} INFO - 
================================================================================
DAG File Processing Stats

File Path                           PID    Runtime      # DAGs    # Errors  Last Runtime    Last Run               Last # of DB Queries
----------------------------------  -----  ---------  --------  ----------  --------------  -------------------  ----------------------
/opt/airflow/dags/spark_airflow.py                           1           0  0.10s           2024-12-16T03:37:07                      12
================================================================================
[2024-12-16T03:37:30.444+0000] {manager.py:997} INFO - 
================================================================================
DAG File Processing Stats

File Path                           PID    Runtime      # DAGs    # Errors  Last Runtime    Last Run               Last # of DB Queries
----------------------------------  -----  ---------  --------  ----------  --------------  -------------------  ----------------------
/opt/airflow/dags/spark_airflow.py                           1           0  0.11s           2024-12-16T03:37:07                      12
================================================================================
[2024-12-16T03:37:44.182+0000] {manager.py:997} INFO - 
================================================================================
DAG File Processing Stats

File Path                           PID    Runtime      # DAGs    # Errors  Last Runtime    Last Run               Last # of DB Queries
----------------------------------  -----  ---------  --------  ----------  --------------  -------------------  ----------------------
/opt/airflow/dags/spark_airflow.py                           1           0  0.15s           2024-12-16T03:37:38                      12
================================================================================
[2024-12-16T03:38:00.779+0000] {manager.py:997} INFO - 
================================================================================
DAG File Processing Stats

File Path                           PID    Runtime      # DAGs    # Errors  Last Runtime    Last Run               Last # of DB Queries
----------------------------------  -----  ---------  --------  ----------  --------------  -------------------  ----------------------
/opt/airflow/dags/spark_airflow.py                           1           0  0.14s           2024-12-16T03:37:37                      12
================================================================================
[2024-12-16T03:38:14.442+0000] {manager.py:997} INFO - 
================================================================================
DAG File Processing Stats

File Path                           PID    Runtime      # DAGs    # Errors  Last Runtime    Last Run               Last # of DB Queries
----------------------------------  -----  ---------  --------  ----------  --------------  -------------------  ----------------------
/opt/airflow/dags/spark_airflow.py                           1           0  0.13s           2024-12-16T03:38:08                      12
================================================================================
[2024-12-16T03:38:31.079+0000] {manager.py:997} INFO - 
================================================================================
DAG File Processing Stats

File Path                           PID    Runtime      # DAGs    # Errors  Last Runtime    Last Run               Last # of DB Queries
----------------------------------  -----  ---------  --------  ----------  --------------  -------------------  ----------------------
/opt/airflow/dags/spark_airflow.py                           1           0  0.13s           2024-12-16T03:38:07                      12
================================================================================
[2024-12-16T03:38:44.819+0000] {manager.py:997} INFO - 
================================================================================
DAG File Processing Stats

File Path                           PID    Runtime      # DAGs    # Errors  Last Runtime    Last Run               Last # of DB Queries
----------------------------------  -----  ---------  --------  ----------  --------------  -------------------  ----------------------
/opt/airflow/dags/spark_airflow.py                           1           0  0.15s           2024-12-16T03:38:38                      12
================================================================================
[2024-12-16T03:39:01.415+0000] {manager.py:997} INFO - 
================================================================================
DAG File Processing Stats

File Path                           PID    Runtime      # DAGs    # Errors  Last Runtime    Last Run               Last # of DB Queries
----------------------------------  -----  ---------  --------  ----------  --------------  -------------------  ----------------------
/opt/airflow/dags/spark_airflow.py                           1           0  0.12s           2024-12-16T03:38:38                      12
================================================================================
[2024-12-16T03:39:15.146+0000] {manager.py:997} INFO - 
================================================================================
DAG File Processing Stats

File Path                           PID    Runtime      # DAGs    # Errors  Last Runtime    Last Run               Last # of DB Queries
----------------------------------  -----  ---------  --------  ----------  --------------  -------------------  ----------------------
/opt/airflow/dags/spark_airflow.py                           1           0  0.12s           2024-12-16T03:39:09                      12
================================================================================
[2024-12-16T03:39:31.752+0000] {manager.py:997} INFO - 
================================================================================
DAG File Processing Stats

File Path                           PID    Runtime      # DAGs    # Errors  Last Runtime    Last Run               Last # of DB Queries
----------------------------------  -----  ---------  --------  ----------  --------------  -------------------  ----------------------
/opt/airflow/dags/spark_airflow.py                           1           0  0.16s           2024-12-16T03:39:08                      12
================================================================================
[2024-12-16T03:39:45.414+0000] {manager.py:997} INFO - 
================================================================================
DAG File Processing Stats

File Path                           PID    Runtime      # DAGs    # Errors  Last Runtime    Last Run               Last # of DB Queries
----------------------------------  -----  ---------  --------  ----------  --------------  -------------------  ----------------------
/opt/airflow/dags/spark_airflow.py                           1           0  0.12s           2024-12-16T03:39:39                      12
================================================================================
[2024-12-16T03:40:02.059+0000] {manager.py:997} INFO - 
================================================================================
DAG File Processing Stats

File Path                           PID    Runtime      # DAGs    # Errors  Last Runtime    Last Run               Last # of DB Queries
----------------------------------  -----  ---------  --------  ----------  --------------  -------------------  ----------------------
/opt/airflow/dags/spark_airflow.py                           1           0  0.15s           2024-12-16T03:39:38                      12
================================================================================
[2024-12-16T03:40:09.112+0000] {manager.py:821} INFO - Searching for files in /opt/airflow/dags
[2024-12-16T03:40:09.147+0000] {manager.py:824} INFO - There are 1 files in /opt/airflow/dags
[2024-12-16T03:40:09.616+0000] {manager.py:821} INFO - Searching for files in /opt/airflow/dags
[2024-12-16T03:40:09.639+0000] {manager.py:824} INFO - There are 1 files in /opt/airflow/dags
[2024-12-16T03:40:15.745+0000] {manager.py:997} INFO - 
================================================================================
DAG File Processing Stats

File Path                           PID    Runtime      # DAGs    # Errors  Last Runtime    Last Run               Last # of DB Queries
----------------------------------  -----  ---------  --------  ----------  --------------  -------------------  ----------------------
/opt/airflow/dags/spark_airflow.py                           1           0  0.14s           2024-12-16T03:40:09                      12
================================================================================
[2024-12-16T03:40:32.404+0000] {manager.py:997} INFO - 
================================================================================
DAG File Processing Stats

File Path                           PID    Runtime      # DAGs    # Errors  Last Runtime    Last Run               Last # of DB Queries
----------------------------------  -----  ---------  --------  ----------  --------------  -------------------  ----------------------
/opt/airflow/dags/spark_airflow.py                           1           0  0.13s           2024-12-16T03:40:09                      12
================================================================================
[2024-12-16T03:40:46.028+0000] {manager.py:997} INFO - 
================================================================================
DAG File Processing Stats

File Path                           PID    Runtime      # DAGs    # Errors  Last Runtime    Last Run               Last # of DB Queries
----------------------------------  -----  ---------  --------  ----------  --------------  -------------------  ----------------------
/opt/airflow/dags/spark_airflow.py                           1           0  0.12s           2024-12-16T03:40:40                      12
================================================================================
[2024-12-16T03:41:02.726+0000] {manager.py:997} INFO - 
================================================================================
DAG File Processing Stats

File Path                           PID    Runtime      # DAGs    # Errors  Last Runtime    Last Run               Last # of DB Queries
----------------------------------  -----  ---------  --------  ----------  --------------  -------------------  ----------------------
/opt/airflow/dags/spark_airflow.py                           1           0  0.12s           2024-12-16T03:40:39                      12
================================================================================
[2024-12-16T03:41:16.308+0000] {manager.py:997} INFO - 
================================================================================
DAG File Processing Stats

File Path                           PID    Runtime      # DAGs    # Errors  Last Runtime    Last Run               Last # of DB Queries
----------------------------------  -----  ---------  --------  ----------  --------------  -------------------  ----------------------
/opt/airflow/dags/spark_airflow.py                           1           0  0.14s           2024-12-16T03:41:10                      12
================================================================================
[2024-12-16T03:41:32.996+0000] {manager.py:997} INFO - 
================================================================================
DAG File Processing Stats

File Path                           PID    Runtime      # DAGs    # Errors  Last Runtime    Last Run               Last # of DB Queries
----------------------------------  -----  ---------  --------  ----------  --------------  -------------------  ----------------------
/opt/airflow/dags/spark_airflow.py                           1           0  0.13s           2024-12-16T03:41:09                      12
================================================================================
[2024-12-16T03:41:46.650+0000] {manager.py:997} INFO - 
================================================================================
DAG File Processing Stats

File Path                           PID    Runtime      # DAGs    # Errors  Last Runtime    Last Run               Last # of DB Queries
----------------------------------  -----  ---------  --------  ----------  --------------  -------------------  ----------------------
/opt/airflow/dags/spark_airflow.py                           1           0  0.13s           2024-12-16T03:41:40                      12
================================================================================
[2024-12-16T03:42:03.363+0000] {manager.py:997} INFO - 
================================================================================
DAG File Processing Stats

File Path                           PID    Runtime      # DAGs    # Errors  Last Runtime    Last Run               Last # of DB Queries
----------------------------------  -----  ---------  --------  ----------  --------------  -------------------  ----------------------
/opt/airflow/dags/spark_airflow.py                           1           0  0.14s           2024-12-16T03:41:40                      12
================================================================================
[2024-12-16T03:42:16.908+0000] {manager.py:997} INFO - 
================================================================================
DAG File Processing Stats

File Path                           PID    Runtime      # DAGs    # Errors  Last Runtime    Last Run               Last # of DB Queries
----------------------------------  -----  ---------  --------  ----------  --------------  -------------------  ----------------------
/opt/airflow/dags/spark_airflow.py                           1           0  0.11s           2024-12-16T03:42:10                      12
================================================================================
[2024-12-16T03:42:33.624+0000] {manager.py:997} INFO - 
================================================================================
DAG File Processing Stats

File Path                           PID    Runtime      # DAGs    # Errors  Last Runtime    Last Run               Last # of DB Queries
----------------------------------  -----  ---------  --------  ----------  --------------  -------------------  ----------------------
/opt/airflow/dags/spark_airflow.py                           1           0  0.13s           2024-12-16T03:42:10                      12
================================================================================
[2024-12-16T03:42:47.250+0000] {manager.py:997} INFO - 
================================================================================
DAG File Processing Stats

File Path                           PID    Runtime      # DAGs    # Errors  Last Runtime    Last Run               Last # of DB Queries
----------------------------------  -----  ---------  --------  ----------  --------------  -------------------  ----------------------
/opt/airflow/dags/spark_airflow.py                           1           0  0.16s           2024-12-16T03:42:41                      12
================================================================================
[2024-12-16T03:43:03.969+0000] {manager.py:997} INFO - 
================================================================================
DAG File Processing Stats

File Path                           PID    Runtime      # DAGs    # Errors  Last Runtime    Last Run               Last # of DB Queries
----------------------------------  -----  ---------  --------  ----------  --------------  -------------------  ----------------------
/opt/airflow/dags/spark_airflow.py                           1           0  0.13s           2024-12-16T03:42:40                      12
================================================================================
[2024-12-16T03:43:17.529+0000] {manager.py:997} INFO - 
================================================================================
DAG File Processing Stats

File Path                           PID    Runtime      # DAGs    # Errors  Last Runtime    Last Run               Last # of DB Queries
----------------------------------  -----  ---------  --------  ----------  --------------  -------------------  ----------------------
/opt/airflow/dags/spark_airflow.py                           1           0  0.12s           2024-12-16T03:43:11                      12
================================================================================
[2024-12-16T03:43:34.226+0000] {manager.py:997} INFO - 
================================================================================
DAG File Processing Stats

File Path                           PID    Runtime      # DAGs    # Errors  Last Runtime    Last Run               Last # of DB Queries
----------------------------------  -----  ---------  --------  ----------  --------------  -------------------  ----------------------
/opt/airflow/dags/spark_airflow.py                           1           0  0.12s           2024-12-16T03:43:11                      12
================================================================================
[2024-12-16T03:43:47.822+0000] {manager.py:997} INFO - 
================================================================================
DAG File Processing Stats

File Path                           PID    Runtime      # DAGs    # Errors  Last Runtime    Last Run               Last # of DB Queries
----------------------------------  -----  ---------  --------  ----------  --------------  -------------------  ----------------------
/opt/airflow/dags/spark_airflow.py                           1           0  0.16s           2024-12-16T03:43:41                      12
================================================================================
[2024-12-16T03:44:04.568+0000] {manager.py:997} INFO - 
================================================================================
DAG File Processing Stats

File Path                           PID    Runtime      # DAGs    # Errors  Last Runtime    Last Run               Last # of DB Queries
----------------------------------  -----  ---------  --------  ----------  --------------  -------------------  ----------------------
/opt/airflow/dags/spark_airflow.py                           1           0  0.14s           2024-12-16T03:43:41                      12
================================================================================
[2024-12-16T03:44:18.194+0000] {manager.py:997} INFO - 
================================================================================
DAG File Processing Stats

File Path                           PID    Runtime      # DAGs    # Errors  Last Runtime    Last Run               Last # of DB Queries
----------------------------------  -----  ---------  --------  ----------  --------------  -------------------  ----------------------
/opt/airflow/dags/spark_airflow.py                           1           0  0.11s           2024-12-16T03:44:12                      12
================================================================================
[2024-12-16T03:44:34.891+0000] {manager.py:997} INFO - 
================================================================================
DAG File Processing Stats

File Path                           PID    Runtime      # DAGs    # Errors  Last Runtime    Last Run               Last # of DB Queries
----------------------------------  -----  ---------  --------  ----------  --------------  -------------------  ----------------------
/opt/airflow/dags/spark_airflow.py                           1           0  0.11s           2024-12-16T03:44:11                      12
================================================================================
[2024-12-16T03:44:48.508+0000] {manager.py:997} INFO - 
================================================================================
DAG File Processing Stats

File Path                           PID    Runtime      # DAGs    # Errors  Last Runtime    Last Run               Last # of DB Queries
----------------------------------  -----  ---------  --------  ----------  --------------  -------------------  ----------------------
/opt/airflow/dags/spark_airflow.py                           1           0  0.11s           2024-12-16T03:44:42                      12
================================================================================
[2024-12-16T03:45:05.137+0000] {manager.py:997} INFO - 
================================================================================
DAG File Processing Stats

File Path                           PID    Runtime      # DAGs    # Errors  Last Runtime    Last Run               Last # of DB Queries
----------------------------------  -----  ---------  --------  ----------  --------------  -------------------  ----------------------
/opt/airflow/dags/spark_airflow.py                           1           0  0.11s           2024-12-16T03:44:42                      12
================================================================================
[2024-12-16T03:45:09.167+0000] {manager.py:821} INFO - Searching for files in /opt/airflow/dags
[2024-12-16T03:45:09.187+0000] {manager.py:824} INFO - There are 1 files in /opt/airflow/dags
[2024-12-16T03:45:09.677+0000] {manager.py:821} INFO - Searching for files in /opt/airflow/dags
[2024-12-16T03:45:09.696+0000] {manager.py:824} INFO - There are 1 files in /opt/airflow/dags
[2024-12-16T03:45:18.833+0000] {manager.py:997} INFO - 
================================================================================
DAG File Processing Stats

File Path                           PID    Runtime      # DAGs    # Errors  Last Runtime    Last Run               Last # of DB Queries
----------------------------------  -----  ---------  --------  ----------  --------------  -------------------  ----------------------
/opt/airflow/dags/spark_airflow.py                           1           0  0.13s           2024-12-16T03:45:12                      12
================================================================================
[2024-12-16T03:45:35.411+0000] {manager.py:997} INFO - 
================================================================================
DAG File Processing Stats

File Path                           PID    Runtime      # DAGs    # Errors  Last Runtime    Last Run               Last # of DB Queries
----------------------------------  -----  ---------  --------  ----------  --------------  -------------------  ----------------------
/opt/airflow/dags/spark_airflow.py                           1           0  0.17s           2024-12-16T03:45:12                      12
================================================================================
[2024-12-16T03:45:49.122+0000] {manager.py:997} INFO - 
================================================================================
DAG File Processing Stats

File Path                           PID    Runtime      # DAGs    # Errors  Last Runtime    Last Run               Last # of DB Queries
----------------------------------  -----  ---------  --------  ----------  --------------  -------------------  ----------------------
/opt/airflow/dags/spark_airflow.py                           1           0  0.13s           2024-12-16T03:45:43                      12
================================================================================
[2024-12-16T03:46:05.678+0000] {manager.py:997} INFO - 
================================================================================
DAG File Processing Stats

File Path                           PID    Runtime      # DAGs    # Errors  Last Runtime    Last Run               Last # of DB Queries
----------------------------------  -----  ---------  --------  ----------  --------------  -------------------  ----------------------
/opt/airflow/dags/spark_airflow.py                           1           0  0.13s           2024-12-16T03:45:42                      12
================================================================================
[2024-12-16T03:46:19.432+0000] {manager.py:997} INFO - 
================================================================================
DAG File Processing Stats

File Path                           PID    Runtime      # DAGs    # Errors  Last Runtime    Last Run               Last # of DB Queries
----------------------------------  -----  ---------  --------  ----------  --------------  -------------------  ----------------------
/opt/airflow/dags/spark_airflow.py                           1           0  0.12s           2024-12-16T03:46:13                      12
================================================================================
[2024-12-16T03:46:36.018+0000] {manager.py:997} INFO - 
================================================================================
DAG File Processing Stats

File Path                           PID    Runtime      # DAGs    # Errors  Last Runtime    Last Run               Last # of DB Queries
----------------------------------  -----  ---------  --------  ----------  --------------  -------------------  ----------------------
/opt/airflow/dags/spark_airflow.py                           1           0  0.11s           2024-12-16T03:46:12                      12
================================================================================
[2024-12-16T03:46:49.732+0000] {manager.py:997} INFO - 
================================================================================
DAG File Processing Stats

File Path                           PID    Runtime      # DAGs    # Errors  Last Runtime    Last Run               Last # of DB Queries
----------------------------------  -----  ---------  --------  ----------  --------------  -------------------  ----------------------
/opt/airflow/dags/spark_airflow.py                           1           0  0.13s           2024-12-16T03:46:43                      12
================================================================================
[2024-12-16T03:47:06.257+0000] {manager.py:997} INFO - 
================================================================================
DAG File Processing Stats

File Path                           PID    Runtime      # DAGs    # Errors  Last Runtime    Last Run               Last # of DB Queries
----------------------------------  -----  ---------  --------  ----------  --------------  -------------------  ----------------------
/opt/airflow/dags/spark_airflow.py                           1           0  0.15s           2024-12-16T03:46:43                      12
================================================================================
[2024-12-16T03:47:20.077+0000] {manager.py:997} INFO - 
================================================================================
DAG File Processing Stats

File Path                           PID    Runtime      # DAGs    # Errors  Last Runtime    Last Run               Last # of DB Queries
----------------------------------  -----  ---------  --------  ----------  --------------  -------------------  ----------------------
/opt/airflow/dags/spark_airflow.py                           1           0  0.11s           2024-12-16T03:47:14                      12
================================================================================
[2024-12-16T03:47:36.466+0000] {manager.py:997} INFO - 
================================================================================
DAG File Processing Stats

File Path                           PID    Runtime      # DAGs    # Errors  Last Runtime    Last Run               Last # of DB Queries
----------------------------------  -----  ---------  --------  ----------  --------------  -------------------  ----------------------
/opt/airflow/dags/spark_airflow.py                           1           0  0.12s           2024-12-16T03:47:13                      12
================================================================================
[2024-12-16T03:47:50.355+0000] {manager.py:997} INFO - 
================================================================================
DAG File Processing Stats

File Path                           PID    Runtime      # DAGs    # Errors  Last Runtime    Last Run               Last # of DB Queries
----------------------------------  -----  ---------  --------  ----------  --------------  -------------------  ----------------------
/opt/airflow/dags/spark_airflow.py                           1           0  0.12s           2024-12-16T03:47:44                      12
================================================================================
[2024-12-16T03:48:06.696+0000] {manager.py:997} INFO - 
================================================================================
DAG File Processing Stats

File Path                           PID    Runtime      # DAGs    # Errors  Last Runtime    Last Run               Last # of DB Queries
----------------------------------  -----  ---------  --------  ----------  --------------  -------------------  ----------------------
/opt/airflow/dags/spark_airflow.py                           1           0  0.11s           2024-12-16T03:47:43                      12
================================================================================
[2024-12-16T03:48:20.651+0000] {manager.py:997} INFO - 
================================================================================
DAG File Processing Stats

File Path                           PID    Runtime      # DAGs    # Errors  Last Runtime    Last Run               Last # of DB Queries
----------------------------------  -----  ---------  --------  ----------  --------------  -------------------  ----------------------
/opt/airflow/dags/spark_airflow.py                           1           0  0.15s           2024-12-16T03:48:14                      12
================================================================================
[2024-12-16T03:48:37.015+0000] {manager.py:997} INFO - 
================================================================================
DAG File Processing Stats

File Path                           PID    Runtime      # DAGs    # Errors  Last Runtime    Last Run               Last # of DB Queries
----------------------------------  -----  ---------  --------  ----------  --------------  -------------------  ----------------------
/opt/airflow/dags/spark_airflow.py                           1           0  0.15s           2024-12-16T03:48:13                      12
================================================================================
[2024-12-16T03:48:50.954+0000] {manager.py:997} INFO - 
================================================================================
DAG File Processing Stats

File Path                           PID    Runtime      # DAGs    # Errors  Last Runtime    Last Run               Last # of DB Queries
----------------------------------  -----  ---------  --------  ----------  --------------  -------------------  ----------------------
/opt/airflow/dags/spark_airflow.py                           1           0  0.11s           2024-12-16T03:48:44                      12
================================================================================
[2024-12-16T03:49:07.274+0000] {manager.py:997} INFO - 
================================================================================
DAG File Processing Stats

File Path                           PID    Runtime      # DAGs    # Errors  Last Runtime    Last Run               Last # of DB Queries
----------------------------------  -----  ---------  --------  ----------  --------------  -------------------  ----------------------
/opt/airflow/dags/spark_airflow.py                           1           0  0.12s           2024-12-16T03:48:44                      12
================================================================================
[2024-12-16T03:49:21.252+0000] {manager.py:997} INFO - 
================================================================================
DAG File Processing Stats

File Path                           PID    Runtime      # DAGs    # Errors  Last Runtime    Last Run               Last # of DB Queries
----------------------------------  -----  ---------  --------  ----------  --------------  -------------------  ----------------------
/opt/airflow/dags/spark_airflow.py                           1           0  0.14s           2024-12-16T03:49:15                      12
================================================================================
[2024-12-16T03:49:37.574+0000] {manager.py:997} INFO - 
================================================================================
DAG File Processing Stats

File Path                           PID    Runtime      # DAGs    # Errors  Last Runtime    Last Run               Last # of DB Queries
----------------------------------  -----  ---------  --------  ----------  --------------  -------------------  ----------------------
/opt/airflow/dags/spark_airflow.py                           1           0  0.14s           2024-12-16T03:49:14                      12
================================================================================
[2024-12-16T03:49:51.823+0000] {manager.py:997} INFO - 
================================================================================
DAG File Processing Stats

File Path                           PID    Runtime      # DAGs    # Errors  Last Runtime    Last Run               Last # of DB Queries
----------------------------------  -----  ---------  --------  ----------  --------------  -------------------  ----------------------
/opt/airflow/dags/spark_airflow.py                           0           1  0.09s           2024-12-16T03:49:46                       5
================================================================================
[2024-12-16T03:50:08.079+0000] {manager.py:997} INFO - 
================================================================================
DAG File Processing Stats

File Path                           PID    Runtime      # DAGs    # Errors  Last Runtime    Last Run               Last # of DB Queries
----------------------------------  -----  ---------  --------  ----------  --------------  -------------------  ----------------------
/opt/airflow/dags/spark_airflow.py                           0           1  0.09s           2024-12-16T03:50:03                       5
================================================================================
[2024-12-16T03:50:10.091+0000] {manager.py:821} INFO - Searching for files in /opt/airflow/dags
[2024-12-16T03:50:10.091+0000] {manager.py:821} INFO - Searching for files in /opt/airflow/dags
[2024-12-16T03:50:10.108+0000] {manager.py:824} INFO - There are 1 files in /opt/airflow/dags
[2024-12-16T03:50:10.108+0000] {manager.py:824} INFO - There are 1 files in /opt/airflow/dags
[2024-12-16T03:50:22.550+0000] {manager.py:997} INFO - 
================================================================================
DAG File Processing Stats

File Path                           PID    Runtime      # DAGs    # Errors  Last Runtime    Last Run               Last # of DB Queries
----------------------------------  -----  ---------  --------  ----------  --------------  -------------------  ----------------------
/opt/airflow/dags/spark_airflow.py                           1           0  0.14s           2024-12-16T03:50:20                      11
================================================================================
[2024-12-16T03:50:38.852+0000] {manager.py:997} INFO - 
================================================================================
DAG File Processing Stats

File Path                             PID  Runtime      # DAGs    # Errors  Last Runtime    Last Run               Last # of DB Queries
----------------------------------  -----  ---------  --------  ----------  --------------  -------------------  ----------------------
/opt/airflow/dags/spark_airflow.py   2034  0.00s             1           0  0.16s           2024-12-16T03:50:23                      11
================================================================================
[2024-12-16T03:50:53.145+0000] {manager.py:997} INFO - 
================================================================================
DAG File Processing Stats

File Path                           PID    Runtime      # DAGs    # Errors  Last Runtime    Last Run               Last # of DB Queries
----------------------------------  -----  ---------  --------  ----------  --------------  -------------------  ----------------------
/opt/airflow/dags/spark_airflow.py                           1           0  0.26s           2024-12-16T03:50:50                      34
================================================================================
[2024-12-16T03:51:09.421+0000] {manager.py:997} INFO - 
================================================================================
DAG File Processing Stats

File Path                           PID    Runtime      # DAGs    # Errors  Last Runtime    Last Run               Last # of DB Queries
----------------------------------  -----  ---------  --------  ----------  --------------  -------------------  ----------------------
/opt/airflow/dags/spark_airflow.py                           1           0  0.16s           2024-12-16T03:50:56                      11
================================================================================
[2024-12-16T03:51:23.397+0000] {manager.py:997} INFO - 
================================================================================
DAG File Processing Stats

File Path                           PID    Runtime      # DAGs    # Errors  Last Runtime    Last Run               Last # of DB Queries
----------------------------------  -----  ---------  --------  ----------  --------------  -------------------  ----------------------
/opt/airflow/dags/spark_airflow.py                           1           0  0.17s           2024-12-16T03:50:56                      11
================================================================================
[2024-12-16T03:51:39.664+0000] {manager.py:997} INFO - 
================================================================================
DAG File Processing Stats

File Path                           PID    Runtime      # DAGs    # Errors  Last Runtime    Last Run               Last # of DB Queries
----------------------------------  -----  ---------  --------  ----------  --------------  -------------------  ----------------------
/opt/airflow/dags/spark_airflow.py                           1           0  0.17s           2024-12-16T03:51:26                      12
================================================================================
[2024-12-16T03:51:53.751+0000] {manager.py:997} INFO - 
================================================================================
DAG File Processing Stats

File Path                           PID    Runtime      # DAGs    # Errors  Last Runtime    Last Run               Last # of DB Queries
----------------------------------  -----  ---------  --------  ----------  --------------  -------------------  ----------------------
/opt/airflow/dags/spark_airflow.py                           1           0  0.17s           2024-12-16T03:51:26                      12
================================================================================
[2024-12-16T03:52:09.887+0000] {manager.py:997} INFO - 
================================================================================
DAG File Processing Stats

File Path                           PID    Runtime      # DAGs    # Errors  Last Runtime    Last Run               Last # of DB Queries
----------------------------------  -----  ---------  --------  ----------  --------------  -------------------  ----------------------
/opt/airflow/dags/spark_airflow.py                           1           0  0.13s           2024-12-16T03:51:56                      12
================================================================================
[2024-12-16T03:52:23.987+0000] {manager.py:997} INFO - 
================================================================================
DAG File Processing Stats

File Path                           PID    Runtime      # DAGs    # Errors  Last Runtime    Last Run               Last # of DB Queries
----------------------------------  -----  ---------  --------  ----------  --------------  -------------------  ----------------------
/opt/airflow/dags/spark_airflow.py                           1           0  0.16s           2024-12-16T03:51:56                      12
================================================================================
[2024-12-16T03:52:40.109+0000] {manager.py:997} INFO - 
================================================================================
DAG File Processing Stats

File Path                           PID    Runtime      # DAGs    # Errors  Last Runtime    Last Run               Last # of DB Queries
----------------------------------  -----  ---------  --------  ----------  --------------  -------------------  ----------------------
/opt/airflow/dags/spark_airflow.py                           1           0  0.14s           2024-12-16T03:52:27                      12
================================================================================
[2024-12-16T03:52:54.227+0000] {manager.py:997} INFO - 
================================================================================
DAG File Processing Stats

File Path                           PID    Runtime      # DAGs    # Errors  Last Runtime    Last Run               Last # of DB Queries
----------------------------------  -----  ---------  --------  ----------  --------------  -------------------  ----------------------
/opt/airflow/dags/spark_airflow.py                           1           0  0.16s           2024-12-16T03:52:27                      12
================================================================================
[2024-12-16T03:53:10.462+0000] {manager.py:997} INFO - 
================================================================================
DAG File Processing Stats

File Path                           PID    Runtime      # DAGs    # Errors  Last Runtime    Last Run               Last # of DB Queries
----------------------------------  -----  ---------  --------  ----------  --------------  -------------------  ----------------------
/opt/airflow/dags/spark_airflow.py                           1           0  0.15s           2024-12-16T03:52:57                      12
================================================================================
[2024-12-16T03:53:24.558+0000] {manager.py:997} INFO - 
================================================================================
DAG File Processing Stats

File Path                           PID    Runtime      # DAGs    # Errors  Last Runtime    Last Run               Last # of DB Queries
----------------------------------  -----  ---------  --------  ----------  --------------  -------------------  ----------------------
/opt/airflow/dags/spark_airflow.py                           1           0  0.12s           2024-12-16T03:52:57                      12
================================================================================
[2024-12-16T03:53:40.686+0000] {manager.py:997} INFO - 
================================================================================
DAG File Processing Stats

File Path                           PID    Runtime      # DAGs    # Errors  Last Runtime    Last Run               Last # of DB Queries
----------------------------------  -----  ---------  --------  ----------  --------------  -------------------  ----------------------
/opt/airflow/dags/spark_airflow.py                           1           0  0.19s           2024-12-16T03:53:27                      12
================================================================================
[2024-12-16T03:53:54.778+0000] {manager.py:997} INFO - 
================================================================================
DAG File Processing Stats

File Path                           PID    Runtime      # DAGs    # Errors  Last Runtime    Last Run               Last # of DB Queries
----------------------------------  -----  ---------  --------  ----------  --------------  -------------------  ----------------------
/opt/airflow/dags/spark_airflow.py                           1           0  0.15s           2024-12-16T03:53:27                      12
================================================================================
[2024-12-16T03:54:10.905+0000] {manager.py:997} INFO - 
================================================================================
DAG File Processing Stats

File Path                           PID    Runtime      # DAGs    # Errors  Last Runtime    Last Run               Last # of DB Queries
----------------------------------  -----  ---------  --------  ----------  --------------  -------------------  ----------------------
/opt/airflow/dags/spark_airflow.py                           1           0  0.14s           2024-12-16T03:53:57                      12
================================================================================
[2024-12-16T03:54:25.142+0000] {manager.py:997} INFO - 
================================================================================
DAG File Processing Stats

File Path                           PID    Runtime      # DAGs    # Errors  Last Runtime    Last Run               Last # of DB Queries
----------------------------------  -----  ---------  --------  ----------  --------------  -------------------  ----------------------
/opt/airflow/dags/spark_airflow.py                           1           0  0.17s           2024-12-16T03:53:57                      12
================================================================================
[2024-12-16T03:54:41.256+0000] {manager.py:997} INFO - 
================================================================================
DAG File Processing Stats

File Path                           PID    Runtime      # DAGs    # Errors  Last Runtime    Last Run               Last # of DB Queries
----------------------------------  -----  ---------  --------  ----------  --------------  -------------------  ----------------------
/opt/airflow/dags/spark_airflow.py                           1           0  0.12s           2024-12-16T03:54:28                      12
================================================================================
[2024-12-16T03:54:55.371+0000] {manager.py:997} INFO - 
================================================================================
DAG File Processing Stats

File Path                           PID    Runtime      # DAGs    # Errors  Last Runtime    Last Run               Last # of DB Queries
----------------------------------  -----  ---------  --------  ----------  --------------  -------------------  ----------------------
/opt/airflow/dags/spark_airflow.py                           1           0  0.13s           2024-12-16T03:54:28                      12
================================================================================
[2024-12-16T03:55:10.509+0000] {manager.py:821} INFO - Searching for files in /opt/airflow/dags
[2024-12-16T03:55:10.535+0000] {manager.py:824} INFO - There are 1 files in /opt/airflow/dags
[2024-12-16T03:55:10.631+0000] {manager.py:821} INFO - Searching for files in /opt/airflow/dags
[2024-12-16T03:55:10.659+0000] {manager.py:824} INFO - There are 1 files in /opt/airflow/dags
[2024-12-16T03:55:11.554+0000] {manager.py:997} INFO - 
================================================================================
DAG File Processing Stats

File Path                           PID    Runtime      # DAGs    # Errors  Last Runtime    Last Run               Last # of DB Queries
----------------------------------  -----  ---------  --------  ----------  --------------  -------------------  ----------------------
/opt/airflow/dags/spark_airflow.py                           1           0  0.16s           2024-12-16T03:54:58                      12
================================================================================
[2024-12-16T03:55:25.817+0000] {manager.py:997} INFO - 
================================================================================
DAG File Processing Stats

File Path                           PID    Runtime      # DAGs    # Errors  Last Runtime    Last Run               Last # of DB Queries
----------------------------------  -----  ---------  --------  ----------  --------------  -------------------  ----------------------
/opt/airflow/dags/spark_airflow.py                           1           0  0.19s           2024-12-16T03:54:58                      12
================================================================================
[2024-12-16T03:55:41.802+0000] {manager.py:997} INFO - 
================================================================================
DAG File Processing Stats

File Path                           PID    Runtime      # DAGs    # Errors  Last Runtime    Last Run               Last # of DB Queries
----------------------------------  -----  ---------  --------  ----------  --------------  -------------------  ----------------------
/opt/airflow/dags/spark_airflow.py                           1           0  0.12s           2024-12-16T03:55:28                      12
================================================================================
[2024-12-16T03:55:56.126+0000] {manager.py:997} INFO - 
================================================================================
DAG File Processing Stats

File Path                           PID    Runtime      # DAGs    # Errors  Last Runtime    Last Run               Last # of DB Queries
----------------------------------  -----  ---------  --------  ----------  --------------  -------------------  ----------------------
/opt/airflow/dags/spark_airflow.py                           1           0  0.11s           2024-12-16T03:55:28                      12
================================================================================
[2024-12-16T03:56:12.153+0000] {manager.py:997} INFO - 
================================================================================
DAG File Processing Stats

File Path                           PID    Runtime      # DAGs    # Errors  Last Runtime    Last Run               Last # of DB Queries
----------------------------------  -----  ---------  --------  ----------  --------------  -------------------  ----------------------
/opt/airflow/dags/spark_airflow.py                           1           0  0.18s           2024-12-16T03:55:59                      12
================================================================================
[2024-12-16T03:56:26.456+0000] {manager.py:997} INFO - 
================================================================================
DAG File Processing Stats

File Path                           PID    Runtime      # DAGs    # Errors  Last Runtime    Last Run               Last # of DB Queries
----------------------------------  -----  ---------  --------  ----------  --------------  -------------------  ----------------------
/opt/airflow/dags/spark_airflow.py                           1           0  0.12s           2024-12-16T03:55:59                      12
================================================================================
[2024-12-16T03:56:42.462+0000] {manager.py:997} INFO - 
================================================================================
DAG File Processing Stats

File Path                           PID    Runtime      # DAGs    # Errors  Last Runtime    Last Run               Last # of DB Queries
----------------------------------  -----  ---------  --------  ----------  --------------  -------------------  ----------------------
/opt/airflow/dags/spark_airflow.py                           1           0  0.11s           2024-12-16T03:56:29                      12
================================================================================
[2024-12-16T03:56:56.739+0000] {manager.py:997} INFO - 
================================================================================
DAG File Processing Stats

File Path                           PID    Runtime      # DAGs    # Errors  Last Runtime    Last Run               Last # of DB Queries
----------------------------------  -----  ---------  --------  ----------  --------------  -------------------  ----------------------
/opt/airflow/dags/spark_airflow.py                           1           0  0.11s           2024-12-16T03:56:29                      12
================================================================================
[2024-12-16T03:57:12.729+0000] {manager.py:997} INFO - 
================================================================================
DAG File Processing Stats

File Path                           PID    Runtime      # DAGs    # Errors  Last Runtime    Last Run               Last # of DB Queries
----------------------------------  -----  ---------  --------  ----------  --------------  -------------------  ----------------------
/opt/airflow/dags/spark_airflow.py                           1           0  0.13s           2024-12-16T03:56:59                      12
================================================================================
[2024-12-16T03:57:27.094+0000] {manager.py:997} INFO - 
================================================================================
DAG File Processing Stats

File Path                           PID    Runtime      # DAGs    # Errors  Last Runtime    Last Run               Last # of DB Queries
----------------------------------  -----  ---------  --------  ----------  --------------  -------------------  ----------------------
/opt/airflow/dags/spark_airflow.py                           1           0  0.14s           2024-12-16T03:56:59                      12
================================================================================
[2024-12-16T03:57:43.059+0000] {manager.py:997} INFO - 
================================================================================
DAG File Processing Stats

File Path                           PID    Runtime      # DAGs    # Errors  Last Runtime    Last Run               Last # of DB Queries
----------------------------------  -----  ---------  --------  ----------  --------------  -------------------  ----------------------
/opt/airflow/dags/spark_airflow.py                           1           0  0.14s           2024-12-16T03:57:30                      12
================================================================================
[2024-12-16T03:57:57.395+0000] {manager.py:997} INFO - 
================================================================================
DAG File Processing Stats

File Path                           PID    Runtime      # DAGs    # Errors  Last Runtime    Last Run               Last # of DB Queries
----------------------------------  -----  ---------  --------  ----------  --------------  -------------------  ----------------------
/opt/airflow/dags/spark_airflow.py                           1           0  0.13s           2024-12-16T03:57:30                      12
================================================================================
[2024-12-16T03:58:13.358+0000] {manager.py:997} INFO - 
================================================================================
DAG File Processing Stats

File Path                           PID    Runtime      # DAGs    # Errors  Last Runtime    Last Run               Last # of DB Queries
----------------------------------  -----  ---------  --------  ----------  --------------  -------------------  ----------------------
/opt/airflow/dags/spark_airflow.py                           1           0  0.14s           2024-12-16T03:58:00                      12
================================================================================
[2024-12-16T03:58:27.764+0000] {manager.py:997} INFO - 
================================================================================
DAG File Processing Stats

File Path                           PID    Runtime      # DAGs    # Errors  Last Runtime    Last Run               Last # of DB Queries
----------------------------------  -----  ---------  --------  ----------  --------------  -------------------  ----------------------
/opt/airflow/dags/spark_airflow.py                           1           0  0.14s           2024-12-16T03:58:00                      12
================================================================================
[2024-12-16T03:58:43.683+0000] {manager.py:997} INFO - 
================================================================================
DAG File Processing Stats

File Path                           PID    Runtime      # DAGs    # Errors  Last Runtime    Last Run               Last # of DB Queries
----------------------------------  -----  ---------  --------  ----------  --------------  -------------------  ----------------------
/opt/airflow/dags/spark_airflow.py                           1           0  0.12s           2024-12-16T03:58:30                      12
================================================================================
[2024-12-16T03:58:58.046+0000] {manager.py:997} INFO - 
================================================================================
DAG File Processing Stats

File Path                           PID    Runtime      # DAGs    # Errors  Last Runtime    Last Run               Last # of DB Queries
----------------------------------  -----  ---------  --------  ----------  --------------  -------------------  ----------------------
/opt/airflow/dags/spark_airflow.py                           1           0  0.12s           2024-12-16T03:58:30                      12
================================================================================
[2024-12-16T03:59:13.986+0000] {manager.py:997} INFO - 
================================================================================
DAG File Processing Stats

File Path                           PID    Runtime      # DAGs    # Errors  Last Runtime    Last Run               Last # of DB Queries
----------------------------------  -----  ---------  --------  ----------  --------------  -------------------  ----------------------
/opt/airflow/dags/spark_airflow.py                           1           0  0.14s           2024-12-16T03:59:00                      12
================================================================================
[2024-12-16T03:59:28.417+0000] {manager.py:997} INFO - 
================================================================================
DAG File Processing Stats

File Path                           PID    Runtime      # DAGs    # Errors  Last Runtime    Last Run               Last # of DB Queries
----------------------------------  -----  ---------  --------  ----------  --------------  -------------------  ----------------------
/opt/airflow/dags/spark_airflow.py                           1           0  0.13s           2024-12-16T03:59:01                      12
================================================================================
[2024-12-16T03:59:44.330+0000] {manager.py:997} INFO - 
================================================================================
DAG File Processing Stats

File Path                           PID    Runtime      # DAGs    # Errors  Last Runtime    Last Run               Last # of DB Queries
----------------------------------  -----  ---------  --------  ----------  --------------  -------------------  ----------------------
/opt/airflow/dags/spark_airflow.py                           1           0  0.14s           2024-12-16T03:59:31                      12
================================================================================
[2024-12-16T03:59:58.712+0000] {manager.py:997} INFO - 
================================================================================
DAG File Processing Stats

File Path                           PID    Runtime      # DAGs    # Errors  Last Runtime    Last Run               Last # of DB Queries
----------------------------------  -----  ---------  --------  ----------  --------------  -------------------  ----------------------
/opt/airflow/dags/spark_airflow.py                           1           0  0.13s           2024-12-16T03:59:31                      12
================================================================================
[2024-12-16T04:00:10.572+0000] {manager.py:821} INFO - Searching for files in /opt/airflow/dags
[2024-12-16T04:00:10.588+0000] {manager.py:824} INFO - There are 1 files in /opt/airflow/dags
[2024-12-16T04:00:10.926+0000] {manager.py:821} INFO - Searching for files in /opt/airflow/dags
[2024-12-16T04:00:10.937+0000] {manager.py:824} INFO - There are 1 files in /opt/airflow/dags
[2024-12-16T04:00:14.637+0000] {manager.py:997} INFO - 
================================================================================
DAG File Processing Stats

File Path                           PID    Runtime      # DAGs    # Errors  Last Runtime    Last Run               Last # of DB Queries
----------------------------------  -----  ---------  --------  ----------  --------------  -------------------  ----------------------
/opt/airflow/dags/spark_airflow.py                           1           0  0.12s           2024-12-16T04:00:01                      12
================================================================================
[2024-12-16T04:00:29.102+0000] {manager.py:997} INFO - 
================================================================================
DAG File Processing Stats

File Path                           PID    Runtime      # DAGs    # Errors  Last Runtime    Last Run               Last # of DB Queries
----------------------------------  -----  ---------  --------  ----------  --------------  -------------------  ----------------------
/opt/airflow/dags/spark_airflow.py                           1           0  0.11s           2024-12-16T04:00:01                      12
================================================================================
[2024-12-16T04:00:44.956+0000] {manager.py:997} INFO - 
================================================================================
DAG File Processing Stats

File Path                           PID    Runtime      # DAGs    # Errors  Last Runtime    Last Run               Last # of DB Queries
----------------------------------  -----  ---------  --------  ----------  --------------  -------------------  ----------------------
/opt/airflow/dags/spark_airflow.py                           1           0  0.11s           2024-12-16T04:00:31                      12
================================================================================
[2024-12-16T04:00:59.388+0000] {manager.py:997} INFO - 
================================================================================
DAG File Processing Stats

File Path                           PID    Runtime      # DAGs    # Errors  Last Runtime    Last Run               Last # of DB Queries
----------------------------------  -----  ---------  --------  ----------  --------------  -------------------  ----------------------
/opt/airflow/dags/spark_airflow.py                           1           0  0.13s           2024-12-16T04:00:32                      12
================================================================================
[2024-12-16T04:01:15.242+0000] {manager.py:997} INFO - 
================================================================================
DAG File Processing Stats

File Path                           PID    Runtime      # DAGs    # Errors  Last Runtime    Last Run               Last # of DB Queries
----------------------------------  -----  ---------  --------  ----------  --------------  -------------------  ----------------------
/opt/airflow/dags/spark_airflow.py                           1           0  0.14s           2024-12-16T04:01:02                      12
================================================================================
[2024-12-16T04:01:29.704+0000] {manager.py:997} INFO - 
================================================================================
DAG File Processing Stats

File Path                           PID    Runtime      # DAGs    # Errors  Last Runtime    Last Run               Last # of DB Queries
----------------------------------  -----  ---------  --------  ----------  --------------  -------------------  ----------------------
/opt/airflow/dags/spark_airflow.py                           1           0  0.15s           2024-12-16T04:01:02                      12
================================================================================
[2024-12-16T04:01:45.550+0000] {manager.py:997} INFO - 
================================================================================
DAG File Processing Stats

File Path                           PID    Runtime      # DAGs    # Errors  Last Runtime    Last Run               Last # of DB Queries
----------------------------------  -----  ---------  --------  ----------  --------------  -------------------  ----------------------
/opt/airflow/dags/spark_airflow.py                           1           0  0.14s           2024-12-16T04:01:32                      12
================================================================================
[2024-12-16T04:01:59.985+0000] {manager.py:997} INFO - 
================================================================================
DAG File Processing Stats

File Path                           PID    Runtime      # DAGs    # Errors  Last Runtime    Last Run               Last # of DB Queries
----------------------------------  -----  ---------  --------  ----------  --------------  -------------------  ----------------------
/opt/airflow/dags/spark_airflow.py                           1           0  0.12s           2024-12-16T04:01:32                      12
================================================================================
[2024-12-16T04:02:15.863+0000] {manager.py:997} INFO - 
================================================================================
DAG File Processing Stats

File Path                           PID    Runtime      # DAGs    # Errors  Last Runtime    Last Run               Last # of DB Queries
----------------------------------  -----  ---------  --------  ----------  --------------  -------------------  ----------------------
/opt/airflow/dags/spark_airflow.py                           1           0  0.18s           2024-12-16T04:02:02                      12
================================================================================
[2024-12-16T04:02:30.285+0000] {manager.py:997} INFO - 
================================================================================
DAG File Processing Stats

File Path                           PID    Runtime      # DAGs    # Errors  Last Runtime    Last Run               Last # of DB Queries
----------------------------------  -----  ---------  --------  ----------  --------------  -------------------  ----------------------
/opt/airflow/dags/spark_airflow.py                           1           0  0.15s           2024-12-16T04:02:03                      12
================================================================================
[2024-12-16T04:02:46.277+0000] {manager.py:997} INFO - 
================================================================================
DAG File Processing Stats

File Path                           PID    Runtime      # DAGs    # Errors  Last Runtime    Last Run               Last # of DB Queries
----------------------------------  -----  ---------  --------  ----------  --------------  -------------------  ----------------------
/opt/airflow/dags/spark_airflow.py                           1           0  0.13s           2024-12-16T04:02:33                      12
================================================================================
[2024-12-16T04:03:00.538+0000] {manager.py:997} INFO - 
================================================================================
DAG File Processing Stats

File Path                           PID    Runtime      # DAGs    # Errors  Last Runtime    Last Run               Last # of DB Queries
----------------------------------  -----  ---------  --------  ----------  --------------  -------------------  ----------------------
/opt/airflow/dags/spark_airflow.py                           1           0  0.12s           2024-12-16T04:02:33                      12
================================================================================
[2024-12-16T04:03:16.548+0000] {manager.py:997} INFO - 
================================================================================
DAG File Processing Stats

File Path                           PID    Runtime      # DAGs    # Errors  Last Runtime    Last Run               Last # of DB Queries
----------------------------------  -----  ---------  --------  ----------  --------------  -------------------  ----------------------
/opt/airflow/dags/spark_airflow.py                           1           0  0.16s           2024-12-16T04:03:03                      12
================================================================================
[2024-12-16T04:03:30.954+0000] {manager.py:997} INFO - 
================================================================================
DAG File Processing Stats

File Path                           PID    Runtime      # DAGs    # Errors  Last Runtime    Last Run               Last # of DB Queries
----------------------------------  -----  ---------  --------  ----------  --------------  -------------------  ----------------------
/opt/airflow/dags/spark_airflow.py                           1           0  0.16s           2024-12-16T04:03:03                      12
================================================================================
[2024-12-16T04:03:46.931+0000] {manager.py:997} INFO - 
================================================================================
DAG File Processing Stats

File Path                           PID    Runtime      # DAGs    # Errors  Last Runtime    Last Run               Last # of DB Queries
----------------------------------  -----  ---------  --------  ----------  --------------  -------------------  ----------------------
/opt/airflow/dags/spark_airflow.py                           1           0  0.18s           2024-12-16T04:03:33                      12
================================================================================
[2024-12-16T04:04:01.260+0000] {manager.py:997} INFO - 
================================================================================
DAG File Processing Stats

File Path                           PID    Runtime      # DAGs    # Errors  Last Runtime    Last Run               Last # of DB Queries
----------------------------------  -----  ---------  --------  ----------  --------------  -------------------  ----------------------
/opt/airflow/dags/spark_airflow.py                           1           0  0.15s           2024-12-16T04:03:34                      12
================================================================================
[2024-12-16T04:04:17.248+0000] {manager.py:997} INFO - 
================================================================================
DAG File Processing Stats

File Path                           PID    Runtime      # DAGs    # Errors  Last Runtime    Last Run               Last # of DB Queries
----------------------------------  -----  ---------  --------  ----------  --------------  -------------------  ----------------------
/opt/airflow/dags/spark_airflow.py                           1           0  0.19s           2024-12-16T04:04:04                      12
================================================================================
[2024-12-16T04:04:31.642+0000] {manager.py:997} INFO - 
================================================================================
DAG File Processing Stats

File Path                           PID    Runtime      # DAGs    # Errors  Last Runtime    Last Run               Last # of DB Queries
----------------------------------  -----  ---------  --------  ----------  --------------  -------------------  ----------------------
/opt/airflow/dags/spark_airflow.py                           1           0  0.15s           2024-12-16T04:04:04                      12
================================================================================
[2024-12-16T04:04:47.502+0000] {manager.py:997} INFO - 
================================================================================
DAG File Processing Stats

File Path                           PID    Runtime      # DAGs    # Errors  Last Runtime    Last Run               Last # of DB Queries
----------------------------------  -----  ---------  --------  ----------  --------------  -------------------  ----------------------
/opt/airflow/dags/spark_airflow.py                           1           0  0.17s           2024-12-16T04:04:34                      12
================================================================================
[2024-12-16T04:05:02.004+0000] {manager.py:997} INFO - 
================================================================================
DAG File Processing Stats

File Path                           PID    Runtime      # DAGs    # Errors  Last Runtime    Last Run               Last # of DB Queries
----------------------------------  -----  ---------  --------  ----------  --------------  -------------------  ----------------------
/opt/airflow/dags/spark_airflow.py                           1           0  0.12s           2024-12-16T04:04:34                      12
================================================================================
[2024-12-16T04:05:10.706+0000] {manager.py:821} INFO - Searching for files in /opt/airflow/dags
[2024-12-16T04:05:10.720+0000] {manager.py:824} INFO - There are 1 files in /opt/airflow/dags
[2024-12-16T04:05:11.120+0000] {manager.py:821} INFO - Searching for files in /opt/airflow/dags
[2024-12-16T04:05:11.145+0000] {manager.py:824} INFO - There are 1 files in /opt/airflow/dags
[2024-12-16T04:05:17.774+0000] {manager.py:997} INFO - 
================================================================================
DAG File Processing Stats

File Path                           PID    Runtime      # DAGs    # Errors  Last Runtime    Last Run               Last # of DB Queries
----------------------------------  -----  ---------  --------  ----------  --------------  -------------------  ----------------------
/opt/airflow/dags/spark_airflow.py                           1           0  0.14s           2024-12-16T04:05:04                      12
================================================================================
[2024-12-16T04:05:32.347+0000] {manager.py:997} INFO - 
================================================================================
DAG File Processing Stats

File Path                           PID    Runtime      # DAGs    # Errors  Last Runtime    Last Run               Last # of DB Queries
----------------------------------  -----  ---------  --------  ----------  --------------  -------------------  ----------------------
/opt/airflow/dags/spark_airflow.py                           1           0  0.12s           2024-12-16T04:05:05                      12
================================================================================
[2024-12-16T04:05:48.035+0000] {manager.py:997} INFO - 
================================================================================
DAG File Processing Stats

File Path                           PID    Runtime      # DAGs    # Errors  Last Runtime    Last Run               Last # of DB Queries
----------------------------------  -----  ---------  --------  ----------  --------------  -------------------  ----------------------
/opt/airflow/dags/spark_airflow.py                           1           0  0.12s           2024-12-16T04:05:35                      12
================================================================================
[2024-12-16T04:06:02.615+0000] {manager.py:997} INFO - 
================================================================================
DAG File Processing Stats

File Path                           PID    Runtime      # DAGs    # Errors  Last Runtime    Last Run               Last # of DB Queries
----------------------------------  -----  ---------  --------  ----------  --------------  -------------------  ----------------------
/opt/airflow/dags/spark_airflow.py                           1           0  0.12s           2024-12-16T04:05:35                      12
================================================================================
[2024-12-16T04:06:18.370+0000] {manager.py:997} INFO - 
================================================================================
DAG File Processing Stats

File Path                           PID    Runtime      # DAGs    # Errors  Last Runtime    Last Run               Last # of DB Queries
----------------------------------  -----  ---------  --------  ----------  --------------  -------------------  ----------------------
/opt/airflow/dags/spark_airflow.py                           1           0  0.19s           2024-12-16T04:06:05                      12
================================================================================
[2024-12-16T04:06:32.981+0000] {manager.py:997} INFO - 
================================================================================
DAG File Processing Stats

File Path                           PID    Runtime      # DAGs    # Errors  Last Runtime    Last Run               Last # of DB Queries
----------------------------------  -----  ---------  --------  ----------  --------------  -------------------  ----------------------
/opt/airflow/dags/spark_airflow.py                           1           0  0.14s           2024-12-16T04:06:05                      12
================================================================================
[2024-12-16T04:06:48.640+0000] {manager.py:997} INFO - 
================================================================================
DAG File Processing Stats

File Path                           PID    Runtime      # DAGs    # Errors  Last Runtime    Last Run               Last # of DB Queries
----------------------------------  -----  ---------  --------  ----------  --------------  -------------------  ----------------------
/opt/airflow/dags/spark_airflow.py                           1           0  0.12s           2024-12-16T04:06:35                      12
================================================================================
[2024-12-16T04:07:03.310+0000] {manager.py:997} INFO - 
================================================================================
DAG File Processing Stats

File Path                           PID    Runtime      # DAGs    # Errors  Last Runtime    Last Run               Last # of DB Queries
----------------------------------  -----  ---------  --------  ----------  --------------  -------------------  ----------------------
/opt/airflow/dags/spark_airflow.py                           1           0  0.11s           2024-12-16T04:06:36                      12
================================================================================
[2024-12-16T04:07:18.965+0000] {manager.py:997} INFO - 
================================================================================
DAG File Processing Stats

File Path                           PID    Runtime      # DAGs    # Errors  Last Runtime    Last Run               Last # of DB Queries
----------------------------------  -----  ---------  --------  ----------  --------------  -------------------  ----------------------
/opt/airflow/dags/spark_airflow.py                           1           0  0.11s           2024-12-16T04:07:05                      12
================================================================================
[2024-12-16T04:07:33.636+0000] {manager.py:997} INFO - 
================================================================================
DAG File Processing Stats

File Path                           PID    Runtime      # DAGs    # Errors  Last Runtime    Last Run               Last # of DB Queries
----------------------------------  -----  ---------  --------  ----------  --------------  -------------------  ----------------------
/opt/airflow/dags/spark_airflow.py                           1           0  0.10s           2024-12-16T04:07:06                      12
================================================================================
[2024-12-16T04:07:49.266+0000] {manager.py:997} INFO - 
================================================================================
DAG File Processing Stats

File Path                           PID    Runtime      # DAGs    # Errors  Last Runtime    Last Run               Last # of DB Queries
----------------------------------  -----  ---------  --------  ----------  --------------  -------------------  ----------------------
/opt/airflow/dags/spark_airflow.py                           1           0  0.11s           2024-12-16T04:07:36                      12
================================================================================
[2024-12-16T04:08:03.989+0000] {manager.py:997} INFO - 
================================================================================
DAG File Processing Stats

File Path                           PID    Runtime      # DAGs    # Errors  Last Runtime    Last Run               Last # of DB Queries
----------------------------------  -----  ---------  --------  ----------  --------------  -------------------  ----------------------
/opt/airflow/dags/spark_airflow.py                           1           0  0.12s           2024-12-16T04:07:36                      12
================================================================================
[2024-12-16T04:08:19.610+0000] {manager.py:997} INFO - 
================================================================================
DAG File Processing Stats

File Path                           PID    Runtime      # DAGs    # Errors  Last Runtime    Last Run               Last # of DB Queries
----------------------------------  -----  ---------  --------  ----------  --------------  -------------------  ----------------------
/opt/airflow/dags/spark_airflow.py                           1           0  0.12s           2024-12-16T04:08:06                      12
================================================================================
[2024-12-16T04:08:34.270+0000] {manager.py:997} INFO - 
================================================================================
DAG File Processing Stats

File Path                           PID    Runtime      # DAGs    # Errors  Last Runtime    Last Run               Last # of DB Queries
----------------------------------  -----  ---------  --------  ----------  --------------  -------------------  ----------------------
/opt/airflow/dags/spark_airflow.py                           1           0  0.11s           2024-12-16T04:08:07                      12
================================================================================
[2024-12-16T04:08:49.984+0000] {manager.py:997} INFO - 
================================================================================
DAG File Processing Stats

File Path                           PID    Runtime      # DAGs    # Errors  Last Runtime    Last Run               Last # of DB Queries
----------------------------------  -----  ---------  --------  ----------  --------------  -------------------  ----------------------
/opt/airflow/dags/spark_airflow.py                           1           0  0.11s           2024-12-16T04:08:36                      12
================================================================================
[2024-12-16T04:09:04.625+0000] {manager.py:997} INFO - 
================================================================================
DAG File Processing Stats

File Path                           PID    Runtime      # DAGs    # Errors  Last Runtime    Last Run               Last # of DB Queries
----------------------------------  -----  ---------  --------  ----------  --------------  -------------------  ----------------------
/opt/airflow/dags/spark_airflow.py                           1           0  0.11s           2024-12-16T04:08:37                      12
================================================================================
[2024-12-16T04:09:20.303+0000] {manager.py:997} INFO - 
================================================================================
DAG File Processing Stats

File Path                           PID    Runtime      # DAGs    # Errors  Last Runtime    Last Run               Last # of DB Queries
----------------------------------  -----  ---------  --------  ----------  --------------  -------------------  ----------------------
/opt/airflow/dags/spark_airflow.py                           1           0  0.12s           2024-12-16T04:09:07                      12
================================================================================
[2024-12-16T04:09:34.945+0000] {manager.py:997} INFO - 
================================================================================
DAG File Processing Stats

File Path                           PID    Runtime      # DAGs    # Errors  Last Runtime    Last Run               Last # of DB Queries
----------------------------------  -----  ---------  --------  ----------  --------------  -------------------  ----------------------
/opt/airflow/dags/spark_airflow.py                           1           0  0.11s           2024-12-16T04:09:07                      12
================================================================================
[2024-12-16T04:09:50.653+0000] {manager.py:997} INFO - 
================================================================================
DAG File Processing Stats

File Path                           PID    Runtime      # DAGs    # Errors  Last Runtime    Last Run               Last # of DB Queries
----------------------------------  -----  ---------  --------  ----------  --------------  -------------------  ----------------------
/opt/airflow/dags/spark_airflow.py                           1           0  0.11s           2024-12-16T04:09:37                      12
================================================================================
[2024-12-16T04:10:05.285+0000] {manager.py:997} INFO - 
================================================================================
DAG File Processing Stats

File Path                           PID    Runtime      # DAGs    # Errors  Last Runtime    Last Run               Last # of DB Queries
----------------------------------  -----  ---------  --------  ----------  --------------  -------------------  ----------------------
/opt/airflow/dags/spark_airflow.py                           1           0  0.12s           2024-12-16T04:09:38                      12
================================================================================
[2024-12-16T04:10:10.839+0000] {manager.py:821} INFO - Searching for files in /opt/airflow/dags
[2024-12-16T04:10:10.864+0000] {manager.py:824} INFO - There are 1 files in /opt/airflow/dags
[2024-12-16T04:10:11.388+0000] {manager.py:821} INFO - Searching for files in /opt/airflow/dags
[2024-12-16T04:10:11.407+0000] {manager.py:824} INFO - There are 1 files in /opt/airflow/dags
[2024-12-16T04:10:20.964+0000] {manager.py:997} INFO - 
================================================================================
DAG File Processing Stats

File Path                           PID    Runtime      # DAGs    # Errors  Last Runtime    Last Run               Last # of DB Queries
----------------------------------  -----  ---------  --------  ----------  --------------  -------------------  ----------------------
/opt/airflow/dags/spark_airflow.py                           1           0  0.14s           2024-12-16T04:10:07                      12
================================================================================
[2024-12-16T04:10:35.616+0000] {manager.py:997} INFO - 
================================================================================
DAG File Processing Stats

File Path                           PID    Runtime      # DAGs    # Errors  Last Runtime    Last Run               Last # of DB Queries
----------------------------------  -----  ---------  --------  ----------  --------------  -------------------  ----------------------
/opt/airflow/dags/spark_airflow.py                           1           0  0.16s           2024-12-16T04:10:08                      12
================================================================================
[2024-12-16T04:10:51.317+0000] {manager.py:997} INFO - 
================================================================================
DAG File Processing Stats

File Path                           PID    Runtime      # DAGs    # Errors  Last Runtime    Last Run               Last # of DB Queries
----------------------------------  -----  ---------  --------  ----------  --------------  -------------------  ----------------------
/opt/airflow/dags/spark_airflow.py                           1           0  0.11s           2024-12-16T04:10:38                      12
================================================================================
[2024-12-16T04:11:05.906+0000] {manager.py:997} INFO - 
================================================================================
DAG File Processing Stats

File Path                           PID    Runtime      # DAGs    # Errors  Last Runtime    Last Run               Last # of DB Queries
----------------------------------  -----  ---------  --------  ----------  --------------  -------------------  ----------------------
/opt/airflow/dags/spark_airflow.py                           1           0  0.14s           2024-12-16T04:10:38                      12
================================================================================
[2024-12-16T04:11:21.534+0000] {manager.py:997} INFO - 
================================================================================
DAG File Processing Stats

File Path                           PID    Runtime      # DAGs    # Errors  Last Runtime    Last Run               Last # of DB Queries
----------------------------------  -----  ---------  --------  ----------  --------------  -------------------  ----------------------
/opt/airflow/dags/spark_airflow.py                           1           0  0.13s           2024-12-16T04:11:08                      12
================================================================================
[2024-12-16T04:11:36.156+0000] {manager.py:997} INFO - 
================================================================================
DAG File Processing Stats

File Path                           PID    Runtime      # DAGs    # Errors  Last Runtime    Last Run               Last # of DB Queries
----------------------------------  -----  ---------  --------  ----------  --------------  -------------------  ----------------------
/opt/airflow/dags/spark_airflow.py                           1           0  0.13s           2024-12-16T04:11:09                      12
================================================================================
[2024-12-16T04:11:51.836+0000] {manager.py:997} INFO - 
================================================================================
DAG File Processing Stats

File Path                           PID    Runtime      # DAGs    # Errors  Last Runtime    Last Run               Last # of DB Queries
----------------------------------  -----  ---------  --------  ----------  --------------  -------------------  ----------------------
/opt/airflow/dags/spark_airflow.py                           1           0  0.13s           2024-12-16T04:11:38                      12
================================================================================
[2024-12-16T04:12:06.434+0000] {manager.py:997} INFO - 
================================================================================
DAG File Processing Stats

File Path                           PID    Runtime      # DAGs    # Errors  Last Runtime    Last Run               Last # of DB Queries
----------------------------------  -----  ---------  --------  ----------  --------------  -------------------  ----------------------
/opt/airflow/dags/spark_airflow.py                           1           0  0.12s           2024-12-16T04:11:39                      12
================================================================================
[2024-12-16T04:12:22.114+0000] {manager.py:997} INFO - 
================================================================================
DAG File Processing Stats

File Path                           PID    Runtime      # DAGs    # Errors  Last Runtime    Last Run               Last # of DB Queries
----------------------------------  -----  ---------  --------  ----------  --------------  -------------------  ----------------------
/opt/airflow/dags/spark_airflow.py                           1           0  0.12s           2024-12-16T04:12:09                      12
================================================================================
[2024-12-16T04:12:36.742+0000] {manager.py:997} INFO - 
================================================================================
DAG File Processing Stats

File Path                           PID    Runtime      # DAGs    # Errors  Last Runtime    Last Run               Last # of DB Queries
----------------------------------  -----  ---------  --------  ----------  --------------  -------------------  ----------------------
/opt/airflow/dags/spark_airflow.py                           1           0  0.11s           2024-12-16T04:12:09                      12
================================================================================
[2024-12-16T04:12:52.526+0000] {manager.py:997} INFO - 
================================================================================
DAG File Processing Stats

File Path                           PID    Runtime      # DAGs    # Errors  Last Runtime    Last Run               Last # of DB Queries
----------------------------------  -----  ---------  --------  ----------  --------------  -------------------  ----------------------
/opt/airflow/dags/spark_airflow.py                           1           0  0.11s           2024-12-16T04:12:39                      12
================================================================================
[2024-12-16T04:13:07.091+0000] {manager.py:997} INFO - 
================================================================================
DAG File Processing Stats

File Path                           PID    Runtime      # DAGs    # Errors  Last Runtime    Last Run               Last # of DB Queries
----------------------------------  -----  ---------  --------  ----------  --------------  -------------------  ----------------------
/opt/airflow/dags/spark_airflow.py                           1           0  0.11s           2024-12-16T04:12:39                      12
================================================================================
[2024-12-16T04:13:22.828+0000] {manager.py:997} INFO - 
================================================================================
DAG File Processing Stats

File Path                           PID    Runtime      # DAGs    # Errors  Last Runtime    Last Run               Last # of DB Queries
----------------------------------  -----  ---------  --------  ----------  --------------  -------------------  ----------------------
/opt/airflow/dags/spark_airflow.py                           1           0  0.11s           2024-12-16T04:13:09                      12
================================================================================
[2024-12-16T04:13:37.420+0000] {manager.py:997} INFO - 
================================================================================
DAG File Processing Stats

File Path                           PID    Runtime      # DAGs    # Errors  Last Runtime    Last Run               Last # of DB Queries
----------------------------------  -----  ---------  --------  ----------  --------------  -------------------  ----------------------
/opt/airflow/dags/spark_airflow.py                           1           0  0.12s           2024-12-16T04:13:10                      12
================================================================================
[2024-12-16T04:13:53.206+0000] {manager.py:997} INFO - 
================================================================================
DAG File Processing Stats

File Path                           PID    Runtime      # DAGs    # Errors  Last Runtime    Last Run               Last # of DB Queries
----------------------------------  -----  ---------  --------  ----------  --------------  -------------------  ----------------------
/opt/airflow/dags/spark_airflow.py                           1           0  0.11s           2024-12-16T04:13:40                      12
================================================================================
[2024-12-16T04:14:07.753+0000] {manager.py:997} INFO - 
================================================================================
DAG File Processing Stats

File Path                           PID    Runtime      # DAGs    # Errors  Last Runtime    Last Run               Last # of DB Queries
----------------------------------  -----  ---------  --------  ----------  --------------  -------------------  ----------------------
/opt/airflow/dags/spark_airflow.py                           1           0  0.14s           2024-12-16T04:13:40                      12
================================================================================
[2024-12-16T04:14:23.498+0000] {manager.py:997} INFO - 
================================================================================
DAG File Processing Stats

File Path                           PID    Runtime      # DAGs    # Errors  Last Runtime    Last Run               Last # of DB Queries
----------------------------------  -----  ---------  --------  ----------  --------------  -------------------  ----------------------
/opt/airflow/dags/spark_airflow.py                           1           0  0.13s           2024-12-16T04:14:10                      12
================================================================================
[2024-12-16T04:14:38.085+0000] {manager.py:997} INFO - 
================================================================================
DAG File Processing Stats

File Path                           PID    Runtime      # DAGs    # Errors  Last Runtime    Last Run               Last # of DB Queries
----------------------------------  -----  ---------  --------  ----------  --------------  -------------------  ----------------------
/opt/airflow/dags/spark_airflow.py                           1           0  0.13s           2024-12-16T04:14:10                      12
================================================================================
[2024-12-16T04:14:53.811+0000] {manager.py:997} INFO - 
================================================================================
DAG File Processing Stats

File Path                           PID    Runtime      # DAGs    # Errors  Last Runtime    Last Run               Last # of DB Queries
----------------------------------  -----  ---------  --------  ----------  --------------  -------------------  ----------------------
/opt/airflow/dags/spark_airflow.py                           1           0  0.14s           2024-12-16T04:14:40                      12
================================================================================
[2024-12-16T04:15:08.424+0000] {manager.py:997} INFO - 
================================================================================
DAG File Processing Stats

File Path                           PID    Runtime      # DAGs    # Errors  Last Runtime    Last Run               Last # of DB Queries
----------------------------------  -----  ---------  --------  ----------  --------------  -------------------  ----------------------
/opt/airflow/dags/spark_airflow.py                           1           0  0.11s           2024-12-16T04:14:41                      12
================================================================================
[2024-12-16T04:15:10.926+0000] {manager.py:821} INFO - Searching for files in /opt/airflow/dags
[2024-12-16T04:15:10.941+0000] {manager.py:824} INFO - There are 1 files in /opt/airflow/dags
[2024-12-16T04:15:11.447+0000] {manager.py:821} INFO - Searching for files in /opt/airflow/dags
[2024-12-16T04:15:11.475+0000] {manager.py:824} INFO - There are 1 files in /opt/airflow/dags
[2024-12-16T04:15:24.201+0000] {manager.py:997} INFO - 
================================================================================
DAG File Processing Stats

File Path                           PID    Runtime      # DAGs    # Errors  Last Runtime    Last Run               Last # of DB Queries
----------------------------------  -----  ---------  --------  ----------  --------------  -------------------  ----------------------
/opt/airflow/dags/spark_airflow.py                           1           0  0.13s           2024-12-16T04:15:11                      12
================================================================================
[2024-12-16T04:15:38.769+0000] {manager.py:997} INFO - 
================================================================================
DAG File Processing Stats

File Path                           PID    Runtime      # DAGs    # Errors  Last Runtime    Last Run               Last # of DB Queries
----------------------------------  -----  ---------  --------  ----------  --------------  -------------------  ----------------------
/opt/airflow/dags/spark_airflow.py                           1           0  0.11s           2024-12-16T04:15:11                      12
================================================================================
[2024-12-16T04:15:54.527+0000] {manager.py:997} INFO - 
================================================================================
DAG File Processing Stats

File Path                           PID    Runtime      # DAGs    # Errors  Last Runtime    Last Run               Last # of DB Queries
----------------------------------  -----  ---------  --------  ----------  --------------  -------------------  ----------------------
/opt/airflow/dags/spark_airflow.py                           1           0  0.13s           2024-12-16T04:15:41                      12
================================================================================
[2024-12-16T04:16:09.120+0000] {manager.py:997} INFO - 
================================================================================
DAG File Processing Stats

File Path                           PID    Runtime      # DAGs    # Errors  Last Runtime    Last Run               Last # of DB Queries
----------------------------------  -----  ---------  --------  ----------  --------------  -------------------  ----------------------
/opt/airflow/dags/spark_airflow.py                           1           0  0.14s           2024-12-16T04:15:41                      12
================================================================================
[2024-12-16T04:16:24.865+0000] {manager.py:997} INFO - 
================================================================================
DAG File Processing Stats

File Path                           PID    Runtime      # DAGs    # Errors  Last Runtime    Last Run               Last # of DB Queries
----------------------------------  -----  ---------  --------  ----------  --------------  -------------------  ----------------------
/opt/airflow/dags/spark_airflow.py                           1           0  0.14s           2024-12-16T04:16:11                      12
================================================================================
[2024-12-16T04:16:39.481+0000] {manager.py:997} INFO - 
================================================================================
DAG File Processing Stats

File Path                           PID    Runtime      # DAGs    # Errors  Last Runtime    Last Run               Last # of DB Queries
----------------------------------  -----  ---------  --------  ----------  --------------  -------------------  ----------------------
/opt/airflow/dags/spark_airflow.py                           1           0  0.15s           2024-12-16T04:16:12                      12
================================================================================
[2024-12-16T04:16:55.287+0000] {manager.py:997} INFO - 
================================================================================
DAG File Processing Stats

File Path                           PID    Runtime      # DAGs    # Errors  Last Runtime    Last Run               Last # of DB Queries
----------------------------------  -----  ---------  --------  ----------  --------------  -------------------  ----------------------
/opt/airflow/dags/spark_airflow.py                           1           0  0.31s           2024-12-16T04:16:42                      12
================================================================================
[2024-12-16T04:53:49.483+0000] {manager.py:821} INFO - Searching for files in /opt/airflow/dags
[2024-12-16T04:53:49.507+0000] {manager.py:824} INFO - There are 1 files in /opt/airflow/dags
[2024-12-16T04:53:49.921+0000] {manager.py:821} INFO - Searching for files in /opt/airflow/dags
[2024-12-16T04:53:49.945+0000] {manager.py:824} INFO - There are 1 files in /opt/airflow/dags
[2024-12-16T04:53:50.856+0000] {manager.py:997} INFO - 
================================================================================
DAG File Processing Stats

File Path                           PID    Runtime      # DAGs    # Errors  Last Runtime    Last Run               Last # of DB Queries
----------------------------------  -----  ---------  --------  ----------  --------------  -------------------  ----------------------
/opt/airflow/dags/spark_airflow.py                           1           0  0.29s           2024-12-16T04:53:49                      12
================================================================================
[2024-12-16T04:54:07.173+0000] {manager.py:997} INFO - 
================================================================================
DAG File Processing Stats

File Path                           PID    Runtime      # DAGs    # Errors  Last Runtime    Last Run               Last # of DB Queries
----------------------------------  -----  ---------  --------  ----------  --------------  -------------------  ----------------------
/opt/airflow/dags/spark_airflow.py                           1           0  0.26s           2024-12-16T04:53:50                      12
================================================================================
[2024-12-16T04:54:20.871+0000] {manager.py:997} INFO - 
================================================================================
DAG File Processing Stats

File Path                           PID    Runtime      # DAGs    # Errors  Last Runtime    Last Run               Last # of DB Queries
----------------------------------  -----  ---------  --------  ----------  --------------  -------------------  ----------------------
/opt/airflow/dags/spark_airflow.py                           1           0  0.16s           2024-12-16T04:54:20                      12
================================================================================
[2024-12-16T04:54:37.436+0000] {manager.py:997} INFO - 
================================================================================
DAG File Processing Stats

File Path                           PID    Runtime      # DAGs    # Errors  Last Runtime    Last Run               Last # of DB Queries
----------------------------------  -----  ---------  --------  ----------  --------------  -------------------  ----------------------
/opt/airflow/dags/spark_airflow.py                           1           0  0.16s           2024-12-16T04:54:20                      12
================================================================================
[2024-12-16T04:54:51.126+0000] {manager.py:997} INFO - 
================================================================================
DAG File Processing Stats

File Path                           PID    Runtime      # DAGs    # Errors  Last Runtime    Last Run               Last # of DB Queries
----------------------------------  -----  ---------  --------  ----------  --------------  -------------------  ----------------------
/opt/airflow/dags/spark_airflow.py                           1           0  0.12s           2024-12-16T04:54:50                      12
================================================================================
[2024-12-16T04:55:07.792+0000] {manager.py:997} INFO - 
================================================================================
DAG File Processing Stats

File Path                           PID    Runtime      # DAGs    # Errors  Last Runtime    Last Run               Last # of DB Queries
----------------------------------  -----  ---------  --------  ----------  --------------  -------------------  ----------------------
/opt/airflow/dags/spark_airflow.py                           1           0  0.14s           2024-12-16T04:54:50                      12
================================================================================
[2024-12-16T04:55:21.468+0000] {manager.py:997} INFO - 
================================================================================
DAG File Processing Stats

File Path                           PID    Runtime      # DAGs    # Errors  Last Runtime    Last Run               Last # of DB Queries
----------------------------------  -----  ---------  --------  ----------  --------------  -------------------  ----------------------
/opt/airflow/dags/spark_airflow.py                           1           0  0.11s           2024-12-16T04:55:20                      12
================================================================================
[2024-12-16T04:55:38.039+0000] {manager.py:997} INFO - 
================================================================================
DAG File Processing Stats

File Path                           PID    Runtime      # DAGs    # Errors  Last Runtime    Last Run               Last # of DB Queries
----------------------------------  -----  ---------  --------  ----------  --------------  -------------------  ----------------------
/opt/airflow/dags/spark_airflow.py                           1           0  0.13s           2024-12-16T04:55:21                      12
================================================================================
[2024-12-16T04:55:51.773+0000] {manager.py:997} INFO - 
================================================================================
DAG File Processing Stats

File Path                           PID    Runtime      # DAGs    # Errors  Last Runtime    Last Run               Last # of DB Queries
----------------------------------  -----  ---------  --------  ----------  --------------  -------------------  ----------------------
/opt/airflow/dags/spark_airflow.py                           1           0  0.14s           2024-12-16T04:55:50                      12
================================================================================
[2024-12-16T04:56:08.443+0000] {manager.py:997} INFO - 
================================================================================
DAG File Processing Stats

File Path                           PID    Runtime      # DAGs    # Errors  Last Runtime    Last Run               Last # of DB Queries
----------------------------------  -----  ---------  --------  ----------  --------------  -------------------  ----------------------
/opt/airflow/dags/spark_airflow.py                           1           0  0.13s           2024-12-16T04:55:51                      12
================================================================================
[2024-12-16T04:56:22.137+0000] {manager.py:997} INFO - 
================================================================================
DAG File Processing Stats

File Path                           PID    Runtime      # DAGs    # Errors  Last Runtime    Last Run               Last # of DB Queries
----------------------------------  -----  ---------  --------  ----------  --------------  -------------------  ----------------------
/opt/airflow/dags/spark_airflow.py                           1           0  0.12s           2024-12-16T04:56:21                      12
================================================================================
[2024-12-16T04:56:38.769+0000] {manager.py:997} INFO - 
================================================================================
DAG File Processing Stats

File Path                           PID    Runtime      # DAGs    # Errors  Last Runtime    Last Run               Last # of DB Queries
----------------------------------  -----  ---------  --------  ----------  --------------  -------------------  ----------------------
/opt/airflow/dags/spark_airflow.py                           1           0  0.11s           2024-12-16T04:56:21                      12
================================================================================
[2024-12-16T04:56:52.417+0000] {manager.py:997} INFO - 
================================================================================
DAG File Processing Stats

File Path                           PID    Runtime      # DAGs    # Errors  Last Runtime    Last Run               Last # of DB Queries
----------------------------------  -----  ---------  --------  ----------  --------------  -------------------  ----------------------
/opt/airflow/dags/spark_airflow.py                           1           0  0.15s           2024-12-16T04:56:51                      12
================================================================================
[2024-12-16T04:57:09.077+0000] {manager.py:997} INFO - 
================================================================================
DAG File Processing Stats

File Path                           PID    Runtime      # DAGs    # Errors  Last Runtime    Last Run               Last # of DB Queries
----------------------------------  -----  ---------  --------  ----------  --------------  -------------------  ----------------------
/opt/airflow/dags/spark_airflow.py                           1           0  0.14s           2024-12-16T04:56:52                      12
================================================================================
[2024-12-16T04:57:22.754+0000] {manager.py:997} INFO - 
================================================================================
DAG File Processing Stats

File Path                           PID    Runtime      # DAGs    # Errors  Last Runtime    Last Run               Last # of DB Queries
----------------------------------  -----  ---------  --------  ----------  --------------  -------------------  ----------------------
/opt/airflow/dags/spark_airflow.py                           1           0  0.17s           2024-12-16T04:57:21                      12
================================================================================
[2024-12-16T04:57:39.461+0000] {manager.py:997} INFO - 
================================================================================
DAG File Processing Stats

File Path                           PID    Runtime      # DAGs    # Errors  Last Runtime    Last Run               Last # of DB Queries
----------------------------------  -----  ---------  --------  ----------  --------------  -------------------  ----------------------
/opt/airflow/dags/spark_airflow.py                           1           0  0.17s           2024-12-16T04:57:22                      12
================================================================================
[2024-12-16T04:57:53.113+0000] {manager.py:997} INFO - 
================================================================================
DAG File Processing Stats

File Path                           PID    Runtime      # DAGs    # Errors  Last Runtime    Last Run               Last # of DB Queries
----------------------------------  -----  ---------  --------  ----------  --------------  -------------------  ----------------------
/opt/airflow/dags/spark_airflow.py                           1           0  0.12s           2024-12-16T04:57:52                      12
================================================================================
[2024-12-16T04:58:09.834+0000] {manager.py:997} INFO - 
================================================================================
DAG File Processing Stats

File Path                           PID    Runtime      # DAGs    # Errors  Last Runtime    Last Run               Last # of DB Queries
----------------------------------  -----  ---------  --------  ----------  --------------  -------------------  ----------------------
/opt/airflow/dags/spark_airflow.py                           1           0  0.13s           2024-12-16T04:57:52                      12
================================================================================
[2024-12-16T04:58:23.378+0000] {manager.py:997} INFO - 
================================================================================
DAG File Processing Stats

File Path                           PID    Runtime      # DAGs    # Errors  Last Runtime    Last Run               Last # of DB Queries
----------------------------------  -----  ---------  --------  ----------  --------------  -------------------  ----------------------
/opt/airflow/dags/spark_airflow.py                           1           0  0.16s           2024-12-16T04:58:22                      12
================================================================================
[2024-12-16T04:58:40.139+0000] {manager.py:997} INFO - 
================================================================================
DAG File Processing Stats

File Path                           PID    Runtime      # DAGs    # Errors  Last Runtime    Last Run               Last # of DB Queries
----------------------------------  -----  ---------  --------  ----------  --------------  -------------------  ----------------------
/opt/airflow/dags/spark_airflow.py                           1           0  0.16s           2024-12-16T04:58:23                      12
================================================================================
[2024-12-16T04:58:49.567+0000] {manager.py:821} INFO - Searching for files in /opt/airflow/dags
[2024-12-16T04:58:49.597+0000] {manager.py:824} INFO - There are 1 files in /opt/airflow/dags
[2024-12-16T04:58:50.217+0000] {manager.py:821} INFO - Searching for files in /opt/airflow/dags
[2024-12-16T04:58:50.252+0000] {manager.py:824} INFO - There are 1 files in /opt/airflow/dags
[2024-12-16T04:58:53.749+0000] {manager.py:997} INFO - 
================================================================================
DAG File Processing Stats

File Path                           PID    Runtime      # DAGs    # Errors  Last Runtime    Last Run               Last # of DB Queries
----------------------------------  -----  ---------  --------  ----------  --------------  -------------------  ----------------------
/opt/airflow/dags/spark_airflow.py                           1           0  0.12s           2024-12-16T04:58:52                      12
================================================================================
[2024-12-16T04:59:10.522+0000] {manager.py:997} INFO - 
================================================================================
DAG File Processing Stats

File Path                           PID    Runtime      # DAGs    # Errors  Last Runtime    Last Run               Last # of DB Queries
----------------------------------  -----  ---------  --------  ----------  --------------  -------------------  ----------------------
/opt/airflow/dags/spark_airflow.py                           1           0  0.13s           2024-12-16T04:58:53                      12
================================================================================
[2024-12-16T04:59:24.095+0000] {manager.py:997} INFO - 
================================================================================
DAG File Processing Stats

File Path                           PID    Runtime      # DAGs    # Errors  Last Runtime    Last Run               Last # of DB Queries
----------------------------------  -----  ---------  --------  ----------  --------------  -------------------  ----------------------
/opt/airflow/dags/spark_airflow.py                           1           0  0.11s           2024-12-16T04:59:23                      12
================================================================================
[2024-12-16T04:59:40.813+0000] {manager.py:997} INFO - 
================================================================================
DAG File Processing Stats

File Path                           PID    Runtime      # DAGs    # Errors  Last Runtime    Last Run               Last # of DB Queries
----------------------------------  -----  ---------  --------  ----------  --------------  -------------------  ----------------------
/opt/airflow/dags/spark_airflow.py                           1           0  0.12s           2024-12-16T04:59:23                      12
================================================================================
[2024-12-16T04:59:54.462+0000] {manager.py:997} INFO - 
================================================================================
DAG File Processing Stats

File Path                           PID    Runtime      # DAGs    # Errors  Last Runtime    Last Run               Last # of DB Queries
----------------------------------  -----  ---------  --------  ----------  --------------  -------------------  ----------------------
/opt/airflow/dags/spark_airflow.py                           1           0  0.14s           2024-12-16T04:59:53                      12
================================================================================
[2024-12-16T05:00:11.153+0000] {manager.py:997} INFO - 
================================================================================
DAG File Processing Stats

File Path                           PID    Runtime      # DAGs    # Errors  Last Runtime    Last Run               Last # of DB Queries
----------------------------------  -----  ---------  --------  ----------  --------------  -------------------  ----------------------
/opt/airflow/dags/spark_airflow.py                           1           0  0.12s           2024-12-16T04:59:54                      12
================================================================================
[2024-12-16T05:00:24.828+0000] {manager.py:997} INFO - 
================================================================================
DAG File Processing Stats

File Path                           PID    Runtime      # DAGs    # Errors  Last Runtime    Last Run               Last # of DB Queries
----------------------------------  -----  ---------  --------  ----------  --------------  -------------------  ----------------------
/opt/airflow/dags/spark_airflow.py                           1           0  0.15s           2024-12-16T05:00:23                      12
================================================================================
[2024-12-16T05:00:41.451+0000] {manager.py:997} INFO - 
================================================================================
DAG File Processing Stats

File Path                           PID    Runtime      # DAGs    # Errors  Last Runtime    Last Run               Last # of DB Queries
----------------------------------  -----  ---------  --------  ----------  --------------  -------------------  ----------------------
/opt/airflow/dags/spark_airflow.py                           1           0  0.11s           2024-12-16T05:00:24                      12
================================================================================
[2024-12-16T05:00:55.101+0000] {manager.py:997} INFO - 
================================================================================
DAG File Processing Stats

File Path                           PID    Runtime      # DAGs    # Errors  Last Runtime    Last Run               Last # of DB Queries
----------------------------------  -----  ---------  --------  ----------  --------------  -------------------  ----------------------
/opt/airflow/dags/spark_airflow.py                           1           0  0.18s           2024-12-16T05:00:54                      12
================================================================================
[2024-12-16T05:01:11.742+0000] {manager.py:997} INFO - 
================================================================================
DAG File Processing Stats

File Path                           PID    Runtime      # DAGs    # Errors  Last Runtime    Last Run               Last # of DB Queries
----------------------------------  -----  ---------  --------  ----------  --------------  -------------------  ----------------------
/opt/airflow/dags/spark_airflow.py                           1           0  0.17s           2024-12-16T05:00:54                      12
================================================================================
[2024-12-16T05:01:25.346+0000] {manager.py:997} INFO - 
================================================================================
DAG File Processing Stats

File Path                           PID    Runtime      # DAGs    # Errors  Last Runtime    Last Run               Last # of DB Queries
----------------------------------  -----  ---------  --------  ----------  --------------  -------------------  ----------------------
/opt/airflow/dags/spark_airflow.py                           1           0  0.17s           2024-12-16T05:01:24                      12
================================================================================
[2024-12-16T05:01:42.149+0000] {manager.py:997} INFO - 
================================================================================
DAG File Processing Stats

File Path                           PID    Runtime      # DAGs    # Errors  Last Runtime    Last Run               Last # of DB Queries
----------------------------------  -----  ---------  --------  ----------  --------------  -------------------  ----------------------
/opt/airflow/dags/spark_airflow.py                           1           0  0.16s           2024-12-16T05:01:25                      12
================================================================================
[2024-12-16T05:01:55.618+0000] {manager.py:997} INFO - 
================================================================================
DAG File Processing Stats

File Path                           PID    Runtime      # DAGs    # Errors  Last Runtime    Last Run               Last # of DB Queries
----------------------------------  -----  ---------  --------  ----------  --------------  -------------------  ----------------------
/opt/airflow/dags/spark_airflow.py                           1           0  0.10s           2024-12-16T05:01:54                      12
================================================================================
[2024-12-16T05:02:12.403+0000] {manager.py:997} INFO - 
================================================================================
DAG File Processing Stats

File Path                           PID    Runtime      # DAGs    # Errors  Last Runtime    Last Run               Last # of DB Queries
----------------------------------  -----  ---------  --------  ----------  --------------  -------------------  ----------------------
/opt/airflow/dags/spark_airflow.py                           1           0  0.12s           2024-12-16T05:01:55                      12
================================================================================
[2024-12-16T05:02:25.956+0000] {manager.py:997} INFO - 
================================================================================
DAG File Processing Stats

File Path                           PID    Runtime      # DAGs    # Errors  Last Runtime    Last Run               Last # of DB Queries
----------------------------------  -----  ---------  --------  ----------  --------------  -------------------  ----------------------
/opt/airflow/dags/spark_airflow.py                           1           0  0.11s           2024-12-16T05:02:24                      12
================================================================================
[2024-12-16T05:02:42.764+0000] {manager.py:997} INFO - 
================================================================================
DAG File Processing Stats

File Path                           PID    Runtime      # DAGs    # Errors  Last Runtime    Last Run               Last # of DB Queries
----------------------------------  -----  ---------  --------  ----------  --------------  -------------------  ----------------------
/opt/airflow/dags/spark_airflow.py                           1           0  0.13s           2024-12-16T05:02:25                      12
================================================================================
[2024-12-16T05:02:54.680+0000] {manager.py:465} INFO - Exiting gracefully upon receiving signal 15
[2024-12-16T05:12:14.355+0000] {manager.py:483} INFO - Processing files using up to 2 processes at a time 
[2024-12-16T05:12:14.358+0000] {manager.py:484} INFO - Process each file at most once every 30 seconds
[2024-12-16T05:12:14.360+0000] {manager.py:485} INFO - Checking for new files in /opt/airflow/dags every 300 seconds
[2024-12-16T05:12:14.361+0000] {manager.py:821} INFO - Searching for files in /opt/airflow/dags
[2024-12-16T05:12:14.392+0000] {manager.py:824} INFO - There are 1 files in /opt/airflow/dags
[2024-12-16T05:12:14.463+0000] {manager.py:997} INFO - 
================================================================================
DAG File Processing Stats

File Path                             PID  Runtime      # DAGs    # Errors  Last Runtime    Last Run      Last # of DB Queries
----------------------------------  -----  ---------  --------  ----------  --------------  ----------  ----------------------
/opt/airflow/dags/spark_airflow.py     66  0.02s             0           0                                                   0
================================================================================
[2024-12-16T05:12:44.705+0000] {manager.py:997} INFO - 
================================================================================
DAG File Processing Stats

File Path                           PID    Runtime      # DAGs    # Errors  Last Runtime    Last Run               Last # of DB Queries
----------------------------------  -----  ---------  --------  ----------  --------------  -------------------  ----------------------
/opt/airflow/dags/spark_airflow.py                           1           0  0.30s           2024-12-16T05:12:14                      45
================================================================================
[2024-12-16T05:13:15.331+0000] {manager.py:997} INFO - 
================================================================================
DAG File Processing Stats

File Path                             PID  Runtime      # DAGs    # Errors  Last Runtime    Last Run               Last # of DB Queries
----------------------------------  -----  ---------  --------  ----------  --------------  -------------------  ----------------------
/opt/airflow/dags/spark_airflow.py     76  0.00s             1           0  0.16s           2024-12-16T05:12:45                      12
================================================================================
[2024-12-16T05:13:45.755+0000] {manager.py:997} INFO - 
================================================================================
DAG File Processing Stats

File Path                             PID  Runtime      # DAGs    # Errors  Last Runtime    Last Run               Last # of DB Queries
----------------------------------  -----  ---------  --------  ----------  --------------  -------------------  ----------------------
/opt/airflow/dags/spark_airflow.py     81  0.00s             1           0  0.13s           2024-12-16T05:13:15                      12
================================================================================
[2024-12-16T05:14:16.027+0000] {manager.py:997} INFO - 
================================================================================
DAG File Processing Stats

File Path                             PID  Runtime      # DAGs    # Errors  Last Runtime    Last Run               Last # of DB Queries
----------------------------------  -----  ---------  --------  ----------  --------------  -------------------  ----------------------
/opt/airflow/dags/spark_airflow.py     86  0.01s             1           0  0.11s           2024-12-16T05:13:45                      12
================================================================================
[2024-12-16T05:14:46.464+0000] {manager.py:997} INFO - 
================================================================================
DAG File Processing Stats

File Path                             PID  Runtime      # DAGs    # Errors  Last Runtime    Last Run               Last # of DB Queries
----------------------------------  -----  ---------  --------  ----------  --------------  -------------------  ----------------------
/opt/airflow/dags/spark_airflow.py     91  0.01s             1           0  0.32s           2024-12-16T05:14:16                      12
================================================================================
[2024-12-16T05:15:17.415+0000] {manager.py:997} INFO - 
================================================================================
DAG File Processing Stats

File Path                             PID  Runtime      # DAGs    # Errors  Last Runtime    Last Run               Last # of DB Queries
----------------------------------  -----  ---------  --------  ----------  --------------  -------------------  ----------------------
/opt/airflow/dags/spark_airflow.py     96  0.01s             1           0  0.42s           2024-12-16T05:14:46                      12
================================================================================
[2024-12-16T05:15:47.556+0000] {manager.py:997} INFO - 
================================================================================
DAG File Processing Stats

File Path                           PID    Runtime      # DAGs    # Errors  Last Runtime    Last Run               Last # of DB Queries
----------------------------------  -----  ---------  --------  ----------  --------------  -------------------  ----------------------
/opt/airflow/dags/spark_airflow.py                           1           0  0.75s           2024-12-16T05:15:18                      12
================================================================================
[2024-12-16T05:16:18.052+0000] {manager.py:997} INFO - 
================================================================================
DAG File Processing Stats

File Path                           PID    Runtime      # DAGs    # Errors  Last Runtime    Last Run               Last # of DB Queries
----------------------------------  -----  ---------  --------  ----------  --------------  -------------------  ----------------------
/opt/airflow/dags/spark_airflow.py                           1           0  0.61s           2024-12-16T05:15:49                      12
================================================================================
[2024-12-16T05:16:23.987+0000] {manager.py:465} INFO - Exiting gracefully upon receiving signal 15
[2024-12-16T05:20:35.568+0000] {manager.py:483} INFO - Processing files using up to 2 processes at a time 
[2024-12-16T05:20:35.574+0000] {manager.py:484} INFO - Process each file at most once every 30 seconds
[2024-12-16T05:20:35.580+0000] {manager.py:485} INFO - Checking for new files in /opt/airflow/dags every 300 seconds
[2024-12-16T05:20:35.582+0000] {manager.py:821} INFO - Searching for files in /opt/airflow/dags
[2024-12-16T05:20:35.647+0000] {manager.py:824} INFO - There are 1 files in /opt/airflow/dags
[2024-12-16T05:20:36.178+0000] {manager.py:997} INFO - 
================================================================================
DAG File Processing Stats

File Path                             PID  Runtime      # DAGs    # Errors  Last Runtime    Last Run      Last # of DB Queries
----------------------------------  -----  ---------  --------  ----------  --------------  ----------  ----------------------
/opt/airflow/dags/spark_airflow.py     67  0.18s             0           0                                                   0
================================================================================
[2024-12-16T05:21:06.613+0000] {manager.py:997} INFO - 
================================================================================
DAG File Processing Stats

File Path                           PID    Runtime      # DAGs    # Errors  Last Runtime    Last Run               Last # of DB Queries
----------------------------------  -----  ---------  --------  ----------  --------------  -------------------  ----------------------
/opt/airflow/dags/spark_airflow.py                           1           0  0.75s           2024-12-16T05:20:36                      12
================================================================================
[2024-12-16T05:21:37.430+0000] {manager.py:997} INFO - 
================================================================================
DAG File Processing Stats

File Path                           PID    Runtime      # DAGs    # Errors  Last Runtime    Last Run               Last # of DB Queries
----------------------------------  -----  ---------  --------  ----------  --------------  -------------------  ----------------------
/opt/airflow/dags/spark_airflow.py                           1           0  6.45s           2024-12-16T05:21:14                      12
================================================================================
[2024-12-16T05:22:07.773+0000] {manager.py:997} INFO - 
================================================================================
DAG File Processing Stats

File Path                           PID    Runtime      # DAGs    # Errors  Last Runtime    Last Run               Last # of DB Queries
----------------------------------  -----  ---------  --------  ----------  --------------  -------------------  ----------------------
/opt/airflow/dags/spark_airflow.py                           1           0  1.19s           2024-12-16T05:21:45                      12
================================================================================
[2024-12-16T05:22:38.114+0000] {manager.py:997} INFO - 
================================================================================
DAG File Processing Stats

File Path                           PID    Runtime      # DAGs    # Errors  Last Runtime    Last Run               Last # of DB Queries
----------------------------------  -----  ---------  --------  ----------  --------------  -------------------  ----------------------
/opt/airflow/dags/spark_airflow.py                           1           0  0.20s           2024-12-16T05:22:16                      12
================================================================================
[2024-12-16T05:23:08.445+0000] {manager.py:997} INFO - 
================================================================================
DAG File Processing Stats

File Path                           PID    Runtime      # DAGs    # Errors  Last Runtime    Last Run               Last # of DB Queries
----------------------------------  -----  ---------  --------  ----------  --------------  -------------------  ----------------------
/opt/airflow/dags/spark_airflow.py                           1           0  0.41s           2024-12-16T05:22:46                      12
================================================================================
[2024-12-16T05:23:38.586+0000] {manager.py:997} INFO - 
================================================================================
DAG File Processing Stats

File Path                           PID    Runtime      # DAGs    # Errors  Last Runtime    Last Run               Last # of DB Queries
----------------------------------  -----  ---------  --------  ----------  --------------  -------------------  ----------------------
/opt/airflow/dags/spark_airflow.py                           1           0  0.56s           2024-12-16T05:23:17                      12
================================================================================
[2024-12-16T05:24:08.875+0000] {manager.py:997} INFO - 
================================================================================
DAG File Processing Stats

File Path                           PID    Runtime      # DAGs    # Errors  Last Runtime    Last Run               Last # of DB Queries
----------------------------------  -----  ---------  --------  ----------  --------------  -------------------  ----------------------
/opt/airflow/dags/spark_airflow.py                           1           0  0.31s           2024-12-16T05:23:47                      12
================================================================================
[2024-12-16T05:24:39.440+0000] {manager.py:997} INFO - 
================================================================================
DAG File Processing Stats

File Path                           PID    Runtime      # DAGs    # Errors  Last Runtime    Last Run               Last # of DB Queries
----------------------------------  -----  ---------  --------  ----------  --------------  -------------------  ----------------------
/opt/airflow/dags/spark_airflow.py                           1           0  0.12s           2024-12-16T05:24:18                      12
================================================================================
[2024-12-16T05:25:09.726+0000] {manager.py:997} INFO - 
================================================================================
DAG File Processing Stats

File Path                           PID    Runtime      # DAGs    # Errors  Last Runtime    Last Run               Last # of DB Queries
----------------------------------  -----  ---------  --------  ----------  --------------  -------------------  ----------------------
/opt/airflow/dags/spark_airflow.py                           1           0  0.13s           2024-12-16T05:24:48                      12
================================================================================
[2024-12-16T05:25:36.062+0000] {manager.py:821} INFO - Searching for files in /opt/airflow/dags
[2024-12-16T05:25:36.090+0000] {manager.py:824} INFO - There are 1 files in /opt/airflow/dags
[2024-12-16T05:25:40.155+0000] {manager.py:997} INFO - 
================================================================================
DAG File Processing Stats

File Path                           PID    Runtime      # DAGs    # Errors  Last Runtime    Last Run               Last # of DB Queries
----------------------------------  -----  ---------  --------  ----------  --------------  -------------------  ----------------------
/opt/airflow/dags/spark_airflow.py                           1           0  0.15s           2024-12-16T05:25:18                      12
================================================================================
[2024-12-16T05:26:10.474+0000] {manager.py:997} INFO - 
================================================================================
DAG File Processing Stats

File Path                           PID    Runtime      # DAGs    # Errors  Last Runtime    Last Run               Last # of DB Queries
----------------------------------  -----  ---------  --------  ----------  --------------  -------------------  ----------------------
/opt/airflow/dags/spark_airflow.py                           1           0  0.12s           2024-12-16T05:25:49                      12
================================================================================
[2024-12-16T05:26:40.801+0000] {manager.py:997} INFO - 
================================================================================
DAG File Processing Stats

File Path                           PID    Runtime      # DAGs    # Errors  Last Runtime    Last Run               Last # of DB Queries
----------------------------------  -----  ---------  --------  ----------  --------------  -------------------  ----------------------
/opt/airflow/dags/spark_airflow.py                           1           0  0.19s           2024-12-16T05:26:19                      12
================================================================================
[2024-12-16T05:27:11.184+0000] {manager.py:997} INFO - 
================================================================================
DAG File Processing Stats

File Path                           PID    Runtime      # DAGs    # Errors  Last Runtime    Last Run               Last # of DB Queries
----------------------------------  -----  ---------  --------  ----------  --------------  -------------------  ----------------------
/opt/airflow/dags/spark_airflow.py                           1           0  0.17s           2024-12-16T05:26:50                      12
================================================================================
[2024-12-16T05:27:41.473+0000] {manager.py:997} INFO - 
================================================================================
DAG File Processing Stats

File Path                           PID    Runtime      # DAGs    # Errors  Last Runtime    Last Run               Last # of DB Queries
----------------------------------  -----  ---------  --------  ----------  --------------  -------------------  ----------------------
/opt/airflow/dags/spark_airflow.py                           1           0  0.23s           2024-12-16T05:27:20                      12
================================================================================
[2024-12-16T05:28:11.941+0000] {manager.py:997} INFO - 
================================================================================
DAG File Processing Stats

File Path                           PID    Runtime      # DAGs    # Errors  Last Runtime    Last Run               Last # of DB Queries
----------------------------------  -----  ---------  --------  ----------  --------------  -------------------  ----------------------
/opt/airflow/dags/spark_airflow.py                           1           0  0.23s           2024-12-16T05:27:50                      12
================================================================================
[2024-12-16T05:28:42.312+0000] {manager.py:997} INFO - 
================================================================================
DAG File Processing Stats

File Path                           PID    Runtime      # DAGs    # Errors  Last Runtime    Last Run               Last # of DB Queries
----------------------------------  -----  ---------  --------  ----------  --------------  -------------------  ----------------------
/opt/airflow/dags/spark_airflow.py                           1           0  0.17s           2024-12-16T05:28:21                      12
================================================================================
[2024-12-16T05:29:12.666+0000] {manager.py:997} INFO - 
================================================================================
DAG File Processing Stats

File Path                           PID    Runtime      # DAGs    # Errors  Last Runtime    Last Run               Last # of DB Queries
----------------------------------  -----  ---------  --------  ----------  --------------  -------------------  ----------------------
/opt/airflow/dags/spark_airflow.py                           1           0  0.15s           2024-12-16T05:28:51                      12
================================================================================
[2024-12-16T05:29:42.951+0000] {manager.py:997} INFO - 
================================================================================
DAG File Processing Stats

File Path                           PID    Runtime      # DAGs    # Errors  Last Runtime    Last Run               Last # of DB Queries
----------------------------------  -----  ---------  --------  ----------  --------------  -------------------  ----------------------
/opt/airflow/dags/spark_airflow.py                           1           0  0.19s           2024-12-16T05:29:21                      12
================================================================================
[2024-12-16T05:30:13.366+0000] {manager.py:997} INFO - 
================================================================================
DAG File Processing Stats

File Path                           PID    Runtime      # DAGs    # Errors  Last Runtime    Last Run               Last # of DB Queries
----------------------------------  -----  ---------  --------  ----------  --------------  -------------------  ----------------------
/opt/airflow/dags/spark_airflow.py                           1           0  0.14s           2024-12-16T05:29:52                      12
================================================================================
[2024-12-16T05:30:36.566+0000] {manager.py:821} INFO - Searching for files in /opt/airflow/dags
[2024-12-16T05:30:36.617+0000] {manager.py:824} INFO - There are 1 files in /opt/airflow/dags
[2024-12-16T05:30:43.692+0000] {manager.py:997} INFO - 
================================================================================
DAG File Processing Stats

File Path                           PID    Runtime      # DAGs    # Errors  Last Runtime    Last Run               Last # of DB Queries
----------------------------------  -----  ---------  --------  ----------  --------------  -------------------  ----------------------
/opt/airflow/dags/spark_airflow.py                           1           0  0.19s           2024-12-16T05:30:22                      12
================================================================================
[2024-12-16T05:31:14.064+0000] {manager.py:997} INFO - 
================================================================================
DAG File Processing Stats

File Path                           PID    Runtime      # DAGs    # Errors  Last Runtime    Last Run               Last # of DB Queries
----------------------------------  -----  ---------  --------  ----------  --------------  -------------------  ----------------------
/opt/airflow/dags/spark_airflow.py                           1           0  0.17s           2024-12-16T05:30:53                      12
================================================================================
[2024-12-16T05:31:44.458+0000] {manager.py:997} INFO - 
================================================================================
DAG File Processing Stats

File Path                           PID    Runtime      # DAGs    # Errors  Last Runtime    Last Run               Last # of DB Queries
----------------------------------  -----  ---------  --------  ----------  --------------  -------------------  ----------------------
/opt/airflow/dags/spark_airflow.py                           1           0  0.18s           2024-12-16T05:31:23                      12
================================================================================
[2024-12-16T05:32:14.768+0000] {manager.py:997} INFO - 
================================================================================
DAG File Processing Stats

File Path                           PID    Runtime      # DAGs    # Errors  Last Runtime    Last Run               Last # of DB Queries
----------------------------------  -----  ---------  --------  ----------  --------------  -------------------  ----------------------
/opt/airflow/dags/spark_airflow.py                           1           0  0.17s           2024-12-16T05:31:53                      12
================================================================================
[2024-12-16T05:32:45.156+0000] {manager.py:997} INFO - 
================================================================================
DAG File Processing Stats

File Path                           PID    Runtime      # DAGs    # Errors  Last Runtime    Last Run               Last # of DB Queries
----------------------------------  -----  ---------  --------  ----------  --------------  -------------------  ----------------------
/opt/airflow/dags/spark_airflow.py                           1           0  0.14s           2024-12-16T05:32:24                      12
================================================================================
[2024-12-16T05:33:15.452+0000] {manager.py:997} INFO - 
================================================================================
DAG File Processing Stats

File Path                           PID    Runtime      # DAGs    # Errors  Last Runtime    Last Run               Last # of DB Queries
----------------------------------  -----  ---------  --------  ----------  --------------  -------------------  ----------------------
/opt/airflow/dags/spark_airflow.py                           1           0  0.13s           2024-12-16T05:32:54                      12
================================================================================
[2024-12-16T05:33:45.842+0000] {manager.py:997} INFO - 
================================================================================
DAG File Processing Stats

File Path                           PID    Runtime      # DAGs    # Errors  Last Runtime    Last Run               Last # of DB Queries
----------------------------------  -----  ---------  --------  ----------  --------------  -------------------  ----------------------
/opt/airflow/dags/spark_airflow.py                           1           0  0.17s           2024-12-16T05:33:24                      12
================================================================================
[2024-12-16T05:34:16.178+0000] {manager.py:997} INFO - 
================================================================================
DAG File Processing Stats

File Path                           PID    Runtime      # DAGs    # Errors  Last Runtime    Last Run               Last # of DB Queries
----------------------------------  -----  ---------  --------  ----------  --------------  -------------------  ----------------------
/opt/airflow/dags/spark_airflow.py                           1           0  0.15s           2024-12-16T05:33:55                      12
================================================================================
[2024-12-16T05:34:46.528+0000] {manager.py:997} INFO - 
================================================================================
DAG File Processing Stats

File Path                           PID    Runtime      # DAGs    # Errors  Last Runtime    Last Run               Last # of DB Queries
----------------------------------  -----  ---------  --------  ----------  --------------  -------------------  ----------------------
/opt/airflow/dags/spark_airflow.py                           1           0  0.21s           2024-12-16T05:34:25                      12
================================================================================
[2024-12-16T05:35:16.842+0000] {manager.py:997} INFO - 
================================================================================
DAG File Processing Stats

File Path                           PID    Runtime      # DAGs    # Errors  Last Runtime    Last Run               Last # of DB Queries
----------------------------------  -----  ---------  --------  ----------  --------------  -------------------  ----------------------
/opt/airflow/dags/spark_airflow.py                           1           0  0.16s           2024-12-16T05:34:55                      12
================================================================================
[2024-12-16T05:35:37.106+0000] {manager.py:821} INFO - Searching for files in /opt/airflow/dags
[2024-12-16T05:35:37.132+0000] {manager.py:824} INFO - There are 1 files in /opt/airflow/dags
[2024-12-16T05:35:47.233+0000] {manager.py:997} INFO - 
================================================================================
DAG File Processing Stats

File Path                           PID    Runtime      # DAGs    # Errors  Last Runtime    Last Run               Last # of DB Queries
----------------------------------  -----  ---------  --------  ----------  --------------  -------------------  ----------------------
/opt/airflow/dags/spark_airflow.py                           1           0  0.15s           2024-12-16T05:35:26                      12
================================================================================
[2024-12-16T05:36:17.541+0000] {manager.py:997} INFO - 
================================================================================
DAG File Processing Stats

File Path                           PID    Runtime      # DAGs    # Errors  Last Runtime    Last Run               Last # of DB Queries
----------------------------------  -----  ---------  --------  ----------  --------------  -------------------  ----------------------
/opt/airflow/dags/spark_airflow.py                           1           0  0.18s           2024-12-16T05:35:56                      12
================================================================================
[2024-12-16T05:36:47.934+0000] {manager.py:997} INFO - 
================================================================================
DAG File Processing Stats

File Path                           PID    Runtime      # DAGs    # Errors  Last Runtime    Last Run               Last # of DB Queries
----------------------------------  -----  ---------  --------  ----------  --------------  -------------------  ----------------------
/opt/airflow/dags/spark_airflow.py                           1           0  0.17s           2024-12-16T05:36:26                      12
================================================================================
[2024-12-16T05:37:18.270+0000] {manager.py:997} INFO - 
================================================================================
DAG File Processing Stats

File Path                           PID    Runtime      # DAGs    # Errors  Last Runtime    Last Run               Last # of DB Queries
----------------------------------  -----  ---------  --------  ----------  --------------  -------------------  ----------------------
/opt/airflow/dags/spark_airflow.py                           1           0  0.18s           2024-12-16T05:36:57                      12
================================================================================
[2024-12-16T05:37:48.672+0000] {manager.py:997} INFO - 
================================================================================
DAG File Processing Stats

File Path                           PID    Runtime      # DAGs    # Errors  Last Runtime    Last Run               Last # of DB Queries
----------------------------------  -----  ---------  --------  ----------  --------------  -------------------  ----------------------
/opt/airflow/dags/spark_airflow.py                           1           0  0.16s           2024-12-16T05:37:27                      12
================================================================================
[2024-12-16T05:38:19.006+0000] {manager.py:997} INFO - 
================================================================================
DAG File Processing Stats

File Path                           PID    Runtime      # DAGs    # Errors  Last Runtime    Last Run               Last # of DB Queries
----------------------------------  -----  ---------  --------  ----------  --------------  -------------------  ----------------------
/opt/airflow/dags/spark_airflow.py                           1           0  0.19s           2024-12-16T05:37:57                      12
================================================================================
[2024-12-16T05:38:49.422+0000] {manager.py:997} INFO - 
================================================================================
DAG File Processing Stats

File Path                           PID    Runtime      # DAGs    # Errors  Last Runtime    Last Run               Last # of DB Queries
----------------------------------  -----  ---------  --------  ----------  --------------  -------------------  ----------------------
/opt/airflow/dags/spark_airflow.py                           1           0  0.17s           2024-12-16T05:38:28                      12
================================================================================
[2024-12-16T05:39:19.710+0000] {manager.py:997} INFO - 
================================================================================
DAG File Processing Stats

File Path                           PID    Runtime      # DAGs    # Errors  Last Runtime    Last Run               Last # of DB Queries
----------------------------------  -----  ---------  --------  ----------  --------------  -------------------  ----------------------
/opt/airflow/dags/spark_airflow.py                           1           0  0.13s           2024-12-16T05:38:58                      12
================================================================================
[2024-12-16T05:39:50.127+0000] {manager.py:997} INFO - 
================================================================================
DAG File Processing Stats

File Path                           PID    Runtime      # DAGs    # Errors  Last Runtime    Last Run               Last # of DB Queries
----------------------------------  -----  ---------  --------  ----------  --------------  -------------------  ----------------------
/opt/airflow/dags/spark_airflow.py                           1           0  0.12s           2024-12-16T05:39:28                      12
================================================================================
[2024-12-16T05:40:20.435+0000] {manager.py:997} INFO - 
================================================================================
DAG File Processing Stats

File Path                           PID    Runtime      # DAGs    # Errors  Last Runtime    Last Run               Last # of DB Queries
----------------------------------  -----  ---------  --------  ----------  --------------  -------------------  ----------------------
/opt/airflow/dags/spark_airflow.py                           1           0  0.12s           2024-12-16T05:39:59                      12
================================================================================
[2024-12-16T05:40:37.646+0000] {manager.py:821} INFO - Searching for files in /opt/airflow/dags
[2024-12-16T05:40:37.656+0000] {manager.py:824} INFO - There are 1 files in /opt/airflow/dags
[2024-12-16T05:40:50.763+0000] {manager.py:997} INFO - 
================================================================================
DAG File Processing Stats

File Path                           PID    Runtime      # DAGs    # Errors  Last Runtime    Last Run               Last # of DB Queries
----------------------------------  -----  ---------  --------  ----------  --------------  -------------------  ----------------------
/opt/airflow/dags/spark_airflow.py                           1           0  0.13s           2024-12-16T05:40:29                      12
================================================================================
[2024-12-16T05:41:21.099+0000] {manager.py:997} INFO - 
================================================================================
DAG File Processing Stats

File Path                           PID    Runtime      # DAGs    # Errors  Last Runtime    Last Run               Last # of DB Queries
----------------------------------  -----  ---------  --------  ----------  --------------  -------------------  ----------------------
/opt/airflow/dags/spark_airflow.py                           1           0  0.12s           2024-12-16T05:40:59                      12
================================================================================
[2024-12-16T05:41:51.419+0000] {manager.py:997} INFO - 
================================================================================
DAG File Processing Stats

File Path                           PID    Runtime      # DAGs    # Errors  Last Runtime    Last Run               Last # of DB Queries
----------------------------------  -----  ---------  --------  ----------  --------------  -------------------  ----------------------
/opt/airflow/dags/spark_airflow.py                           1           0  0.12s           2024-12-16T05:41:30                      12
================================================================================
[2024-12-16T05:42:21.786+0000] {manager.py:997} INFO - 
================================================================================
DAG File Processing Stats

File Path                           PID    Runtime      # DAGs    # Errors  Last Runtime    Last Run               Last # of DB Queries
----------------------------------  -----  ---------  --------  ----------  --------------  -------------------  ----------------------
/opt/airflow/dags/spark_airflow.py                           1           0  0.12s           2024-12-16T05:42:00                      12
================================================================================
[2024-12-16T05:42:52.105+0000] {manager.py:997} INFO - 
================================================================================
DAG File Processing Stats

File Path                           PID    Runtime      # DAGs    # Errors  Last Runtime    Last Run               Last # of DB Queries
----------------------------------  -----  ---------  --------  ----------  --------------  -------------------  ----------------------
/opt/airflow/dags/spark_airflow.py                           1           0  0.12s           2024-12-16T05:42:31                      12
================================================================================
[2024-12-16T05:43:22.498+0000] {manager.py:997} INFO - 
================================================================================
DAG File Processing Stats

File Path                           PID    Runtime      # DAGs    # Errors  Last Runtime    Last Run               Last # of DB Queries
----------------------------------  -----  ---------  --------  ----------  --------------  -------------------  ----------------------
/opt/airflow/dags/spark_airflow.py                           1           0  0.12s           2024-12-16T05:43:01                      12
================================================================================
[2024-12-16T05:43:52.793+0000] {manager.py:997} INFO - 
================================================================================
DAG File Processing Stats

File Path                           PID    Runtime      # DAGs    # Errors  Last Runtime    Last Run               Last # of DB Queries
----------------------------------  -----  ---------  --------  ----------  --------------  -------------------  ----------------------
/opt/airflow/dags/spark_airflow.py                           1           0  0.11s           2024-12-16T05:43:31                      12
================================================================================
[2024-12-16T05:44:23.134+0000] {manager.py:997} INFO - 
================================================================================
DAG File Processing Stats

File Path                           PID    Runtime      # DAGs    # Errors  Last Runtime    Last Run               Last # of DB Queries
----------------------------------  -----  ---------  --------  ----------  --------------  -------------------  ----------------------
/opt/airflow/dags/spark_airflow.py                           1           0  0.14s           2024-12-16T05:44:02                      12
================================================================================
[2024-12-16T05:44:53.457+0000] {manager.py:997} INFO - 
================================================================================
DAG File Processing Stats

File Path                           PID    Runtime      # DAGs    # Errors  Last Runtime    Last Run               Last # of DB Queries
----------------------------------  -----  ---------  --------  ----------  --------------  -------------------  ----------------------
/opt/airflow/dags/spark_airflow.py                           1           0  0.11s           2024-12-16T05:44:32                      12
================================================================================
[2024-12-16T05:45:23.820+0000] {manager.py:997} INFO - 
================================================================================
DAG File Processing Stats

File Path                           PID    Runtime      # DAGs    # Errors  Last Runtime    Last Run               Last # of DB Queries
----------------------------------  -----  ---------  --------  ----------  --------------  -------------------  ----------------------
/opt/airflow/dags/spark_airflow.py                           1           0  0.16s           2024-12-16T05:45:02                      12
================================================================================
[2024-12-16T05:45:38.014+0000] {manager.py:821} INFO - Searching for files in /opt/airflow/dags
[2024-12-16T05:45:38.036+0000] {manager.py:824} INFO - There are 1 files in /opt/airflow/dags
[2024-12-16T05:45:54.209+0000] {manager.py:997} INFO - 
================================================================================
DAG File Processing Stats

File Path                           PID    Runtime      # DAGs    # Errors  Last Runtime    Last Run               Last # of DB Queries
----------------------------------  -----  ---------  --------  ----------  --------------  -------------------  ----------------------
/opt/airflow/dags/spark_airflow.py                           1           0  0.17s           2024-12-16T05:45:33                      12
================================================================================
[2024-12-16T05:46:24.548+0000] {manager.py:997} INFO - 
================================================================================
DAG File Processing Stats

File Path                           PID    Runtime      # DAGs    # Errors  Last Runtime    Last Run               Last # of DB Queries
----------------------------------  -----  ---------  --------  ----------  --------------  -------------------  ----------------------
/opt/airflow/dags/spark_airflow.py                           1           0  0.11s           2024-12-16T05:46:03                      12
================================================================================
[2024-12-16T05:46:54.837+0000] {manager.py:997} INFO - 
================================================================================
DAG File Processing Stats

File Path                           PID    Runtime      # DAGs    # Errors  Last Runtime    Last Run               Last # of DB Queries
----------------------------------  -----  ---------  --------  ----------  --------------  -------------------  ----------------------
/opt/airflow/dags/spark_airflow.py                           1           0  0.13s           2024-12-16T05:46:33                      12
================================================================================
[2024-12-16T05:47:19.519+0000] {manager.py:465} INFO - Exiting gracefully upon receiving signal 15
[2024-12-16T22:53:17.738+0000] {manager.py:483} INFO - Processing files using up to 2 processes at a time 
[2024-12-16T22:53:17.739+0000] {manager.py:484} INFO - Process each file at most once every 30 seconds
[2024-12-16T22:53:17.739+0000] {manager.py:485} INFO - Checking for new files in /opt/airflow/dags every 300 seconds
[2024-12-16T22:53:17.740+0000] {manager.py:821} INFO - Searching for files in /opt/airflow/dags
[2024-12-16T22:53:17.762+0000] {manager.py:824} INFO - There are 1 files in /opt/airflow/dags
[2024-12-16T22:53:17.842+0000] {manager.py:997} INFO - 
================================================================================
DAG File Processing Stats

File Path                             PID  Runtime      # DAGs    # Errors  Last Runtime    Last Run      Last # of DB Queries
----------------------------------  -----  ---------  --------  ----------  --------------  ----------  ----------------------
/opt/airflow/dags/spark_airflow.py     67  0.02s             0           0                                                   0
================================================================================
[2024-12-16T22:53:48.104+0000] {manager.py:997} INFO - 
================================================================================
DAG File Processing Stats

File Path                             PID  Runtime      # DAGs    # Errors  Last Runtime    Last Run               Last # of DB Queries
----------------------------------  -----  ---------  --------  ----------  --------------  -------------------  ----------------------
/opt/airflow/dags/spark_airflow.py     79  0.00s             1           0  0.16s           2024-12-16T22:53:17                      12
================================================================================
[2024-12-16T22:54:18.406+0000] {manager.py:997} INFO - 
================================================================================
DAG File Processing Stats

File Path                             PID  Runtime      # DAGs    # Errors  Last Runtime    Last Run               Last # of DB Queries
----------------------------------  -----  ---------  --------  ----------  --------------  -------------------  ----------------------
/opt/airflow/dags/spark_airflow.py     84  0.00s             1           0  0.09s           2024-12-16T22:53:48                      12
================================================================================
[2024-12-16T22:54:48.735+0000] {manager.py:997} INFO - 
================================================================================
DAG File Processing Stats

File Path                             PID  Runtime      # DAGs    # Errors  Last Runtime    Last Run               Last # of DB Queries
----------------------------------  -----  ---------  --------  ----------  --------------  -------------------  ----------------------
/opt/airflow/dags/spark_airflow.py     89  0.00s             1           0  0.10s           2024-12-16T22:54:18                      12
================================================================================
[2024-12-16T22:55:19.004+0000] {manager.py:997} INFO - 
================================================================================
DAG File Processing Stats

File Path                             PID  Runtime      # DAGs    # Errors  Last Runtime    Last Run               Last # of DB Queries
----------------------------------  -----  ---------  --------  ----------  --------------  -------------------  ----------------------
/opt/airflow/dags/spark_airflow.py     94  0.00s             1           0  0.11s           2024-12-16T22:54:48                      12
================================================================================
[2024-12-16T22:55:49.306+0000] {manager.py:997} INFO - 
================================================================================
DAG File Processing Stats

File Path                             PID  Runtime      # DAGs    # Errors  Last Runtime    Last Run               Last # of DB Queries
----------------------------------  -----  ---------  --------  ----------  --------------  -------------------  ----------------------
/opt/airflow/dags/spark_airflow.py    106  0.00s             1           0  0.10s           2024-12-16T22:55:19                      12
================================================================================
[2024-12-16T22:56:19.599+0000] {manager.py:997} INFO - 
================================================================================
DAG File Processing Stats

File Path                             PID  Runtime      # DAGs    # Errors  Last Runtime    Last Run               Last # of DB Queries
----------------------------------  -----  ---------  --------  ----------  --------------  -------------------  ----------------------
/opt/airflow/dags/spark_airflow.py    111  0.00s             1           0  0.10s           2024-12-16T22:55:49                      12
================================================================================
[2024-12-16T22:56:49.913+0000] {manager.py:997} INFO - 
================================================================================
DAG File Processing Stats

File Path                             PID  Runtime      # DAGs    # Errors  Last Runtime    Last Run               Last # of DB Queries
----------------------------------  -----  ---------  --------  ----------  --------------  -------------------  ----------------------
/opt/airflow/dags/spark_airflow.py    116  0.00s             1           0  0.10s           2024-12-16T22:56:19                      12
================================================================================
[2024-12-16T22:57:20.179+0000] {manager.py:997} INFO - 
================================================================================
DAG File Processing Stats

File Path                             PID  Runtime      # DAGs    # Errors  Last Runtime    Last Run               Last # of DB Queries
----------------------------------  -----  ---------  --------  ----------  --------------  -------------------  ----------------------
/opt/airflow/dags/spark_airflow.py    121  0.00s             1           0  0.12s           2024-12-16T22:56:50                      12
================================================================================
[2024-12-16T22:57:50.587+0000] {manager.py:997} INFO - 
================================================================================
DAG File Processing Stats

File Path                             PID  Runtime      # DAGs    # Errors  Last Runtime    Last Run               Last # of DB Queries
----------------------------------  -----  ---------  --------  ----------  --------------  -------------------  ----------------------
/opt/airflow/dags/spark_airflow.py    133  0.00s             1           0  0.13s           2024-12-16T22:57:20                      12
================================================================================
[2024-12-16T22:58:17.829+0000] {manager.py:821} INFO - Searching for files in /opt/airflow/dags
[2024-12-16T22:58:17.867+0000] {manager.py:824} INFO - There are 1 files in /opt/airflow/dags
[2024-12-16T22:58:20.918+0000] {manager.py:997} INFO - 
================================================================================
DAG File Processing Stats

File Path                             PID  Runtime      # DAGs    # Errors  Last Runtime    Last Run               Last # of DB Queries
----------------------------------  -----  ---------  --------  ----------  --------------  -------------------  ----------------------
/opt/airflow/dags/spark_airflow.py    138  0.00s             1           0  0.10s           2024-12-16T22:57:50                      12
================================================================================
[2024-12-16T22:58:51.184+0000] {manager.py:997} INFO - 
================================================================================
DAG File Processing Stats

File Path                             PID  Runtime      # DAGs    # Errors  Last Runtime    Last Run               Last # of DB Queries
----------------------------------  -----  ---------  --------  ----------  --------------  -------------------  ----------------------
/opt/airflow/dags/spark_airflow.py    143  0.00s             1           0  0.11s           2024-12-16T22:58:21                      12
================================================================================
[2024-12-16T22:59:21.614+0000] {manager.py:997} INFO - 
================================================================================
DAG File Processing Stats

File Path                             PID  Runtime      # DAGs    # Errors  Last Runtime    Last Run               Last # of DB Queries
----------------------------------  -----  ---------  --------  ----------  --------------  -------------------  ----------------------
/opt/airflow/dags/spark_airflow.py    148  0.00s             1           0  0.12s           2024-12-16T22:58:51                      12
================================================================================
[2024-12-16T22:59:51.908+0000] {manager.py:997} INFO - 
================================================================================
DAG File Processing Stats

File Path                             PID  Runtime      # DAGs    # Errors  Last Runtime    Last Run               Last # of DB Queries
----------------------------------  -----  ---------  --------  ----------  --------------  -------------------  ----------------------
/opt/airflow/dags/spark_airflow.py    153  0.00s             1           0  0.09s           2024-12-16T22:59:21                      12
================================================================================
[2024-12-16T23:00:22.172+0000] {manager.py:997} INFO - 
================================================================================
DAG File Processing Stats

File Path                             PID  Runtime      # DAGs    # Errors  Last Runtime    Last Run               Last # of DB Queries
----------------------------------  -----  ---------  --------  ----------  --------------  -------------------  ----------------------
/opt/airflow/dags/spark_airflow.py    158  0.00s             1           0  0.11s           2024-12-16T22:59:52                      12
================================================================================
[2024-12-16T23:00:52.464+0000] {manager.py:997} INFO - 
================================================================================
DAG File Processing Stats

File Path                             PID  Runtime      # DAGs    # Errors  Last Runtime    Last Run               Last # of DB Queries
----------------------------------  -----  ---------  --------  ----------  --------------  -------------------  ----------------------
/opt/airflow/dags/spark_airflow.py    163  0.00s             1           0  0.11s           2024-12-16T23:00:22                      12
================================================================================
[2024-12-16T23:01:22.801+0000] {manager.py:997} INFO - 
================================================================================
DAG File Processing Stats

File Path                             PID  Runtime      # DAGs    # Errors  Last Runtime    Last Run               Last # of DB Queries
----------------------------------  -----  ---------  --------  ----------  --------------  -------------------  ----------------------
/opt/airflow/dags/spark_airflow.py    168  0.00s             1           0  0.11s           2024-12-16T23:00:52                      12
================================================================================
[2024-12-16T23:01:53.097+0000] {manager.py:997} INFO - 
================================================================================
DAG File Processing Stats

File Path                             PID  Runtime      # DAGs    # Errors  Last Runtime    Last Run               Last # of DB Queries
----------------------------------  -----  ---------  --------  ----------  --------------  -------------------  ----------------------
/opt/airflow/dags/spark_airflow.py    173  0.00s             1           0  0.10s           2024-12-16T23:01:22                      12
================================================================================
[2024-12-16T23:02:23.374+0000] {manager.py:997} INFO - 
================================================================================
DAG File Processing Stats

File Path                             PID  Runtime      # DAGs    # Errors  Last Runtime    Last Run               Last # of DB Queries
----------------------------------  -----  ---------  --------  ----------  --------------  -------------------  ----------------------
/opt/airflow/dags/spark_airflow.py    185  0.00s             1           0  0.15s           2024-12-16T23:01:53                      12
================================================================================
[2024-12-16T23:02:53.742+0000] {manager.py:997} INFO - 
================================================================================
DAG File Processing Stats

File Path                             PID  Runtime      # DAGs    # Errors  Last Runtime    Last Run               Last # of DB Queries
----------------------------------  -----  ---------  --------  ----------  --------------  -------------------  ----------------------
/opt/airflow/dags/spark_airflow.py    197  0.00s             1           0  0.11s           2024-12-16T23:02:23                      12
================================================================================
[2024-12-16T23:03:17.962+0000] {manager.py:821} INFO - Searching for files in /opt/airflow/dags
[2024-12-16T23:03:17.983+0000] {manager.py:824} INFO - There are 1 files in /opt/airflow/dags
[2024-12-16T23:03:24.057+0000] {manager.py:997} INFO - 
================================================================================
DAG File Processing Stats

File Path                             PID  Runtime      # DAGs    # Errors  Last Runtime    Last Run               Last # of DB Queries
----------------------------------  -----  ---------  --------  ----------  --------------  -------------------  ----------------------
/opt/airflow/dags/spark_airflow.py    202  0.00s             1           0  0.11s           2024-12-16T23:02:53                      12
================================================================================
[2024-12-16T23:03:54.380+0000] {manager.py:997} INFO - 
================================================================================
DAG File Processing Stats

File Path                             PID  Runtime      # DAGs    # Errors  Last Runtime    Last Run               Last # of DB Queries
----------------------------------  -----  ---------  --------  ----------  --------------  -------------------  ----------------------
/opt/airflow/dags/spark_airflow.py    207  0.00s             1           0  0.11s           2024-12-16T23:03:24                      12
================================================================================
[2024-12-16T23:04:24.679+0000] {manager.py:997} INFO - 
================================================================================
DAG File Processing Stats

File Path                             PID  Runtime      # DAGs    # Errors  Last Runtime    Last Run               Last # of DB Queries
----------------------------------  -----  ---------  --------  ----------  --------------  -------------------  ----------------------
/opt/airflow/dags/spark_airflow.py    219  0.00s             1           0  0.10s           2024-12-16T23:03:54                      12
================================================================================
[2024-12-16T23:04:55.003+0000] {manager.py:997} INFO - 
================================================================================
DAG File Processing Stats

File Path                             PID  Runtime      # DAGs    # Errors  Last Runtime    Last Run               Last # of DB Queries
----------------------------------  -----  ---------  --------  ----------  --------------  -------------------  ----------------------
/opt/airflow/dags/spark_airflow.py    224  0.00s             1           0  0.12s           2024-12-16T23:04:24                      12
================================================================================
[2024-12-16T23:05:25.316+0000] {manager.py:997} INFO - 
================================================================================
DAG File Processing Stats

File Path                             PID  Runtime      # DAGs    # Errors  Last Runtime    Last Run               Last # of DB Queries
----------------------------------  -----  ---------  --------  ----------  --------------  -------------------  ----------------------
/opt/airflow/dags/spark_airflow.py    229  0.00s             1           0  0.11s           2024-12-16T23:04:55                      12
================================================================================
[2024-12-16T23:05:55.672+0000] {manager.py:997} INFO - 
================================================================================
DAG File Processing Stats

File Path                             PID  Runtime      # DAGs    # Errors  Last Runtime    Last Run               Last # of DB Queries
----------------------------------  -----  ---------  --------  ----------  --------------  -------------------  ----------------------
/opt/airflow/dags/spark_airflow.py    234  0.00s             1           0  0.11s           2024-12-16T23:05:25                      12
================================================================================
[2024-12-16T23:06:26.029+0000] {manager.py:997} INFO - 
================================================================================
DAG File Processing Stats

File Path                             PID  Runtime      # DAGs    # Errors  Last Runtime    Last Run               Last # of DB Queries
----------------------------------  -----  ---------  --------  ----------  --------------  -------------------  ----------------------
/opt/airflow/dags/spark_airflow.py    239  0.00s             1           0  0.12s           2024-12-16T23:05:55                      12
================================================================================
[2024-12-16T23:06:56.382+0000] {manager.py:997} INFO - 
================================================================================
DAG File Processing Stats

File Path                             PID  Runtime      # DAGs    # Errors  Last Runtime    Last Run               Last # of DB Queries
----------------------------------  -----  ---------  --------  ----------  --------------  -------------------  ----------------------
/opt/airflow/dags/spark_airflow.py    244  0.00s             1           0  0.13s           2024-12-16T23:06:26                      12
================================================================================
[2024-12-16T23:07:09.097+0000] {manager.py:465} INFO - Exiting gracefully upon receiving signal 15
[2024-12-16T23:07:47.753+0000] {manager.py:483} INFO - Processing files using up to 2 processes at a time 
[2024-12-16T23:07:47.755+0000] {manager.py:484} INFO - Process each file at most once every 30 seconds
[2024-12-16T23:07:47.756+0000] {manager.py:485} INFO - Checking for new files in /opt/airflow/dags every 300 seconds
[2024-12-16T23:07:47.757+0000] {manager.py:821} INFO - Searching for files in /opt/airflow/dags
[2024-12-16T23:07:47.780+0000] {manager.py:824} INFO - There are 1 files in /opt/airflow/dags
[2024-12-16T23:07:47.854+0000] {manager.py:997} INFO - 
================================================================================
DAG File Processing Stats

File Path                             PID  Runtime      # DAGs    # Errors  Last Runtime    Last Run      Last # of DB Queries
----------------------------------  -----  ---------  --------  ----------  --------------  ----------  ----------------------
/opt/airflow/dags/spark_airflow.py     67  0.02s             0           0                                                   0
================================================================================
[2024-12-16T23:08:18.117+0000] {manager.py:997} INFO - 
================================================================================
DAG File Processing Stats

File Path                             PID  Runtime      # DAGs    # Errors  Last Runtime    Last Run               Last # of DB Queries
----------------------------------  -----  ---------  --------  ----------  --------------  -------------------  ----------------------
/opt/airflow/dags/spark_airflow.py     79  0.00s             1           0  0.15s           2024-12-16T23:07:47                      12
================================================================================
[2024-12-16T23:08:48.502+0000] {manager.py:997} INFO - 
================================================================================
DAG File Processing Stats

File Path                             PID  Runtime      # DAGs    # Errors  Last Runtime    Last Run               Last # of DB Queries
----------------------------------  -----  ---------  --------  ----------  --------------  -------------------  ----------------------
/opt/airflow/dags/spark_airflow.py     84  0.00s             1           0  0.13s           2024-12-16T23:08:18                      12
================================================================================
[2024-12-16T23:09:18.768+0000] {manager.py:997} INFO - 
================================================================================
DAG File Processing Stats

File Path                             PID  Runtime      # DAGs    # Errors  Last Runtime    Last Run               Last # of DB Queries
----------------------------------  -----  ---------  --------  ----------  --------------  -------------------  ----------------------
/opt/airflow/dags/spark_airflow.py     89  0.00s             1           0  0.10s           2024-12-16T23:08:48                      12
================================================================================
[2024-12-16T23:09:49.136+0000] {manager.py:997} INFO - 
================================================================================
DAG File Processing Stats

File Path                             PID  Runtime      # DAGs    # Errors  Last Runtime    Last Run               Last # of DB Queries
----------------------------------  -----  ---------  --------  ----------  --------------  -------------------  ----------------------
/opt/airflow/dags/spark_airflow.py     94  0.00s             1           0  0.11s           2024-12-16T23:09:18                      12
================================================================================
[2024-12-16T23:10:19.396+0000] {manager.py:997} INFO - 
================================================================================
DAG File Processing Stats

File Path                             PID  Runtime      # DAGs    # Errors  Last Runtime    Last Run               Last # of DB Queries
----------------------------------  -----  ---------  --------  ----------  --------------  -------------------  ----------------------
/opt/airflow/dags/spark_airflow.py     99  0.00s             1           0  0.10s           2024-12-16T23:09:49                      12
================================================================================
[2024-12-16T23:10:49.693+0000] {manager.py:997} INFO - 
================================================================================
DAG File Processing Stats

File Path                             PID  Runtime      # DAGs    # Errors  Last Runtime    Last Run               Last # of DB Queries
----------------------------------  -----  ---------  --------  ----------  --------------  -------------------  ----------------------
/opt/airflow/dags/spark_airflow.py    104  0.00s             1           0  0.11s           2024-12-16T23:10:19                      12
================================================================================
[2024-12-16T23:11:19.974+0000] {manager.py:997} INFO - 
================================================================================
DAG File Processing Stats

File Path                             PID  Runtime      # DAGs    # Errors  Last Runtime    Last Run               Last # of DB Queries
----------------------------------  -----  ---------  --------  ----------  --------------  -------------------  ----------------------
/opt/airflow/dags/spark_airflow.py    109  0.00s             1           0  0.13s           2024-12-16T23:10:49                      12
================================================================================
[2024-12-16T23:11:50.319+0000] {manager.py:997} INFO - 
================================================================================
DAG File Processing Stats

File Path                             PID  Runtime      # DAGs    # Errors  Last Runtime    Last Run               Last # of DB Queries
----------------------------------  -----  ---------  --------  ----------  --------------  -------------------  ----------------------
/opt/airflow/dags/spark_airflow.py    114  0.00s             1           0  0.12s           2024-12-16T23:11:20                      12
================================================================================
[2024-12-16T23:12:20.626+0000] {manager.py:997} INFO - 
================================================================================
DAG File Processing Stats

File Path                             PID  Runtime      # DAGs    # Errors  Last Runtime    Last Run               Last # of DB Queries
----------------------------------  -----  ---------  --------  ----------  --------------  -------------------  ----------------------
/opt/airflow/dags/spark_airflow.py    119  0.00s             1           0  0.10s           2024-12-16T23:11:50                      12
================================================================================
[2024-12-16T23:12:47.953+0000] {manager.py:821} INFO - Searching for files in /opt/airflow/dags
[2024-12-16T23:12:47.976+0000] {manager.py:824} INFO - There are 1 files in /opt/airflow/dags
[2024-12-16T23:12:51.039+0000] {manager.py:997} INFO - 
================================================================================
DAG File Processing Stats

File Path                             PID  Runtime      # DAGs    # Errors  Last Runtime    Last Run               Last # of DB Queries
----------------------------------  -----  ---------  --------  ----------  --------------  -------------------  ----------------------
/opt/airflow/dags/spark_airflow.py    124  0.00s             1           0  0.10s           2024-12-16T23:12:20                      12
================================================================================
[2024-12-16T23:13:21.289+0000] {manager.py:997} INFO - 
================================================================================
DAG File Processing Stats

File Path                             PID  Runtime      # DAGs    # Errors  Last Runtime    Last Run               Last # of DB Queries
----------------------------------  -----  ---------  --------  ----------  --------------  -------------------  ----------------------
/opt/airflow/dags/spark_airflow.py    129  0.00s             1           0  0.10s           2024-12-16T23:12:51                      12
================================================================================
[2024-12-16T23:13:51.596+0000] {manager.py:997} INFO - 
================================================================================
DAG File Processing Stats

File Path                             PID  Runtime      # DAGs    # Errors  Last Runtime    Last Run               Last # of DB Queries
----------------------------------  -----  ---------  --------  ----------  --------------  -------------------  ----------------------
/opt/airflow/dags/spark_airflow.py    134  0.00s             1           0  0.11s           2024-12-16T23:13:21                      12
================================================================================
[2024-12-16T23:14:21.880+0000] {manager.py:997} INFO - 
================================================================================
DAG File Processing Stats

File Path                             PID  Runtime      # DAGs    # Errors  Last Runtime    Last Run               Last # of DB Queries
----------------------------------  -----  ---------  --------  ----------  --------------  -------------------  ----------------------
/opt/airflow/dags/spark_airflow.py    139  0.00s             1           0  0.10s           2024-12-16T23:13:51                      12
================================================================================
[2024-12-16T23:14:52.151+0000] {manager.py:997} INFO - 
================================================================================
DAG File Processing Stats

File Path                             PID  Runtime      # DAGs    # Errors  Last Runtime    Last Run               Last # of DB Queries
----------------------------------  -----  ---------  --------  ----------  --------------  -------------------  ----------------------
/opt/airflow/dags/spark_airflow.py    144  0.00s             1           0  0.10s           2024-12-16T23:14:21                      12
================================================================================
[2024-12-16T23:15:22.443+0000] {manager.py:997} INFO - 
================================================================================
DAG File Processing Stats

File Path                             PID  Runtime      # DAGs    # Errors  Last Runtime    Last Run               Last # of DB Queries
----------------------------------  -----  ---------  --------  ----------  --------------  -------------------  ----------------------
/opt/airflow/dags/spark_airflow.py    149  0.00s             1           0  0.12s           2024-12-16T23:14:52                      12
================================================================================
[2024-12-16T23:15:52.708+0000] {manager.py:997} INFO - 
================================================================================
DAG File Processing Stats

File Path                             PID  Runtime      # DAGs    # Errors  Last Runtime    Last Run               Last # of DB Queries
----------------------------------  -----  ---------  --------  ----------  --------------  -------------------  ----------------------
/opt/airflow/dags/spark_airflow.py    154  0.00s             1           0  0.13s           2024-12-16T23:15:22                      12
================================================================================
[2024-12-16T23:16:23.029+0000] {manager.py:997} INFO - 
================================================================================
DAG File Processing Stats

File Path                             PID  Runtime      # DAGs    # Errors  Last Runtime    Last Run               Last # of DB Queries
----------------------------------  -----  ---------  --------  ----------  --------------  -------------------  ----------------------
/opt/airflow/dags/spark_airflow.py    159  0.00s             1           0  0.11s           2024-12-16T23:15:52                      12
================================================================================
[2024-12-16T23:16:53.299+0000] {manager.py:997} INFO - 
================================================================================
DAG File Processing Stats

File Path                             PID  Runtime      # DAGs    # Errors  Last Runtime    Last Run               Last # of DB Queries
----------------------------------  -----  ---------  --------  ----------  --------------  -------------------  ----------------------
/opt/airflow/dags/spark_airflow.py    164  0.00s             1           0  0.11s           2024-12-16T23:16:23                      12
================================================================================
[2024-12-16T23:17:23.597+0000] {manager.py:997} INFO - 
================================================================================
DAG File Processing Stats

File Path                             PID  Runtime      # DAGs    # Errors  Last Runtime    Last Run               Last # of DB Queries
----------------------------------  -----  ---------  --------  ----------  --------------  -------------------  ----------------------
/opt/airflow/dags/spark_airflow.py    169  0.00s             1           0  0.11s           2024-12-16T23:16:53                      12
================================================================================
[2024-12-16T23:17:48.771+0000] {manager.py:821} INFO - Searching for files in /opt/airflow/dags
[2024-12-16T23:17:48.783+0000] {manager.py:824} INFO - There are 1 files in /opt/airflow/dags
[2024-12-16T23:17:53.836+0000] {manager.py:997} INFO - 
================================================================================
DAG File Processing Stats

File Path                             PID  Runtime      # DAGs    # Errors  Last Runtime    Last Run               Last # of DB Queries
----------------------------------  -----  ---------  --------  ----------  --------------  -------------------  ----------------------
/opt/airflow/dags/spark_airflow.py    174  0.00s             1           0  0.11s           2024-12-16T23:17:23                      12
================================================================================
[2024-12-16T23:18:24.124+0000] {manager.py:997} INFO - 
================================================================================
DAG File Processing Stats

File Path                             PID  Runtime      # DAGs    # Errors  Last Runtime    Last Run               Last # of DB Queries
----------------------------------  -----  ---------  --------  ----------  --------------  -------------------  ----------------------
/opt/airflow/dags/spark_airflow.py    179  0.00s             1           0  0.12s           2024-12-16T23:17:53                      12
================================================================================
[2024-12-16T23:18:54.422+0000] {manager.py:997} INFO - 
================================================================================
DAG File Processing Stats

File Path                             PID  Runtime      # DAGs    # Errors  Last Runtime    Last Run               Last # of DB Queries
----------------------------------  -----  ---------  --------  ----------  --------------  -------------------  ----------------------
/opt/airflow/dags/spark_airflow.py    184  0.00s             1           0  0.10s           2024-12-16T23:18:24                      12
================================================================================
[2024-12-16T23:19:24.696+0000] {manager.py:997} INFO - 
================================================================================
DAG File Processing Stats

File Path                             PID  Runtime      # DAGs    # Errors  Last Runtime    Last Run               Last # of DB Queries
----------------------------------  -----  ---------  --------  ----------  --------------  -------------------  ----------------------
/opt/airflow/dags/spark_airflow.py    189  0.00s             1           0  0.10s           2024-12-16T23:18:54                      12
================================================================================
[2024-12-16T23:19:55.045+0000] {manager.py:997} INFO - 
================================================================================
DAG File Processing Stats

File Path                             PID  Runtime      # DAGs    # Errors  Last Runtime    Last Run               Last # of DB Queries
----------------------------------  -----  ---------  --------  ----------  --------------  -------------------  ----------------------
/opt/airflow/dags/spark_airflow.py    194  0.00s             1           0  0.15s           2024-12-16T23:19:24                      12
================================================================================
[2024-12-16T23:20:25.352+0000] {manager.py:997} INFO - 
================================================================================
DAG File Processing Stats

File Path                             PID  Runtime      # DAGs    # Errors  Last Runtime    Last Run               Last # of DB Queries
----------------------------------  -----  ---------  --------  ----------  --------------  -------------------  ----------------------
/opt/airflow/dags/spark_airflow.py    199  0.00s             1           0  0.18s           2024-12-16T23:19:55                      12
================================================================================
[2024-12-16T23:20:55.767+0000] {manager.py:997} INFO - 
================================================================================
DAG File Processing Stats

File Path                             PID  Runtime      # DAGs    # Errors  Last Runtime    Last Run               Last # of DB Queries
----------------------------------  -----  ---------  --------  ----------  --------------  -------------------  ----------------------
/opt/airflow/dags/spark_airflow.py    204  0.00s             1           0  0.12s           2024-12-16T23:20:25                      12
================================================================================
[2024-12-16T23:21:09.813+0000] {manager.py:465} INFO - Exiting gracefully upon receiving signal 15
[2024-12-16T23:22:06.028+0000] {manager.py:483} INFO - Processing files using up to 2 processes at a time 
[2024-12-16T23:22:06.034+0000] {manager.py:484} INFO - Process each file at most once every 30 seconds
[2024-12-16T23:22:06.035+0000] {manager.py:485} INFO - Checking for new files in /opt/airflow/dags every 300 seconds
[2024-12-16T23:22:06.042+0000] {manager.py:821} INFO - Searching for files in /opt/airflow/dags
[2024-12-16T23:22:06.146+0000] {manager.py:824} INFO - There are 1 files in /opt/airflow/dags
[2024-12-16T23:22:06.364+0000] {manager.py:997} INFO - 
================================================================================
DAG File Processing Stats

File Path                             PID  Runtime      # DAGs    # Errors  Last Runtime    Last Run      Last # of DB Queries
----------------------------------  -----  ---------  --------  ----------  --------------  ----------  ----------------------
/opt/airflow/dags/spark_airflow.py     67  0.08s             0           0                                                   0
================================================================================
[2024-12-16T23:22:36.868+0000] {manager.py:997} INFO - 
================================================================================
DAG File Processing Stats

File Path                             PID  Runtime      # DAGs    # Errors  Last Runtime    Last Run               Last # of DB Queries
----------------------------------  -----  ---------  --------  ----------  --------------  -------------------  ----------------------
/opt/airflow/dags/spark_airflow.py     79  0.01s             1           0  0.45s           2024-12-16T23:22:06                      12
================================================================================
[2024-12-16T23:23:07.609+0000] {manager.py:997} INFO - 
================================================================================
DAG File Processing Stats

File Path                             PID  Runtime      # DAGs    # Errors  Last Runtime    Last Run               Last # of DB Queries
----------------------------------  -----  ---------  --------  ----------  --------------  -------------------  ----------------------
/opt/airflow/dags/spark_airflow.py     84  0.01s             1           0  0.60s           2024-12-16T23:22:37                      12
================================================================================
[2024-12-16T23:23:38.260+0000] {manager.py:997} INFO - 
================================================================================
DAG File Processing Stats

File Path                             PID  Runtime      # DAGs    # Errors  Last Runtime    Last Run               Last # of DB Queries
----------------------------------  -----  ---------  --------  ----------  --------------  -------------------  ----------------------
/opt/airflow/dags/spark_airflow.py     89  0.02s             1           0  0.26s           2024-12-16T23:23:07                      12
================================================================================
[2024-12-16T23:24:08.462+0000] {manager.py:997} INFO - 
================================================================================
DAG File Processing Stats

File Path                           PID    Runtime      # DAGs    # Errors  Last Runtime    Last Run               Last # of DB Queries
----------------------------------  -----  ---------  --------  ----------  --------------  -------------------  ----------------------
/opt/airflow/dags/spark_airflow.py                           1           0  0.71s           2024-12-16T23:23:38                      12
================================================================================
[2024-12-16T23:24:38.488+0000] {manager.py:997} INFO - 
================================================================================
DAG File Processing Stats

File Path                           PID    Runtime      # DAGs    # Errors  Last Runtime    Last Run               Last # of DB Queries
----------------------------------  -----  ---------  --------  ----------  --------------  -------------------  ----------------------
/opt/airflow/dags/spark_airflow.py                           1           0  0.46s           2024-12-16T23:24:09                      12
================================================================================
[2024-12-16T23:25:08.668+0000] {manager.py:997} INFO - 
================================================================================
DAG File Processing Stats

File Path                           PID    Runtime      # DAGs    # Errors  Last Runtime    Last Run               Last # of DB Queries
----------------------------------  -----  ---------  --------  ----------  --------------  -------------------  ----------------------
/opt/airflow/dags/spark_airflow.py                           1           0  1.04s           2024-12-16T23:24:55                      12
================================================================================
[2024-12-16T23:25:38.839+0000] {manager.py:997} INFO - 
================================================================================
DAG File Processing Stats

File Path                           PID    Runtime      # DAGs    # Errors  Last Runtime    Last Run               Last # of DB Queries
----------------------------------  -----  ---------  --------  ----------  --------------  -------------------  ----------------------
/opt/airflow/dags/spark_airflow.py                           1           0  0.85s           2024-12-16T23:25:26                      12
================================================================================
[2024-12-16T23:26:09.340+0000] {manager.py:997} INFO - 
================================================================================
DAG File Processing Stats

File Path                           PID    Runtime      # DAGs    # Errors  Last Runtime    Last Run               Last # of DB Queries
----------------------------------  -----  ---------  --------  ----------  --------------  -------------------  ----------------------
/opt/airflow/dags/spark_airflow.py                           1           0  0.34s           2024-12-16T23:25:57                      12
================================================================================
[2024-12-16T23:26:39.657+0000] {manager.py:997} INFO - 
================================================================================
DAG File Processing Stats

File Path                           PID    Runtime      # DAGs    # Errors  Last Runtime    Last Run               Last # of DB Queries
----------------------------------  -----  ---------  --------  ----------  --------------  -------------------  ----------------------
/opt/airflow/dags/spark_airflow.py                           1           0  0.49s           2024-12-16T23:26:27                      12
================================================================================
[2024-12-16T23:27:06.345+0000] {manager.py:821} INFO - Searching for files in /opt/airflow/dags
[2024-12-16T23:27:06.394+0000] {manager.py:824} INFO - There are 1 files in /opt/airflow/dags
[2024-12-16T23:27:10.605+0000] {manager.py:997} INFO - 
================================================================================
DAG File Processing Stats

File Path                           PID    Runtime      # DAGs    # Errors  Last Runtime    Last Run               Last # of DB Queries
----------------------------------  -----  ---------  --------  ----------  --------------  -------------------  ----------------------
/opt/airflow/dags/spark_airflow.py                           1           0  0.13s           2024-12-16T23:27:07                      12
================================================================================
[2024-12-16T23:27:40.928+0000] {manager.py:997} INFO - 
================================================================================
DAG File Processing Stats

File Path                           PID    Runtime      # DAGs    # Errors  Last Runtime    Last Run               Last # of DB Queries
----------------------------------  -----  ---------  --------  ----------  --------------  -------------------  ----------------------
/opt/airflow/dags/spark_airflow.py                           1           0  0.17s           2024-12-16T23:27:38                      12
================================================================================
[2024-12-16T23:28:11.343+0000] {manager.py:997} INFO - 
================================================================================
DAG File Processing Stats

File Path                           PID    Runtime      # DAGs    # Errors  Last Runtime    Last Run               Last # of DB Queries
----------------------------------  -----  ---------  --------  ----------  --------------  -------------------  ----------------------
/opt/airflow/dags/spark_airflow.py                           1           0  0.16s           2024-12-16T23:28:08                      12
================================================================================
[2024-12-16T23:28:41.633+0000] {manager.py:997} INFO - 
================================================================================
DAG File Processing Stats

File Path                           PID    Runtime      # DAGs    # Errors  Last Runtime    Last Run               Last # of DB Queries
----------------------------------  -----  ---------  --------  ----------  --------------  -------------------  ----------------------
/opt/airflow/dags/spark_airflow.py                           1           0  0.11s           2024-12-16T23:28:38                      12
================================================================================
[2024-12-16T23:29:12.052+0000] {manager.py:997} INFO - 
================================================================================
DAG File Processing Stats

File Path                           PID    Runtime      # DAGs    # Errors  Last Runtime    Last Run               Last # of DB Queries
----------------------------------  -----  ---------  --------  ----------  --------------  -------------------  ----------------------
/opt/airflow/dags/spark_airflow.py                           1           0  0.12s           2024-12-16T23:29:09                      12
================================================================================
[2024-12-16T23:29:42.466+0000] {manager.py:997} INFO - 
================================================================================
DAG File Processing Stats

File Path                           PID    Runtime      # DAGs    # Errors  Last Runtime    Last Run               Last # of DB Queries
----------------------------------  -----  ---------  --------  ----------  --------------  -------------------  ----------------------
/opt/airflow/dags/spark_airflow.py                           1           0  0.12s           2024-12-16T23:29:39                      12
================================================================================
[2024-12-16T23:30:12.833+0000] {manager.py:997} INFO - 
================================================================================
DAG File Processing Stats

File Path                           PID    Runtime      # DAGs    # Errors  Last Runtime    Last Run               Last # of DB Queries
----------------------------------  -----  ---------  --------  ----------  --------------  -------------------  ----------------------
/opt/airflow/dags/spark_airflow.py                           1           0  0.12s           2024-12-16T23:30:09                      12
================================================================================
[2024-12-16T23:30:43.181+0000] {manager.py:997} INFO - 
================================================================================
DAG File Processing Stats

File Path                           PID    Runtime      # DAGs    # Errors  Last Runtime    Last Run               Last # of DB Queries
----------------------------------  -----  ---------  --------  ----------  --------------  -------------------  ----------------------
/opt/airflow/dags/spark_airflow.py                           1           0  0.15s           2024-12-16T23:30:40                      12
================================================================================
[2024-12-16T23:31:13.573+0000] {manager.py:997} INFO - 
================================================================================
DAG File Processing Stats

File Path                           PID    Runtime      # DAGs    # Errors  Last Runtime    Last Run               Last # of DB Queries
----------------------------------  -----  ---------  --------  ----------  --------------  -------------------  ----------------------
/opt/airflow/dags/spark_airflow.py                           1           0  0.16s           2024-12-16T23:31:04                      12
================================================================================
[2024-12-16T23:31:43.915+0000] {manager.py:997} INFO - 
================================================================================
DAG File Processing Stats

File Path                           PID    Runtime      # DAGs    # Errors  Last Runtime    Last Run               Last # of DB Queries
----------------------------------  -----  ---------  --------  ----------  --------------  -------------------  ----------------------
/opt/airflow/dags/spark_airflow.py                           1           0  0.11s           2024-12-16T23:31:34                      12
================================================================================
[2024-12-16T23:32:07.185+0000] {manager.py:821} INFO - Searching for files in /opt/airflow/dags
[2024-12-16T23:32:07.207+0000] {manager.py:824} INFO - There are 1 files in /opt/airflow/dags
[2024-12-16T23:32:14.296+0000] {manager.py:997} INFO - 
================================================================================
DAG File Processing Stats

File Path                           PID    Runtime      # DAGs    # Errors  Last Runtime    Last Run               Last # of DB Queries
----------------------------------  -----  ---------  --------  ----------  --------------  -------------------  ----------------------
/opt/airflow/dags/spark_airflow.py                           1           0  0.12s           2024-12-16T23:32:05                      12
================================================================================
[2024-12-16T23:32:44.670+0000] {manager.py:997} INFO - 
================================================================================
DAG File Processing Stats

File Path                           PID    Runtime      # DAGs    # Errors  Last Runtime    Last Run               Last # of DB Queries
----------------------------------  -----  ---------  --------  ----------  --------------  -------------------  ----------------------
/opt/airflow/dags/spark_airflow.py                           1           0  0.11s           2024-12-16T23:32:35                      12
================================================================================
[2024-12-16T23:33:05.343+0000] {manager.py:465} INFO - Exiting gracefully upon receiving signal 15
[2024-12-16T23:33:41.301+0000] {manager.py:483} INFO - Processing files using up to 2 processes at a time 
[2024-12-16T23:33:41.302+0000] {manager.py:484} INFO - Process each file at most once every 30 seconds
[2024-12-16T23:33:41.303+0000] {manager.py:485} INFO - Checking for new files in /opt/airflow/dags every 300 seconds
[2024-12-16T23:33:41.304+0000] {manager.py:821} INFO - Searching for files in /opt/airflow/dags
[2024-12-16T23:33:41.320+0000] {manager.py:824} INFO - There are 1 files in /opt/airflow/dags
[2024-12-16T23:33:41.408+0000] {manager.py:997} INFO - 
================================================================================
DAG File Processing Stats

File Path                             PID  Runtime      # DAGs    # Errors  Last Runtime    Last Run      Last # of DB Queries
----------------------------------  -----  ---------  --------  ----------  --------------  ----------  ----------------------
/opt/airflow/dags/spark_airflow.py     67  0.03s             0           0                                                   0
================================================================================
[2024-12-16T23:34:11.725+0000] {manager.py:997} INFO - 
================================================================================
DAG File Processing Stats

File Path                             PID  Runtime      # DAGs    # Errors  Last Runtime    Last Run               Last # of DB Queries
----------------------------------  -----  ---------  --------  ----------  --------------  -------------------  ----------------------
/opt/airflow/dags/spark_airflow.py     72  0.00s             1           0  0.15s           2024-12-16T23:33:41                      12
================================================================================
[2024-12-16T23:34:42.131+0000] {manager.py:997} INFO - 
================================================================================
DAG File Processing Stats

File Path                             PID  Runtime      # DAGs    # Errors  Last Runtime    Last Run               Last # of DB Queries
----------------------------------  -----  ---------  --------  ----------  --------------  -------------------  ----------------------
/opt/airflow/dags/spark_airflow.py     77  0.00s             1           0  0.12s           2024-12-16T23:34:11                      12
================================================================================
[2024-12-16T23:35:12.475+0000] {manager.py:997} INFO - 
================================================================================
DAG File Processing Stats

File Path                             PID  Runtime      # DAGs    # Errors  Last Runtime    Last Run               Last # of DB Queries
----------------------------------  -----  ---------  --------  ----------  --------------  -------------------  ----------------------
/opt/airflow/dags/spark_airflow.py     82  0.00s             1           0  0.12s           2024-12-16T23:34:42                      12
================================================================================
[2024-12-16T23:35:42.879+0000] {manager.py:997} INFO - 
================================================================================
DAG File Processing Stats

File Path                             PID  Runtime      # DAGs    # Errors  Last Runtime    Last Run               Last # of DB Queries
----------------------------------  -----  ---------  --------  ----------  --------------  -------------------  ----------------------
/opt/airflow/dags/spark_airflow.py     87  0.00s             1           0  0.11s           2024-12-16T23:35:12                      12
================================================================================
[2024-12-16T23:36:13.264+0000] {manager.py:997} INFO - 
================================================================================
DAG File Processing Stats

File Path                             PID  Runtime      # DAGs    # Errors  Last Runtime    Last Run               Last # of DB Queries
----------------------------------  -----  ---------  --------  ----------  --------------  -------------------  ----------------------
/opt/airflow/dags/spark_airflow.py     92  0.00s             1           0  0.10s           2024-12-16T23:35:42                      12
================================================================================
[2024-12-16T23:36:43.597+0000] {manager.py:997} INFO - 
================================================================================
DAG File Processing Stats

File Path                             PID  Runtime      # DAGs    # Errors  Last Runtime    Last Run               Last # of DB Queries
----------------------------------  -----  ---------  --------  ----------  --------------  -------------------  ----------------------
/opt/airflow/dags/spark_airflow.py     97  0.00s             1           0  0.11s           2024-12-16T23:36:13                      12
================================================================================
[2024-12-16T23:37:13.957+0000] {manager.py:997} INFO - 
================================================================================
DAG File Processing Stats

File Path                             PID  Runtime      # DAGs    # Errors  Last Runtime    Last Run               Last # of DB Queries
----------------------------------  -----  ---------  --------  ----------  --------------  -------------------  ----------------------
/opt/airflow/dags/spark_airflow.py    109  0.00s             1           0  0.11s           2024-12-16T23:36:43                      12
================================================================================
[2024-12-16T23:37:44.282+0000] {manager.py:997} INFO - 
================================================================================
DAG File Processing Stats

File Path                             PID  Runtime      # DAGs    # Errors  Last Runtime    Last Run               Last # of DB Queries
----------------------------------  -----  ---------  --------  ----------  --------------  -------------------  ----------------------
/opt/airflow/dags/spark_airflow.py    114  0.00s             1           0  0.10s           2024-12-16T23:37:14                      12
================================================================================
[2024-12-16T23:38:14.591+0000] {manager.py:997} INFO - 
================================================================================
DAG File Processing Stats

File Path                             PID  Runtime      # DAGs    # Errors  Last Runtime    Last Run               Last # of DB Queries
----------------------------------  -----  ---------  --------  ----------  --------------  -------------------  ----------------------
/opt/airflow/dags/spark_airflow.py    122  0.00s             1           0  0.11s           2024-12-16T23:37:44                      12
================================================================================
[2024-12-16T23:38:41.852+0000] {manager.py:821} INFO - Searching for files in /opt/airflow/dags
[2024-12-16T23:38:41.867+0000] {manager.py:824} INFO - There are 1 files in /opt/airflow/dags
[2024-12-16T23:38:44.927+0000] {manager.py:997} INFO - 
================================================================================
DAG File Processing Stats

File Path                             PID  Runtime      # DAGs    # Errors  Last Runtime    Last Run               Last # of DB Queries
----------------------------------  -----  ---------  --------  ----------  --------------  -------------------  ----------------------
/opt/airflow/dags/spark_airflow.py    131  0.00s             1           0  0.10s           2024-12-16T23:38:14                      12
================================================================================
[2024-12-16T23:39:15.490+0000] {manager.py:997} INFO - 
================================================================================
DAG File Processing Stats

File Path                           PID    Runtime      # DAGs    # Errors  Last Runtime    Last Run               Last # of DB Queries
----------------------------------  -----  ---------  --------  ----------  --------------  -------------------  ----------------------
/opt/airflow/dags/spark_airflow.py                           1           0  0.09s           2024-12-16T23:38:49                      11
================================================================================
[2024-12-16T23:39:45.804+0000] {manager.py:997} INFO - 
================================================================================
DAG File Processing Stats

File Path                           PID    Runtime      # DAGs    # Errors  Last Runtime    Last Run               Last # of DB Queries
----------------------------------  -----  ---------  --------  ----------  --------------  -------------------  ----------------------
/opt/airflow/dags/spark_airflow.py                           1           0  0.11s           2024-12-16T23:39:19                      12
================================================================================
[2024-12-16T23:40:16.177+0000] {manager.py:997} INFO - 
================================================================================
DAG File Processing Stats

File Path                           PID    Runtime      # DAGs    # Errors  Last Runtime    Last Run               Last # of DB Queries
----------------------------------  -----  ---------  --------  ----------  --------------  -------------------  ----------------------
/opt/airflow/dags/spark_airflow.py                           1           0  0.12s           2024-12-16T23:39:49                      12
================================================================================
[2024-12-16T23:40:46.524+0000] {manager.py:997} INFO - 
================================================================================
DAG File Processing Stats

File Path                           PID    Runtime      # DAGs    # Errors  Last Runtime    Last Run               Last # of DB Queries
----------------------------------  -----  ---------  --------  ----------  --------------  -------------------  ----------------------
/opt/airflow/dags/spark_airflow.py                           1           0  0.20s           2024-12-16T23:40:20                      12
================================================================================
[2024-12-16T23:41:17.127+0000] {manager.py:997} INFO - 
================================================================================
DAG File Processing Stats

File Path                           PID    Runtime      # DAGs    # Errors  Last Runtime    Last Run               Last # of DB Queries
----------------------------------  -----  ---------  --------  ----------  --------------  -------------------  ----------------------
/opt/airflow/dags/spark_airflow.py                           1           0  0.12s           2024-12-16T23:41:16                      12
================================================================================
[2024-12-16T23:41:47.484+0000] {manager.py:997} INFO - 
================================================================================
DAG File Processing Stats

File Path                           PID    Runtime      # DAGs    # Errors  Last Runtime    Last Run               Last # of DB Queries
----------------------------------  -----  ---------  --------  ----------  --------------  -------------------  ----------------------
/opt/airflow/dags/spark_airflow.py                           1           0  0.14s           2024-12-16T23:41:19                      12
================================================================================
[2024-12-16T23:42:17.780+0000] {manager.py:997} INFO - 
================================================================================
DAG File Processing Stats

File Path                           PID    Runtime      # DAGs    # Errors  Last Runtime    Last Run               Last # of DB Queries
----------------------------------  -----  ---------  --------  ----------  --------------  -------------------  ----------------------
/opt/airflow/dags/spark_airflow.py                           1           0  0.11s           2024-12-16T23:41:49                      12
================================================================================
[2024-12-16T23:42:48.177+0000] {manager.py:997} INFO - 
================================================================================
DAG File Processing Stats

File Path                           PID    Runtime      # DAGs    # Errors  Last Runtime    Last Run               Last # of DB Queries
----------------------------------  -----  ---------  --------  ----------  --------------  -------------------  ----------------------
/opt/airflow/dags/spark_airflow.py                           1           0  0.11s           2024-12-16T23:42:19                      12
================================================================================
[2024-12-16T23:43:18.527+0000] {manager.py:997} INFO - 
================================================================================
DAG File Processing Stats

File Path                           PID    Runtime      # DAGs    # Errors  Last Runtime    Last Run               Last # of DB Queries
----------------------------------  -----  ---------  --------  ----------  --------------  -------------------  ----------------------
/opt/airflow/dags/spark_airflow.py                           1           0  0.10s           2024-12-16T23:42:50                      12
================================================================================
[2024-12-16T23:43:41.857+0000] {manager.py:821} INFO - Searching for files in /opt/airflow/dags
[2024-12-16T23:43:41.887+0000] {manager.py:824} INFO - There are 1 files in /opt/airflow/dags
[2024-12-16T23:43:48.892+0000] {manager.py:997} INFO - 
================================================================================
DAG File Processing Stats

File Path                           PID    Runtime      # DAGs    # Errors  Last Runtime    Last Run               Last # of DB Queries
----------------------------------  -----  ---------  --------  ----------  --------------  -------------------  ----------------------
/opt/airflow/dags/spark_airflow.py                           1           0  0.11s           2024-12-16T23:43:20                      12
================================================================================
[2024-12-16T23:44:19.256+0000] {manager.py:997} INFO - 
================================================================================
DAG File Processing Stats

File Path                           PID    Runtime      # DAGs    # Errors  Last Runtime    Last Run               Last # of DB Queries
----------------------------------  -----  ---------  --------  ----------  --------------  -------------------  ----------------------
/opt/airflow/dags/spark_airflow.py                           1           0  0.14s           2024-12-16T23:43:51                      12
================================================================================
[2024-12-16T23:44:49.656+0000] {manager.py:997} INFO - 
================================================================================
DAG File Processing Stats

File Path                           PID    Runtime      # DAGs    # Errors  Last Runtime    Last Run               Last # of DB Queries
----------------------------------  -----  ---------  --------  ----------  --------------  -------------------  ----------------------
/opt/airflow/dags/spark_airflow.py                           1           0  0.12s           2024-12-16T23:44:21                      12
================================================================================
[2024-12-16T23:45:19.985+0000] {manager.py:997} INFO - 
================================================================================
DAG File Processing Stats

File Path                           PID    Runtime      # DAGs    # Errors  Last Runtime    Last Run               Last # of DB Queries
----------------------------------  -----  ---------  --------  ----------  --------------  -------------------  ----------------------
/opt/airflow/dags/spark_airflow.py                           1           0  0.10s           2024-12-16T23:44:51                      12
================================================================================
[2024-12-16T23:45:50.272+0000] {manager.py:997} INFO - 
================================================================================
DAG File Processing Stats

File Path                           PID    Runtime      # DAGs    # Errors  Last Runtime    Last Run               Last # of DB Queries
----------------------------------  -----  ---------  --------  ----------  --------------  -------------------  ----------------------
/opt/airflow/dags/spark_airflow.py                           1           0  0.11s           2024-12-16T23:45:22                      12
================================================================================
[2024-12-16T23:46:20.607+0000] {manager.py:997} INFO - 
================================================================================
DAG File Processing Stats

File Path                           PID    Runtime      # DAGs    # Errors  Last Runtime    Last Run               Last # of DB Queries
----------------------------------  -----  ---------  --------  ----------  --------------  -------------------  ----------------------
/opt/airflow/dags/spark_airflow.py                           1           0  0.11s           2024-12-16T23:45:52                      12
================================================================================
[2024-12-16T23:46:51.018+0000] {manager.py:997} INFO - 
================================================================================
DAG File Processing Stats

File Path                           PID    Runtime      # DAGs    # Errors  Last Runtime    Last Run               Last # of DB Queries
----------------------------------  -----  ---------  --------  ----------  --------------  -------------------  ----------------------
/opt/airflow/dags/spark_airflow.py                           1           0  0.11s           2024-12-16T23:46:22                      12
================================================================================
[2024-12-16T23:47:21.402+0000] {manager.py:997} INFO - 
================================================================================
DAG File Processing Stats

File Path                           PID    Runtime      # DAGs    # Errors  Last Runtime    Last Run               Last # of DB Queries
----------------------------------  -----  ---------  --------  ----------  --------------  -------------------  ----------------------
/opt/airflow/dags/spark_airflow.py                           1           0  0.10s           2024-12-16T23:46:53                      12
================================================================================
[2024-12-16T23:47:51.692+0000] {manager.py:997} INFO - 
================================================================================
DAG File Processing Stats

File Path                           PID    Runtime      # DAGs    # Errors  Last Runtime    Last Run               Last # of DB Queries
----------------------------------  -----  ---------  --------  ----------  --------------  -------------------  ----------------------
/opt/airflow/dags/spark_airflow.py                           1           0  0.14s           2024-12-16T23:47:23                      12
================================================================================
[2024-12-16T23:48:22.274+0000] {manager.py:997} INFO - 
================================================================================
DAG File Processing Stats

File Path                             PID  Runtime      # DAGs    # Errors  Last Runtime    Last Run               Last # of DB Queries
----------------------------------  -----  ---------  --------  ----------  --------------  -------------------  ----------------------
/opt/airflow/dags/spark_airflow.py    302  0.00s             0           1  0.08s           2024-12-16T23:48:18                       5
================================================================================
[2024-12-16T23:48:42.586+0000] {manager.py:821} INFO - Searching for files in /opt/airflow/dags
[2024-12-16T23:48:42.601+0000] {manager.py:824} INFO - There are 1 files in /opt/airflow/dags
[2024-12-16T23:48:50.686+0000] {manager.py:465} INFO - Exiting gracefully upon receiving signal 15
[2024-12-16T23:49:21.228+0000] {manager.py:483} INFO - Processing files using up to 2 processes at a time 
[2024-12-16T23:49:21.230+0000] {manager.py:484} INFO - Process each file at most once every 30 seconds
[2024-12-16T23:49:21.231+0000] {manager.py:485} INFO - Checking for new files in /opt/airflow/dags every 300 seconds
[2024-12-16T23:49:21.232+0000] {manager.py:821} INFO - Searching for files in /opt/airflow/dags
[2024-12-16T23:49:21.251+0000] {manager.py:824} INFO - There are 1 files in /opt/airflow/dags
[2024-12-16T23:49:21.318+0000] {manager.py:997} INFO - 
================================================================================
DAG File Processing Stats

File Path                             PID  Runtime      # DAGs    # Errors  Last Runtime    Last Run      Last # of DB Queries
----------------------------------  -----  ---------  --------  ----------  --------------  ----------  ----------------------
/opt/airflow/dags/spark_airflow.py     67  0.02s             0           0                                                   0
================================================================================
[2024-12-16T23:49:51.596+0000] {manager.py:997} INFO - 
================================================================================
DAG File Processing Stats

File Path                             PID  Runtime      # DAGs    # Errors  Last Runtime    Last Run               Last # of DB Queries
----------------------------------  -----  ---------  --------  ----------  --------------  -------------------  ----------------------
/opt/airflow/dags/spark_airflow.py     72  0.00s             0           1  0.07s           2024-12-16T23:49:21                       5
================================================================================
[2024-12-16T23:50:21.949+0000] {manager.py:997} INFO - 
================================================================================
DAG File Processing Stats

File Path                             PID  Runtime      # DAGs    # Errors  Last Runtime    Last Run               Last # of DB Queries
----------------------------------  -----  ---------  --------  ----------  --------------  -------------------  ----------------------
/opt/airflow/dags/spark_airflow.py     77  0.00s             0           1  0.06s           2024-12-16T23:49:51                       5
================================================================================
[2024-12-16T23:50:52.408+0000] {manager.py:997} INFO - 
================================================================================
DAG File Processing Stats

File Path                           PID    Runtime      # DAGs    # Errors  Last Runtime    Last Run               Last # of DB Queries
----------------------------------  -----  ---------  --------  ----------  --------------  -------------------  ----------------------
/opt/airflow/dags/spark_airflow.py                           0           1  0.09s           2024-12-16T23:50:51                       5
================================================================================
[2024-12-16T23:51:22.827+0000] {manager.py:997} INFO - 
================================================================================
DAG File Processing Stats

File Path                           PID    Runtime      # DAGs    # Errors  Last Runtime    Last Run               Last # of DB Queries
----------------------------------  -----  ---------  --------  ----------  --------------  -------------------  ----------------------
/opt/airflow/dags/spark_airflow.py                           1           0  0.12s           2024-12-16T23:51:08                      11
================================================================================
[2024-12-16T23:51:53.392+0000] {manager.py:997} INFO - 
================================================================================
DAG File Processing Stats

File Path                           PID    Runtime      # DAGs    # Errors  Last Runtime    Last Run               Last # of DB Queries
----------------------------------  -----  ---------  --------  ----------  --------------  -------------------  ----------------------
/opt/airflow/dags/spark_airflow.py                           1           0  0.13s           2024-12-16T23:51:34                      12
================================================================================
[2024-12-16T23:52:23.927+0000] {manager.py:997} INFO - 
================================================================================
DAG File Processing Stats

File Path                           PID    Runtime      # DAGs    # Errors  Last Runtime    Last Run               Last # of DB Queries
----------------------------------  -----  ---------  --------  ----------  --------------  -------------------  ----------------------
/opt/airflow/dags/spark_airflow.py                           1           0  0.13s           2024-12-16T23:52:06                      12
================================================================================
[2024-12-16T23:52:54.267+0000] {manager.py:997} INFO - 
================================================================================
DAG File Processing Stats

File Path                           PID    Runtime      # DAGs    # Errors  Last Runtime    Last Run               Last # of DB Queries
----------------------------------  -----  ---------  --------  ----------  --------------  -------------------  ----------------------
/opt/airflow/dags/spark_airflow.py                           1           0  0.10s           2024-12-16T23:52:37                      12
================================================================================
[2024-12-16T23:53:24.588+0000] {manager.py:997} INFO - 
================================================================================
DAG File Processing Stats

File Path                           PID    Runtime      # DAGs    # Errors  Last Runtime    Last Run               Last # of DB Queries
----------------------------------  -----  ---------  --------  ----------  --------------  -------------------  ----------------------
/opt/airflow/dags/spark_airflow.py                           1           0  0.10s           2024-12-16T23:53:07                      12
================================================================================
[2024-12-16T23:53:54.914+0000] {manager.py:997} INFO - 
================================================================================
DAG File Processing Stats

File Path                           PID    Runtime      # DAGs    # Errors  Last Runtime    Last Run               Last # of DB Queries
----------------------------------  -----  ---------  --------  ----------  --------------  -------------------  ----------------------
/opt/airflow/dags/spark_airflow.py                           1           0  0.11s           2024-12-16T23:53:37                      12
================================================================================
[2024-12-16T23:54:21.286+0000] {manager.py:821} INFO - Searching for files in /opt/airflow/dags
[2024-12-16T23:54:21.318+0000] {manager.py:824} INFO - There are 1 files in /opt/airflow/dags
[2024-12-16T23:54:25.251+0000] {manager.py:997} INFO - 
================================================================================
DAG File Processing Stats

File Path                           PID    Runtime      # DAGs    # Errors  Last Runtime    Last Run               Last # of DB Queries
----------------------------------  -----  ---------  --------  ----------  --------------  -------------------  ----------------------
/opt/airflow/dags/spark_airflow.py                           1           0  0.14s           2024-12-16T23:54:08                      12
================================================================================
[2024-12-16T23:54:55.612+0000] {manager.py:997} INFO - 
================================================================================
DAG File Processing Stats

File Path                           PID    Runtime      # DAGs    # Errors  Last Runtime    Last Run               Last # of DB Queries
----------------------------------  -----  ---------  --------  ----------  --------------  -------------------  ----------------------
/opt/airflow/dags/spark_airflow.py                           1           0  0.12s           2024-12-16T23:54:38                      12
================================================================================
[2024-12-16T23:55:25.896+0000] {manager.py:997} INFO - 
================================================================================
DAG File Processing Stats

File Path                           PID    Runtime      # DAGs    # Errors  Last Runtime    Last Run               Last # of DB Queries
----------------------------------  -----  ---------  --------  ----------  --------------  -------------------  ----------------------
/opt/airflow/dags/spark_airflow.py                           1           0  0.14s           2024-12-16T23:55:08                      12
================================================================================
[2024-12-16T23:55:56.239+0000] {manager.py:997} INFO - 
================================================================================
DAG File Processing Stats

File Path                           PID    Runtime      # DAGs    # Errors  Last Runtime    Last Run               Last # of DB Queries
----------------------------------  -----  ---------  --------  ----------  --------------  -------------------  ----------------------
/opt/airflow/dags/spark_airflow.py                           1           0  0.11s           2024-12-16T23:55:39                      12
================================================================================
[2024-12-16T23:56:26.722+0000] {manager.py:997} INFO - 
================================================================================
DAG File Processing Stats

File Path                           PID    Runtime      # DAGs    # Errors  Last Runtime    Last Run               Last # of DB Queries
----------------------------------  -----  ---------  --------  ----------  --------------  -------------------  ----------------------
/opt/airflow/dags/spark_airflow.py                           1           0  0.12s           2024-12-16T23:56:09                      12
================================================================================
[2024-12-16T23:56:57.025+0000] {manager.py:997} INFO - 
================================================================================
DAG File Processing Stats

File Path                           PID    Runtime      # DAGs    # Errors  Last Runtime    Last Run               Last # of DB Queries
----------------------------------  -----  ---------  --------  ----------  --------------  -------------------  ----------------------
/opt/airflow/dags/spark_airflow.py                           1           0  0.12s           2024-12-16T23:56:39                      12
================================================================================
[2024-12-16T23:57:27.414+0000] {manager.py:997} INFO - 
================================================================================
DAG File Processing Stats

File Path                           PID    Runtime      # DAGs    # Errors  Last Runtime    Last Run               Last # of DB Queries
----------------------------------  -----  ---------  --------  ----------  --------------  -------------------  ----------------------
/opt/airflow/dags/spark_airflow.py                           1           0  0.13s           2024-12-16T23:57:10                      12
================================================================================
[2024-12-16T23:57:57.722+0000] {manager.py:997} INFO - 
================================================================================
DAG File Processing Stats

File Path                           PID    Runtime      # DAGs    # Errors  Last Runtime    Last Run               Last # of DB Queries
----------------------------------  -----  ---------  --------  ----------  --------------  -------------------  ----------------------
/opt/airflow/dags/spark_airflow.py                           1           0  0.11s           2024-12-16T23:57:40                      12
================================================================================
[2024-12-16T23:58:28.009+0000] {manager.py:997} INFO - 
================================================================================
DAG File Processing Stats

File Path                           PID    Runtime      # DAGs    # Errors  Last Runtime    Last Run               Last # of DB Queries
----------------------------------  -----  ---------  --------  ----------  --------------  -------------------  ----------------------
/opt/airflow/dags/spark_airflow.py                           1           0  0.11s           2024-12-16T23:58:10                      12
================================================================================
[2024-12-16T23:58:58.352+0000] {manager.py:997} INFO - 
================================================================================
DAG File Processing Stats

File Path                           PID    Runtime      # DAGs    # Errors  Last Runtime    Last Run               Last # of DB Queries
----------------------------------  -----  ---------  --------  ----------  --------------  -------------------  ----------------------
/opt/airflow/dags/spark_airflow.py                           1           0  0.11s           2024-12-16T23:58:41                      12
================================================================================
[2024-12-16T23:59:21.570+0000] {manager.py:821} INFO - Searching for files in /opt/airflow/dags
[2024-12-16T23:59:21.588+0000] {manager.py:824} INFO - There are 1 files in /opt/airflow/dags
[2024-12-16T23:59:28.661+0000] {manager.py:997} INFO - 
================================================================================
DAG File Processing Stats

File Path                           PID    Runtime      # DAGs    # Errors  Last Runtime    Last Run               Last # of DB Queries
----------------------------------  -----  ---------  --------  ----------  --------------  -------------------  ----------------------
/opt/airflow/dags/spark_airflow.py                           1           0  0.12s           2024-12-16T23:59:11                      12
================================================================================
[2024-12-16T23:59:59.012+0000] {manager.py:997} INFO - 
================================================================================
DAG File Processing Stats

File Path                           PID    Runtime      # DAGs    # Errors  Last Runtime    Last Run               Last # of DB Queries
----------------------------------  -----  ---------  --------  ----------  --------------  -------------------  ----------------------
/opt/airflow/dags/spark_airflow.py                           1           0  0.12s           2024-12-16T23:59:41                      12
================================================================================
[2024-12-17T00:00:29.233+0000] {manager.py:997} INFO - 
================================================================================
DAG File Processing Stats

File Path                           PID    Runtime      # DAGs    # Errors  Last Runtime    Last Run               Last # of DB Queries
----------------------------------  -----  ---------  --------  ----------  --------------  -------------------  ----------------------
/opt/airflow/dags/spark_airflow.py                           1           0  0.27s           2024-12-17T00:00:12                      34
================================================================================
[2024-12-17T00:00:59.757+0000] {manager.py:997} INFO - 
================================================================================
DAG File Processing Stats

File Path                           PID    Runtime      # DAGs    # Errors  Last Runtime    Last Run               Last # of DB Queries
----------------------------------  -----  ---------  --------  ----------  --------------  -------------------  ----------------------
/opt/airflow/dags/spark_airflow.py                           1           0  0.11s           2024-12-17T00:00:42                      12
================================================================================
[2024-12-17T00:01:30.106+0000] {manager.py:997} INFO - 
================================================================================
DAG File Processing Stats

File Path                           PID    Runtime      # DAGs    # Errors  Last Runtime    Last Run               Last # of DB Queries
----------------------------------  -----  ---------  --------  ----------  --------------  -------------------  ----------------------
/opt/airflow/dags/spark_airflow.py                           1           0  0.12s           2024-12-17T00:01:13                      12
================================================================================
[2024-12-17T00:02:00.423+0000] {manager.py:997} INFO - 
================================================================================
DAG File Processing Stats

File Path                           PID    Runtime      # DAGs    # Errors  Last Runtime    Last Run               Last # of DB Queries
----------------------------------  -----  ---------  --------  ----------  --------------  -------------------  ----------------------
/opt/airflow/dags/spark_airflow.py                           1           0  0.11s           2024-12-17T00:01:43                      12
================================================================================
[2024-12-17T00:02:30.752+0000] {manager.py:997} INFO - 
================================================================================
DAG File Processing Stats

File Path                           PID    Runtime      # DAGs    # Errors  Last Runtime    Last Run               Last # of DB Queries
----------------------------------  -----  ---------  --------  ----------  --------------  -------------------  ----------------------
/opt/airflow/dags/spark_airflow.py                           1           0  0.12s           2024-12-17T00:02:13                      12
================================================================================
[2024-12-17T00:03:01.133+0000] {manager.py:997} INFO - 
================================================================================
DAG File Processing Stats

File Path                           PID    Runtime      # DAGs    # Errors  Last Runtime    Last Run               Last # of DB Queries
----------------------------------  -----  ---------  --------  ----------  --------------  -------------------  ----------------------
/opt/airflow/dags/spark_airflow.py                           1           0  0.10s           2024-12-17T00:02:43                      12
================================================================================
[2024-12-17T00:03:31.468+0000] {manager.py:997} INFO - 
================================================================================
DAG File Processing Stats

File Path                           PID    Runtime      # DAGs    # Errors  Last Runtime    Last Run               Last # of DB Queries
----------------------------------  -----  ---------  --------  ----------  --------------  -------------------  ----------------------
/opt/airflow/dags/spark_airflow.py                           1           0  0.11s           2024-12-17T00:03:14                      12
================================================================================
[2024-12-17T00:04:01.904+0000] {manager.py:997} INFO - 
================================================================================
DAG File Processing Stats

File Path                           PID    Runtime      # DAGs    # Errors  Last Runtime    Last Run               Last # of DB Queries
----------------------------------  -----  ---------  --------  ----------  --------------  -------------------  ----------------------
/opt/airflow/dags/spark_airflow.py                           1           0  0.10s           2024-12-17T00:04:00                      11
================================================================================
[2024-12-17T00:04:22.202+0000] {manager.py:821} INFO - Searching for files in /opt/airflow/dags
[2024-12-17T00:04:22.239+0000] {manager.py:824} INFO - There are 1 files in /opt/airflow/dags
[2024-12-17T00:04:32.339+0000] {manager.py:997} INFO - 
================================================================================
DAG File Processing Stats

File Path                           PID    Runtime      # DAGs    # Errors  Last Runtime    Last Run               Last # of DB Queries
----------------------------------  -----  ---------  --------  ----------  --------------  -------------------  ----------------------
/opt/airflow/dags/spark_airflow.py                           1           0  0.10s           2024-12-17T00:04:03                      11
================================================================================
[2024-12-17T00:05:02.635+0000] {manager.py:997} INFO - 
================================================================================
DAG File Processing Stats

File Path                           PID    Runtime      # DAGs    # Errors  Last Runtime    Last Run               Last # of DB Queries
----------------------------------  -----  ---------  --------  ----------  --------------  -------------------  ----------------------
/opt/airflow/dags/spark_airflow.py                           1           0  0.10s           2024-12-17T00:04:33                      12
================================================================================
[2024-12-17T00:05:33.038+0000] {manager.py:997} INFO - 
================================================================================
DAG File Processing Stats

File Path                           PID    Runtime      # DAGs    # Errors  Last Runtime    Last Run               Last # of DB Queries
----------------------------------  -----  ---------  --------  ----------  --------------  -------------------  ----------------------
/opt/airflow/dags/spark_airflow.py                           1           0  0.11s           2024-12-17T00:05:03                      12
================================================================================
[2024-12-17T00:05:35.277+0000] {manager.py:465} INFO - Exiting gracefully upon receiving signal 15
[2024-12-17T00:06:04.483+0000] {manager.py:483} INFO - Processing files using up to 2 processes at a time 
[2024-12-17T00:06:04.484+0000] {manager.py:484} INFO - Process each file at most once every 30 seconds
[2024-12-17T00:06:04.486+0000] {manager.py:485} INFO - Checking for new files in /opt/airflow/dags every 300 seconds
[2024-12-17T00:06:04.487+0000] {manager.py:821} INFO - Searching for files in /opt/airflow/dags
[2024-12-17T00:06:04.505+0000] {manager.py:824} INFO - There are 1 files in /opt/airflow/dags
[2024-12-17T00:06:04.578+0000] {manager.py:997} INFO - 
================================================================================
DAG File Processing Stats

File Path                             PID  Runtime      # DAGs    # Errors  Last Runtime    Last Run      Last # of DB Queries
----------------------------------  -----  ---------  --------  ----------  --------------  ----------  ----------------------
/opt/airflow/dags/spark_airflow.py     67  0.02s             0           0                                                   0
================================================================================
[2024-12-17T00:06:34.894+0000] {manager.py:997} INFO - 
================================================================================
DAG File Processing Stats

File Path                             PID  Runtime      # DAGs    # Errors  Last Runtime    Last Run               Last # of DB Queries
----------------------------------  -----  ---------  --------  ----------  --------------  -------------------  ----------------------
/opt/airflow/dags/spark_airflow.py     72  0.00s             1           0  0.12s           2024-12-17T00:06:04                      12
================================================================================
[2024-12-17T00:07:05.333+0000] {manager.py:997} INFO - 
================================================================================
DAG File Processing Stats

File Path                             PID  Runtime      # DAGs    # Errors  Last Runtime    Last Run               Last # of DB Queries
----------------------------------  -----  ---------  --------  ----------  --------------  -------------------  ----------------------
/opt/airflow/dags/spark_airflow.py     77  0.00s             1           0  0.11s           2024-12-17T00:06:35                      12
================================================================================
[2024-12-17T00:07:35.688+0000] {manager.py:997} INFO - 
================================================================================
DAG File Processing Stats

File Path                             PID  Runtime      # DAGs    # Errors  Last Runtime    Last Run               Last # of DB Queries
----------------------------------  -----  ---------  --------  ----------  --------------  -------------------  ----------------------
/opt/airflow/dags/spark_airflow.py     82  0.00s             1           0  0.10s           2024-12-17T00:07:05                      12
================================================================================
[2024-12-17T00:08:06.110+0000] {manager.py:997} INFO - 
================================================================================
DAG File Processing Stats

File Path                             PID  Runtime      # DAGs    # Errors  Last Runtime    Last Run               Last # of DB Queries
----------------------------------  -----  ---------  --------  ----------  --------------  -------------------  ----------------------
/opt/airflow/dags/spark_airflow.py     87  0.01s             1           0  0.10s           2024-12-17T00:07:35                      12
================================================================================
[2024-12-17T00:08:36.475+0000] {manager.py:997} INFO - 
================================================================================
DAG File Processing Stats

File Path                             PID  Runtime      # DAGs    # Errors  Last Runtime    Last Run               Last # of DB Queries
----------------------------------  -----  ---------  --------  ----------  --------------  -------------------  ----------------------
/opt/airflow/dags/spark_airflow.py     92  0.00s             1           0  0.11s           2024-12-17T00:08:06                      12
================================================================================
[2024-12-17T00:09:06.844+0000] {manager.py:997} INFO - 
================================================================================
DAG File Processing Stats

File Path                             PID  Runtime      # DAGs    # Errors  Last Runtime    Last Run               Last # of DB Queries
----------------------------------  -----  ---------  --------  ----------  --------------  -------------------  ----------------------
/opt/airflow/dags/spark_airflow.py     97  0.00s             1           0  0.10s           2024-12-17T00:08:36                      12
================================================================================
[2024-12-17T00:09:37.141+0000] {manager.py:997} INFO - 
================================================================================
DAG File Processing Stats

File Path                             PID  Runtime      # DAGs    # Errors  Last Runtime    Last Run               Last # of DB Queries
----------------------------------  -----  ---------  --------  ----------  --------------  -------------------  ----------------------
/opt/airflow/dags/spark_airflow.py    102  0.00s             1           0  0.10s           2024-12-17T00:09:06                      12
================================================================================
[2024-12-17T00:10:07.414+0000] {manager.py:997} INFO - 
================================================================================
DAG File Processing Stats

File Path                             PID  Runtime      # DAGs    # Errors  Last Runtime    Last Run               Last # of DB Queries
----------------------------------  -----  ---------  --------  ----------  --------------  -------------------  ----------------------
/opt/airflow/dags/spark_airflow.py    107  0.00s             1           0  0.10s           2024-12-17T00:09:37                      12
================================================================================
[2024-12-17T00:10:37.652+0000] {manager.py:997} INFO - 
================================================================================
DAG File Processing Stats

File Path                             PID  Runtime      # DAGs    # Errors  Last Runtime    Last Run               Last # of DB Queries
----------------------------------  -----  ---------  --------  ----------  --------------  -------------------  ----------------------
/opt/airflow/dags/spark_airflow.py    112  0.00s             1           0  0.12s           2024-12-17T00:10:07                      12
================================================================================
[2024-12-17T00:11:04.981+0000] {manager.py:821} INFO - Searching for files in /opt/airflow/dags
[2024-12-17T00:11:05.027+0000] {manager.py:824} INFO - There are 1 files in /opt/airflow/dags
[2024-12-17T00:11:08.090+0000] {manager.py:997} INFO - 
================================================================================
DAG File Processing Stats

File Path                             PID  Runtime      # DAGs    # Errors  Last Runtime    Last Run               Last # of DB Queries
----------------------------------  -----  ---------  --------  ----------  --------------  -------------------  ----------------------
/opt/airflow/dags/spark_airflow.py    117  0.00s             1           0  0.13s           2024-12-17T00:10:37                      12
================================================================================
[2024-12-17T00:11:38.478+0000] {manager.py:997} INFO - 
================================================================================
DAG File Processing Stats

File Path                             PID  Runtime      # DAGs    # Errors  Last Runtime    Last Run               Last # of DB Queries
----------------------------------  -----  ---------  --------  ----------  --------------  -------------------  ----------------------
/opt/airflow/dags/spark_airflow.py    122  0.00s             1           0  0.10s           2024-12-17T00:11:08                      12
================================================================================
[2024-12-17T00:12:08.879+0000] {manager.py:997} INFO - 
================================================================================
DAG File Processing Stats

File Path                             PID  Runtime      # DAGs    # Errors  Last Runtime    Last Run               Last # of DB Queries
----------------------------------  -----  ---------  --------  ----------  --------------  -------------------  ----------------------
/opt/airflow/dags/spark_airflow.py    127  0.00s             1           0  0.10s           2024-12-17T00:11:38                      12
================================================================================
[2024-12-17T00:12:39.219+0000] {manager.py:997} INFO - 
================================================================================
DAG File Processing Stats

File Path                             PID  Runtime      # DAGs    # Errors  Last Runtime    Last Run               Last # of DB Queries
----------------------------------  -----  ---------  --------  ----------  --------------  -------------------  ----------------------
/opt/airflow/dags/spark_airflow.py    132  0.00s             1           0  0.10s           2024-12-17T00:12:08                      12
================================================================================
[2024-12-17T00:13:09.645+0000] {manager.py:997} INFO - 
================================================================================
DAG File Processing Stats

File Path                             PID  Runtime      # DAGs    # Errors  Last Runtime    Last Run               Last # of DB Queries
----------------------------------  -----  ---------  --------  ----------  --------------  -------------------  ----------------------
/opt/airflow/dags/spark_airflow.py    137  0.00s             1           0  0.12s           2024-12-17T00:12:39                      12
================================================================================
[2024-12-17T00:13:40.016+0000] {manager.py:997} INFO - 
================================================================================
DAG File Processing Stats

File Path                             PID  Runtime      # DAGs    # Errors  Last Runtime    Last Run               Last # of DB Queries
----------------------------------  -----  ---------  --------  ----------  --------------  -------------------  ----------------------
/opt/airflow/dags/spark_airflow.py    142  0.00s             1           0  0.11s           2024-12-17T00:13:09                      12
================================================================================
[2024-12-17T00:14:10.391+0000] {manager.py:997} INFO - 
================================================================================
DAG File Processing Stats

File Path                             PID  Runtime      # DAGs    # Errors  Last Runtime    Last Run               Last # of DB Queries
----------------------------------  -----  ---------  --------  ----------  --------------  -------------------  ----------------------
/opt/airflow/dags/spark_airflow.py    147  0.00s             1           0  0.11s           2024-12-17T00:13:40                      12
================================================================================
[2024-12-17T00:14:40.686+0000] {manager.py:997} INFO - 
================================================================================
DAG File Processing Stats

File Path                             PID  Runtime      # DAGs    # Errors  Last Runtime    Last Run               Last # of DB Queries
----------------------------------  -----  ---------  --------  ----------  --------------  -------------------  ----------------------
/opt/airflow/dags/spark_airflow.py    152  0.00s             1           0  0.10s           2024-12-17T00:14:10                      12
================================================================================
[2024-12-17T00:15:11.047+0000] {manager.py:997} INFO - 
================================================================================
DAG File Processing Stats

File Path                             PID  Runtime      # DAGs    # Errors  Last Runtime    Last Run               Last # of DB Queries
----------------------------------  -----  ---------  --------  ----------  --------------  -------------------  ----------------------
/opt/airflow/dags/spark_airflow.py    157  0.00s             1           0  0.10s           2024-12-17T00:14:40                      12
================================================================================
[2024-12-17T00:15:41.389+0000] {manager.py:997} INFO - 
================================================================================
DAG File Processing Stats

File Path                             PID  Runtime      # DAGs    # Errors  Last Runtime    Last Run               Last # of DB Queries
----------------------------------  -----  ---------  --------  ----------  --------------  -------------------  ----------------------
/opt/airflow/dags/spark_airflow.py    162  0.00s             1           0  0.15s           2024-12-17T00:15:11                      12
================================================================================
[2024-12-17T00:16:05.755+0000] {manager.py:821} INFO - Searching for files in /opt/airflow/dags
[2024-12-17T00:16:05.774+0000] {manager.py:824} INFO - There are 1 files in /opt/airflow/dags
[2024-12-17T00:16:11.866+0000] {manager.py:997} INFO - 
================================================================================
DAG File Processing Stats

File Path                             PID  Runtime      # DAGs    # Errors  Last Runtime    Last Run               Last # of DB Queries
----------------------------------  -----  ---------  --------  ----------  --------------  -------------------  ----------------------
/opt/airflow/dags/spark_airflow.py    167  0.00s             1           0  0.11s           2024-12-17T00:15:41                      12
================================================================================
[2024-12-17T00:16:42.183+0000] {manager.py:997} INFO - 
================================================================================
DAG File Processing Stats

File Path                             PID  Runtime      # DAGs    # Errors  Last Runtime    Last Run               Last # of DB Queries
----------------------------------  -----  ---------  --------  ----------  --------------  -------------------  ----------------------
/opt/airflow/dags/spark_airflow.py    172  0.00s             1           0  0.13s           2024-12-17T00:16:11                      12
================================================================================
[2024-12-17T00:17:12.560+0000] {manager.py:997} INFO - 
================================================================================
DAG File Processing Stats

File Path                             PID  Runtime      # DAGs    # Errors  Last Runtime    Last Run               Last # of DB Queries
----------------------------------  -----  ---------  --------  ----------  --------------  -------------------  ----------------------
/opt/airflow/dags/spark_airflow.py    177  0.00s             1           0  0.13s           2024-12-17T00:16:42                      12
================================================================================
[2024-12-17T00:17:42.806+0000] {manager.py:997} INFO - 
================================================================================
DAG File Processing Stats

File Path                             PID  Runtime      # DAGs    # Errors  Last Runtime    Last Run               Last # of DB Queries
----------------------------------  -----  ---------  --------  ----------  --------------  -------------------  ----------------------
/opt/airflow/dags/spark_airflow.py    182  0.00s             1           0  0.11s           2024-12-17T00:17:12                      12
================================================================================
[2024-12-17T00:18:13.060+0000] {manager.py:997} INFO - 
================================================================================
DAG File Processing Stats

File Path                             PID  Runtime      # DAGs    # Errors  Last Runtime    Last Run               Last # of DB Queries
----------------------------------  -----  ---------  --------  ----------  --------------  -------------------  ----------------------
/opt/airflow/dags/spark_airflow.py    187  0.00s             1           0  0.14s           2024-12-17T00:17:42                      12
================================================================================
[2024-12-17T00:18:43.339+0000] {manager.py:997} INFO - 
================================================================================
DAG File Processing Stats

File Path                             PID  Runtime      # DAGs    # Errors  Last Runtime    Last Run               Last # of DB Queries
----------------------------------  -----  ---------  --------  ----------  --------------  -------------------  ----------------------
/opt/airflow/dags/spark_airflow.py    192  0.00s             1           0  0.16s           2024-12-17T00:18:13                      12
================================================================================
[2024-12-17T00:19:13.616+0000] {manager.py:997} INFO - 
================================================================================
DAG File Processing Stats

File Path                             PID  Runtime      # DAGs    # Errors  Last Runtime    Last Run               Last # of DB Queries
----------------------------------  -----  ---------  --------  ----------  --------------  -------------------  ----------------------
/opt/airflow/dags/spark_airflow.py    197  0.00s             1           0  0.15s           2024-12-17T00:18:43                      12
================================================================================
[2024-12-17T00:19:43.889+0000] {manager.py:997} INFO - 
================================================================================
DAG File Processing Stats

File Path                             PID  Runtime      # DAGs    # Errors  Last Runtime    Last Run               Last # of DB Queries
----------------------------------  -----  ---------  --------  ----------  --------------  -------------------  ----------------------
/opt/airflow/dags/spark_airflow.py    202  0.00s             1           0  0.13s           2024-12-17T00:19:13                      12
================================================================================
[2024-12-17T00:20:14.155+0000] {manager.py:997} INFO - 
================================================================================
DAG File Processing Stats

File Path                             PID  Runtime      # DAGs    # Errors  Last Runtime    Last Run               Last # of DB Queries
----------------------------------  -----  ---------  --------  ----------  --------------  -------------------  ----------------------
/opt/airflow/dags/spark_airflow.py    207  0.01s             1           0  0.14s           2024-12-17T00:19:44                      12
================================================================================
[2024-12-17T00:20:44.431+0000] {manager.py:997} INFO - 
================================================================================
DAG File Processing Stats

File Path                             PID  Runtime      # DAGs    # Errors  Last Runtime    Last Run               Last # of DB Queries
----------------------------------  -----  ---------  --------  ----------  --------------  -------------------  ----------------------
/opt/airflow/dags/spark_airflow.py    212  0.00s             1           0  0.15s           2024-12-17T00:20:14                      12
================================================================================
[2024-12-17T00:21:06.630+0000] {manager.py:821} INFO - Searching for files in /opt/airflow/dags
[2024-12-17T00:21:06.652+0000] {manager.py:824} INFO - There are 1 files in /opt/airflow/dags
[2024-12-17T00:21:14.738+0000] {manager.py:997} INFO - 
================================================================================
DAG File Processing Stats

File Path                             PID  Runtime      # DAGs    # Errors  Last Runtime    Last Run               Last # of DB Queries
----------------------------------  -----  ---------  --------  ----------  --------------  -------------------  ----------------------
/opt/airflow/dags/spark_airflow.py    217  0.00s             1           0  0.13s           2024-12-17T00:20:44                      12
================================================================================
[2024-12-17T00:21:44.961+0000] {manager.py:997} INFO - 
================================================================================
DAG File Processing Stats

File Path                             PID  Runtime      # DAGs    # Errors  Last Runtime    Last Run               Last # of DB Queries
----------------------------------  -----  ---------  --------  ----------  --------------  -------------------  ----------------------
/opt/airflow/dags/spark_airflow.py    222  0.00s             1           0  0.13s           2024-12-17T00:21:14                      12
================================================================================
[2024-12-17T00:22:15.300+0000] {manager.py:997} INFO - 
================================================================================
DAG File Processing Stats

File Path                             PID  Runtime      # DAGs    # Errors  Last Runtime    Last Run               Last # of DB Queries
----------------------------------  -----  ---------  --------  ----------  --------------  -------------------  ----------------------
/opt/airflow/dags/spark_airflow.py    227  0.00s             1           0  0.17s           2024-12-17T00:21:45                      12
================================================================================
[2024-12-17T00:22:45.584+0000] {manager.py:997} INFO - 
================================================================================
DAG File Processing Stats

File Path                             PID  Runtime      # DAGs    # Errors  Last Runtime    Last Run               Last # of DB Queries
----------------------------------  -----  ---------  --------  ----------  --------------  -------------------  ----------------------
/opt/airflow/dags/spark_airflow.py    232  0.00s             1           0  0.16s           2024-12-17T00:22:15                      12
================================================================================
[2024-12-17T00:23:15.941+0000] {manager.py:997} INFO - 
================================================================================
DAG File Processing Stats

File Path                             PID  Runtime      # DAGs    # Errors  Last Runtime    Last Run               Last # of DB Queries
----------------------------------  -----  ---------  --------  ----------  --------------  -------------------  ----------------------
/opt/airflow/dags/spark_airflow.py    237  0.00s             1           0  0.15s           2024-12-17T00:22:45                      12
================================================================================
[2024-12-17T00:23:46.174+0000] {manager.py:997} INFO - 
================================================================================
DAG File Processing Stats

File Path                             PID  Runtime      # DAGs    # Errors  Last Runtime    Last Run               Last # of DB Queries
----------------------------------  -----  ---------  --------  ----------  --------------  -------------------  ----------------------
/opt/airflow/dags/spark_airflow.py    242  0.00s             1           0  0.14s           2024-12-17T00:23:16                      12
================================================================================
[2024-12-17T00:24:16.493+0000] {manager.py:997} INFO - 
================================================================================
DAG File Processing Stats

File Path                             PID  Runtime      # DAGs    # Errors  Last Runtime    Last Run               Last # of DB Queries
----------------------------------  -----  ---------  --------  ----------  --------------  -------------------  ----------------------
/opt/airflow/dags/spark_airflow.py    247  0.00s             1           0  0.13s           2024-12-17T00:23:46                      12
================================================================================
[2024-12-17T00:24:46.724+0000] {manager.py:997} INFO - 
================================================================================
DAG File Processing Stats

File Path                             PID  Runtime      # DAGs    # Errors  Last Runtime    Last Run               Last # of DB Queries
----------------------------------  -----  ---------  --------  ----------  --------------  -------------------  ----------------------
/opt/airflow/dags/spark_airflow.py    252  0.00s             1           0  0.12s           2024-12-17T00:24:16                      12
================================================================================
[2024-12-17T00:25:17.018+0000] {manager.py:997} INFO - 
================================================================================
DAG File Processing Stats

File Path                             PID  Runtime      # DAGs    # Errors  Last Runtime    Last Run               Last # of DB Queries
----------------------------------  -----  ---------  --------  ----------  --------------  -------------------  ----------------------
/opt/airflow/dags/spark_airflow.py    257  0.00s             1           0  0.14s           2024-12-17T00:24:46                      12
================================================================================
[2024-12-17T00:25:47.274+0000] {manager.py:997} INFO - 
================================================================================
DAG File Processing Stats

File Path                             PID  Runtime      # DAGs    # Errors  Last Runtime    Last Run               Last # of DB Queries
----------------------------------  -----  ---------  --------  ----------  --------------  -------------------  ----------------------
/opt/airflow/dags/spark_airflow.py    262  0.00s             1           0  0.13s           2024-12-17T00:25:17                      12
================================================================================
[2024-12-17T00:26:07.486+0000] {manager.py:821} INFO - Searching for files in /opt/airflow/dags
[2024-12-17T00:26:07.511+0000] {manager.py:824} INFO - There are 1 files in /opt/airflow/dags
[2024-12-17T00:26:17.610+0000] {manager.py:997} INFO - 
================================================================================
DAG File Processing Stats

File Path                             PID  Runtime      # DAGs    # Errors  Last Runtime    Last Run               Last # of DB Queries
----------------------------------  -----  ---------  --------  ----------  --------------  -------------------  ----------------------
/opt/airflow/dags/spark_airflow.py    267  0.00s             1           0  0.13s           2024-12-17T00:25:47                      12
================================================================================
[2024-12-17T00:26:47.839+0000] {manager.py:997} INFO - 
================================================================================
DAG File Processing Stats

File Path                             PID  Runtime      # DAGs    # Errors  Last Runtime    Last Run               Last # of DB Queries
----------------------------------  -----  ---------  --------  ----------  --------------  -------------------  ----------------------
/opt/airflow/dags/spark_airflow.py    272  0.00s             1           0  0.12s           2024-12-17T00:26:17                      12
================================================================================
[2024-12-17T00:27:18.133+0000] {manager.py:997} INFO - 
================================================================================
DAG File Processing Stats

File Path                             PID  Runtime      # DAGs    # Errors  Last Runtime    Last Run               Last # of DB Queries
----------------------------------  -----  ---------  --------  ----------  --------------  -------------------  ----------------------
/opt/airflow/dags/spark_airflow.py    277  0.00s             1           0  0.12s           2024-12-17T00:26:47                      12
================================================================================
[2024-12-17T00:27:48.370+0000] {manager.py:997} INFO - 
================================================================================
DAG File Processing Stats

File Path                             PID  Runtime      # DAGs    # Errors  Last Runtime    Last Run               Last # of DB Queries
----------------------------------  -----  ---------  --------  ----------  --------------  -------------------  ----------------------
/opt/airflow/dags/spark_airflow.py    282  0.00s             1           0  0.12s           2024-12-17T00:27:18                      12
================================================================================
[2024-12-17T00:28:18.659+0000] {manager.py:997} INFO - 
================================================================================
DAG File Processing Stats

File Path                             PID  Runtime      # DAGs    # Errors  Last Runtime    Last Run               Last # of DB Queries
----------------------------------  -----  ---------  --------  ----------  --------------  -------------------  ----------------------
/opt/airflow/dags/spark_airflow.py    287  0.00s             1           0  0.14s           2024-12-17T00:27:48                      12
================================================================================
[2024-12-17T00:28:48.906+0000] {manager.py:997} INFO - 
================================================================================
DAG File Processing Stats

File Path                             PID  Runtime      # DAGs    # Errors  Last Runtime    Last Run               Last # of DB Queries
----------------------------------  -----  ---------  --------  ----------  --------------  -------------------  ----------------------
/opt/airflow/dags/spark_airflow.py    292  0.00s             1           0  0.16s           2024-12-17T00:28:18                      12
================================================================================
[2024-12-17T00:29:19.215+0000] {manager.py:997} INFO - 
================================================================================
DAG File Processing Stats

File Path                             PID  Runtime      # DAGs    # Errors  Last Runtime    Last Run               Last # of DB Queries
----------------------------------  -----  ---------  --------  ----------  --------------  -------------------  ----------------------
/opt/airflow/dags/spark_airflow.py    297  0.00s             1           0  0.12s           2024-12-17T00:28:49                      12
================================================================================
[2024-12-17T00:29:49.444+0000] {manager.py:997} INFO - 
================================================================================
DAG File Processing Stats

File Path                             PID  Runtime      # DAGs    # Errors  Last Runtime    Last Run               Last # of DB Queries
----------------------------------  -----  ---------  --------  ----------  --------------  -------------------  ----------------------
/opt/airflow/dags/spark_airflow.py    302  0.00s             1           0  0.13s           2024-12-17T00:29:19                      12
================================================================================
[2024-12-17T00:30:19.760+0000] {manager.py:997} INFO - 
================================================================================
DAG File Processing Stats

File Path                             PID  Runtime      # DAGs    # Errors  Last Runtime    Last Run               Last # of DB Queries
----------------------------------  -----  ---------  --------  ----------  --------------  -------------------  ----------------------
/opt/airflow/dags/spark_airflow.py    307  0.00s             1           0  0.14s           2024-12-17T00:29:49                      12
================================================================================
[2024-12-17T00:30:49.993+0000] {manager.py:997} INFO - 
================================================================================
DAG File Processing Stats

File Path                             PID  Runtime      # DAGs    # Errors  Last Runtime    Last Run               Last # of DB Queries
----------------------------------  -----  ---------  --------  ----------  --------------  -------------------  ----------------------
/opt/airflow/dags/spark_airflow.py    312  0.00s             1           0  0.11s           2024-12-17T00:30:19                      12
================================================================================
[2024-12-17T00:31:08.164+0000] {manager.py:821} INFO - Searching for files in /opt/airflow/dags
[2024-12-17T00:31:08.181+0000] {manager.py:824} INFO - There are 1 files in /opt/airflow/dags
[2024-12-17T00:31:20.294+0000] {manager.py:997} INFO - 
================================================================================
DAG File Processing Stats

File Path                             PID  Runtime      # DAGs    # Errors  Last Runtime    Last Run               Last # of DB Queries
----------------------------------  -----  ---------  --------  ----------  --------------  -------------------  ----------------------
/opt/airflow/dags/spark_airflow.py    317  0.00s             1           0  0.13s           2024-12-17T00:30:50                      12
================================================================================
[2024-12-17T00:31:50.527+0000] {manager.py:997} INFO - 
================================================================================
DAG File Processing Stats

File Path                             PID  Runtime      # DAGs    # Errors  Last Runtime    Last Run               Last # of DB Queries
----------------------------------  -----  ---------  --------  ----------  --------------  -------------------  ----------------------
/opt/airflow/dags/spark_airflow.py    322  0.00s             1           0  0.13s           2024-12-17T00:31:20                      12
================================================================================
[2024-12-17T00:32:20.841+0000] {manager.py:997} INFO - 
================================================================================
DAG File Processing Stats

File Path                             PID  Runtime      # DAGs    # Errors  Last Runtime    Last Run               Last # of DB Queries
----------------------------------  -----  ---------  --------  ----------  --------------  -------------------  ----------------------
/opt/airflow/dags/spark_airflow.py    327  0.00s             1           0  0.11s           2024-12-17T00:31:50                      12
================================================================================
[2024-12-17T00:32:51.062+0000] {manager.py:997} INFO - 
================================================================================
DAG File Processing Stats

File Path                             PID  Runtime      # DAGs    # Errors  Last Runtime    Last Run               Last # of DB Queries
----------------------------------  -----  ---------  --------  ----------  --------------  -------------------  ----------------------
/opt/airflow/dags/spark_airflow.py    332  0.00s             1           0  0.11s           2024-12-17T00:32:20                      12
================================================================================
[2024-12-17T00:33:21.350+0000] {manager.py:997} INFO - 
================================================================================
DAG File Processing Stats

File Path                             PID  Runtime      # DAGs    # Errors  Last Runtime    Last Run               Last # of DB Queries
----------------------------------  -----  ---------  --------  ----------  --------------  -------------------  ----------------------
/opt/airflow/dags/spark_airflow.py    337  0.00s             1           0  0.14s           2024-12-17T00:32:51                      12
================================================================================
[2024-12-17T00:33:51.604+0000] {manager.py:997} INFO - 
================================================================================
DAG File Processing Stats

File Path                             PID  Runtime      # DAGs    # Errors  Last Runtime    Last Run               Last # of DB Queries
----------------------------------  -----  ---------  --------  ----------  --------------  -------------------  ----------------------
/opt/airflow/dags/spark_airflow.py    342  0.00s             1           0  0.12s           2024-12-17T00:33:21                      12
================================================================================
[2024-12-17T00:34:21.893+0000] {manager.py:997} INFO - 
================================================================================
DAG File Processing Stats

File Path                             PID  Runtime      # DAGs    # Errors  Last Runtime    Last Run               Last # of DB Queries
----------------------------------  -----  ---------  --------  ----------  --------------  -------------------  ----------------------
/opt/airflow/dags/spark_airflow.py    347  0.00s             1           0  0.12s           2024-12-17T00:33:51                      12
================================================================================
[2024-12-17T00:34:52.120+0000] {manager.py:997} INFO - 
================================================================================
DAG File Processing Stats

File Path                             PID  Runtime      # DAGs    # Errors  Last Runtime    Last Run               Last # of DB Queries
----------------------------------  -----  ---------  --------  ----------  --------------  -------------------  ----------------------
/opt/airflow/dags/spark_airflow.py    352  0.00s             1           0  0.17s           2024-12-17T00:34:22                      12
================================================================================
[2024-12-17T00:35:22.342+0000] {manager.py:997} INFO - 
================================================================================
DAG File Processing Stats

File Path                             PID  Runtime      # DAGs    # Errors  Last Runtime    Last Run               Last # of DB Queries
----------------------------------  -----  ---------  --------  ----------  --------------  -------------------  ----------------------
/opt/airflow/dags/spark_airflow.py    357  0.00s             1           0  0.11s           2024-12-17T00:34:52                      12
================================================================================
[2024-12-17T00:35:52.636+0000] {manager.py:997} INFO - 
================================================================================
DAG File Processing Stats

File Path                             PID  Runtime      # DAGs    # Errors  Last Runtime    Last Run               Last # of DB Queries
----------------------------------  -----  ---------  --------  ----------  --------------  -------------------  ----------------------
/opt/airflow/dags/spark_airflow.py    362  0.00s             1           0  0.12s           2024-12-17T00:35:22                      12
================================================================================
[2024-12-17T00:36:08.758+0000] {manager.py:821} INFO - Searching for files in /opt/airflow/dags
[2024-12-17T00:36:08.781+0000] {manager.py:824} INFO - There are 1 files in /opt/airflow/dags
[2024-12-17T00:36:22.897+0000] {manager.py:997} INFO - 
================================================================================
DAG File Processing Stats

File Path                             PID  Runtime      # DAGs    # Errors  Last Runtime    Last Run               Last # of DB Queries
----------------------------------  -----  ---------  --------  ----------  --------------  -------------------  ----------------------
/opt/airflow/dags/spark_airflow.py    367  0.00s             1           0  0.13s           2024-12-17T00:35:52                      12
================================================================================
[2024-12-17T00:36:53.167+0000] {manager.py:997} INFO - 
================================================================================
DAG File Processing Stats

File Path                             PID  Runtime      # DAGs    # Errors  Last Runtime    Last Run               Last # of DB Queries
----------------------------------  -----  ---------  --------  ----------  --------------  -------------------  ----------------------
/opt/airflow/dags/spark_airflow.py    372  0.00s             1           0  0.13s           2024-12-17T00:36:23                      12
================================================================================
[2024-12-17T00:37:23.427+0000] {manager.py:997} INFO - 
================================================================================
DAG File Processing Stats

File Path                             PID  Runtime      # DAGs    # Errors  Last Runtime    Last Run               Last # of DB Queries
----------------------------------  -----  ---------  --------  ----------  --------------  -------------------  ----------------------
/opt/airflow/dags/spark_airflow.py    377  0.00s             1           0  0.12s           2024-12-17T00:36:53                      12
================================================================================
[2024-12-17T00:37:53.681+0000] {manager.py:997} INFO - 
================================================================================
DAG File Processing Stats

File Path                             PID  Runtime      # DAGs    # Errors  Last Runtime    Last Run               Last # of DB Queries
----------------------------------  -----  ---------  --------  ----------  --------------  -------------------  ----------------------
/opt/airflow/dags/spark_airflow.py    382  0.00s             1           0  0.11s           2024-12-17T00:37:23                      12
================================================================================
[2024-12-17T00:38:23.942+0000] {manager.py:997} INFO - 
================================================================================
DAG File Processing Stats

File Path                             PID  Runtime      # DAGs    # Errors  Last Runtime    Last Run               Last # of DB Queries
----------------------------------  -----  ---------  --------  ----------  --------------  -------------------  ----------------------
/opt/airflow/dags/spark_airflow.py    387  0.00s             1           0  0.12s           2024-12-17T00:37:53                      12
================================================================================
[2024-12-17T00:38:54.207+0000] {manager.py:997} INFO - 
================================================================================
DAG File Processing Stats

File Path                             PID  Runtime      # DAGs    # Errors  Last Runtime    Last Run               Last # of DB Queries
----------------------------------  -----  ---------  --------  ----------  --------------  -------------------  ----------------------
/opt/airflow/dags/spark_airflow.py    392  0.00s             1           0  0.12s           2024-12-17T00:38:24                      12
================================================================================
[2024-12-17T00:39:24.461+0000] {manager.py:997} INFO - 
================================================================================
DAG File Processing Stats

File Path                             PID  Runtime      # DAGs    # Errors  Last Runtime    Last Run               Last # of DB Queries
----------------------------------  -----  ---------  --------  ----------  --------------  -------------------  ----------------------
/opt/airflow/dags/spark_airflow.py    397  0.00s             1           0  0.12s           2024-12-17T00:38:54                      12
================================================================================
[2024-12-17T00:39:54.719+0000] {manager.py:997} INFO - 
================================================================================
DAG File Processing Stats

File Path                             PID  Runtime      # DAGs    # Errors  Last Runtime    Last Run               Last # of DB Queries
----------------------------------  -----  ---------  --------  ----------  --------------  -------------------  ----------------------
/opt/airflow/dags/spark_airflow.py    402  0.00s             1           0  0.12s           2024-12-17T00:39:24                      12
================================================================================
[2024-12-17T00:40:24.975+0000] {manager.py:997} INFO - 
================================================================================
DAG File Processing Stats

File Path                             PID  Runtime      # DAGs    # Errors  Last Runtime    Last Run               Last # of DB Queries
----------------------------------  -----  ---------  --------  ----------  --------------  -------------------  ----------------------
/opt/airflow/dags/spark_airflow.py    407  0.00s             1           0  0.14s           2024-12-17T00:39:54                      12
================================================================================
[2024-12-17T00:40:55.277+0000] {manager.py:997} INFO - 
================================================================================
DAG File Processing Stats

File Path                             PID  Runtime      # DAGs    # Errors  Last Runtime    Last Run               Last # of DB Queries
----------------------------------  -----  ---------  --------  ----------  --------------  -------------------  ----------------------
/opt/airflow/dags/spark_airflow.py    412  0.00s             1           0  0.16s           2024-12-17T00:40:25                      12
================================================================================
[2024-12-17T00:41:09.412+0000] {manager.py:821} INFO - Searching for files in /opt/airflow/dags
[2024-12-17T00:41:09.428+0000] {manager.py:824} INFO - There are 1 files in /opt/airflow/dags
[2024-12-17T00:41:25.573+0000] {manager.py:997} INFO - 
================================================================================
DAG File Processing Stats

File Path                             PID  Runtime      # DAGs    # Errors  Last Runtime    Last Run               Last # of DB Queries
----------------------------------  -----  ---------  --------  ----------  --------------  -------------------  ----------------------
/opt/airflow/dags/spark_airflow.py    417  0.00s             1           0  0.16s           2024-12-17T00:40:55                      12
================================================================================
[2024-12-17T00:41:55.836+0000] {manager.py:997} INFO - 
================================================================================
DAG File Processing Stats

File Path                             PID  Runtime      # DAGs    # Errors  Last Runtime    Last Run               Last # of DB Queries
----------------------------------  -----  ---------  --------  ----------  --------------  -------------------  ----------------------
/opt/airflow/dags/spark_airflow.py    422  0.00s             1           0  0.13s           2024-12-17T00:41:25                      12
================================================================================
[2024-12-17T00:42:26.111+0000] {manager.py:997} INFO - 
================================================================================
DAG File Processing Stats

File Path                             PID  Runtime      # DAGs    # Errors  Last Runtime    Last Run               Last # of DB Queries
----------------------------------  -----  ---------  --------  ----------  --------------  -------------------  ----------------------
/opt/airflow/dags/spark_airflow.py    427  0.00s             1           0  0.14s           2024-12-17T00:41:55                      12
================================================================================
[2024-12-17T00:42:56.370+0000] {manager.py:997} INFO - 
================================================================================
DAG File Processing Stats

File Path                             PID  Runtime      # DAGs    # Errors  Last Runtime    Last Run               Last # of DB Queries
----------------------------------  -----  ---------  --------  ----------  --------------  -------------------  ----------------------
/opt/airflow/dags/spark_airflow.py    432  0.00s             1           0  0.12s           2024-12-17T00:42:26                      12
================================================================================
[2024-12-17T00:43:26.636+0000] {manager.py:997} INFO - 
================================================================================
DAG File Processing Stats

File Path                             PID  Runtime      # DAGs    # Errors  Last Runtime    Last Run               Last # of DB Queries
----------------------------------  -----  ---------  --------  ----------  --------------  -------------------  ----------------------
/opt/airflow/dags/spark_airflow.py    437  0.00s             1           0  0.14s           2024-12-17T00:42:56                      12
================================================================================
[2024-12-17T00:43:56.903+0000] {manager.py:997} INFO - 
================================================================================
DAG File Processing Stats

File Path                             PID  Runtime      # DAGs    # Errors  Last Runtime    Last Run               Last # of DB Queries
----------------------------------  -----  ---------  --------  ----------  --------------  -------------------  ----------------------
/opt/airflow/dags/spark_airflow.py    442  0.00s             1           0  0.13s           2024-12-17T00:43:26                      12
================================================================================
[2024-12-17T00:44:27.246+0000] {manager.py:997} INFO - 
================================================================================
DAG File Processing Stats

File Path                             PID  Runtime      # DAGs    # Errors  Last Runtime    Last Run               Last # of DB Queries
----------------------------------  -----  ---------  --------  ----------  --------------  -------------------  ----------------------
/opt/airflow/dags/spark_airflow.py    447  0.00s             1           0  0.15s           2024-12-17T00:43:57                      12
================================================================================
[2024-12-17T00:44:57.643+0000] {manager.py:997} INFO - 
================================================================================
DAG File Processing Stats

File Path                             PID  Runtime      # DAGs    # Errors  Last Runtime    Last Run               Last # of DB Queries
----------------------------------  -----  ---------  --------  ----------  --------------  -------------------  ----------------------
/opt/airflow/dags/spark_airflow.py    452  0.00s             1           0  0.10s           2024-12-17T00:44:27                      12
================================================================================
[2024-12-17T00:45:28.025+0000] {manager.py:997} INFO - 
================================================================================
DAG File Processing Stats

File Path                             PID  Runtime      # DAGs    # Errors  Last Runtime    Last Run               Last # of DB Queries
----------------------------------  -----  ---------  --------  ----------  --------------  -------------------  ----------------------
/opt/airflow/dags/spark_airflow.py    457  0.00s             1           0  0.10s           2024-12-17T00:44:57                      12
================================================================================
[2024-12-17T00:45:58.393+0000] {manager.py:997} INFO - 
================================================================================
DAG File Processing Stats

File Path                             PID  Runtime      # DAGs    # Errors  Last Runtime    Last Run               Last # of DB Queries
----------------------------------  -----  ---------  --------  ----------  --------------  -------------------  ----------------------
/opt/airflow/dags/spark_airflow.py    462  0.00s             1           0  0.11s           2024-12-17T00:45:28                      12
================================================================================
[2024-12-17T00:46:09.538+0000] {manager.py:821} INFO - Searching for files in /opt/airflow/dags
[2024-12-17T00:46:09.570+0000] {manager.py:824} INFO - There are 1 files in /opt/airflow/dags
[2024-12-17T00:46:28.807+0000] {manager.py:997} INFO - 
================================================================================
DAG File Processing Stats

File Path                             PID  Runtime      # DAGs    # Errors  Last Runtime    Last Run               Last # of DB Queries
----------------------------------  -----  ---------  --------  ----------  --------------  -------------------  ----------------------
/opt/airflow/dags/spark_airflow.py    467  0.00s             1           0  0.12s           2024-12-17T00:45:58                      12
================================================================================
[2024-12-17T00:46:59.157+0000] {manager.py:997} INFO - 
================================================================================
DAG File Processing Stats

File Path                             PID  Runtime      # DAGs    # Errors  Last Runtime    Last Run               Last # of DB Queries
----------------------------------  -----  ---------  --------  ----------  --------------  -------------------  ----------------------
/opt/airflow/dags/spark_airflow.py    472  0.00s             1           0  0.10s           2024-12-17T00:46:28                      12
================================================================================
[2024-12-17T00:47:29.533+0000] {manager.py:997} INFO - 
================================================================================
DAG File Processing Stats

File Path                             PID  Runtime      # DAGs    # Errors  Last Runtime    Last Run               Last # of DB Queries
----------------------------------  -----  ---------  --------  ----------  --------------  -------------------  ----------------------
/opt/airflow/dags/spark_airflow.py    477  0.00s             1           0  0.10s           2024-12-17T00:46:59                      12
================================================================================
[2024-12-17T00:47:59.925+0000] {manager.py:997} INFO - 
================================================================================
DAG File Processing Stats

File Path                             PID  Runtime      # DAGs    # Errors  Last Runtime    Last Run               Last # of DB Queries
----------------------------------  -----  ---------  --------  ----------  --------------  -------------------  ----------------------
/opt/airflow/dags/spark_airflow.py    482  0.00s             1           0  0.10s           2024-12-17T00:47:29                      12
================================================================================
[2024-12-17T00:48:30.273+0000] {manager.py:997} INFO - 
================================================================================
DAG File Processing Stats

File Path                             PID  Runtime      # DAGs    # Errors  Last Runtime    Last Run               Last # of DB Queries
----------------------------------  -----  ---------  --------  ----------  --------------  -------------------  ----------------------
/opt/airflow/dags/spark_airflow.py    487  0.00s             1           0  0.11s           2024-12-17T00:48:00                      12
================================================================================
[2024-12-17T00:49:00.620+0000] {manager.py:997} INFO - 
================================================================================
DAG File Processing Stats

File Path                             PID  Runtime      # DAGs    # Errors  Last Runtime    Last Run               Last # of DB Queries
----------------------------------  -----  ---------  --------  ----------  --------------  -------------------  ----------------------
/opt/airflow/dags/spark_airflow.py    492  0.00s             1           0  0.10s           2024-12-17T00:48:30                      12
================================================================================
[2024-12-17T00:49:30.993+0000] {manager.py:997} INFO - 
================================================================================
DAG File Processing Stats

File Path                             PID  Runtime      # DAGs    # Errors  Last Runtime    Last Run               Last # of DB Queries
----------------------------------  -----  ---------  --------  ----------  --------------  -------------------  ----------------------
/opt/airflow/dags/spark_airflow.py    497  0.00s             1           0  0.11s           2024-12-17T00:49:00                      12
================================================================================
[2024-12-17T00:50:01.350+0000] {manager.py:997} INFO - 
================================================================================
DAG File Processing Stats

File Path                             PID  Runtime      # DAGs    # Errors  Last Runtime    Last Run               Last # of DB Queries
----------------------------------  -----  ---------  --------  ----------  --------------  -------------------  ----------------------
/opt/airflow/dags/spark_airflow.py    502  0.00s             1           0  0.10s           2024-12-17T00:49:31                      12
================================================================================
[2024-12-17T00:50:31.723+0000] {manager.py:997} INFO - 
================================================================================
DAG File Processing Stats

File Path                             PID  Runtime      # DAGs    # Errors  Last Runtime    Last Run               Last # of DB Queries
----------------------------------  -----  ---------  --------  ----------  --------------  -------------------  ----------------------
/opt/airflow/dags/spark_airflow.py    507  0.00s             1           0  0.11s           2024-12-17T00:50:01                      12
================================================================================
[2024-12-17T00:51:02.084+0000] {manager.py:997} INFO - 
================================================================================
DAG File Processing Stats

File Path                             PID  Runtime      # DAGs    # Errors  Last Runtime    Last Run               Last # of DB Queries
----------------------------------  -----  ---------  --------  ----------  --------------  -------------------  ----------------------
/opt/airflow/dags/spark_airflow.py    512  0.00s             1           0  0.10s           2024-12-17T00:50:31                      12
================================================================================
[2024-12-17T00:51:10.214+0000] {manager.py:821} INFO - Searching for files in /opt/airflow/dags
[2024-12-17T00:51:10.256+0000] {manager.py:824} INFO - There are 1 files in /opt/airflow/dags
[2024-12-17T00:51:32.505+0000] {manager.py:997} INFO - 
================================================================================
DAG File Processing Stats

File Path                             PID  Runtime      # DAGs    # Errors  Last Runtime    Last Run               Last # of DB Queries
----------------------------------  -----  ---------  --------  ----------  --------------  -------------------  ----------------------
/opt/airflow/dags/spark_airflow.py    517  0.00s             1           0  0.10s           2024-12-17T00:51:02                      12
================================================================================
[2024-12-17T00:52:02.826+0000] {manager.py:997} INFO - 
================================================================================
DAG File Processing Stats

File Path                             PID  Runtime      # DAGs    # Errors  Last Runtime    Last Run               Last # of DB Queries
----------------------------------  -----  ---------  --------  ----------  --------------  -------------------  ----------------------
/opt/airflow/dags/spark_airflow.py    522  0.00s             1           0  0.09s           2024-12-17T00:51:32                      12
================================================================================
[2024-12-17T00:52:33.128+0000] {manager.py:997} INFO - 
================================================================================
DAG File Processing Stats

File Path                             PID  Runtime      # DAGs    # Errors  Last Runtime    Last Run               Last # of DB Queries
----------------------------------  -----  ---------  --------  ----------  --------------  -------------------  ----------------------
/opt/airflow/dags/spark_airflow.py    527  0.00s             1           0  0.09s           2024-12-17T00:52:02                      12
================================================================================
[2024-12-17T00:53:03.521+0000] {manager.py:997} INFO - 
================================================================================
DAG File Processing Stats

File Path                             PID  Runtime      # DAGs    # Errors  Last Runtime    Last Run               Last # of DB Queries
----------------------------------  -----  ---------  --------  ----------  --------------  -------------------  ----------------------
/opt/airflow/dags/spark_airflow.py    532  0.00s             1           0  0.10s           2024-12-17T00:52:33                      12
================================================================================
[2024-12-17T00:53:33.847+0000] {manager.py:997} INFO - 
================================================================================
DAG File Processing Stats

File Path                             PID  Runtime      # DAGs    # Errors  Last Runtime    Last Run               Last # of DB Queries
----------------------------------  -----  ---------  --------  ----------  --------------  -------------------  ----------------------
/opt/airflow/dags/spark_airflow.py    537  0.00s             1           0  0.10s           2024-12-17T00:53:03                      12
================================================================================
[2024-12-17T00:54:04.237+0000] {manager.py:997} INFO - 
================================================================================
DAG File Processing Stats

File Path                             PID  Runtime      # DAGs    # Errors  Last Runtime    Last Run               Last # of DB Queries
----------------------------------  -----  ---------  --------  ----------  --------------  -------------------  ----------------------
/opt/airflow/dags/spark_airflow.py    542  0.00s             1           0  0.10s           2024-12-17T00:53:33                      12
================================================================================
[2024-12-17T00:54:34.611+0000] {manager.py:997} INFO - 
================================================================================
DAG File Processing Stats

File Path                             PID  Runtime      # DAGs    # Errors  Last Runtime    Last Run               Last # of DB Queries
----------------------------------  -----  ---------  --------  ----------  --------------  -------------------  ----------------------
/opt/airflow/dags/spark_airflow.py    547  0.00s             1           0  0.10s           2024-12-17T00:54:04                      12
================================================================================
[2024-12-17T00:55:04.939+0000] {manager.py:997} INFO - 
================================================================================
DAG File Processing Stats

File Path                             PID  Runtime      # DAGs    # Errors  Last Runtime    Last Run               Last # of DB Queries
----------------------------------  -----  ---------  --------  ----------  --------------  -------------------  ----------------------
/opt/airflow/dags/spark_airflow.py    552  0.00s             1           0  0.10s           2024-12-17T00:54:34                      12
================================================================================
[2024-12-17T00:55:35.348+0000] {manager.py:997} INFO - 
================================================================================
DAG File Processing Stats

File Path                             PID  Runtime      # DAGs    # Errors  Last Runtime    Last Run               Last # of DB Queries
----------------------------------  -----  ---------  --------  ----------  --------------  -------------------  ----------------------
/opt/airflow/dags/spark_airflow.py    557  0.00s             1           0  0.09s           2024-12-17T00:55:05                      12
================================================================================
[2024-12-17T00:56:05.658+0000] {manager.py:997} INFO - 
================================================================================
DAG File Processing Stats

File Path                             PID  Runtime      # DAGs    # Errors  Last Runtime    Last Run               Last # of DB Queries
----------------------------------  -----  ---------  --------  ----------  --------------  -------------------  ----------------------
/opt/airflow/dags/spark_airflow.py    562  0.00s             1           0  0.10s           2024-12-17T00:55:35                      12
================================================================================
[2024-12-17T00:56:10.773+0000] {manager.py:821} INFO - Searching for files in /opt/airflow/dags
[2024-12-17T00:56:10.824+0000] {manager.py:824} INFO - There are 1 files in /opt/airflow/dags
[2024-12-17T00:56:36.101+0000] {manager.py:997} INFO - 
================================================================================
DAG File Processing Stats

File Path                             PID  Runtime      # DAGs    # Errors  Last Runtime    Last Run               Last # of DB Queries
----------------------------------  -----  ---------  --------  ----------  --------------  -------------------  ----------------------
/opt/airflow/dags/spark_airflow.py    567  0.00s             1           0  0.13s           2024-12-17T00:56:05                      12
================================================================================
[2024-12-17T00:57:06.438+0000] {manager.py:997} INFO - 
================================================================================
DAG File Processing Stats

File Path                             PID  Runtime      # DAGs    # Errors  Last Runtime    Last Run               Last # of DB Queries
----------------------------------  -----  ---------  --------  ----------  --------------  -------------------  ----------------------
/opt/airflow/dags/spark_airflow.py    572  0.00s             1           0  0.11s           2024-12-17T00:56:36                      12
================================================================================
[2024-12-17T00:57:36.817+0000] {manager.py:997} INFO - 
================================================================================
DAG File Processing Stats

File Path                             PID  Runtime      # DAGs    # Errors  Last Runtime    Last Run               Last # of DB Queries
----------------------------------  -----  ---------  --------  ----------  --------------  -------------------  ----------------------
/opt/airflow/dags/spark_airflow.py    577  0.00s             1           0  0.10s           2024-12-17T00:57:06                      12
================================================================================
[2024-12-17T00:58:07.183+0000] {manager.py:997} INFO - 
================================================================================
DAG File Processing Stats

File Path                             PID  Runtime      # DAGs    # Errors  Last Runtime    Last Run               Last # of DB Queries
----------------------------------  -----  ---------  --------  ----------  --------------  -------------------  ----------------------
/opt/airflow/dags/spark_airflow.py    582  0.00s             1           0  0.11s           2024-12-17T00:57:36                      12
================================================================================
[2024-12-17T00:58:37.553+0000] {manager.py:997} INFO - 
================================================================================
DAG File Processing Stats

File Path                             PID  Runtime      # DAGs    # Errors  Last Runtime    Last Run               Last # of DB Queries
----------------------------------  -----  ---------  --------  ----------  --------------  -------------------  ----------------------
/opt/airflow/dags/spark_airflow.py    587  0.00s             1           0  0.10s           2024-12-17T00:58:07                      12
================================================================================
[2024-12-17T00:59:07.905+0000] {manager.py:997} INFO - 
================================================================================
DAG File Processing Stats

File Path                             PID  Runtime      # DAGs    # Errors  Last Runtime    Last Run               Last # of DB Queries
----------------------------------  -----  ---------  --------  ----------  --------------  -------------------  ----------------------
/opt/airflow/dags/spark_airflow.py    592  0.00s             1           0  0.10s           2024-12-17T00:58:37                      12
================================================================================
[2024-12-17T00:59:38.260+0000] {manager.py:997} INFO - 
================================================================================
DAG File Processing Stats

File Path                             PID  Runtime      # DAGs    # Errors  Last Runtime    Last Run               Last # of DB Queries
----------------------------------  -----  ---------  --------  ----------  --------------  -------------------  ----------------------
/opt/airflow/dags/spark_airflow.py    597  0.00s             1           0  0.11s           2024-12-17T00:59:08                      12
================================================================================
[2024-12-17T01:00:08.584+0000] {manager.py:997} INFO - 
================================================================================
DAG File Processing Stats

File Path                             PID  Runtime      # DAGs    # Errors  Last Runtime    Last Run               Last # of DB Queries
----------------------------------  -----  ---------  --------  ----------  --------------  -------------------  ----------------------
/opt/airflow/dags/spark_airflow.py    602  0.00s             1           0  0.11s           2024-12-17T00:59:38                      12
================================================================================
[2024-12-17T01:00:39.001+0000] {manager.py:997} INFO - 
================================================================================
DAG File Processing Stats

File Path                             PID  Runtime      # DAGs    # Errors  Last Runtime    Last Run               Last # of DB Queries
----------------------------------  -----  ---------  --------  ----------  --------------  -------------------  ----------------------
/opt/airflow/dags/spark_airflow.py    607  0.00s             1           0  0.13s           2024-12-17T01:00:08                      12
================================================================================
[2024-12-17T01:01:09.346+0000] {manager.py:997} INFO - 
================================================================================
DAG File Processing Stats

File Path                             PID  Runtime      # DAGs    # Errors  Last Runtime    Last Run               Last # of DB Queries
----------------------------------  -----  ---------  --------  ----------  --------------  -------------------  ----------------------
/opt/airflow/dags/spark_airflow.py    612  0.00s             1           0  0.10s           2024-12-17T01:00:39                      12
================================================================================
[2024-12-17T01:01:11.433+0000] {manager.py:821} INFO - Searching for files in /opt/airflow/dags
[2024-12-17T01:01:11.466+0000] {manager.py:824} INFO - There are 1 files in /opt/airflow/dags
[2024-12-17T01:01:39.767+0000] {manager.py:997} INFO - 
================================================================================
DAG File Processing Stats

File Path                             PID  Runtime      # DAGs    # Errors  Last Runtime    Last Run               Last # of DB Queries
----------------------------------  -----  ---------  --------  ----------  --------------  -------------------  ----------------------
/opt/airflow/dags/spark_airflow.py    617  0.00s             1           0  0.10s           2024-12-17T01:01:09                      12
================================================================================
[2024-12-17T01:02:10.146+0000] {manager.py:997} INFO - 
================================================================================
DAG File Processing Stats

File Path                             PID  Runtime      # DAGs    # Errors  Last Runtime    Last Run               Last # of DB Queries
----------------------------------  -----  ---------  --------  ----------  --------------  -------------------  ----------------------
/opt/airflow/dags/spark_airflow.py    622  0.00s             1           0  0.10s           2024-12-17T01:01:39                      12
================================================================================
[2024-12-17T01:02:40.489+0000] {manager.py:997} INFO - 
================================================================================
DAG File Processing Stats

File Path                             PID  Runtime      # DAGs    # Errors  Last Runtime    Last Run               Last # of DB Queries
----------------------------------  -----  ---------  --------  ----------  --------------  -------------------  ----------------------
/opt/airflow/dags/spark_airflow.py    627  0.00s             1           0  0.10s           2024-12-17T01:02:10                      12
================================================================================
[2024-12-17T01:03:10.867+0000] {manager.py:997} INFO - 
================================================================================
DAG File Processing Stats

File Path                             PID  Runtime      # DAGs    # Errors  Last Runtime    Last Run               Last # of DB Queries
----------------------------------  -----  ---------  --------  ----------  --------------  -------------------  ----------------------
/opt/airflow/dags/spark_airflow.py    632  0.00s             1           0  0.11s           2024-12-17T01:02:40                      12
================================================================================
[2024-12-17T01:03:41.211+0000] {manager.py:997} INFO - 
================================================================================
DAG File Processing Stats

File Path                             PID  Runtime      # DAGs    # Errors  Last Runtime    Last Run               Last # of DB Queries
----------------------------------  -----  ---------  --------  ----------  --------------  -------------------  ----------------------
/opt/airflow/dags/spark_airflow.py    637  0.00s             1           0  0.10s           2024-12-17T01:03:10                      12
================================================================================
[2024-12-17T01:04:11.577+0000] {manager.py:997} INFO - 
================================================================================
DAG File Processing Stats

File Path                             PID  Runtime      # DAGs    # Errors  Last Runtime    Last Run               Last # of DB Queries
----------------------------------  -----  ---------  --------  ----------  --------------  -------------------  ----------------------
/opt/airflow/dags/spark_airflow.py    642  0.00s             1           0  0.12s           2024-12-17T01:03:41                      12
================================================================================
[2024-12-17T01:04:41.900+0000] {manager.py:997} INFO - 
================================================================================
DAG File Processing Stats

File Path                             PID  Runtime      # DAGs    # Errors  Last Runtime    Last Run               Last # of DB Queries
----------------------------------  -----  ---------  --------  ----------  --------------  -------------------  ----------------------
/opt/airflow/dags/spark_airflow.py    647  0.00s             1           0  0.12s           2024-12-17T01:04:11                      12
================================================================================
[2024-12-17T01:05:12.321+0000] {manager.py:997} INFO - 
================================================================================
DAG File Processing Stats

File Path                             PID  Runtime      # DAGs    # Errors  Last Runtime    Last Run               Last # of DB Queries
----------------------------------  -----  ---------  --------  ----------  --------------  -------------------  ----------------------
/opt/airflow/dags/spark_airflow.py    652  0.00s             1           0  0.12s           2024-12-17T01:04:42                      12
================================================================================
[2024-12-17T01:05:42.675+0000] {manager.py:997} INFO - 
================================================================================
DAG File Processing Stats

File Path                             PID  Runtime      # DAGs    # Errors  Last Runtime    Last Run               Last # of DB Queries
----------------------------------  -----  ---------  --------  ----------  --------------  -------------------  ----------------------
/opt/airflow/dags/spark_airflow.py    657  0.00s             1           0  0.10s           2024-12-17T01:05:12                      12
================================================================================
[2024-12-17T01:06:11.995+0000] {manager.py:821} INFO - Searching for files in /opt/airflow/dags
[2024-12-17T01:06:12.007+0000] {manager.py:824} INFO - There are 1 files in /opt/airflow/dags
[2024-12-17T01:06:13.042+0000] {manager.py:997} INFO - 
================================================================================
DAG File Processing Stats

File Path                             PID  Runtime      # DAGs    # Errors  Last Runtime    Last Run               Last # of DB Queries
----------------------------------  -----  ---------  --------  ----------  --------------  -------------------  ----------------------
/opt/airflow/dags/spark_airflow.py    662  0.00s             1           0  0.10s           2024-12-17T01:05:42                      12
================================================================================
[2024-12-17T01:06:43.387+0000] {manager.py:997} INFO - 
================================================================================
DAG File Processing Stats

File Path                             PID  Runtime      # DAGs    # Errors  Last Runtime    Last Run               Last # of DB Queries
----------------------------------  -----  ---------  --------  ----------  --------------  -------------------  ----------------------
/opt/airflow/dags/spark_airflow.py    667  0.00s             1           0  0.10s           2024-12-17T01:06:13                      12
================================================================================
[2024-12-17T01:07:13.771+0000] {manager.py:997} INFO - 
================================================================================
DAG File Processing Stats

File Path                             PID  Runtime      # DAGs    # Errors  Last Runtime    Last Run               Last # of DB Queries
----------------------------------  -----  ---------  --------  ----------  --------------  -------------------  ----------------------
/opt/airflow/dags/spark_airflow.py    672  0.00s             1           0  0.11s           2024-12-17T01:06:43                      12
================================================================================
[2024-12-17T01:07:44.146+0000] {manager.py:997} INFO - 
================================================================================
DAG File Processing Stats

File Path                             PID  Runtime      # DAGs    # Errors  Last Runtime    Last Run               Last # of DB Queries
----------------------------------  -----  ---------  --------  ----------  --------------  -------------------  ----------------------
/opt/airflow/dags/spark_airflow.py    677  0.00s             1           0  0.09s           2024-12-17T01:07:13                      12
================================================================================
[2024-12-17T01:08:14.488+0000] {manager.py:997} INFO - 
================================================================================
DAG File Processing Stats

File Path                             PID  Runtime      # DAGs    # Errors  Last Runtime    Last Run               Last # of DB Queries
----------------------------------  -----  ---------  --------  ----------  --------------  -------------------  ----------------------
/opt/airflow/dags/spark_airflow.py    682  0.00s             1           0  0.11s           2024-12-17T01:07:44                      12
================================================================================
[2024-12-17T01:08:44.869+0000] {manager.py:997} INFO - 
================================================================================
DAG File Processing Stats

File Path                             PID  Runtime      # DAGs    # Errors  Last Runtime    Last Run               Last # of DB Queries
----------------------------------  -----  ---------  --------  ----------  --------------  -------------------  ----------------------
/opt/airflow/dags/spark_airflow.py    687  0.00s             1           0  0.09s           2024-12-17T01:08:14                      12
================================================================================
[2024-12-17T01:09:15.235+0000] {manager.py:997} INFO - 
================================================================================
DAG File Processing Stats

File Path                             PID  Runtime      # DAGs    # Errors  Last Runtime    Last Run               Last # of DB Queries
----------------------------------  -----  ---------  --------  ----------  --------------  -------------------  ----------------------
/opt/airflow/dags/spark_airflow.py    692  0.00s             1           0  0.10s           2024-12-17T01:08:44                      12
================================================================================
[2024-12-17T01:09:45.602+0000] {manager.py:997} INFO - 
================================================================================
DAG File Processing Stats

File Path                             PID  Runtime      # DAGs    # Errors  Last Runtime    Last Run               Last # of DB Queries
----------------------------------  -----  ---------  --------  ----------  --------------  -------------------  ----------------------
/opt/airflow/dags/spark_airflow.py    697  0.00s             1           0  0.09s           2024-12-17T01:09:15                      12
================================================================================
[2024-12-17T01:10:15.942+0000] {manager.py:997} INFO - 
================================================================================
DAG File Processing Stats

File Path                             PID  Runtime      # DAGs    # Errors  Last Runtime    Last Run               Last # of DB Queries
----------------------------------  -----  ---------  --------  ----------  --------------  -------------------  ----------------------
/opt/airflow/dags/spark_airflow.py    702  0.00s             1           0  0.10s           2024-12-17T01:09:45                      12
================================================================================
[2024-12-17T01:10:46.349+0000] {manager.py:997} INFO - 
================================================================================
DAG File Processing Stats

File Path                             PID  Runtime      # DAGs    # Errors  Last Runtime    Last Run               Last # of DB Queries
----------------------------------  -----  ---------  --------  ----------  --------------  -------------------  ----------------------
/opt/airflow/dags/spark_airflow.py    707  0.00s             1           0  0.09s           2024-12-17T01:10:16                      12
================================================================================
[2024-12-17T01:11:12.630+0000] {manager.py:821} INFO - Searching for files in /opt/airflow/dags
[2024-12-17T01:11:12.656+0000] {manager.py:824} INFO - There are 1 files in /opt/airflow/dags
[2024-12-17T01:11:16.724+0000] {manager.py:997} INFO - 
================================================================================
DAG File Processing Stats

File Path                             PID  Runtime      # DAGs    # Errors  Last Runtime    Last Run               Last # of DB Queries
----------------------------------  -----  ---------  --------  ----------  --------------  -------------------  ----------------------
/opt/airflow/dags/spark_airflow.py    712  0.00s             1           0  0.12s           2024-12-17T01:10:46                      12
================================================================================
[2024-12-17T01:11:47.113+0000] {manager.py:997} INFO - 
================================================================================
DAG File Processing Stats

File Path                             PID  Runtime      # DAGs    # Errors  Last Runtime    Last Run               Last # of DB Queries
----------------------------------  -----  ---------  --------  ----------  --------------  -------------------  ----------------------
/opt/airflow/dags/spark_airflow.py    717  0.00s             1           0  0.11s           2024-12-17T01:11:16                      12
================================================================================
[2024-12-17T01:12:17.458+0000] {manager.py:997} INFO - 
================================================================================
DAG File Processing Stats

File Path                             PID  Runtime      # DAGs    # Errors  Last Runtime    Last Run               Last # of DB Queries
----------------------------------  -----  ---------  --------  ----------  --------------  -------------------  ----------------------
/opt/airflow/dags/spark_airflow.py    722  0.00s             1           0  0.10s           2024-12-17T01:11:47                      12
================================================================================
[2024-12-17T01:12:47.802+0000] {manager.py:997} INFO - 
================================================================================
DAG File Processing Stats

File Path                             PID  Runtime      # DAGs    # Errors  Last Runtime    Last Run               Last # of DB Queries
----------------------------------  -----  ---------  --------  ----------  --------------  -------------------  ----------------------
/opt/airflow/dags/spark_airflow.py    727  0.00s             1           0  0.12s           2024-12-17T01:12:17                      12
================================================================================
[2024-12-17T01:13:18.202+0000] {manager.py:997} INFO - 
================================================================================
DAG File Processing Stats

File Path                             PID  Runtime      # DAGs    # Errors  Last Runtime    Last Run               Last # of DB Queries
----------------------------------  -----  ---------  --------  ----------  --------------  -------------------  ----------------------
/opt/airflow/dags/spark_airflow.py    732  0.00s             1           0  0.10s           2024-12-17T01:12:47                      12
================================================================================
[2024-12-17T01:13:48.548+0000] {manager.py:997} INFO - 
================================================================================
DAG File Processing Stats

File Path                             PID  Runtime      # DAGs    # Errors  Last Runtime    Last Run               Last # of DB Queries
----------------------------------  -----  ---------  --------  ----------  --------------  -------------------  ----------------------
/opt/airflow/dags/spark_airflow.py    737  0.00s             1           0  0.10s           2024-12-17T01:13:18                      12
================================================================================
[2024-12-17T01:14:18.945+0000] {manager.py:997} INFO - 
================================================================================
DAG File Processing Stats

File Path                             PID  Runtime      # DAGs    # Errors  Last Runtime    Last Run               Last # of DB Queries
----------------------------------  -----  ---------  --------  ----------  --------------  -------------------  ----------------------
/opt/airflow/dags/spark_airflow.py    742  0.00s             1           0  0.12s           2024-12-17T01:13:48                      12
================================================================================
[2024-12-17T01:14:49.328+0000] {manager.py:997} INFO - 
================================================================================
DAG File Processing Stats

File Path                             PID  Runtime      # DAGs    # Errors  Last Runtime    Last Run               Last # of DB Queries
----------------------------------  -----  ---------  --------  ----------  --------------  -------------------  ----------------------
/opt/airflow/dags/spark_airflow.py    747  0.00s             1           0  0.10s           2024-12-17T01:14:19                      12
================================================================================
[2024-12-17T01:24:09.023+0000] {manager.py:821} INFO - Searching for files in /opt/airflow/dags
[2024-12-17T01:24:09.042+0000] {manager.py:824} INFO - There are 1 files in /opt/airflow/dags
[2024-12-17T01:24:10.114+0000] {manager.py:997} INFO - 
================================================================================
DAG File Processing Stats

File Path                           PID    Runtime      # DAGs    # Errors  Last Runtime    Last Run               Last # of DB Queries
----------------------------------  -----  ---------  --------  ----------  --------------  -------------------  ----------------------
/opt/airflow/dags/spark_airflow.py                           1           0  0.14s           2024-12-17T01:24:09                      12
================================================================================
[2024-12-17T01:24:40.461+0000] {manager.py:997} INFO - 
================================================================================
DAG File Processing Stats

File Path                           PID    Runtime      # DAGs    # Errors  Last Runtime    Last Run               Last # of DB Queries
----------------------------------  -----  ---------  --------  ----------  --------------  -------------------  ----------------------
/opt/airflow/dags/spark_airflow.py                           1           0  0.11s           2024-12-17T01:24:39                      12
================================================================================
[2024-12-17T01:25:10.847+0000] {manager.py:997} INFO - 
================================================================================
DAG File Processing Stats

File Path                           PID    Runtime      # DAGs    # Errors  Last Runtime    Last Run               Last # of DB Queries
----------------------------------  -----  ---------  --------  ----------  --------------  -------------------  ----------------------
/opt/airflow/dags/spark_airflow.py                           1           0  0.10s           2024-12-17T01:25:09                      12
================================================================================
[2024-12-17T01:25:41.167+0000] {manager.py:997} INFO - 
================================================================================
DAG File Processing Stats

File Path                           PID    Runtime      # DAGs    # Errors  Last Runtime    Last Run               Last # of DB Queries
----------------------------------  -----  ---------  --------  ----------  --------------  -------------------  ----------------------
/opt/airflow/dags/spark_airflow.py                           1           0  0.11s           2024-12-17T01:25:40                      12
================================================================================
[2024-12-17T01:26:11.472+0000] {manager.py:997} INFO - 
================================================================================
DAG File Processing Stats

File Path                           PID    Runtime      # DAGs    # Errors  Last Runtime    Last Run               Last # of DB Queries
----------------------------------  -----  ---------  --------  ----------  --------------  -------------------  ----------------------
/opt/airflow/dags/spark_airflow.py                           1           0  0.10s           2024-12-17T01:26:10                      12
================================================================================
[2024-12-17T01:26:41.818+0000] {manager.py:997} INFO - 
================================================================================
DAG File Processing Stats

File Path                           PID    Runtime      # DAGs    # Errors  Last Runtime    Last Run               Last # of DB Queries
----------------------------------  -----  ---------  --------  ----------  --------------  -------------------  ----------------------
/opt/airflow/dags/spark_airflow.py                           1           0  0.10s           2024-12-17T01:26:40                      12
================================================================================
[2024-12-17T01:27:12.303+0000] {manager.py:997} INFO - 
================================================================================
DAG File Processing Stats

File Path                           PID    Runtime      # DAGs    # Errors  Last Runtime    Last Run               Last # of DB Queries
----------------------------------  -----  ---------  --------  ----------  --------------  -------------------  ----------------------
/opt/airflow/dags/spark_airflow.py                           1           0  0.11s           2024-12-17T01:26:55                      11
================================================================================
[2024-12-17T01:27:42.591+0000] {manager.py:997} INFO - 
================================================================================
DAG File Processing Stats

File Path                           PID    Runtime      # DAGs    # Errors  Last Runtime    Last Run               Last # of DB Queries
----------------------------------  -----  ---------  --------  ----------  --------------  -------------------  ----------------------
/opt/airflow/dags/spark_airflow.py                           1           0  0.10s           2024-12-17T01:27:35                      11
================================================================================
[2024-12-17T01:28:12.994+0000] {manager.py:997} INFO - 
================================================================================
DAG File Processing Stats

File Path                           PID    Runtime      # DAGs    # Errors  Last Runtime    Last Run               Last # of DB Queries
----------------------------------  -----  ---------  --------  ----------  --------------  -------------------  ----------------------
/opt/airflow/dags/spark_airflow.py                           1           0  0.11s           2024-12-17T01:28:12                      12
================================================================================
[2024-12-17T01:28:43.366+0000] {manager.py:997} INFO - 
================================================================================
DAG File Processing Stats

File Path                           PID    Runtime      # DAGs    # Errors  Last Runtime    Last Run               Last # of DB Queries
----------------------------------  -----  ---------  --------  ----------  --------------  -------------------  ----------------------
/opt/airflow/dags/spark_airflow.py                           1           0  0.11s           2024-12-17T01:28:42                      12
================================================================================
[2024-12-17T01:29:09.621+0000] {manager.py:821} INFO - Searching for files in /opt/airflow/dags
[2024-12-17T01:29:09.644+0000] {manager.py:824} INFO - There are 1 files in /opt/airflow/dags
[2024-12-17T01:29:13.710+0000] {manager.py:997} INFO - 
================================================================================
DAG File Processing Stats

File Path                           PID    Runtime      # DAGs    # Errors  Last Runtime    Last Run               Last # of DB Queries
----------------------------------  -----  ---------  --------  ----------  --------------  -------------------  ----------------------
/opt/airflow/dags/spark_airflow.py                           1           0  0.10s           2024-12-17T01:29:12                      12
================================================================================
[2024-12-17T01:29:29.712+0000] {manager.py:465} INFO - Exiting gracefully upon receiving signal 15
[2024-12-17T01:30:01.307+0000] {manager.py:483} INFO - Processing files using up to 2 processes at a time 
[2024-12-17T01:30:01.309+0000] {manager.py:484} INFO - Process each file at most once every 30 seconds
[2024-12-17T01:30:01.310+0000] {manager.py:485} INFO - Checking for new files in /opt/airflow/dags every 300 seconds
[2024-12-17T01:30:01.310+0000] {manager.py:821} INFO - Searching for files in /opt/airflow/dags
[2024-12-17T01:30:01.325+0000] {manager.py:824} INFO - There are 1 files in /opt/airflow/dags
[2024-12-17T01:30:01.403+0000] {manager.py:997} INFO - 
================================================================================
DAG File Processing Stats

File Path                             PID  Runtime      # DAGs    # Errors  Last Runtime    Last Run      Last # of DB Queries
----------------------------------  -----  ---------  --------  ----------  --------------  ----------  ----------------------
/opt/airflow/dags/spark_airflow.py     67  0.02s             0           0                                                   0
================================================================================
[2024-12-17T01:30:31.725+0000] {manager.py:997} INFO - 
================================================================================
DAG File Processing Stats

File Path                             PID  Runtime      # DAGs    # Errors  Last Runtime    Last Run               Last # of DB Queries
----------------------------------  -----  ---------  --------  ----------  --------------  -------------------  ----------------------
/opt/airflow/dags/spark_airflow.py     72  0.00s             1           0  0.13s           2024-12-17T01:30:01                      12
================================================================================
[2024-12-17T01:31:02.046+0000] {manager.py:997} INFO - 
================================================================================
DAG File Processing Stats

File Path                             PID  Runtime      # DAGs    # Errors  Last Runtime    Last Run               Last # of DB Queries
----------------------------------  -----  ---------  --------  ----------  --------------  -------------------  ----------------------
/opt/airflow/dags/spark_airflow.py     77  0.00s             1           0  0.11s           2024-12-17T01:30:31                      12
================================================================================
[2024-12-17T01:31:32.453+0000] {manager.py:997} INFO - 
================================================================================
DAG File Processing Stats

File Path                             PID  Runtime      # DAGs    # Errors  Last Runtime    Last Run               Last # of DB Queries
----------------------------------  -----  ---------  --------  ----------  --------------  -------------------  ----------------------
/opt/airflow/dags/spark_airflow.py     82  0.00s             1           0  0.10s           2024-12-17T01:31:02                      12
================================================================================
[2024-12-17T01:32:02.847+0000] {manager.py:997} INFO - 
================================================================================
DAG File Processing Stats

File Path                             PID  Runtime      # DAGs    # Errors  Last Runtime    Last Run               Last # of DB Queries
----------------------------------  -----  ---------  --------  ----------  --------------  -------------------  ----------------------
/opt/airflow/dags/spark_airflow.py     87  0.00s             1           0  0.10s           2024-12-17T01:31:32                      12
================================================================================
[2024-12-17T01:32:33.226+0000] {manager.py:997} INFO - 
================================================================================
DAG File Processing Stats

File Path                             PID  Runtime      # DAGs    # Errors  Last Runtime    Last Run               Last # of DB Queries
----------------------------------  -----  ---------  --------  ----------  --------------  -------------------  ----------------------
/opt/airflow/dags/spark_airflow.py     92  0.00s             1           0  0.11s           2024-12-17T01:32:02                      12
================================================================================
[2024-12-17T01:33:03.536+0000] {manager.py:997} INFO - 
================================================================================
DAG File Processing Stats

File Path                             PID  Runtime      # DAGs    # Errors  Last Runtime    Last Run               Last # of DB Queries
----------------------------------  -----  ---------  --------  ----------  --------------  -------------------  ----------------------
/opt/airflow/dags/spark_airflow.py     97  0.00s             1           0  0.12s           2024-12-17T01:32:33                      12
================================================================================
[2024-12-17T01:33:33.953+0000] {manager.py:997} INFO - 
================================================================================
DAG File Processing Stats

File Path                             PID  Runtime      # DAGs    # Errors  Last Runtime    Last Run               Last # of DB Queries
----------------------------------  -----  ---------  --------  ----------  --------------  -------------------  ----------------------
/opt/airflow/dags/spark_airflow.py    102  0.00s             1           0  0.10s           2024-12-17T01:33:03                      12
================================================================================
[2024-12-17T01:34:04.310+0000] {manager.py:997} INFO - 
================================================================================
DAG File Processing Stats

File Path                             PID  Runtime      # DAGs    # Errors  Last Runtime    Last Run               Last # of DB Queries
----------------------------------  -----  ---------  --------  ----------  --------------  -------------------  ----------------------
/opt/airflow/dags/spark_airflow.py    107  0.00s             1           0  0.11s           2024-12-17T01:33:34                      12
================================================================================
[2024-12-17T01:34:34.674+0000] {manager.py:997} INFO - 
================================================================================
DAG File Processing Stats

File Path                             PID  Runtime      # DAGs    # Errors  Last Runtime    Last Run               Last # of DB Queries
----------------------------------  -----  ---------  --------  ----------  --------------  -------------------  ----------------------
/opt/airflow/dags/spark_airflow.py    112  0.00s             1           0  0.13s           2024-12-17T01:34:04                      12
================================================================================
[2024-12-17T01:35:02.034+0000] {manager.py:821} INFO - Searching for files in /opt/airflow/dags
[2024-12-17T01:35:02.059+0000] {manager.py:824} INFO - There are 1 files in /opt/airflow/dags
[2024-12-17T01:35:05.144+0000] {manager.py:997} INFO - 
================================================================================
DAG File Processing Stats

File Path                             PID  Runtime      # DAGs    # Errors  Last Runtime    Last Run               Last # of DB Queries
----------------------------------  -----  ---------  --------  ----------  --------------  -------------------  ----------------------
/opt/airflow/dags/spark_airflow.py    117  0.00s             1           0  0.10s           2024-12-17T01:34:34                      12
================================================================================
[2024-12-17T01:35:35.549+0000] {manager.py:997} INFO - 
================================================================================
DAG File Processing Stats

File Path                             PID  Runtime      # DAGs    # Errors  Last Runtime    Last Run               Last # of DB Queries
----------------------------------  -----  ---------  --------  ----------  --------------  -------------------  ----------------------
/opt/airflow/dags/spark_airflow.py    122  0.00s             1           0  0.10s           2024-12-17T01:35:05                      12
================================================================================
[2024-12-17T01:36:05.887+0000] {manager.py:997} INFO - 
================================================================================
DAG File Processing Stats

File Path                             PID  Runtime      # DAGs    # Errors  Last Runtime    Last Run               Last # of DB Queries
----------------------------------  -----  ---------  --------  ----------  --------------  -------------------  ----------------------
/opt/airflow/dags/spark_airflow.py    127  0.00s             1           0  0.11s           2024-12-17T01:35:35                      12
================================================================================
[2024-12-17T01:36:36.271+0000] {manager.py:997} INFO - 
================================================================================
DAG File Processing Stats

File Path                             PID  Runtime      # DAGs    # Errors  Last Runtime    Last Run               Last # of DB Queries
----------------------------------  -----  ---------  --------  ----------  --------------  -------------------  ----------------------
/opt/airflow/dags/spark_airflow.py    132  0.00s             1           0  0.11s           2024-12-17T01:36:05                      12
================================================================================
[2024-12-17T01:37:06.631+0000] {manager.py:997} INFO - 
================================================================================
DAG File Processing Stats

File Path                             PID  Runtime      # DAGs    # Errors  Last Runtime    Last Run               Last # of DB Queries
----------------------------------  -----  ---------  --------  ----------  --------------  -------------------  ----------------------
/opt/airflow/dags/spark_airflow.py    137  0.00s             1           0  0.16s           2024-12-17T01:36:36                      12
================================================================================
[2024-12-17T01:37:37.032+0000] {manager.py:997} INFO - 
================================================================================
DAG File Processing Stats

File Path                             PID  Runtime      # DAGs    # Errors  Last Runtime    Last Run               Last # of DB Queries
----------------------------------  -----  ---------  --------  ----------  --------------  -------------------  ----------------------
/opt/airflow/dags/spark_airflow.py    142  0.00s             1           0  0.10s           2024-12-17T01:37:06                      12
================================================================================
[2024-12-17T01:38:07.394+0000] {manager.py:997} INFO - 
================================================================================
DAG File Processing Stats

File Path                             PID  Runtime      # DAGs    # Errors  Last Runtime    Last Run               Last # of DB Queries
----------------------------------  -----  ---------  --------  ----------  --------------  -------------------  ----------------------
/opt/airflow/dags/spark_airflow.py    147  0.00s             1           0  0.12s           2024-12-17T01:37:37                      12
================================================================================
[2024-12-17T01:38:37.781+0000] {manager.py:997} INFO - 
================================================================================
DAG File Processing Stats

File Path                             PID  Runtime      # DAGs    # Errors  Last Runtime    Last Run               Last # of DB Queries
----------------------------------  -----  ---------  --------  ----------  --------------  -------------------  ----------------------
/opt/airflow/dags/spark_airflow.py    152  0.00s             1           0  0.13s           2024-12-17T01:38:07                      12
================================================================================
[2024-12-17T01:39:08.149+0000] {manager.py:997} INFO - 
================================================================================
DAG File Processing Stats

File Path                             PID  Runtime      # DAGs    # Errors  Last Runtime    Last Run               Last # of DB Queries
----------------------------------  -----  ---------  --------  ----------  --------------  -------------------  ----------------------
/opt/airflow/dags/spark_airflow.py    157  0.00s             1           0  0.11s           2024-12-17T01:38:37                      12
================================================================================
[2024-12-17T01:39:38.470+0000] {manager.py:997} INFO - 
================================================================================
DAG File Processing Stats

File Path                             PID  Runtime      # DAGs    # Errors  Last Runtime    Last Run               Last # of DB Queries
----------------------------------  -----  ---------  --------  ----------  --------------  -------------------  ----------------------
/opt/airflow/dags/spark_airflow.py    162  0.00s             1           0  0.11s           2024-12-17T01:39:08                      12
================================================================================
[2024-12-17T01:40:02.805+0000] {manager.py:821} INFO - Searching for files in /opt/airflow/dags
[2024-12-17T01:40:02.825+0000] {manager.py:824} INFO - There are 1 files in /opt/airflow/dags
[2024-12-17T01:40:08.926+0000] {manager.py:997} INFO - 
================================================================================
DAG File Processing Stats

File Path                             PID  Runtime      # DAGs    # Errors  Last Runtime    Last Run               Last # of DB Queries
----------------------------------  -----  ---------  --------  ----------  --------------  -------------------  ----------------------
/opt/airflow/dags/spark_airflow.py    167  0.00s             1           0  0.12s           2024-12-17T01:39:38                      12
================================================================================
[2024-12-17T02:36:56.817+0000] {manager.py:821} INFO - Searching for files in /opt/airflow/dags
[2024-12-17T02:36:56.833+0000] {manager.py:824} INFO - There are 1 files in /opt/airflow/dags
[2024-12-17T02:37:12.987+0000] {manager.py:997} INFO - 
================================================================================
DAG File Processing Stats

File Path                           PID    Runtime      # DAGs    # Errors  Last Runtime    Last Run               Last # of DB Queries
----------------------------------  -----  ---------  --------  ----------  --------------  -------------------  ----------------------
/opt/airflow/dags/spark_airflow.py                           1           0  0.11s           2024-12-17T02:36:56                      12
================================================================================
[2024-12-17T02:37:43.364+0000] {manager.py:997} INFO - 
================================================================================
DAG File Processing Stats

File Path                           PID    Runtime      # DAGs    # Errors  Last Runtime    Last Run               Last # of DB Queries
----------------------------------  -----  ---------  --------  ----------  --------------  -------------------  ----------------------
/opt/airflow/dags/spark_airflow.py                           1           0  0.11s           2024-12-17T02:37:27                      12
================================================================================
[2024-12-17T02:38:13.668+0000] {manager.py:997} INFO - 
================================================================================
DAG File Processing Stats

File Path                           PID    Runtime      # DAGs    # Errors  Last Runtime    Last Run               Last # of DB Queries
----------------------------------  -----  ---------  --------  ----------  --------------  -------------------  ----------------------
/opt/airflow/dags/spark_airflow.py                           1           0  0.12s           2024-12-17T02:37:57                      12
================================================================================
[2024-12-17T02:38:44.044+0000] {manager.py:997} INFO - 
================================================================================
DAG File Processing Stats

File Path                           PID    Runtime      # DAGs    # Errors  Last Runtime    Last Run               Last # of DB Queries
----------------------------------  -----  ---------  --------  ----------  --------------  -------------------  ----------------------
/opt/airflow/dags/spark_airflow.py                           1           0  0.11s           2024-12-17T02:38:27                      12
================================================================================
[2024-12-17T02:39:14.355+0000] {manager.py:997} INFO - 
================================================================================
DAG File Processing Stats

File Path                           PID    Runtime      # DAGs    # Errors  Last Runtime    Last Run               Last # of DB Queries
----------------------------------  -----  ---------  --------  ----------  --------------  -------------------  ----------------------
/opt/airflow/dags/spark_airflow.py                           1           0  0.12s           2024-12-17T02:38:58                      12
================================================================================
[2024-12-17T02:39:44.792+0000] {manager.py:997} INFO - 
================================================================================
DAG File Processing Stats

File Path                           PID    Runtime      # DAGs    # Errors  Last Runtime    Last Run               Last # of DB Queries
----------------------------------  -----  ---------  --------  ----------  --------------  -------------------  ----------------------
/opt/airflow/dags/spark_airflow.py                           1           0  0.12s           2024-12-17T02:39:28                      12
================================================================================
[2024-12-17T02:40:15.111+0000] {manager.py:997} INFO - 
================================================================================
DAG File Processing Stats

File Path                           PID    Runtime      # DAGs    # Errors  Last Runtime    Last Run               Last # of DB Queries
----------------------------------  -----  ---------  --------  ----------  --------------  -------------------  ----------------------
/opt/airflow/dags/spark_airflow.py                           1           0  0.11s           2024-12-17T02:39:59                      12
================================================================================
[2024-12-17T02:40:45.473+0000] {manager.py:997} INFO - 
================================================================================
DAG File Processing Stats

File Path                           PID    Runtime      # DAGs    # Errors  Last Runtime    Last Run               Last # of DB Queries
----------------------------------  -----  ---------  --------  ----------  --------------  -------------------  ----------------------
/opt/airflow/dags/spark_airflow.py                           1           0  0.11s           2024-12-17T02:40:29                      12
================================================================================
[2024-12-17T02:41:15.814+0000] {manager.py:997} INFO - 
================================================================================
DAG File Processing Stats

File Path                           PID    Runtime      # DAGs    # Errors  Last Runtime    Last Run               Last # of DB Queries
----------------------------------  -----  ---------  --------  ----------  --------------  -------------------  ----------------------
/opt/airflow/dags/spark_airflow.py                           1           0  0.11s           2024-12-17T02:40:59                      12
================================================================================
[2024-12-17T02:41:46.347+0000] {manager.py:997} INFO - 
================================================================================
DAG File Processing Stats

File Path                           PID    Runtime      # DAGs    # Errors  Last Runtime    Last Run               Last # of DB Queries
----------------------------------  -----  ---------  --------  ----------  --------------  -------------------  ----------------------
/opt/airflow/dags/spark_airflow.py                           1           0  0.12s           2024-12-17T02:41:32                      11
================================================================================
[2024-12-17T02:41:57.442+0000] {manager.py:821} INFO - Searching for files in /opt/airflow/dags
[2024-12-17T02:41:57.459+0000] {manager.py:824} INFO - There are 1 files in /opt/airflow/dags
[2024-12-17T02:42:16.727+0000] {manager.py:997} INFO - 
================================================================================
DAG File Processing Stats

File Path                           PID    Runtime      # DAGs    # Errors  Last Runtime    Last Run               Last # of DB Queries
----------------------------------  -----  ---------  --------  ----------  --------------  -------------------  ----------------------
/opt/airflow/dags/spark_airflow.py                           1           0  0.12s           2024-12-17T02:42:02                      12
================================================================================
[2024-12-17T02:42:47.000+0000] {manager.py:997} INFO - 
================================================================================
DAG File Processing Stats

File Path                           PID    Runtime      # DAGs    # Errors  Last Runtime    Last Run               Last # of DB Queries
----------------------------------  -----  ---------  --------  ----------  --------------  -------------------  ----------------------
/opt/airflow/dags/spark_airflow.py                           1           0  0.10s           2024-12-17T02:42:32                      12
================================================================================
[2024-12-17T02:43:17.292+0000] {manager.py:997} INFO - 
================================================================================
DAG File Processing Stats

File Path                           PID    Runtime      # DAGs    # Errors  Last Runtime    Last Run               Last # of DB Queries
----------------------------------  -----  ---------  --------  ----------  --------------  -------------------  ----------------------
/opt/airflow/dags/spark_airflow.py                           1           0  0.12s           2024-12-17T02:43:03                      12
================================================================================
[2024-12-17T02:43:47.577+0000] {manager.py:997} INFO - 
================================================================================
DAG File Processing Stats

File Path                           PID    Runtime      # DAGs    # Errors  Last Runtime    Last Run               Last # of DB Queries
----------------------------------  -----  ---------  --------  ----------  --------------  -------------------  ----------------------
/opt/airflow/dags/spark_airflow.py                           1           0  0.13s           2024-12-17T02:43:33                      12
================================================================================
[2024-12-17T02:44:17.865+0000] {manager.py:997} INFO - 
================================================================================
DAG File Processing Stats

File Path                           PID    Runtime      # DAGs    # Errors  Last Runtime    Last Run               Last # of DB Queries
----------------------------------  -----  ---------  --------  ----------  --------------  -------------------  ----------------------
/opt/airflow/dags/spark_airflow.py                           1           0  0.13s           2024-12-17T02:44:03                      12
================================================================================
[2024-12-17T02:44:48.178+0000] {manager.py:997} INFO - 
================================================================================
DAG File Processing Stats

File Path                           PID    Runtime      # DAGs    # Errors  Last Runtime    Last Run               Last # of DB Queries
----------------------------------  -----  ---------  --------  ----------  --------------  -------------------  ----------------------
/opt/airflow/dags/spark_airflow.py                           1           0  0.11s           2024-12-17T02:44:34                      12
================================================================================
[2024-12-17T02:45:18.512+0000] {manager.py:997} INFO - 
================================================================================
DAG File Processing Stats

File Path                           PID    Runtime      # DAGs    # Errors  Last Runtime    Last Run               Last # of DB Queries
----------------------------------  -----  ---------  --------  ----------  --------------  -------------------  ----------------------
/opt/airflow/dags/spark_airflow.py                           1           0  0.11s           2024-12-17T02:45:04                      12
================================================================================
[2024-12-17T02:45:48.846+0000] {manager.py:997} INFO - 
================================================================================
DAG File Processing Stats

File Path                           PID    Runtime      # DAGs    # Errors  Last Runtime    Last Run               Last # of DB Queries
----------------------------------  -----  ---------  --------  ----------  --------------  -------------------  ----------------------
/opt/airflow/dags/spark_airflow.py                           1           0  0.10s           2024-12-17T02:45:34                      12
================================================================================
[2024-12-17T02:46:19.145+0000] {manager.py:997} INFO - 
================================================================================
DAG File Processing Stats

File Path                           PID    Runtime      # DAGs    # Errors  Last Runtime    Last Run               Last # of DB Queries
----------------------------------  -----  ---------  --------  ----------  --------------  -------------------  ----------------------
/opt/airflow/dags/spark_airflow.py                           1           0  0.13s           2024-12-17T02:46:05                      12
================================================================================
[2024-12-17T02:46:49.523+0000] {manager.py:997} INFO - 
================================================================================
DAG File Processing Stats

File Path                           PID    Runtime      # DAGs    # Errors  Last Runtime    Last Run               Last # of DB Queries
----------------------------------  -----  ---------  --------  ----------  --------------  -------------------  ----------------------
/opt/airflow/dags/spark_airflow.py                           1           0  0.10s           2024-12-17T02:46:35                      12
================================================================================
[2024-12-17T02:46:57.578+0000] {manager.py:821} INFO - Searching for files in /opt/airflow/dags
[2024-12-17T02:46:57.600+0000] {manager.py:824} INFO - There are 1 files in /opt/airflow/dags
[2024-12-17T02:47:19.943+0000] {manager.py:997} INFO - 
================================================================================
DAG File Processing Stats

File Path                           PID    Runtime      # DAGs    # Errors  Last Runtime    Last Run               Last # of DB Queries
----------------------------------  -----  ---------  --------  ----------  --------------  -------------------  ----------------------
/opt/airflow/dags/spark_airflow.py                           1           0  0.13s           2024-12-17T02:47:05                      12
================================================================================
[2024-12-17T02:47:50.255+0000] {manager.py:997} INFO - 
================================================================================
DAG File Processing Stats

File Path                           PID    Runtime      # DAGs    # Errors  Last Runtime    Last Run               Last # of DB Queries
----------------------------------  -----  ---------  --------  ----------  --------------  -------------------  ----------------------
/opt/airflow/dags/spark_airflow.py                           1           0  0.10s           2024-12-17T02:47:36                      12
================================================================================
[2024-12-17T02:48:20.519+0000] {manager.py:997} INFO - 
================================================================================
DAG File Processing Stats

File Path                           PID    Runtime      # DAGs    # Errors  Last Runtime    Last Run               Last # of DB Queries
----------------------------------  -----  ---------  --------  ----------  --------------  -------------------  ----------------------
/opt/airflow/dags/spark_airflow.py                           1           0  0.11s           2024-12-17T02:48:06                      12
================================================================================
[2024-12-17T02:48:50.920+0000] {manager.py:997} INFO - 
================================================================================
DAG File Processing Stats

File Path                           PID    Runtime      # DAGs    # Errors  Last Runtime    Last Run               Last # of DB Queries
----------------------------------  -----  ---------  --------  ----------  --------------  -------------------  ----------------------
/opt/airflow/dags/spark_airflow.py                           1           0  0.28s           2024-12-17T02:48:36                      12
================================================================================
[2024-12-17T02:49:21.300+0000] {manager.py:997} INFO - 
================================================================================
DAG File Processing Stats

File Path                           PID    Runtime      # DAGs    # Errors  Last Runtime    Last Run               Last # of DB Queries
----------------------------------  -----  ---------  --------  ----------  --------------  -------------------  ----------------------
/opt/airflow/dags/spark_airflow.py                           1           0  0.11s           2024-12-17T02:49:07                      12
================================================================================
[2024-12-17T02:49:51.598+0000] {manager.py:997} INFO - 
================================================================================
DAG File Processing Stats

File Path                           PID    Runtime      # DAGs    # Errors  Last Runtime    Last Run               Last # of DB Queries
----------------------------------  -----  ---------  --------  ----------  --------------  -------------------  ----------------------
/opt/airflow/dags/spark_airflow.py                           1           0  0.10s           2024-12-17T02:49:37                      12
================================================================================
[2024-12-17T02:50:21.876+0000] {manager.py:997} INFO - 
================================================================================
DAG File Processing Stats

File Path                           PID    Runtime      # DAGs    # Errors  Last Runtime    Last Run               Last # of DB Queries
----------------------------------  -----  ---------  --------  ----------  --------------  -------------------  ----------------------
/opt/airflow/dags/spark_airflow.py                           1           0  0.10s           2024-12-17T02:50:07                      12
================================================================================
[2024-12-17T02:50:52.195+0000] {manager.py:997} INFO - 
================================================================================
DAG File Processing Stats

File Path                           PID    Runtime      # DAGs    # Errors  Last Runtime    Last Run               Last # of DB Queries
----------------------------------  -----  ---------  --------  ----------  --------------  -------------------  ----------------------
/opt/airflow/dags/spark_airflow.py                           1           0  0.10s           2024-12-17T02:50:38                      12
================================================================================
[2024-12-17T02:51:22.482+0000] {manager.py:997} INFO - 
================================================================================
DAG File Processing Stats

File Path                           PID    Runtime      # DAGs    # Errors  Last Runtime    Last Run               Last # of DB Queries
----------------------------------  -----  ---------  --------  ----------  --------------  -------------------  ----------------------
/opt/airflow/dags/spark_airflow.py                           1           0  0.10s           2024-12-17T02:51:08                      12
================================================================================
[2024-12-17T02:51:52.822+0000] {manager.py:997} INFO - 
================================================================================
DAG File Processing Stats

File Path                           PID    Runtime      # DAGs    # Errors  Last Runtime    Last Run               Last # of DB Queries
----------------------------------  -----  ---------  --------  ----------  --------------  -------------------  ----------------------
/opt/airflow/dags/spark_airflow.py                           1           0  0.17s           2024-12-17T02:51:38                      12
================================================================================
[2024-12-17T02:51:57.876+0000] {manager.py:821} INFO - Searching for files in /opt/airflow/dags
[2024-12-17T02:51:57.916+0000] {manager.py:824} INFO - There are 1 files in /opt/airflow/dags
[2024-12-17T02:52:23.249+0000] {manager.py:997} INFO - 
================================================================================
DAG File Processing Stats

File Path                           PID    Runtime      # DAGs    # Errors  Last Runtime    Last Run               Last # of DB Queries
----------------------------------  -----  ---------  --------  ----------  --------------  -------------------  ----------------------
/opt/airflow/dags/spark_airflow.py                           1           0  0.12s           2024-12-17T02:52:09                      12
================================================================================
[2024-12-17T02:52:53.567+0000] {manager.py:997} INFO - 
================================================================================
DAG File Processing Stats

File Path                           PID    Runtime      # DAGs    # Errors  Last Runtime    Last Run               Last # of DB Queries
----------------------------------  -----  ---------  --------  ----------  --------------  -------------------  ----------------------
/opt/airflow/dags/spark_airflow.py                           1           0  0.14s           2024-12-17T02:52:39                      12
================================================================================
[2024-12-17T02:53:23.986+0000] {manager.py:997} INFO - 
================================================================================
DAG File Processing Stats

File Path                           PID    Runtime      # DAGs    # Errors  Last Runtime    Last Run               Last # of DB Queries
----------------------------------  -----  ---------  --------  ----------  --------------  -------------------  ----------------------
/opt/airflow/dags/spark_airflow.py                           1           0  0.11s           2024-12-17T02:53:09                      12
================================================================================
[2024-12-17T02:53:54.264+0000] {manager.py:997} INFO - 
================================================================================
DAG File Processing Stats

File Path                           PID    Runtime      # DAGs    # Errors  Last Runtime    Last Run               Last # of DB Queries
----------------------------------  -----  ---------  --------  ----------  --------------  -------------------  ----------------------
/opt/airflow/dags/spark_airflow.py                           1           0  0.11s           2024-12-17T02:53:40                      12
================================================================================
[2024-12-17T02:54:24.627+0000] {manager.py:997} INFO - 
================================================================================
DAG File Processing Stats

File Path                           PID    Runtime      # DAGs    # Errors  Last Runtime    Last Run               Last # of DB Queries
----------------------------------  -----  ---------  --------  ----------  --------------  -------------------  ----------------------
/opt/airflow/dags/spark_airflow.py                           1           0  0.12s           2024-12-17T02:54:10                      12
================================================================================
[2024-12-17T02:54:54.918+0000] {manager.py:997} INFO - 
================================================================================
DAG File Processing Stats

File Path                           PID    Runtime      # DAGs    # Errors  Last Runtime    Last Run               Last # of DB Queries
----------------------------------  -----  ---------  --------  ----------  --------------  -------------------  ----------------------
/opt/airflow/dags/spark_airflow.py                           1           0  0.10s           2024-12-17T02:54:40                      12
================================================================================
[2024-12-17T02:55:25.240+0000] {manager.py:997} INFO - 
================================================================================
DAG File Processing Stats

File Path                           PID    Runtime      # DAGs    # Errors  Last Runtime    Last Run               Last # of DB Queries
----------------------------------  -----  ---------  --------  ----------  --------------  -------------------  ----------------------
/opt/airflow/dags/spark_airflow.py                           1           0  0.11s           2024-12-17T02:55:11                      12
================================================================================
[2024-12-17T02:55:55.512+0000] {manager.py:997} INFO - 
================================================================================
DAG File Processing Stats

File Path                           PID    Runtime      # DAGs    # Errors  Last Runtime    Last Run               Last # of DB Queries
----------------------------------  -----  ---------  --------  ----------  --------------  -------------------  ----------------------
/opt/airflow/dags/spark_airflow.py                           1           0  0.12s           2024-12-17T02:55:41                      12
================================================================================
[2024-12-17T02:56:25.860+0000] {manager.py:997} INFO - 
================================================================================
DAG File Processing Stats

File Path                           PID    Runtime      # DAGs    # Errors  Last Runtime    Last Run               Last # of DB Queries
----------------------------------  -----  ---------  --------  ----------  --------------  -------------------  ----------------------
/opt/airflow/dags/spark_airflow.py                           1           0  0.13s           2024-12-17T02:56:11                      12
================================================================================
[2024-12-17T02:56:56.208+0000] {manager.py:997} INFO - 
================================================================================
DAG File Processing Stats

File Path                           PID    Runtime      # DAGs    # Errors  Last Runtime    Last Run               Last # of DB Queries
----------------------------------  -----  ---------  --------  ----------  --------------  -------------------  ----------------------
/opt/airflow/dags/spark_airflow.py                           1           0  0.10s           2024-12-17T02:56:42                      12
================================================================================
[2024-12-17T02:56:58.224+0000] {manager.py:821} INFO - Searching for files in /opt/airflow/dags
[2024-12-17T02:56:58.244+0000] {manager.py:824} INFO - There are 1 files in /opt/airflow/dags
[2024-12-17T02:57:26.519+0000] {manager.py:997} INFO - 
================================================================================
DAG File Processing Stats

File Path                           PID    Runtime      # DAGs    # Errors  Last Runtime    Last Run               Last # of DB Queries
----------------------------------  -----  ---------  --------  ----------  --------------  -------------------  ----------------------
/opt/airflow/dags/spark_airflow.py                           1           0  0.13s           2024-12-17T02:57:12                      12
================================================================================
[2024-12-17T02:57:56.822+0000] {manager.py:997} INFO - 
================================================================================
DAG File Processing Stats

File Path                           PID    Runtime      # DAGs    # Errors  Last Runtime    Last Run               Last # of DB Queries
----------------------------------  -----  ---------  --------  ----------  --------------  -------------------  ----------------------
/opt/airflow/dags/spark_airflow.py                           1           0  0.16s           2024-12-17T02:57:42                      12
================================================================================
[2024-12-17T02:58:27.099+0000] {manager.py:997} INFO - 
================================================================================
DAG File Processing Stats

File Path                           PID    Runtime      # DAGs    # Errors  Last Runtime    Last Run               Last # of DB Queries
----------------------------------  -----  ---------  --------  ----------  --------------  -------------------  ----------------------
/opt/airflow/dags/spark_airflow.py                           1           0  0.14s           2024-12-17T02:58:13                      12
================================================================================
[2024-12-17T02:58:57.385+0000] {manager.py:997} INFO - 
================================================================================
DAG File Processing Stats

File Path                           PID    Runtime      # DAGs    # Errors  Last Runtime    Last Run               Last # of DB Queries
----------------------------------  -----  ---------  --------  ----------  --------------  -------------------  ----------------------
/opt/airflow/dags/spark_airflow.py                           1           0  0.12s           2024-12-17T02:58:43                      12
================================================================================
[2024-12-17T02:59:27.734+0000] {manager.py:997} INFO - 
================================================================================
DAG File Processing Stats

File Path                           PID    Runtime      # DAGs    # Errors  Last Runtime    Last Run               Last # of DB Queries
----------------------------------  -----  ---------  --------  ----------  --------------  -------------------  ----------------------
/opt/airflow/dags/spark_airflow.py                           1           0  0.11s           2024-12-17T02:59:13                      12
================================================================================
[2024-12-17T02:59:58.085+0000] {manager.py:997} INFO - 
================================================================================
DAG File Processing Stats

File Path                           PID    Runtime      # DAGs    # Errors  Last Runtime    Last Run               Last # of DB Queries
----------------------------------  -----  ---------  --------  ----------  --------------  -------------------  ----------------------
/opt/airflow/dags/spark_airflow.py                           1           0  0.10s           2024-12-17T02:59:44                      12
================================================================================
[2024-12-17T03:00:28.385+0000] {manager.py:997} INFO - 
================================================================================
DAG File Processing Stats

File Path                           PID    Runtime      # DAGs    # Errors  Last Runtime    Last Run               Last # of DB Queries
----------------------------------  -----  ---------  --------  ----------  --------------  -------------------  ----------------------
/opt/airflow/dags/spark_airflow.py                           1           0  0.12s           2024-12-17T03:00:14                      12
================================================================================
[2024-12-17T03:00:58.677+0000] {manager.py:997} INFO - 
================================================================================
DAG File Processing Stats

File Path                           PID    Runtime      # DAGs    # Errors  Last Runtime    Last Run               Last # of DB Queries
----------------------------------  -----  ---------  --------  ----------  --------------  -------------------  ----------------------
/opt/airflow/dags/spark_airflow.py                           1           0  0.14s           2024-12-17T03:00:44                      12
================================================================================
[2024-12-17T03:01:28.976+0000] {manager.py:997} INFO - 
================================================================================
DAG File Processing Stats

File Path                           PID    Runtime      # DAGs    # Errors  Last Runtime    Last Run               Last # of DB Queries
----------------------------------  -----  ---------  --------  ----------  --------------  -------------------  ----------------------
/opt/airflow/dags/spark_airflow.py                           1           0  0.13s           2024-12-17T03:01:14                      12
================================================================================
[2024-12-17T03:01:58.267+0000] {manager.py:821} INFO - Searching for files in /opt/airflow/dags
[2024-12-17T03:01:58.285+0000] {manager.py:824} INFO - There are 1 files in /opt/airflow/dags
[2024-12-17T03:01:59.314+0000] {manager.py:997} INFO - 
================================================================================
DAG File Processing Stats

File Path                           PID    Runtime      # DAGs    # Errors  Last Runtime    Last Run               Last # of DB Queries
----------------------------------  -----  ---------  --------  ----------  --------------  -------------------  ----------------------
/opt/airflow/dags/spark_airflow.py                           1           0  0.11s           2024-12-17T03:01:45                      12
================================================================================
[2024-12-17T03:02:29.569+0000] {manager.py:997} INFO - 
================================================================================
DAG File Processing Stats

File Path                           PID    Runtime      # DAGs    # Errors  Last Runtime    Last Run               Last # of DB Queries
----------------------------------  -----  ---------  --------  ----------  --------------  -------------------  ----------------------
/opt/airflow/dags/spark_airflow.py                           1           0  0.14s           2024-12-17T03:02:15                      12
================================================================================
[2024-12-17T03:02:59.946+0000] {manager.py:997} INFO - 
================================================================================
DAG File Processing Stats

File Path                           PID    Runtime      # DAGs    # Errors  Last Runtime    Last Run               Last # of DB Queries
----------------------------------  -----  ---------  --------  ----------  --------------  -------------------  ----------------------
/opt/airflow/dags/spark_airflow.py                           1           0  0.10s           2024-12-17T03:02:45                      12
================================================================================
[2024-12-17T03:03:30.261+0000] {manager.py:997} INFO - 
================================================================================
DAG File Processing Stats

File Path                           PID    Runtime      # DAGs    # Errors  Last Runtime    Last Run               Last # of DB Queries
----------------------------------  -----  ---------  --------  ----------  --------------  -------------------  ----------------------
/opt/airflow/dags/spark_airflow.py                           1           0  0.11s           2024-12-17T03:03:16                      12
================================================================================
[2024-12-17T03:04:00.618+0000] {manager.py:997} INFO - 
================================================================================
DAG File Processing Stats

File Path                           PID    Runtime      # DAGs    # Errors  Last Runtime    Last Run               Last # of DB Queries
----------------------------------  -----  ---------  --------  ----------  --------------  -------------------  ----------------------
/opt/airflow/dags/spark_airflow.py                           1           0  0.13s           2024-12-17T03:03:46                      12
================================================================================
[2024-12-17T03:04:30.978+0000] {manager.py:997} INFO - 
================================================================================
DAG File Processing Stats

File Path                           PID    Runtime      # DAGs    # Errors  Last Runtime    Last Run               Last # of DB Queries
----------------------------------  -----  ---------  --------  ----------  --------------  -------------------  ----------------------
/opt/airflow/dags/spark_airflow.py                           1           0  0.10s           2024-12-17T03:04:16                      12
================================================================================
[2024-12-17T03:05:01.340+0000] {manager.py:997} INFO - 
================================================================================
DAG File Processing Stats

File Path                           PID    Runtime      # DAGs    # Errors  Last Runtime    Last Run               Last # of DB Queries
----------------------------------  -----  ---------  --------  ----------  --------------  -------------------  ----------------------
/opt/airflow/dags/spark_airflow.py                           1           0  0.13s           2024-12-17T03:04:47                      12
================================================================================
[2024-12-17T03:05:31.640+0000] {manager.py:997} INFO - 
================================================================================
DAG File Processing Stats

File Path                           PID    Runtime      # DAGs    # Errors  Last Runtime    Last Run               Last # of DB Queries
----------------------------------  -----  ---------  --------  ----------  --------------  -------------------  ----------------------
/opt/airflow/dags/spark_airflow.py                           1           0  0.11s           2024-12-17T03:05:17                      12
================================================================================
[2024-12-17T03:06:02.004+0000] {manager.py:997} INFO - 
================================================================================
DAG File Processing Stats

File Path                           PID    Runtime      # DAGs    # Errors  Last Runtime    Last Run               Last # of DB Queries
----------------------------------  -----  ---------  --------  ----------  --------------  -------------------  ----------------------
/opt/airflow/dags/spark_airflow.py                           1           0  0.11s           2024-12-17T03:05:47                      12
================================================================================
[2024-12-17T03:06:32.288+0000] {manager.py:997} INFO - 
================================================================================
DAG File Processing Stats

File Path                           PID    Runtime      # DAGs    # Errors  Last Runtime    Last Run               Last # of DB Queries
----------------------------------  -----  ---------  --------  ----------  --------------  -------------------  ----------------------
/opt/airflow/dags/spark_airflow.py                           1           0  0.11s           2024-12-17T03:06:18                      12
================================================================================
[2024-12-17T03:06:58.582+0000] {manager.py:821} INFO - Searching for files in /opt/airflow/dags
[2024-12-17T03:06:58.608+0000] {manager.py:824} INFO - There are 1 files in /opt/airflow/dags
[2024-12-17T03:07:02.652+0000] {manager.py:997} INFO - 
================================================================================
DAG File Processing Stats

File Path                           PID    Runtime      # DAGs    # Errors  Last Runtime    Last Run               Last # of DB Queries
----------------------------------  -----  ---------  --------  ----------  --------------  -------------------  ----------------------
/opt/airflow/dags/spark_airflow.py                           1           0  0.13s           2024-12-17T03:06:48                      12
================================================================================
[2024-12-17T03:07:32.942+0000] {manager.py:997} INFO - 
================================================================================
DAG File Processing Stats

File Path                           PID    Runtime      # DAGs    # Errors  Last Runtime    Last Run               Last # of DB Queries
----------------------------------  -----  ---------  --------  ----------  --------------  -------------------  ----------------------
/opt/airflow/dags/spark_airflow.py                           1           0  0.20s           2024-12-17T03:07:18                      12
================================================================================
[2024-12-17T03:08:03.212+0000] {manager.py:997} INFO - 
================================================================================
DAG File Processing Stats

File Path                           PID    Runtime      # DAGs    # Errors  Last Runtime    Last Run               Last # of DB Queries
----------------------------------  -----  ---------  --------  ----------  --------------  -------------------  ----------------------
/opt/airflow/dags/spark_airflow.py                           1           0  0.12s           2024-12-17T03:07:49                      12
================================================================================
[2024-12-17T03:08:33.588+0000] {manager.py:997} INFO - 
================================================================================
DAG File Processing Stats

File Path                           PID    Runtime      # DAGs    # Errors  Last Runtime    Last Run               Last # of DB Queries
----------------------------------  -----  ---------  --------  ----------  --------------  -------------------  ----------------------
/opt/airflow/dags/spark_airflow.py                           1           0  0.11s           2024-12-17T03:08:19                      12
================================================================================
[2024-12-17T03:09:03.882+0000] {manager.py:997} INFO - 
================================================================================
DAG File Processing Stats

File Path                           PID    Runtime      # DAGs    # Errors  Last Runtime    Last Run               Last # of DB Queries
----------------------------------  -----  ---------  --------  ----------  --------------  -------------------  ----------------------
/opt/airflow/dags/spark_airflow.py                           1           0  0.12s           2024-12-17T03:08:49                      12
================================================================================
[2024-12-17T03:09:34.227+0000] {manager.py:997} INFO - 
================================================================================
DAG File Processing Stats

File Path                           PID    Runtime      # DAGs    # Errors  Last Runtime    Last Run               Last # of DB Queries
----------------------------------  -----  ---------  --------  ----------  --------------  -------------------  ----------------------
/opt/airflow/dags/spark_airflow.py                           1           0  0.15s           2024-12-17T03:09:20                      12
================================================================================
[2024-12-17T03:10:04.664+0000] {manager.py:997} INFO - 
================================================================================
DAG File Processing Stats

File Path                           PID    Runtime      # DAGs    # Errors  Last Runtime    Last Run               Last # of DB Queries
----------------------------------  -----  ---------  --------  ----------  --------------  -------------------  ----------------------
/opt/airflow/dags/spark_airflow.py                           1           0  0.10s           2024-12-17T03:09:50                      12
================================================================================
[2024-12-17T03:10:34.995+0000] {manager.py:997} INFO - 
================================================================================
DAG File Processing Stats

File Path                           PID    Runtime      # DAGs    # Errors  Last Runtime    Last Run               Last # of DB Queries
----------------------------------  -----  ---------  --------  ----------  --------------  -------------------  ----------------------
/opt/airflow/dags/spark_airflow.py                           1           0  0.11s           2024-12-17T03:10:20                      12
================================================================================
[2024-12-17T03:11:05.338+0000] {manager.py:997} INFO - 
================================================================================
DAG File Processing Stats

File Path                           PID    Runtime      # DAGs    # Errors  Last Runtime    Last Run               Last # of DB Queries
----------------------------------  -----  ---------  --------  ----------  --------------  -------------------  ----------------------
/opt/airflow/dags/spark_airflow.py                           1           0  0.11s           2024-12-17T03:10:51                      12
================================================================================
[2024-12-17T03:11:35.675+0000] {manager.py:997} INFO - 
================================================================================
DAG File Processing Stats

File Path                           PID    Runtime      # DAGs    # Errors  Last Runtime    Last Run               Last # of DB Queries
----------------------------------  -----  ---------  --------  ----------  --------------  -------------------  ----------------------
/opt/airflow/dags/spark_airflow.py                           1           0  0.14s           2024-12-17T03:11:21                      12
================================================================================
[2024-12-17T03:11:59.007+0000] {manager.py:821} INFO - Searching for files in /opt/airflow/dags
[2024-12-17T03:11:59.027+0000] {manager.py:824} INFO - There are 1 files in /opt/airflow/dags
[2024-12-17T03:12:06.095+0000] {manager.py:997} INFO - 
================================================================================
DAG File Processing Stats

File Path                           PID    Runtime      # DAGs    # Errors  Last Runtime    Last Run               Last # of DB Queries
----------------------------------  -----  ---------  --------  ----------  --------------  -------------------  ----------------------
/opt/airflow/dags/spark_airflow.py                           1           0  0.15s           2024-12-17T03:11:52                      12
================================================================================
[2024-12-17T03:12:36.598+0000] {manager.py:997} INFO - 
================================================================================
DAG File Processing Stats

File Path                           PID    Runtime      # DAGs    # Errors  Last Runtime    Last Run               Last # of DB Queries
----------------------------------  -----  ---------  --------  ----------  --------------  -------------------  ----------------------
/opt/airflow/dags/spark_airflow.py                           1           0  0.15s           2024-12-17T03:12:22                      12
================================================================================
[2024-12-17T03:13:06.998+0000] {manager.py:997} INFO - 
================================================================================
DAG File Processing Stats

File Path                           PID    Runtime      # DAGs    # Errors  Last Runtime    Last Run               Last # of DB Queries
----------------------------------  -----  ---------  --------  ----------  --------------  -------------------  ----------------------
/opt/airflow/dags/spark_airflow.py                           1           0  0.16s           2024-12-17T03:12:52                      12
================================================================================
[2024-12-17T03:13:37.366+0000] {manager.py:997} INFO - 
================================================================================
DAG File Processing Stats

File Path                           PID    Runtime      # DAGs    # Errors  Last Runtime    Last Run               Last # of DB Queries
----------------------------------  -----  ---------  --------  ----------  --------------  -------------------  ----------------------
/opt/airflow/dags/spark_airflow.py                           1           0  0.14s           2024-12-17T03:13:23                      12
================================================================================
[2024-12-17T03:14:07.685+0000] {manager.py:997} INFO - 
================================================================================
DAG File Processing Stats

File Path                           PID    Runtime      # DAGs    # Errors  Last Runtime    Last Run               Last # of DB Queries
----------------------------------  -----  ---------  --------  ----------  --------------  -------------------  ----------------------
/opt/airflow/dags/spark_airflow.py                           1           0  0.11s           2024-12-17T03:13:53                      12
================================================================================
[2024-12-17T03:14:38.023+0000] {manager.py:997} INFO - 
================================================================================
DAG File Processing Stats

File Path                           PID    Runtime      # DAGs    # Errors  Last Runtime    Last Run               Last # of DB Queries
----------------------------------  -----  ---------  --------  ----------  --------------  -------------------  ----------------------
/opt/airflow/dags/spark_airflow.py                           1           0  0.15s           2024-12-17T03:14:23                      12
================================================================================
[2024-12-17T03:15:08.371+0000] {manager.py:997} INFO - 
================================================================================
DAG File Processing Stats

File Path                           PID    Runtime      # DAGs    # Errors  Last Runtime    Last Run               Last # of DB Queries
----------------------------------  -----  ---------  --------  ----------  --------------  -------------------  ----------------------
/opt/airflow/dags/spark_airflow.py                           1           0  0.12s           2024-12-17T03:14:54                      12
================================================================================
[2024-12-17T03:15:38.714+0000] {manager.py:997} INFO - 
================================================================================
DAG File Processing Stats

File Path                           PID    Runtime      # DAGs    # Errors  Last Runtime    Last Run               Last # of DB Queries
----------------------------------  -----  ---------  --------  ----------  --------------  -------------------  ----------------------
/opt/airflow/dags/spark_airflow.py                           1           0  0.11s           2024-12-17T03:15:24                      12
================================================================================
[2024-12-17T03:16:09.363+0000] {manager.py:997} INFO - 
================================================================================
DAG File Processing Stats

File Path                           PID    Runtime      # DAGs    # Errors  Last Runtime    Last Run               Last # of DB Queries
----------------------------------  -----  ---------  --------  ----------  --------------  -------------------  ----------------------
/opt/airflow/dags/spark_airflow.py                           1           0  0.11s           2024-12-17T03:15:55                      12
================================================================================
[2024-12-17T03:16:39.818+0000] {manager.py:997} INFO - 
================================================================================
DAG File Processing Stats

File Path                           PID    Runtime      # DAGs    # Errors  Last Runtime    Last Run               Last # of DB Queries
----------------------------------  -----  ---------  --------  ----------  --------------  -------------------  ----------------------
/opt/airflow/dags/spark_airflow.py                           1           0  0.15s           2024-12-17T03:16:25                      12
================================================================================
[2024-12-17T03:16:59.086+0000] {manager.py:821} INFO - Searching for files in /opt/airflow/dags
[2024-12-17T03:16:59.110+0000] {manager.py:824} INFO - There are 1 files in /opt/airflow/dags
[2024-12-17T03:17:10.263+0000] {manager.py:997} INFO - 
================================================================================
DAG File Processing Stats

File Path                           PID    Runtime      # DAGs    # Errors  Last Runtime    Last Run               Last # of DB Queries
----------------------------------  -----  ---------  --------  ----------  --------------  -------------------  ----------------------
/opt/airflow/dags/spark_airflow.py                           1           0  0.12s           2024-12-17T03:16:56                      12
================================================================================
[2024-12-17T03:17:40.689+0000] {manager.py:997} INFO - 
================================================================================
DAG File Processing Stats

File Path                           PID    Runtime      # DAGs    # Errors  Last Runtime    Last Run               Last # of DB Queries
----------------------------------  -----  ---------  --------  ----------  --------------  -------------------  ----------------------
/opt/airflow/dags/spark_airflow.py                           1           0  0.14s           2024-12-17T03:17:26                      12
================================================================================
[2024-12-17T03:18:10.988+0000] {manager.py:997} INFO - 
================================================================================
DAG File Processing Stats

File Path                           PID    Runtime      # DAGs    # Errors  Last Runtime    Last Run               Last # of DB Queries
----------------------------------  -----  ---------  --------  ----------  --------------  -------------------  ----------------------
/opt/airflow/dags/spark_airflow.py                           1           0  0.13s           2024-12-17T03:17:56                      12
================================================================================
[2024-12-17T03:18:41.313+0000] {manager.py:997} INFO - 
================================================================================
DAG File Processing Stats

File Path                           PID    Runtime      # DAGs    # Errors  Last Runtime    Last Run               Last # of DB Queries
----------------------------------  -----  ---------  --------  ----------  --------------  -------------------  ----------------------
/opt/airflow/dags/spark_airflow.py                           1           0  0.11s           2024-12-17T03:18:27                      12
================================================================================
[2024-12-17T03:19:11.720+0000] {manager.py:997} INFO - 
================================================================================
DAG File Processing Stats

File Path                           PID    Runtime      # DAGs    # Errors  Last Runtime    Last Run               Last # of DB Queries
----------------------------------  -----  ---------  --------  ----------  --------------  -------------------  ----------------------
/opt/airflow/dags/spark_airflow.py                           1           0  0.14s           2024-12-17T03:18:57                      12
================================================================================
[2024-12-17T03:19:42.344+0000] {manager.py:997} INFO - 
================================================================================
DAG File Processing Stats

File Path                             PID  Runtime      # DAGs    # Errors  Last Runtime    Last Run               Last # of DB Queries
----------------------------------  -----  ---------  --------  ----------  --------------  -------------------  ----------------------
/opt/airflow/dags/spark_airflow.py    629  0.00s             1           0  0.16s           2024-12-17T03:19:12                      12
================================================================================
[2024-12-17T03:20:12.629+0000] {manager.py:997} INFO - 
================================================================================
DAG File Processing Stats

File Path                             PID  Runtime      # DAGs    # Errors  Last Runtime    Last Run               Last # of DB Queries
----------------------------------  -----  ---------  --------  ----------  --------------  -------------------  ----------------------
/opt/airflow/dags/spark_airflow.py    634  0.00s             1           0  0.14s           2024-12-17T03:19:42                      12
================================================================================
[2024-12-17T03:20:43.042+0000] {manager.py:997} INFO - 
================================================================================
DAG File Processing Stats

File Path                             PID  Runtime      # DAGs    # Errors  Last Runtime    Last Run               Last # of DB Queries
----------------------------------  -----  ---------  --------  ----------  --------------  -------------------  ----------------------
/opt/airflow/dags/spark_airflow.py    639  0.00s             1           0  0.14s           2024-12-17T03:20:12                      12
================================================================================
[2024-12-17T03:21:13.367+0000] {manager.py:997} INFO - 
================================================================================
DAG File Processing Stats

File Path                             PID  Runtime      # DAGs    # Errors  Last Runtime    Last Run               Last # of DB Queries
----------------------------------  -----  ---------  --------  ----------  --------------  -------------------  ----------------------
/opt/airflow/dags/spark_airflow.py    644  0.00s             1           0  0.11s           2024-12-17T03:20:43                      12
================================================================================
[2024-12-17T03:21:43.652+0000] {manager.py:997} INFO - 
================================================================================
DAG File Processing Stats

File Path                             PID  Runtime      # DAGs    # Errors  Last Runtime    Last Run               Last # of DB Queries
----------------------------------  -----  ---------  --------  ----------  --------------  -------------------  ----------------------
/opt/airflow/dags/spark_airflow.py    649  0.01s             1           0  0.14s           2024-12-17T03:21:13                      12
================================================================================
[2024-12-17T03:21:59.885+0000] {manager.py:821} INFO - Searching for files in /opt/airflow/dags
[2024-12-17T03:21:59.899+0000] {manager.py:824} INFO - There are 1 files in /opt/airflow/dags
[2024-12-17T03:22:14.049+0000] {manager.py:997} INFO - 
================================================================================
DAG File Processing Stats

File Path                             PID  Runtime      # DAGs    # Errors  Last Runtime    Last Run               Last # of DB Queries
----------------------------------  -----  ---------  --------  ----------  --------------  -------------------  ----------------------
/opt/airflow/dags/spark_airflow.py    654  0.00s             1           0  0.15s           2024-12-17T03:21:43                      12
================================================================================
[2024-12-17T03:22:44.401+0000] {manager.py:997} INFO - 
================================================================================
DAG File Processing Stats

File Path                             PID  Runtime      # DAGs    # Errors  Last Runtime    Last Run               Last # of DB Queries
----------------------------------  -----  ---------  --------  ----------  --------------  -------------------  ----------------------
/opt/airflow/dags/spark_airflow.py    659  0.00s             1           0  0.10s           2024-12-17T03:22:14                      12
================================================================================
[2024-12-17T03:23:14.759+0000] {manager.py:997} INFO - 
================================================================================
DAG File Processing Stats

File Path                             PID  Runtime      # DAGs    # Errors  Last Runtime    Last Run               Last # of DB Queries
----------------------------------  -----  ---------  --------  ----------  --------------  -------------------  ----------------------
/opt/airflow/dags/spark_airflow.py    664  0.00s             1           0  0.10s           2024-12-17T03:22:44                      12
================================================================================
[2024-12-17T03:23:45.125+0000] {manager.py:997} INFO - 
================================================================================
DAG File Processing Stats

File Path                             PID  Runtime      # DAGs    # Errors  Last Runtime    Last Run               Last # of DB Queries
----------------------------------  -----  ---------  --------  ----------  --------------  -------------------  ----------------------
/opt/airflow/dags/spark_airflow.py    669  0.01s             1           0  0.10s           2024-12-17T03:23:14                      12
================================================================================
[2024-12-17T03:24:15.457+0000] {manager.py:997} INFO - 
================================================================================
DAG File Processing Stats

File Path                             PID  Runtime      # DAGs    # Errors  Last Runtime    Last Run               Last # of DB Queries
----------------------------------  -----  ---------  --------  ----------  --------------  -------------------  ----------------------
/opt/airflow/dags/spark_airflow.py    674  0.00s             1           0  0.14s           2024-12-17T03:23:45                      12
================================================================================
[2024-12-17T03:24:45.578+0000] {manager.py:465} INFO - Exiting gracefully upon receiving signal 15
[2024-12-17T22:38:11.162+0000] {manager.py:483} INFO - Processing files using up to 2 processes at a time 
[2024-12-17T22:38:11.164+0000] {manager.py:484} INFO - Process each file at most once every 30 seconds
[2024-12-17T22:38:11.165+0000] {manager.py:485} INFO - Checking for new files in /opt/airflow/dags every 300 seconds
[2024-12-17T22:38:11.166+0000] {manager.py:821} INFO - Searching for files in /opt/airflow/dags
[2024-12-17T22:38:11.209+0000] {manager.py:824} INFO - There are 1 files in /opt/airflow/dags
[2024-12-17T22:38:11.485+0000] {manager.py:997} INFO - 
================================================================================
DAG File Processing Stats

File Path                             PID  Runtime      # DAGs    # Errors  Last Runtime    Last Run      Last # of DB Queries
----------------------------------  -----  ---------  --------  ----------  --------------  ----------  ----------------------
/opt/airflow/dags/spark_airflow.py     55  0.09s             0           0                                                   0
================================================================================
[2024-12-17T22:38:41.713+0000] {manager.py:997} INFO - 
================================================================================
DAG File Processing Stats

File Path                           PID    Runtime      # DAGs    # Errors  Last Runtime    Last Run               Last # of DB Queries
----------------------------------  -----  ---------  --------  ----------  --------------  -------------------  ----------------------
/opt/airflow/dags/spark_airflow.py                           1           0  0.41s           2024-12-17T22:38:11                      12
================================================================================
[2024-12-17T22:39:12.204+0000] {manager.py:997} INFO - 
================================================================================
DAG File Processing Stats

File Path                           PID    Runtime      # DAGs    # Errors  Last Runtime    Last Run               Last # of DB Queries
----------------------------------  -----  ---------  --------  ----------  --------------  -------------------  ----------------------
/opt/airflow/dags/spark_airflow.py                           1           0  0.30s           2024-12-17T22:38:42                      12
================================================================================
[2024-12-17T22:39:42.720+0000] {manager.py:997} INFO - 
================================================================================
DAG File Processing Stats

File Path                           PID    Runtime      # DAGs    # Errors  Last Runtime    Last Run               Last # of DB Queries
----------------------------------  -----  ---------  --------  ----------  --------------  -------------------  ----------------------
/opt/airflow/dags/spark_airflow.py                           1           0  0.28s           2024-12-17T22:39:12                      12
================================================================================
[2024-12-17T22:40:13.309+0000] {manager.py:997} INFO - 
================================================================================
DAG File Processing Stats

File Path                             PID  Runtime      # DAGs    # Errors  Last Runtime    Last Run               Last # of DB Queries
----------------------------------  -----  ---------  --------  ----------  --------------  -------------------  ----------------------
/opt/airflow/dags/spark_airflow.py     75  0.00s             1           0  0.17s           2024-12-17T22:39:43                      12
================================================================================
[2024-12-17T22:40:43.662+0000] {manager.py:997} INFO - 
================================================================================
DAG File Processing Stats

File Path                             PID  Runtime      # DAGs    # Errors  Last Runtime    Last Run               Last # of DB Queries
----------------------------------  -----  ---------  --------  ----------  --------------  -------------------  ----------------------
/opt/airflow/dags/spark_airflow.py     80  0.00s             1           0  0.15s           2024-12-17T22:40:13                      12
================================================================================
[2024-12-17T22:41:13.955+0000] {manager.py:997} INFO - 
================================================================================
DAG File Processing Stats

File Path                             PID  Runtime      # DAGs    # Errors  Last Runtime    Last Run               Last # of DB Queries
----------------------------------  -----  ---------  --------  ----------  --------------  -------------------  ----------------------
/opt/airflow/dags/spark_airflow.py     85  0.01s             1           0  0.12s           2024-12-17T22:40:43                      12
================================================================================
[2024-12-17T22:41:44.253+0000] {manager.py:997} INFO - 
================================================================================
DAG File Processing Stats

File Path                             PID  Runtime      # DAGs    # Errors  Last Runtime    Last Run               Last # of DB Queries
----------------------------------  -----  ---------  --------  ----------  --------------  -------------------  ----------------------
/opt/airflow/dags/spark_airflow.py     90  0.00s             1           0  0.14s           2024-12-17T22:41:14                      12
================================================================================
[2024-12-17T22:42:14.533+0000] {manager.py:997} INFO - 
================================================================================
DAG File Processing Stats

File Path                             PID  Runtime      # DAGs    # Errors  Last Runtime    Last Run               Last # of DB Queries
----------------------------------  -----  ---------  --------  ----------  --------------  -------------------  ----------------------
/opt/airflow/dags/spark_airflow.py     95  0.00s             1           0  0.15s           2024-12-17T22:41:44                      12
================================================================================
[2024-12-17T22:42:44.772+0000] {manager.py:997} INFO - 
================================================================================
DAG File Processing Stats

File Path                             PID  Runtime      # DAGs    # Errors  Last Runtime    Last Run               Last # of DB Queries
----------------------------------  -----  ---------  --------  ----------  --------------  -------------------  ----------------------
/opt/airflow/dags/spark_airflow.py    100  0.01s             1           0  0.12s           2024-12-17T22:42:14                      12
================================================================================
[2024-12-17T22:43:11.570+0000] {manager.py:821} INFO - Searching for files in /opt/airflow/dags
[2024-12-17T22:43:11.623+0000] {manager.py:824} INFO - There are 1 files in /opt/airflow/dags
[2024-12-17T23:01:28.232+0000] {manager.py:821} INFO - Searching for files in /opt/airflow/dags
[2024-12-17T23:01:28.266+0000] {manager.py:824} INFO - There are 1 files in /opt/airflow/dags
[2024-12-17T23:01:29.729+0000] {manager.py:997} INFO - 
================================================================================
DAG File Processing Stats

File Path                           PID    Runtime      # DAGs    # Errors  Last Runtime    Last Run               Last # of DB Queries
----------------------------------  -----  ---------  --------  ----------  --------------  -------------------  ----------------------
/opt/airflow/dags/spark_airflow.py                           1           0  0.38s           2024-12-17T23:01:28                      12
================================================================================
[2024-12-17T23:01:59.980+0000] {manager.py:997} INFO - 
================================================================================
DAG File Processing Stats

File Path                           PID    Runtime      # DAGs    # Errors  Last Runtime    Last Run               Last # of DB Queries
----------------------------------  -----  ---------  --------  ----------  --------------  -------------------  ----------------------
/opt/airflow/dags/spark_airflow.py                           1           0  0.14s           2024-12-17T23:01:59                      12
================================================================================
[2024-12-17T23:02:30.416+0000] {manager.py:997} INFO - 
================================================================================
DAG File Processing Stats

File Path                           PID    Runtime      # DAGs    # Errors  Last Runtime    Last Run               Last # of DB Queries
----------------------------------  -----  ---------  --------  ----------  --------------  -------------------  ----------------------
/opt/airflow/dags/spark_airflow.py                           1           0  0.14s           2024-12-17T23:02:29                      12
================================================================================
[2024-12-17T23:03:00.769+0000] {manager.py:997} INFO - 
================================================================================
DAG File Processing Stats

File Path                           PID    Runtime      # DAGs    # Errors  Last Runtime    Last Run               Last # of DB Queries
----------------------------------  -----  ---------  --------  ----------  --------------  -------------------  ----------------------
/opt/airflow/dags/spark_airflow.py                           1           0  0.11s           2024-12-17T23:02:59                      12
================================================================================
[2024-12-17T23:03:31.204+0000] {manager.py:997} INFO - 
================================================================================
DAG File Processing Stats

File Path                           PID    Runtime      # DAGs    # Errors  Last Runtime    Last Run               Last # of DB Queries
----------------------------------  -----  ---------  --------  ----------  --------------  -------------------  ----------------------
/opt/airflow/dags/spark_airflow.py                           1           0  0.12s           2024-12-17T23:03:30                      12
================================================================================
[2024-12-17T23:04:01.575+0000] {manager.py:997} INFO - 
================================================================================
DAG File Processing Stats

File Path                           PID    Runtime      # DAGs    # Errors  Last Runtime    Last Run               Last # of DB Queries
----------------------------------  -----  ---------  --------  ----------  --------------  -------------------  ----------------------
/opt/airflow/dags/spark_airflow.py                           1           0  0.11s           2024-12-17T23:04:00                      12
================================================================================
[2024-12-17T23:04:31.983+0000] {manager.py:997} INFO - 
================================================================================
DAG File Processing Stats

File Path                           PID    Runtime      # DAGs    # Errors  Last Runtime    Last Run               Last # of DB Queries
----------------------------------  -----  ---------  --------  ----------  --------------  -------------------  ----------------------
/opt/airflow/dags/spark_airflow.py                           1           0  0.11s           2024-12-17T23:04:31                      12
================================================================================
[2024-12-17T23:05:02.394+0000] {manager.py:997} INFO - 
================================================================================
DAG File Processing Stats

File Path                           PID    Runtime      # DAGs    # Errors  Last Runtime    Last Run               Last # of DB Queries
----------------------------------  -----  ---------  --------  ----------  --------------  -------------------  ----------------------
/opt/airflow/dags/spark_airflow.py                           1           0  0.11s           2024-12-17T23:05:01                      12
================================================================================
[2024-12-17T23:05:32.790+0000] {manager.py:997} INFO - 
================================================================================
DAG File Processing Stats

File Path                           PID    Runtime      # DAGs    # Errors  Last Runtime    Last Run               Last # of DB Queries
----------------------------------  -----  ---------  --------  ----------  --------------  -------------------  ----------------------
/opt/airflow/dags/spark_airflow.py                           1           0  0.11s           2024-12-17T23:05:31                      12
================================================================================
[2024-12-17T23:06:03.197+0000] {manager.py:997} INFO - 
================================================================================
DAG File Processing Stats

File Path                           PID    Runtime      # DAGs    # Errors  Last Runtime    Last Run               Last # of DB Queries
----------------------------------  -----  ---------  --------  ----------  --------------  -------------------  ----------------------
/opt/airflow/dags/spark_airflow.py                           1           0  0.11s           2024-12-17T23:06:02                      12
================================================================================
[2024-12-17T23:06:28.478+0000] {manager.py:821} INFO - Searching for files in /opt/airflow/dags
[2024-12-17T23:06:28.512+0000] {manager.py:824} INFO - There are 1 files in /opt/airflow/dags
[2024-12-17T23:06:33.610+0000] {manager.py:997} INFO - 
================================================================================
DAG File Processing Stats

File Path                           PID    Runtime      # DAGs    # Errors  Last Runtime    Last Run               Last # of DB Queries
----------------------------------  -----  ---------  --------  ----------  --------------  -------------------  ----------------------
/opt/airflow/dags/spark_airflow.py                           1           0  0.11s           2024-12-17T23:06:32                      12
================================================================================
[2024-12-17T23:07:03.987+0000] {manager.py:997} INFO - 
================================================================================
DAG File Processing Stats

File Path                           PID    Runtime      # DAGs    # Errors  Last Runtime    Last Run               Last # of DB Queries
----------------------------------  -----  ---------  --------  ----------  --------------  -------------------  ----------------------
/opt/airflow/dags/spark_airflow.py                           1           0  0.12s           2024-12-17T23:07:03                      12
================================================================================
[2024-12-17T23:07:34.391+0000] {manager.py:997} INFO - 
================================================================================
DAG File Processing Stats

File Path                           PID    Runtime      # DAGs    # Errors  Last Runtime    Last Run               Last # of DB Queries
----------------------------------  -----  ---------  --------  ----------  --------------  -------------------  ----------------------
/opt/airflow/dags/spark_airflow.py                           1           0  0.12s           2024-12-17T23:07:33                      12
================================================================================
[2024-12-17T23:08:04.771+0000] {manager.py:997} INFO - 
================================================================================
DAG File Processing Stats

File Path                           PID    Runtime      # DAGs    # Errors  Last Runtime    Last Run               Last # of DB Queries
----------------------------------  -----  ---------  --------  ----------  --------------  -------------------  ----------------------
/opt/airflow/dags/spark_airflow.py                           1           0  0.18s           2024-12-17T23:08:03                      12
================================================================================
[2024-12-17T23:08:35.192+0000] {manager.py:997} INFO - 
================================================================================
DAG File Processing Stats

File Path                           PID    Runtime      # DAGs    # Errors  Last Runtime    Last Run               Last # of DB Queries
----------------------------------  -----  ---------  --------  ----------  --------------  -------------------  ----------------------
/opt/airflow/dags/spark_airflow.py                           1           0  0.12s           2024-12-17T23:08:34                      12
================================================================================
[2024-12-17T23:09:05.611+0000] {manager.py:997} INFO - 
================================================================================
DAG File Processing Stats

File Path                           PID    Runtime      # DAGs    # Errors  Last Runtime    Last Run               Last # of DB Queries
----------------------------------  -----  ---------  --------  ----------  --------------  -------------------  ----------------------
/opt/airflow/dags/spark_airflow.py                           1           0  0.11s           2024-12-17T23:09:04                      12
================================================================================
[2024-12-17T23:09:35.979+0000] {manager.py:997} INFO - 
================================================================================
DAG File Processing Stats

File Path                           PID    Runtime      # DAGs    # Errors  Last Runtime    Last Run               Last # of DB Queries
----------------------------------  -----  ---------  --------  ----------  --------------  -------------------  ----------------------
/opt/airflow/dags/spark_airflow.py                           1           0  0.13s           2024-12-17T23:09:35                      12
================================================================================
[2024-12-17T23:10:06.438+0000] {manager.py:997} INFO - 
================================================================================
DAG File Processing Stats

File Path                           PID    Runtime      # DAGs    # Errors  Last Runtime    Last Run               Last # of DB Queries
----------------------------------  -----  ---------  --------  ----------  --------------  -------------------  ----------------------
/opt/airflow/dags/spark_airflow.py                           1           0  0.11s           2024-12-17T23:10:05                      12
================================================================================
[2024-12-17T23:10:36.808+0000] {manager.py:997} INFO - 
================================================================================
DAG File Processing Stats

File Path                           PID    Runtime      # DAGs    # Errors  Last Runtime    Last Run               Last # of DB Queries
----------------------------------  -----  ---------  --------  ----------  --------------  -------------------  ----------------------
/opt/airflow/dags/spark_airflow.py                           1           0  0.11s           2024-12-17T23:10:35                      12
================================================================================
[2024-12-17T23:11:07.201+0000] {manager.py:997} INFO - 
================================================================================
DAG File Processing Stats

File Path                           PID    Runtime      # DAGs    # Errors  Last Runtime    Last Run               Last # of DB Queries
----------------------------------  -----  ---------  --------  ----------  --------------  -------------------  ----------------------
/opt/airflow/dags/spark_airflow.py                           1           0  0.11s           2024-12-17T23:11:06                      12
================================================================================
[2024-12-17T23:11:28.493+0000] {manager.py:821} INFO - Searching for files in /opt/airflow/dags
[2024-12-17T23:11:28.515+0000] {manager.py:824} INFO - There are 1 files in /opt/airflow/dags
[2024-12-17T23:11:37.626+0000] {manager.py:997} INFO - 
================================================================================
DAG File Processing Stats

File Path                           PID    Runtime      # DAGs    # Errors  Last Runtime    Last Run               Last # of DB Queries
----------------------------------  -----  ---------  --------  ----------  --------------  -------------------  ----------------------
/opt/airflow/dags/spark_airflow.py                           1           0  0.12s           2024-12-17T23:11:36                      12
================================================================================
[2024-12-17T23:12:08.025+0000] {manager.py:997} INFO - 
================================================================================
DAG File Processing Stats

File Path                           PID    Runtime      # DAGs    # Errors  Last Runtime    Last Run               Last # of DB Queries
----------------------------------  -----  ---------  --------  ----------  --------------  -------------------  ----------------------
/opt/airflow/dags/spark_airflow.py                           1           0  0.12s           2024-12-17T23:12:07                      12
================================================================================
[2024-12-17T23:12:38.394+0000] {manager.py:997} INFO - 
================================================================================
DAG File Processing Stats

File Path                           PID    Runtime      # DAGs    # Errors  Last Runtime    Last Run               Last # of DB Queries
----------------------------------  -----  ---------  --------  ----------  --------------  -------------------  ----------------------
/opt/airflow/dags/spark_airflow.py                           1           0  0.13s           2024-12-17T23:12:37                      12
================================================================================
[2024-12-17T23:13:08.718+0000] {manager.py:997} INFO - 
================================================================================
DAG File Processing Stats

File Path                           PID    Runtime      # DAGs    # Errors  Last Runtime    Last Run               Last # of DB Queries
----------------------------------  -----  ---------  --------  ----------  --------------  -------------------  ----------------------
/opt/airflow/dags/spark_airflow.py                           1           0  0.11s           2024-12-17T23:13:07                      12
================================================================================
[2024-12-17T23:13:39.046+0000] {manager.py:997} INFO - 
================================================================================
DAG File Processing Stats

File Path                           PID    Runtime      # DAGs    # Errors  Last Runtime    Last Run               Last # of DB Queries
----------------------------------  -----  ---------  --------  ----------  --------------  -------------------  ----------------------
/opt/airflow/dags/spark_airflow.py                           1           0  0.14s           2024-12-17T23:13:38                      12
================================================================================
[2024-12-17T23:14:09.375+0000] {manager.py:997} INFO - 
================================================================================
DAG File Processing Stats

File Path                           PID    Runtime      # DAGs    # Errors  Last Runtime    Last Run               Last # of DB Queries
----------------------------------  -----  ---------  --------  ----------  --------------  -------------------  ----------------------
/opt/airflow/dags/spark_airflow.py                           1           0  0.17s           2024-12-17T23:14:08                      12
================================================================================
[2024-12-17T23:14:39.797+0000] {manager.py:997} INFO - 
================================================================================
DAG File Processing Stats

File Path                           PID    Runtime      # DAGs    # Errors  Last Runtime    Last Run               Last # of DB Queries
----------------------------------  -----  ---------  --------  ----------  --------------  -------------------  ----------------------
/opt/airflow/dags/spark_airflow.py                           1           0  0.17s           2024-12-17T23:14:38                      12
================================================================================
[2024-12-17T23:15:10.118+0000] {manager.py:997} INFO - 
================================================================================
DAG File Processing Stats

File Path                           PID    Runtime      # DAGs    # Errors  Last Runtime    Last Run               Last # of DB Queries
----------------------------------  -----  ---------  --------  ----------  --------------  -------------------  ----------------------
/opt/airflow/dags/spark_airflow.py                           1           0  0.13s           2024-12-17T23:15:09                      12
================================================================================
[2024-12-17T23:15:40.498+0000] {manager.py:997} INFO - 
================================================================================
DAG File Processing Stats

File Path                           PID    Runtime      # DAGs    # Errors  Last Runtime    Last Run               Last # of DB Queries
----------------------------------  -----  ---------  --------  ----------  --------------  -------------------  ----------------------
/opt/airflow/dags/spark_airflow.py                           1           0  0.11s           2024-12-17T23:15:39                      12
================================================================================
[2024-12-17T23:16:10.806+0000] {manager.py:997} INFO - 
================================================================================
DAG File Processing Stats

File Path                           PID    Runtime      # DAGs    # Errors  Last Runtime    Last Run               Last # of DB Queries
----------------------------------  -----  ---------  --------  ----------  --------------  -------------------  ----------------------
/opt/airflow/dags/spark_airflow.py                           1           0  0.14s           2024-12-17T23:16:09                      12
================================================================================
[2024-12-17T23:16:28.952+0000] {manager.py:821} INFO - Searching for files in /opt/airflow/dags
[2024-12-17T23:16:28.979+0000] {manager.py:824} INFO - There are 1 files in /opt/airflow/dags
[2024-12-17T23:16:41.164+0000] {manager.py:997} INFO - 
================================================================================
DAG File Processing Stats

File Path                           PID    Runtime      # DAGs    # Errors  Last Runtime    Last Run               Last # of DB Queries
----------------------------------  -----  ---------  --------  ----------  --------------  -------------------  ----------------------
/opt/airflow/dags/spark_airflow.py                           1           0  0.14s           2024-12-17T23:16:40                      12
================================================================================
[2024-12-17T23:17:11.497+0000] {manager.py:997} INFO - 
================================================================================
DAG File Processing Stats

File Path                           PID    Runtime      # DAGs    # Errors  Last Runtime    Last Run               Last # of DB Queries
----------------------------------  -----  ---------  --------  ----------  --------------  -------------------  ----------------------
/opt/airflow/dags/spark_airflow.py                           1           0  0.14s           2024-12-17T23:17:10                      12
================================================================================
[2024-12-17T23:17:41.735+0000] {manager.py:997} INFO - 
================================================================================
DAG File Processing Stats

File Path                           PID    Runtime      # DAGs    # Errors  Last Runtime    Last Run               Last # of DB Queries
----------------------------------  -----  ---------  --------  ----------  --------------  -------------------  ----------------------
/opt/airflow/dags/spark_airflow.py                           1           0  0.11s           2024-12-17T23:17:40                      12
================================================================================
[2024-12-17T23:18:12.191+0000] {manager.py:997} INFO - 
================================================================================
DAG File Processing Stats

File Path                           PID    Runtime      # DAGs    # Errors  Last Runtime    Last Run               Last # of DB Queries
----------------------------------  -----  ---------  --------  ----------  --------------  -------------------  ----------------------
/opt/airflow/dags/spark_airflow.py                           1           0  0.13s           2024-12-17T23:18:11                      12
================================================================================
[2024-12-17T23:18:42.519+0000] {manager.py:997} INFO - 
================================================================================
DAG File Processing Stats

File Path                           PID    Runtime      # DAGs    # Errors  Last Runtime    Last Run               Last # of DB Queries
----------------------------------  -----  ---------  --------  ----------  --------------  -------------------  ----------------------
/opt/airflow/dags/spark_airflow.py                           1           0  0.12s           2024-12-17T23:18:41                      12
================================================================================
[2024-12-17T23:19:12.841+0000] {manager.py:997} INFO - 
================================================================================
DAG File Processing Stats

File Path                           PID    Runtime      # DAGs    # Errors  Last Runtime    Last Run               Last # of DB Queries
----------------------------------  -----  ---------  --------  ----------  --------------  -------------------  ----------------------
/opt/airflow/dags/spark_airflow.py                           1           0  0.14s           2024-12-17T23:19:11                      12
================================================================================
[2024-12-17T23:19:43.195+0000] {manager.py:997} INFO - 
================================================================================
DAG File Processing Stats

File Path                           PID    Runtime      # DAGs    # Errors  Last Runtime    Last Run               Last # of DB Queries
----------------------------------  -----  ---------  --------  ----------  --------------  -------------------  ----------------------
/opt/airflow/dags/spark_airflow.py                           1           0  0.12s           2024-12-17T23:19:42                      12
================================================================================
[2024-12-17T23:20:13.511+0000] {manager.py:997} INFO - 
================================================================================
DAG File Processing Stats

File Path                           PID    Runtime      # DAGs    # Errors  Last Runtime    Last Run               Last # of DB Queries
----------------------------------  -----  ---------  --------  ----------  --------------  -------------------  ----------------------
/opt/airflow/dags/spark_airflow.py                           1           0  0.13s           2024-12-17T23:20:12                      12
================================================================================
[2024-12-17T23:20:43.892+0000] {manager.py:997} INFO - 
================================================================================
DAG File Processing Stats

File Path                           PID    Runtime      # DAGs    # Errors  Last Runtime    Last Run               Last # of DB Queries
----------------------------------  -----  ---------  --------  ----------  --------------  -------------------  ----------------------
/opt/airflow/dags/spark_airflow.py                           1           0  0.10s           2024-12-17T23:20:42                      12
================================================================================
[2024-12-17T23:21:14.263+0000] {manager.py:997} INFO - 
================================================================================
DAG File Processing Stats

File Path                           PID    Runtime      # DAGs    # Errors  Last Runtime    Last Run               Last # of DB Queries
----------------------------------  -----  ---------  --------  ----------  --------------  -------------------  ----------------------
/opt/airflow/dags/spark_airflow.py                           1           0  0.12s           2024-12-17T23:21:13                      12
================================================================================
[2024-12-17T23:21:29.403+0000] {manager.py:821} INFO - Searching for files in /opt/airflow/dags
[2024-12-17T23:21:29.421+0000] {manager.py:824} INFO - There are 1 files in /opt/airflow/dags
[2024-12-17T23:21:44.629+0000] {manager.py:997} INFO - 
================================================================================
DAG File Processing Stats

File Path                           PID    Runtime      # DAGs    # Errors  Last Runtime    Last Run               Last # of DB Queries
----------------------------------  -----  ---------  --------  ----------  --------------  -------------------  ----------------------
/opt/airflow/dags/spark_airflow.py                           1           0  0.11s           2024-12-17T23:21:43                      12
================================================================================
[2024-12-17T23:22:15.011+0000] {manager.py:997} INFO - 
================================================================================
DAG File Processing Stats

File Path                           PID    Runtime      # DAGs    # Errors  Last Runtime    Last Run               Last # of DB Queries
----------------------------------  -----  ---------  --------  ----------  --------------  -------------------  ----------------------
/opt/airflow/dags/spark_airflow.py                           1           0  0.13s           2024-12-17T23:22:14                      12
================================================================================
[2024-12-17T23:22:45.310+0000] {manager.py:997} INFO - 
================================================================================
DAG File Processing Stats

File Path                           PID    Runtime      # DAGs    # Errors  Last Runtime    Last Run               Last # of DB Queries
----------------------------------  -----  ---------  --------  ----------  --------------  -------------------  ----------------------
/opt/airflow/dags/spark_airflow.py                           1           0  0.13s           2024-12-17T23:22:44                      12
================================================================================
[2024-12-17T23:23:15.685+0000] {manager.py:997} INFO - 
================================================================================
DAG File Processing Stats

File Path                           PID    Runtime      # DAGs    # Errors  Last Runtime    Last Run               Last # of DB Queries
----------------------------------  -----  ---------  --------  ----------  --------------  -------------------  ----------------------
/opt/airflow/dags/spark_airflow.py                           1           0  0.11s           2024-12-17T23:23:14                      12
================================================================================
[2024-12-17T23:23:45.983+0000] {manager.py:997} INFO - 
================================================================================
DAG File Processing Stats

File Path                           PID    Runtime      # DAGs    # Errors  Last Runtime    Last Run               Last # of DB Queries
----------------------------------  -----  ---------  --------  ----------  --------------  -------------------  ----------------------
/opt/airflow/dags/spark_airflow.py                           1           0  0.27s           2024-12-17T23:23:32                      34
================================================================================
[2024-12-17T23:24:16.405+0000] {manager.py:997} INFO - 
================================================================================
DAG File Processing Stats

File Path                           PID    Runtime      # DAGs    # Errors  Last Runtime    Last Run               Last # of DB Queries
----------------------------------  -----  ---------  --------  ----------  --------------  -------------------  ----------------------
/opt/airflow/dags/spark_airflow.py                           1           0  0.11s           2024-12-17T23:24:09                      12
================================================================================
[2024-12-17T23:24:46.701+0000] {manager.py:997} INFO - 
================================================================================
DAG File Processing Stats

File Path                           PID    Runtime      # DAGs    # Errors  Last Runtime    Last Run               Last # of DB Queries
----------------------------------  -----  ---------  --------  ----------  --------------  -------------------  ----------------------
/opt/airflow/dags/spark_airflow.py                           1           0  0.19s           2024-12-17T23:24:39                      12
================================================================================
[2024-12-17T23:25:17.164+0000] {manager.py:997} INFO - 
================================================================================
DAG File Processing Stats

File Path                           PID    Runtime      # DAGs    # Errors  Last Runtime    Last Run               Last # of DB Queries
----------------------------------  -----  ---------  --------  ----------  --------------  -------------------  ----------------------
/opt/airflow/dags/spark_airflow.py                           1           0  0.16s           2024-12-17T23:25:10                      12
================================================================================
[2024-12-17T23:25:47.467+0000] {manager.py:997} INFO - 
================================================================================
DAG File Processing Stats

File Path                           PID    Runtime      # DAGs    # Errors  Last Runtime    Last Run               Last # of DB Queries
----------------------------------  -----  ---------  --------  ----------  --------------  -------------------  ----------------------
/opt/airflow/dags/spark_airflow.py                           1           0  0.12s           2024-12-17T23:25:40                      12
================================================================================
[2024-12-17T23:26:17.869+0000] {manager.py:997} INFO - 
================================================================================
DAG File Processing Stats

File Path                           PID    Runtime      # DAGs    # Errors  Last Runtime    Last Run               Last # of DB Queries
----------------------------------  -----  ---------  --------  ----------  --------------  -------------------  ----------------------
/opt/airflow/dags/spark_airflow.py                           1           0  0.13s           2024-12-17T23:26:10                      12
================================================================================
[2024-12-17T23:26:29.985+0000] {manager.py:821} INFO - Searching for files in /opt/airflow/dags
[2024-12-17T23:26:30.009+0000] {manager.py:824} INFO - There are 1 files in /opt/airflow/dags
[2024-12-17T23:26:48.201+0000] {manager.py:997} INFO - 
================================================================================
DAG File Processing Stats

File Path                           PID    Runtime      # DAGs    # Errors  Last Runtime    Last Run               Last # of DB Queries
----------------------------------  -----  ---------  --------  ----------  --------------  -------------------  ----------------------
/opt/airflow/dags/spark_airflow.py                           1           0  0.12s           2024-12-17T23:26:41                      12
================================================================================
[2024-12-17T23:27:18.555+0000] {manager.py:997} INFO - 
================================================================================
DAG File Processing Stats

File Path                           PID    Runtime      # DAGs    # Errors  Last Runtime    Last Run               Last # of DB Queries
----------------------------------  -----  ---------  --------  ----------  --------------  -------------------  ----------------------
/opt/airflow/dags/spark_airflow.py                           1           0  0.12s           2024-12-17T23:27:11                      12
================================================================================
[2024-12-17T23:27:48.857+0000] {manager.py:997} INFO - 
================================================================================
DAG File Processing Stats

File Path                           PID    Runtime      # DAGs    # Errors  Last Runtime    Last Run               Last # of DB Queries
----------------------------------  -----  ---------  --------  ----------  --------------  -------------------  ----------------------
/opt/airflow/dags/spark_airflow.py                           1           0  0.13s           2024-12-17T23:27:41                      12
================================================================================
[2024-12-17T23:28:19.234+0000] {manager.py:997} INFO - 
================================================================================
DAG File Processing Stats

File Path                           PID    Runtime      # DAGs    # Errors  Last Runtime    Last Run               Last # of DB Queries
----------------------------------  -----  ---------  --------  ----------  --------------  -------------------  ----------------------
/opt/airflow/dags/spark_airflow.py                           1           0  0.11s           2024-12-17T23:28:12                      12
================================================================================
[2024-12-17T23:28:49.564+0000] {manager.py:997} INFO - 
================================================================================
DAG File Processing Stats

File Path                           PID    Runtime      # DAGs    # Errors  Last Runtime    Last Run               Last # of DB Queries
----------------------------------  -----  ---------  --------  ----------  --------------  -------------------  ----------------------
/opt/airflow/dags/spark_airflow.py                           1           0  0.11s           2024-12-17T23:28:42                      12
================================================================================
[2024-12-17T23:29:19.894+0000] {manager.py:997} INFO - 
================================================================================
DAG File Processing Stats

File Path                           PID    Runtime      # DAGs    # Errors  Last Runtime    Last Run               Last # of DB Queries
----------------------------------  -----  ---------  --------  ----------  --------------  -------------------  ----------------------
/opt/airflow/dags/spark_airflow.py                           1           0  0.12s           2024-12-17T23:29:12                      12
================================================================================
[2024-12-17T23:29:50.226+0000] {manager.py:997} INFO - 
================================================================================
DAG File Processing Stats

File Path                           PID    Runtime      # DAGs    # Errors  Last Runtime    Last Run               Last # of DB Queries
----------------------------------  -----  ---------  --------  ----------  --------------  -------------------  ----------------------
/opt/airflow/dags/spark_airflow.py                           1           0  0.12s           2024-12-17T23:29:43                      12
================================================================================
[2024-12-17T23:30:20.551+0000] {manager.py:997} INFO - 
================================================================================
DAG File Processing Stats

File Path                           PID    Runtime      # DAGs    # Errors  Last Runtime    Last Run               Last # of DB Queries
----------------------------------  -----  ---------  --------  ----------  --------------  -------------------  ----------------------
/opt/airflow/dags/spark_airflow.py                           1           0  0.11s           2024-12-17T23:30:13                      12
================================================================================
[2024-12-17T23:30:50.835+0000] {manager.py:997} INFO - 
================================================================================
DAG File Processing Stats

File Path                           PID    Runtime      # DAGs    # Errors  Last Runtime    Last Run               Last # of DB Queries
----------------------------------  -----  ---------  --------  ----------  --------------  -------------------  ----------------------
/opt/airflow/dags/spark_airflow.py                           1           0  0.11s           2024-12-17T23:30:43                      12
================================================================================
[2024-12-17T23:31:21.141+0000] {manager.py:997} INFO - 
================================================================================
DAG File Processing Stats

File Path                           PID    Runtime      # DAGs    # Errors  Last Runtime    Last Run               Last # of DB Queries
----------------------------------  -----  ---------  --------  ----------  --------------  -------------------  ----------------------
/opt/airflow/dags/spark_airflow.py                           1           0  0.12s           2024-12-17T23:31:14                      12
================================================================================
[2024-12-17T23:31:30.220+0000] {manager.py:821} INFO - Searching for files in /opt/airflow/dags
[2024-12-17T23:31:30.243+0000] {manager.py:824} INFO - There are 1 files in /opt/airflow/dags
[2024-12-17T23:31:51.451+0000] {manager.py:997} INFO - 
================================================================================
DAG File Processing Stats

File Path                           PID    Runtime      # DAGs    # Errors  Last Runtime    Last Run               Last # of DB Queries
----------------------------------  -----  ---------  --------  ----------  --------------  -------------------  ----------------------
/opt/airflow/dags/spark_airflow.py                           1           0  0.11s           2024-12-17T23:31:44                      12
================================================================================
[2024-12-17T23:32:21.775+0000] {manager.py:997} INFO - 
================================================================================
DAG File Processing Stats

File Path                           PID    Runtime      # DAGs    # Errors  Last Runtime    Last Run               Last # of DB Queries
----------------------------------  -----  ---------  --------  ----------  --------------  -------------------  ----------------------
/opt/airflow/dags/spark_airflow.py                           1           0  0.20s           2024-12-17T23:32:14                      12
================================================================================
[2024-12-17T23:32:52.174+0000] {manager.py:997} INFO - 
================================================================================
DAG File Processing Stats

File Path                           PID    Runtime      # DAGs    # Errors  Last Runtime    Last Run               Last # of DB Queries
----------------------------------  -----  ---------  --------  ----------  --------------  -------------------  ----------------------
/opt/airflow/dags/spark_airflow.py                           1           0  0.12s           2024-12-17T23:32:45                      12
================================================================================
[2024-12-17T23:33:22.598+0000] {manager.py:997} INFO - 
================================================================================
DAG File Processing Stats

File Path                           PID    Runtime      # DAGs    # Errors  Last Runtime    Last Run               Last # of DB Queries
----------------------------------  -----  ---------  --------  ----------  --------------  -------------------  ----------------------
/opt/airflow/dags/spark_airflow.py                           1           0  0.63s           2024-12-17T23:33:16                      12
================================================================================
[2024-12-17T23:33:53.414+0000] {manager.py:997} INFO - 
================================================================================
DAG File Processing Stats

File Path                           PID    Runtime      # DAGs    # Errors  Last Runtime    Last Run               Last # of DB Queries
----------------------------------  -----  ---------  --------  ----------  --------------  -------------------  ----------------------
/opt/airflow/dags/spark_airflow.py                           1           0  0.20s           2024-12-17T23:33:46                      12
================================================================================
[2024-12-17T23:34:23.781+0000] {manager.py:997} INFO - 
================================================================================
DAG File Processing Stats

File Path                           PID    Runtime      # DAGs    # Errors  Last Runtime    Last Run               Last # of DB Queries
----------------------------------  -----  ---------  --------  ----------  --------------  -------------------  ----------------------
/opt/airflow/dags/spark_airflow.py                           1           0  0.12s           2024-12-17T23:34:16                      12
================================================================================
[2024-12-17T23:34:54.220+0000] {manager.py:997} INFO - 
================================================================================
DAG File Processing Stats

File Path                           PID    Runtime      # DAGs    # Errors  Last Runtime    Last Run               Last # of DB Queries
----------------------------------  -----  ---------  --------  ----------  --------------  -------------------  ----------------------
/opt/airflow/dags/spark_airflow.py                           1           0  0.12s           2024-12-17T23:34:47                      12
================================================================================
[2024-12-17T23:35:24.593+0000] {manager.py:997} INFO - 
================================================================================
DAG File Processing Stats

File Path                           PID    Runtime      # DAGs    # Errors  Last Runtime    Last Run               Last # of DB Queries
----------------------------------  -----  ---------  --------  ----------  --------------  -------------------  ----------------------
/opt/airflow/dags/spark_airflow.py                           1           0  0.14s           2024-12-17T23:35:17                      12
================================================================================
[2024-12-17T23:35:55.004+0000] {manager.py:997} INFO - 
================================================================================
DAG File Processing Stats

File Path                           PID    Runtime      # DAGs    # Errors  Last Runtime    Last Run               Last # of DB Queries
----------------------------------  -----  ---------  --------  ----------  --------------  -------------------  ----------------------
/opt/airflow/dags/spark_airflow.py                           1           0  0.11s           2024-12-17T23:35:47                      12
================================================================================
[2024-12-17T23:36:25.404+0000] {manager.py:997} INFO - 
================================================================================
DAG File Processing Stats

File Path                           PID    Runtime      # DAGs    # Errors  Last Runtime    Last Run               Last # of DB Queries
----------------------------------  -----  ---------  --------  ----------  --------------  -------------------  ----------------------
/opt/airflow/dags/spark_airflow.py                           1           0  0.11s           2024-12-17T23:36:18                      12
================================================================================
[2024-12-17T23:36:30.456+0000] {manager.py:821} INFO - Searching for files in /opt/airflow/dags
[2024-12-17T23:36:30.475+0000] {manager.py:824} INFO - There are 1 files in /opt/airflow/dags
[2024-12-17T23:36:55.757+0000] {manager.py:997} INFO - 
================================================================================
DAG File Processing Stats

File Path                           PID    Runtime      # DAGs    # Errors  Last Runtime    Last Run               Last # of DB Queries
----------------------------------  -----  ---------  --------  ----------  --------------  -------------------  ----------------------
/opt/airflow/dags/spark_airflow.py                           1           0  0.11s           2024-12-17T23:36:48                      12
================================================================================
[2024-12-17T23:37:26.110+0000] {manager.py:997} INFO - 
================================================================================
DAG File Processing Stats

File Path                           PID    Runtime      # DAGs    # Errors  Last Runtime    Last Run               Last # of DB Queries
----------------------------------  -----  ---------  --------  ----------  --------------  -------------------  ----------------------
/opt/airflow/dags/spark_airflow.py                           1           0  0.15s           2024-12-17T23:37:19                      12
================================================================================
[2024-12-17T23:37:56.487+0000] {manager.py:997} INFO - 
================================================================================
DAG File Processing Stats

File Path                           PID    Runtime      # DAGs    # Errors  Last Runtime    Last Run               Last # of DB Queries
----------------------------------  -----  ---------  --------  ----------  --------------  -------------------  ----------------------
/opt/airflow/dags/spark_airflow.py                           1           0  0.13s           2024-12-17T23:37:49                      12
================================================================================
[2024-12-17T23:38:26.872+0000] {manager.py:997} INFO - 
================================================================================
DAG File Processing Stats

File Path                           PID    Runtime      # DAGs    # Errors  Last Runtime    Last Run               Last # of DB Queries
----------------------------------  -----  ---------  --------  ----------  --------------  -------------------  ----------------------
/opt/airflow/dags/spark_airflow.py                           1           0  0.11s           2024-12-17T23:38:19                      12
================================================================================
[2024-12-17T23:38:57.250+0000] {manager.py:997} INFO - 
================================================================================
DAG File Processing Stats

File Path                           PID    Runtime      # DAGs    # Errors  Last Runtime    Last Run               Last # of DB Queries
----------------------------------  -----  ---------  --------  ----------  --------------  -------------------  ----------------------
/opt/airflow/dags/spark_airflow.py                           1           0  0.12s           2024-12-17T23:38:50                      12
================================================================================
[2024-12-17T23:39:27.608+0000] {manager.py:997} INFO - 
================================================================================
DAG File Processing Stats

File Path                           PID    Runtime      # DAGs    # Errors  Last Runtime    Last Run               Last # of DB Queries
----------------------------------  -----  ---------  --------  ----------  --------------  -------------------  ----------------------
/opt/airflow/dags/spark_airflow.py                           1           0  0.11s           2024-12-17T23:39:20                      12
================================================================================
[2024-12-17T23:39:58.043+0000] {manager.py:997} INFO - 
================================================================================
DAG File Processing Stats

File Path                           PID    Runtime      # DAGs    # Errors  Last Runtime    Last Run               Last # of DB Queries
----------------------------------  -----  ---------  --------  ----------  --------------  -------------------  ----------------------
/opt/airflow/dags/spark_airflow.py                           1           0  0.12s           2024-12-17T23:39:51                      12
================================================================================
[2024-12-17T23:40:28.442+0000] {manager.py:997} INFO - 
================================================================================
DAG File Processing Stats

File Path                           PID    Runtime      # DAGs    # Errors  Last Runtime    Last Run               Last # of DB Queries
----------------------------------  -----  ---------  --------  ----------  --------------  -------------------  ----------------------
/opt/airflow/dags/spark_airflow.py                           1           0  0.11s           2024-12-17T23:40:21                      12
================================================================================
[2024-12-17T23:40:58.802+0000] {manager.py:997} INFO - 
================================================================================
DAG File Processing Stats

File Path                           PID    Runtime      # DAGs    # Errors  Last Runtime    Last Run               Last # of DB Queries
----------------------------------  -----  ---------  --------  ----------  --------------  -------------------  ----------------------
/opt/airflow/dags/spark_airflow.py                           1           0  0.12s           2024-12-17T23:40:51                      12
================================================================================
[2024-12-17T23:41:29.119+0000] {manager.py:997} INFO - 
================================================================================
DAG File Processing Stats

File Path                           PID    Runtime      # DAGs    # Errors  Last Runtime    Last Run               Last # of DB Queries
----------------------------------  -----  ---------  --------  ----------  --------------  -------------------  ----------------------
/opt/airflow/dags/spark_airflow.py                           1           0  0.11s           2024-12-17T23:41:22                      12
================================================================================
[2024-12-17T23:41:31.131+0000] {manager.py:821} INFO - Searching for files in /opt/airflow/dags
[2024-12-17T23:41:31.154+0000] {manager.py:824} INFO - There are 1 files in /opt/airflow/dags
[2024-12-17T23:41:59.525+0000] {manager.py:997} INFO - 
================================================================================
DAG File Processing Stats

File Path                           PID    Runtime      # DAGs    # Errors  Last Runtime    Last Run               Last # of DB Queries
----------------------------------  -----  ---------  --------  ----------  --------------  -------------------  ----------------------
/opt/airflow/dags/spark_airflow.py                           1           0  0.13s           2024-12-17T23:41:52                      12
================================================================================
[2024-12-17T23:42:29.901+0000] {manager.py:997} INFO - 
================================================================================
DAG File Processing Stats

File Path                           PID    Runtime      # DAGs    # Errors  Last Runtime    Last Run               Last # of DB Queries
----------------------------------  -----  ---------  --------  ----------  --------------  -------------------  ----------------------
/opt/airflow/dags/spark_airflow.py                           1           0  0.12s           2024-12-17T23:42:22                      12
================================================================================
[2024-12-17T23:43:00.250+0000] {manager.py:997} INFO - 
================================================================================
DAG File Processing Stats

File Path                           PID    Runtime      # DAGs    # Errors  Last Runtime    Last Run               Last # of DB Queries
----------------------------------  -----  ---------  --------  ----------  --------------  -------------------  ----------------------
/opt/airflow/dags/spark_airflow.py                           1           0  0.12s           2024-12-17T23:42:53                      12
================================================================================
[2024-12-17T23:43:30.621+0000] {manager.py:997} INFO - 
================================================================================
DAG File Processing Stats

File Path                           PID    Runtime      # DAGs    # Errors  Last Runtime    Last Run               Last # of DB Queries
----------------------------------  -----  ---------  --------  ----------  --------------  -------------------  ----------------------
/opt/airflow/dags/spark_airflow.py                           1           0  0.12s           2024-12-17T23:43:23                      12
================================================================================
[2024-12-17T23:44:00.995+0000] {manager.py:997} INFO - 
================================================================================
DAG File Processing Stats

File Path                           PID    Runtime      # DAGs    # Errors  Last Runtime    Last Run               Last # of DB Queries
----------------------------------  -----  ---------  --------  ----------  --------------  -------------------  ----------------------
/opt/airflow/dags/spark_airflow.py                           1           0  0.11s           2024-12-17T23:43:54                      12
================================================================================
[2024-12-17T23:44:31.322+0000] {manager.py:997} INFO - 
================================================================================
DAG File Processing Stats

File Path                           PID    Runtime      # DAGs    # Errors  Last Runtime    Last Run               Last # of DB Queries
----------------------------------  -----  ---------  --------  ----------  --------------  -------------------  ----------------------
/opt/airflow/dags/spark_airflow.py                           1           0  0.13s           2024-12-17T23:44:24                      12
================================================================================
[2024-12-17T23:45:01.698+0000] {manager.py:997} INFO - 
================================================================================
DAG File Processing Stats

File Path                           PID    Runtime      # DAGs    # Errors  Last Runtime    Last Run               Last # of DB Queries
----------------------------------  -----  ---------  --------  ----------  --------------  -------------------  ----------------------
/opt/airflow/dags/spark_airflow.py                           1           0  0.12s           2024-12-17T23:44:54                      12
================================================================================
[2024-12-17T23:45:32.007+0000] {manager.py:997} INFO - 
================================================================================
DAG File Processing Stats

File Path                           PID    Runtime      # DAGs    # Errors  Last Runtime    Last Run               Last # of DB Queries
----------------------------------  -----  ---------  --------  ----------  --------------  -------------------  ----------------------
/opt/airflow/dags/spark_airflow.py                           1           0  0.14s           2024-12-17T23:45:25                      12
================================================================================
[2024-12-17T23:46:02.326+0000] {manager.py:997} INFO - 
================================================================================
DAG File Processing Stats

File Path                           PID    Runtime      # DAGs    # Errors  Last Runtime    Last Run               Last # of DB Queries
----------------------------------  -----  ---------  --------  ----------  --------------  -------------------  ----------------------
/opt/airflow/dags/spark_airflow.py                           1           0  0.11s           2024-12-17T23:45:55                      12
================================================================================
[2024-12-17T23:46:31.826+0000] {manager.py:821} INFO - Searching for files in /opt/airflow/dags
[2024-12-17T23:46:31.864+0000] {manager.py:824} INFO - There are 1 files in /opt/airflow/dags
[2024-12-17T23:46:32.883+0000] {manager.py:997} INFO - 
================================================================================
DAG File Processing Stats

File Path                           PID    Runtime      # DAGs    # Errors  Last Runtime    Last Run               Last # of DB Queries
----------------------------------  -----  ---------  --------  ----------  --------------  -------------------  ----------------------
/opt/airflow/dags/spark_airflow.py                           1           0  0.13s           2024-12-17T23:46:25                      12
================================================================================
[2024-12-17T23:47:03.187+0000] {manager.py:997} INFO - 
================================================================================
DAG File Processing Stats

File Path                           PID    Runtime      # DAGs    # Errors  Last Runtime    Last Run               Last # of DB Queries
----------------------------------  -----  ---------  --------  ----------  --------------  -------------------  ----------------------
/opt/airflow/dags/spark_airflow.py                           1           0  0.12s           2024-12-17T23:46:56                      12
================================================================================
